번호,품목명,구분,질문,답변
1, TV, 청약철회_단순변심,전자상거래로 TV를 구입하였으나 생각보다 너무 느리고 사양이 낮아 판매자에게 반품을 요구하였으나 판매자는 이를 거부합니다. 청약철회 가능한가요?,"TV의 성능에 문제가 있음을 객관적으로 입증하고, TV를 사용함으로 인해 제품의 가치가 현저하게 하락했다는 점을 판매자가 입증하지 못하는 경우 청약철회를 요구할 수 있습니다.「전자상거래 등에서의 소비자보호에 관한 법률」(이하, ‘전자상거래법’) 제17조(청약철회 등) 제1항에 따르면 ‘소비자가 전자상거래로 물건을 구입하였을 경우 7일 이내에 청약철회 할 수 있다’고 규정하고 있습니다.다만, ‘전자상거래법’ 제17조(청약철회 등) 제2항에 따르면 ‘내용물을 확인하기 위하여 포장 등을 단순 훼손한 경우에는 청약철회가 가능하나 물건을 개봉하여 일부 소비하거나 제품이 훼손되어 다시 판매하기 어려울 정도로 재화의 가치가 현저히 낮아진 경우에는 청약철회가 불가능’하다고 규정하고 있습니다.따라서, TV의 성능이 기대한 것에 미치지 못하더라도 정상적으로 작동하고 있으며, TV를 사용함으로 인해 제품의 가치가 현저하게 하락했다는 점에 대해 판매자가 입증한 경우에는 청약철회를 요구하기는 어려울 수 있습니다."
2, TV, 청약철회_배송 지연,전자상거래로 TV를 구입한 후 몇 주가 지나도 배송이 되지 않아 청약철회를 요구하였으나 판매자는 현재 배송 중이라며 이를 거부합니다. 청약철회 가능한가요?,"사업자가 물품의 배송이 어려울 경우 소비자에게 이를 고지하지 않고 배송중이라는 사유로 청약철회를 거부한다면 소비자는 사업자에게 환급을 요구할 수 있다고 판단됩니다.「전자상거래 등에서의 소비자보호에 관한 법률」 제15조(재화 등의 공급 등)에 따르면 ‘사업자는 소비자가 청약을 한 날부터 7일 이내에 재화 등의 공급에 필요한 조치를 하여야 하고, 소비자가 재화 등의 대금을 전부 또는 일부를 지급한 날부터 3영업일 이내에 재화 등의 공급에 필요한 조치를 하여야 한다’고 규정하고 있습니다.또한, ‘청약을 받은 재화 등급 공급하기 곤란하다는 것을 알았을 때에는 지체없이 그 사유를 소비자에게 알려야 하고, 소비자가 그 대금의 전부 또는 일부를 지급한 날부터 3영업일 이내에 환급하거나 환급에 필요한 조치를 해야한다’고 규정하고 있습니다.따라서, 사업자가 물품의 배송이 어려울 경우 소비자에게 이를 고지하지 않고 배송중이라는 사유로 청약철회를 거부한다면 소비자는 사업자에게 환급을 요구할 수 있다고 판단됩니다.   ※ 통신판매업자에 대한 청약철회 의사표시 방법은 법률상 특별한 제한이 없으므로 전화, 서면, 전자문서 모두 가능합니다. 다만, 전화로 의사표시를 한 경우 간혹 판매자가 청약철회 요구를 받은 사실이 없다고 주장하는 경우가 있으므로, 쇼핑몰 게시판에 청약철회 의사를 표시하고 그 화면을 캡처하여 보관하거나 서면으로 발송하는 것이 좋습니다. 서면으로 발송한 경우에는 발송한 날에 그 효력이 발생합니다. 또한, 사업자에게 청약철회를 요청하였는데도 특별한 사유 없이 이를 거부할 경우, 「전자상거래 등에서의 소비자보호에 관한 법률」 제18조에 따라 신용카드로 대금을 결제하였다면 신용카드사에 처리를 요구할 수 있으니 참고하시기 바랍니다."
3, TV, 청약철회_제품 훼손을 이유로 청약철회 거부,"청약철회 의사를 밝히고 수령한 제품을 그대로 반송하였으나, 판매자는 반송된 제품의 포장이 개봉되었고 제품이 사용되었다며 청약철회가 불가하다고 주장합니다. 청약철회 가능한가요?","판매자가 자신이 발송한 제품에 하자가 존재하지 않는다는 점을 입증하지 못하는 경우 청약철회를 요구할 수 있습니다.「전자상거래 등에서의 소비자보호에 관한 법률」 제17조(청약철회등) 제2항에 따르면 ‘소비자의 책임 있는 사유로 재화 등이 멸실되거나 훼손된 경우, 소비자의 사용 또는 일부 소비로 인해 재화 등의 가치가 현저히 감소한 경우, 복제가 가능한 재화 등의 포장을 훼손한 경우는 청약철회를 할 수 없다’고 규정하고 있습니다.따라서, 재화 등의 훼손에 대한 소비자의 책임 여부에 대하여 다툼이 있는 경우에는 사업자가 이를 입증해야 하므로, 사업자가 자신이 발송한 제품에 하자가 존재하지 않는다는 점에 대한 입증을 하지 못하는 경우 청약철회를 요구할 수 있다고 판단됩니다.   ※ 통신판매업자에 대한 청약철회 의사표시 방법은 법률상 특별한 제한이 없으므로 전화, 서면, 전자문서 모두 가능합니다. 다만, 전화로 의사표시를 한 경우 간혹 판매자가 청약철회 요구를 받은 사실이 없다고 주장하는 경우가 있으므로, 쇼핑몰 게시판에 청약철회 의사를 표시하고 그 화면을 캡처하여 보관하거나 서면으로 발송하는 것이 좋습니다. 서면으로 발송한 경우에는 발송한 날에 그 효력이 발생합니다. 또한, 사업자에게 청약철회를 요청하였는데도 특별한 사유 없이 이를 거부할 경우, 「전자상거래 등에서의 소비자보호에 관한 법률」 제18조에 따라 신용카드로 대금을 결제하였다면 신용카드사에 처리를 요구할 수 있으니 참고하시기 바랍니다."
4, TV, 청약철회_7일 이내 반품 미완료,전자상거래로 TV를 구입하고 단순 변심으로 반품을 요청하였으나 사업자가 7일 이내 제품이 도착하지 않았다는 이유로 청약철회 불가를 주장합니다. 청약철회 가능한가요?,"“반품은 상품이 7일 이내 쇼핑몰에 도착해야만 환급 가능하다”고 규정한 약관이 소비자에게 불리한 계약으로 인정되어 무효화 될 경우 청약철회를 요구할 수 있습니다.「전자상거래 등에서의 소비자보호에 관한 법률」(이하, ‘전자상거래법’) 제17조(청약철회 등) 제1항에 따르면 ‘소비자가 전자상거래로 물건을 구입하였을 경우 7일 이내에 청약철회 할 수 있다’고 규정하고 있고, ‘전자상거래법’ 제35조(소비자에게 불리한 계약의 금지)에 따르면 ‘제17조 규정을 위반한 약정으로써 소비자에게 불리한 것은 효력이 없다’고 규정하고 있습니다.   따라서, 만약 사업자가 “반품은 상품이 7일 이내 쇼핑몰에 도착해야만 환급 가능하다”고 표시하였다고 하더라도 이는 ‘전자상거래법’ 제17조를 위반한 약정으로 소비자에게 불리한 것이므로 제35조에 따라 효력이 없다고 보며, 반품한 상품이 7일 이내 쇼핑몰에 도착하지 못했다 하더라도 소비자가 제품을 수령한 날로부터 7일 이내 청약철회 의사표시를 하고 반품 절차를 진행했다면 청약철회가 이루어질 수 있습니다.   ※ 통신판매업자에 대한 청약철회 의사표시 방법은 법률상 특별한 제한이 없으므로 전화, 서면, 전자문서 모두 가능합니다. 다만, 전화로 의사표시를 한 경우 간혹 판매자가 청약철회 요구를 받은 사실이 없다고 주장하는 경우가 있으므로, 쇼핑몰 게시판에 청약철회 의사를 표시하고 그 화면을 캡처하여 보관하거나 서면으로 발송하는 것이 좋습니다. 서면으로 발송한 경우에는 발송한 날에 그 효력이 발생합니다. 또한, 사업자에게 청약철회를 요청하였는데도 특별한 사유 없이 이를 거부할 경우, 「전자상거래 등에서의 소비자보호에 관한 법률」 제18조에 따라 신용카드로 대금을 결제하였다면 신용카드사에 처리를 요구할 수 있으니 참고하시기 바랍니다."
5, TV, 청약철회_설명과 다른 제품,전자상거래로 TV를 구입하고 7일이 경과한 후 전원을 켰는데 주문한 스펙과 다른 스펙의 제품이 도착한 것을 알게 되었습니다. 이에 판매자에게 반품을 요구하였으나 청약철회 기간인 7일이 지났다면서 이를 거부합니다. 청약철회 가능한가요?,"표시·광고 내용과 다른 제품을 수령한 경우 소비자는 사업자에게 30일 이내에 청약철회를 요구할 수 있습니다.「전자상거래 등에서의 소비자보호에 관한 법률」 제17조(청약철회등)에 따르면 재화 등을 공급받거나 재화 등의 공급이 시작된 날부터 7일 이내에 청약철회를 할 수 있다고 규정하고 있습니다. 다만, 재화 등의 내용이 표시·광고의 내용과 다르거나 계약 내용과 다르게 이행된 경우 그 재화 등을 공급받은 날부터 3개월 이내, 그 사실을 안 날 또는 알 수 있었던 날부터 30일 이내에 청약철회 권리를 행사할 수 있다고 규정하고 있습니다."
6, TV, 계약불이행_미환급,전자상거래로 TV를 주문하고 대금을 신용카드로 결제하였습니다. 제품을 수령하기 전 마음이 바뀌어 청약철회를 요청했음에도 환급이 되지 않고 있습니다. 환급받을 방법이 있나요?,판매자에게 청약철회를 요청했음에도 결제취소가 되지 않고 있다면 신용카드사에 재화 등의 대금 청구를 정지하거나 취소하도록 요청할 수 있습니다.「전자상거래 등에서의 소비자보호에 관한 법률」 제18조(청약철회등의 효과) 제3항에 따르면 신용카드로 재화 등의 대금을 지급한 경우에는 지체 없이 신용카드사에게 재화 등의 대금 청구를 정지하거나 취소하도록 요청하여야 한다‘고 규정하고 있습니다.
7, TV, 가격·요금_차액 보상,타 매장에서 같은 상품을 더 싸게 파는 것을 알게 됐습니다. 같은 상품에 대해 판매가격이 다른 경우 차액만큼 보상이 가능한가요?,"판매가격 차이를 이유로 계약해제나 차액만큼 보상을 요구하기는 어렵습니다.   우리나라는 자유시장 경제질서를 기본으로 1999년 9월부터 [판매가격표시제]를 실시하여 제조업자의 표시가격에 구애받지 않고 최종 판매업자가 판매가격을 자율적으로 결정하여 표시한 후 판매하고 있으며 흔히 오픈 프라이스 제도라고 합니다.정부가 관리하는 전기요금, 난방요금 또는 대중교통 요금 등이 아닌 경우, 가격은 계약 당시 양 당사자(소비자와 판매자)의 거래 합의에 의한 계약조건이므로 가격 차이를 이유로 계약해제나 피해보상을 요구하기 어렵습니다. 따라서 타 매장과 비교하여 차이가 있다고 하더라도 부당행위로 보기 어려워 차액만큼 보상을 요구하기 어렵습니다."
8, TV, 가격·요금_설치비 추가 요구,전자상거래로 TV를 구입하고 반품을 요구하였으나 사전에 고지된 반품 배송비 이외에 ‘출장비’ 명목으로 추가 대금 지급을 요구합니다. 제가 비용을 지급해야 하나요?,"반품·배송비 이외에 추가 대금 지급은 거부할 수 있습니다.   「전자상거래 등에서의 소비자보호에 관한 법률」 제18조 제9항에 따르면 단순변심 등에 의한 청약철회의 경우 공급받은 재화 등의 반환에 필요한 비용은 소비자가 부담하며, 통신판매업자는 소비자에게 청약철회 등을 이유로 위약금이나 손해배상을 청구할 수 없다고 규정하고 있습니다.따라서 단순변심에 의한 청약철회일 경우 사업자는 소비자에게 청약철회를 이유로 위약금이나 손해배상을 청구할 수 없으므로 미리 고지한 반품 배송비 이외에 다른 명목의 위약금을 추가 청구하는 것은 인정되기 어렵습니다."
9, TV, 가격·요금_반품비 추가 요구,전자상거래로 병행수입 TV를 구입하고 반품을 요구하였으나 사전에 고지된 반품 배송비 이외에 ‘반품비’라는 명목으로 추가 대금 지급을 요구합니다. 제가 비용을 지급해야 하나요?,"사전에 고지되지 않은 ‘반품비’ 명목의 추가 대금 지급 없이 반품과정에서 발생한 비용을 공제한 금액의 환급을 요구할 수 있습니다.병행수입을 비롯한 수입 제품 판매 시 발생하는 배송비는 사업자마다 수입절차 및 재고관리 방식에 따라 다를 수 있으나 「전자상거래 등에서의 소비자보호에 관한 법률」(이하, ‘전자상거래법’) 제13조(신원 및 거래 조건에 대한 정보의 제공)에 따르면 ‘재화 등의 교환?반품?보증과 그 대금 환불 및 환불의 지연에 따른 배상금 지급의 조건?절차‘를 적절한 방법으로 표시?광고하거나 고지하여야 한다고 규정하고 있습니다.따라서, 반품 비용은 소비자의 구매 여부 판단에 영향을 주는 중요한 거래 조건으로 ’적절한 방법으로 고지’하여야 할 사항으로 볼 수 있어 사업자가 수입 과정에서 발생한 ‘현지 및 국제운송료 + 수입세금 및 제비용’에 관해 입증할 경우 소비자는 그에 대한 금액을 지급해야 하며, 입증할 수 없는 경우 제품을 반품한 뒤 반품과정에서 발생한 비용을 공제한 후 환급을 요구할 수 있다고 판단됩니다.또한 ‘전자상거래법’ 제18조(청약철회등의 효과)에 따르면 ‘사업자는 소비자에게 청약철회를 이유로 위약금이나 손해배상을 청구할 수 없다’고 규정하고 있으므로 미리 고지한 반품 배송비 이외에 다른 명목의 위약금을 추가 청구하는 것은 인정되기 어렵습니다."
10, TV, 가격·요금_과도한 반품배송비 요구,전자상거래로 TV를 구입한 후 청약철회를 요구하니 사업자가 해외구매대행 상품이었다며 과도한 해외배송비 지급을 요구합니다. 제가 비용을 지급해야 하나요?,"사업자가 주장하는 해외 배송비 등 내역이 확인되는 경우라면 소비자는 사업자에게 수입 과정에서 소요된 비용을 지급해야 합니다.「전자상거래 등에서의 소비자보호에 관한 법률」(이하, ‘전자상거래법’) 제17조(청약철회 등)에 따르면 소비자가 전자상거래로 물건을 구입하였을 경우 7일 이내에 청약철회 할 수 있고 재화 등의 내용이 표시·광고의 내용과 다르거나 계약 내용과 다르게 이행된 경우에는 그 재화 등을 공급받은 날부터 3개월 이내, 그 사실을 안 날 또는 알 수 있었던 날부터 30일 이내에 청약철회 등을 할 수 있다고 규정하고 있습니다.또한 ‘전자상거래법’ 제13조(신원 및 거래 조건에 대한 정보의 제공)에 따르면 ‘재화 등의 교환?반품?보증과 그 대금 환불 및 환불의 지연에 따른 배상금 지급의 조건?절차‘를 적절한 방법으로 표시?광고하거나 고지하여야 한다고 규정하고 있습니다.따라서, 청약철회 예외에 해당하지 않는 한 전자상거래를 통한 해외물품 구매계약의 경우에도 청약철회를 할 수 있고 반품 비용은 소비자의 구매 여부 판단에 영향을 주는 중요한 거래 조건으로 ’적절한 방법으로 고지‘하여야 할 사항으로 볼 수 있어, 사업자가 수입 과정에서 발생하는 비용(현지 및 국제운송료, 수입세금 및 제비용)을 사전에 소비자에게 고지하고, 지급한 사실 등이 확인되는 경우라면 소비자는 사업자에게 수입 과정에서 소요되는 비용을 지급해야 한다고 판단됩니다.   다만, 계약 체결 과정에서 해외 배송료에 대한 고지 없이 제품을 구입하였거나, 계약 체결과정에서 부담하지 아니한 해외배송비를 청약철회 과정에서 특별히 요구하는 경우라면 소비자는 사업자에게 제품의 수입 과정에서 발생하는 비용에 대한 입증을 요구하거나 물품의 반송 관련 정보의 제공 등을 요구할 수 있으며, 사업자가 이를 입증하지 못할 경우 해당 비용 지급 요구를 거절할 수 있습니다."
11, TV, 가격·요금_적립금 환급,전자상거래로 TV를 구입하고 제품 수령 다음날 단순 변심으로 반품을 신청하였으나 사업자는 결제금액을 적립금으로만 돌려주겠다고 주장합니다. 카드 취소는 안되나요?,"7일 이내 청약 철회 시 카드 취소를 요구할 수 있습니다.   「전자상거래 등에서의 소비자보호에 관한 법률」 제17조에 따르면 소비자는 상품을 공급 받은 날로부터 7일 이내에는 소비자의 귀책사유로 인한 상품의 멸실 또는 훼손된 경우 등을 제외하고는 단순변심으로 인한 청약철회를 할 수 있다고 규정하고 있습니다.이에 소비자가 제품을 수령한 날로부터 7일 이내 청약철회 의사표시를 명확히 하였다면 해당 쇼핑몰은 동법 제18조 제3항에 의거하여 신용카드사에게 대금 청구를 정지하거나 취소하도록 요청하여야 합니다.   다만, ‘결제대금 환급은 적립금으로만 가능하다’ 등의 안내는 청약철회 방해행위에 해당하기에 소비자가 사용한 결제수단에 따른 환급 이행을 해당 쇼핑몰에 요구할 수 있습니다."
12, TV, 가격·요금_환급금액 기준,구입한지 3년이 넘은 TV가 고장났으나 수리가 불가능하여 제조사가 구입가의 50%를 환급해주겠다고 합니다. 그러나 영수증이 없어 구입가를 알 수 없다고 하니 제조사는 출고가격을 기준으로 더 적은 가격을 보상하겠다고 하는데 어떻게 대응해야 하나요?,"실거래가격을 기준으로 보상하되 실거래가격 입증이 어려운 경우 통상적인 가격을 기준으로 삼을 수 있습니다.   「소비자기본법」 시행령 별표1 “일반적 소비자분쟁해결기준”에 따르면 환급금액은 거래 시 교부된 영수증 등에 적힌 물품 등의 가격을 기준으로 합니다.다만, 영수증 등에 적힌 가격에 대하여 다툼이 있는 경우에는 다른 금액을 기준으로 하려는 자가 그 다른 금액이 실제 거래가격임을 입증하여야 하며, 영수증이 없는 등의 사유로 실제 거래가격을 입증할 수 없는 경우에는 그 지역에서 거래되는 통상적인 가격을 기준으로 해야 합니다."
13, TV, 품질_초기불량,"TV를 구입하여 한 달도 되지 않았으나 고장이 나 작동하지 않는데, 교환이나 환불받을 수 있나요?","구매 후 10일 이내에 교환 또는 환급, 1개월 이내에 교환 또는 무상 수리를 요구할 수 있습니다.   텔레비전(TV) 관련 「소비자분쟁해결기준은 품질보증기간 이내에 정상적인 사용상태에서 발생한 성능 기능상의 하자 발생 시 무상수리로 규정하고 있습니다. 또한 구입 시부터 중요한 수리를 요하는 성능·기능상의 하자가 발생한 기간을 기준으로 구분하고 있는데, 구입 후 10일 이내 하자가 발생한 경우 제품교환 또는 구입가 환급, 구입 후 1개월 이내 하자가 발생한 경우 제품교환 또는 무상수리로 규정하고 있습니다.다만 「소비자분쟁해결기준」은 소비자와 사업자 사이에 발생하는 분쟁을 원활하게 해결하기 위한 합의 또는 권고의 기준을 제시한 것으로 강제력을 가지지 못합니다. 사업자 약관이나 규정 등이 존재한다면 사업자 약관 또는 규정을 적용해야 하며 분쟁해결 방법에 관한 별도의 의사표시가 없는 때에는 「소비자분쟁해결기준」을 적용할 수 있습니다."
14, TV, 품질_품질보증기간,구입한 TV 패널의 품질보증기간이 1년으로 표시되어 있어 너무 짧다는 생각이 듭니다. 이에 대한 시정조치를 요구할 수 있나요?,"품질 보증기간을 늘리는 것은 어려우나 무상 수리 등을 요구할 수 있습니다.   「소비자분쟁해결기준」 별표3 “품목별 품질보증기간 및 부품보유기간”에 따르면 TV는 품질보증기간 1년, 부품보유기간 9년으로 규정하고 있습니다.「소비자기본법」 시행령 별표1 “일반적 소비자분쟁해결기준”에 따라 사업자가 정한 품질보증기간과 부품보유기간이 품목별 「소비자분쟁해결기준」에서 정한 기간보다 짧을 경우에는 품목별 「소비자분쟁해결기준」에서 정한 기간으로 보도록 하고 있습니다.   따라서, 사업자가 품질보증기간을 1년으로 운영하는 것은 「소비자분쟁해결기준」에 부합하므로 시정조치를 요구하기는 어렵습니다.다만, 「소비자분쟁해결기준」은 소비자와 사업자 사이에 발생하는 분쟁을 원활하게 해결하기 위한 합의 또는 권고의 기준을 제시한 것으로 강제력을 가지지 못합니다. 사업자 약관이나 규정 등이 존재한다면 사업자 약관 또는 규정을 적용해야 하며 분쟁해결 방법에 관한 별도의 의사표시가 없는 때에는 「소비자분쟁해결기준」을 적용할 수 있습니다."
15, TV, 품질_교환받은 제품의 하자,교환받은 TV가 한 달도 되지 않아 또다시 고장이나 작동하지 않습니다. 어떻게 대응해야 하나요?,구입가 환급을 요구할 수 있습니다.   텔레비전(TV) 관련 「소비자분쟁해결기준은 교환된 제품이 1개월 이내에 중요한 수리를 요할 때 구입가 환급으로 규정하고 있습니다.다만 「소비자분쟁해결기준」은 소비자와 사업자 사이에 발생하는 분쟁을 원활하게 해결하기 위한 합의 또는 권고의 기준을 제시한 것으로 강제력을 가지지 못합니다. 사업자 약관이나 규정 등이 존재한다면 사업자 약관 또는 규정을 적용해야 하며 분쟁해결 방법에 관한 별도의 의사표시가 없는 때에는 「소비자분쟁해결기준」을 적용할 수 있습니다.
16, TV, 품질_배송 중 파손,전자상거래로 구입한 TV가 배송 중 파손되었습니다. 판매자에게 배상을 요구하니 택배회사 측 과실이라며 택배회사에 배상을 요구하라고 하는데 누구에게 배상을 요구해야 하나요?,"판매자가 재배송 또는 구입가 환급을 해주어야 합니다.    판매자는 소비자와 구매계약을 체결하고, 판매자가 택배회사와 배송계약을 체결하였으므로 판매자는 소비자에게 정상적인 물품을 배송해야 하는 책임이 있으며 소비자에게 인도되기 전 배송과정에 대한 문제도 판매자가 관리해야 합니다.따라서 판매자는 소비자에게 정상적인 물품을 재배송 또는 구입가 환급을 해주어야 하며 택배회사의 과실이 인정되면 판매자가 택배회사에 따로 구상권을 행사하여야 합니다."
17, TV, 품질_택배비 부담,사용하던 제품을 수리하기 위해 판매자에게 연락하니 품질보증기간 이내에 해당하므로 무상 수리해 주겠다고 합니다. 그러나 판매자가 수리를 위한 왕복 택배비를 요구하는데 택배비를 누가 물어야 하나요?,"소비자의 과실로 제품을 수리하는 경우가 아니라면 사업자가 부담해야 합니다.   텔레비전(TV) 관련 「소비자분쟁해결기준」에 의하면 품질보증기간 내 수리·교환·환급에 드는 비용은 사업자가 부담하나, 소비자의 취급 잘못이나 천재지변으로 고장이나 손상이 발생한 경우와 제조자 및 제조자가 지정한 수리점·설치점이 아닌 자가 수리·설치하여 물품 등이 변경되거나 손상된 경우에는 사업자가 비용을 부담하지 않는다고 규정하고 있습니다.또한 사업자의 귀책사유로 인한 소비자피해의 처리과정에서 발생되는 운반비용, 시험·검사비용 등의 경비는 사업자가 부담한다고 규정하고 있습니다.따라서 사용 중 소비자의 과실로 수리를 받는 경우라면 소비자가 부담해야 하고, 초기 하자 등 사업자의 과실로 수리를 받는 경우라면 사업자가 부담해야 합니다."
18, TV, 품질_리퍼제품의 품질보증기간,6개월 무상수리를 보증하는 판매자로부터 TV 리퍼상품을 구입하였습니다. 구입 후 6개월이 지난 후 고장이 나 수리를 요구하였으나 판매자는 품질보증기간 경과를 이유로 무상 수리가 아닌 유상 수리를 해야한다고 하는데 무상 수리 가능한가요?,"구매 후 1년 이내 무상 수리 등을 요구할 수 있습니다.    「소비자분쟁해결기준」 별표3 “품목별 품질보증기간 및 부품보유기간”에 따르면 TV는 품질보증기간 1년, 부품보유기간 9년으로 규정하고 있으며, 리퍼제품 등 중고TV도 「소비자기본법」 시행령 별표1 “일반적 소비자분쟁해결기준”에 따라 품질보증기간 1년, 부품보유기간 9년이 적용됩니다.사업자가 정한 품질보증기간과 부품보유기간이 품목별 「소비자분쟁해결기준」에서 정한 기간보다 짧을 경우에는 품목별 「소비자분쟁해결기준」에서 정한 기간으로 보도록 하고 있습니다.다만, 「소비자분쟁해결기준」은 소비자와 사업자 사이에 발생하는 분쟁을 원활하게 해결하기 위한 합의 또는 권고의 기준을 제시한 것으로 강제력을 가지지 못합니다. 사업자 약관이나 규정 등이 존재한다면 사업자 약관 또는 규정을 적용해야 하며 분쟁해결 방법에 관한 별도의 의사표시가 없는 때에는 「소비자분쟁해결기준」을 적용할 수 있습니다."
19, TV, 품질_사은품의 하자로 인한 피해에 대한 보상,TV를 구입하면서 사은품으로 받은 사운드바를 사용하던 중 고장이 났습니다. 판매자는 사은품으로 받은 사운드바에 대해서 교환이 불가능하다고 주장합니다. 사은품이면 고장이 나도 교환을 받을 수 없는건가요?,"사은품도 소비자피해에 대해 수리·교환·환급 또는 배상을 요구할 수 있습니다.   「소비자기본법」 시행령 별표1 “일반적 소비자분쟁해결기준”에 따르면 판매자가 물품등의 거래에 부수하여 제공하는 사은품·경품의 하자·채무불이행 등으로 인한 소비자피해에 대해 수리·교환·환급 또는 배상을 하거나, 계약의 해제·해지 및 이행 등을 하여야 한다고 규정하고 있습니다.따라서 소비자가 제품의 하자로 인해 외이도염이 발생했다는 상당인과관계를 입증한 경우에는 손해배상을 요구할 수 있습니다."
20, TV, 품질_수리만 가능,TV를 구입한지 한 달도 되지 않아 고장나서 작동하지 않습니다. 초기불량으로 새 제품으로 교환받고 싶은데 제조사는 규정상 수리만 가능하다고 주장합니다. 수리 말고 새 제품으로 교환받을 수 있나요?,"관련 계약 내용이 없다면, 교환 또는 수리를 요구할 수 있습니다.    텔레비전(TV) 관련 「소비자분쟁해결기준」에 따르면 구입 시부터 중요한 수리를 요하는 성능·기능상의 하자가 발생한 기간을 기준으로 구분하고 있는데, 구입 후 10일 이내 하자가 발생한 경우 제품교환 또는 구입가 환급, 구입 후 1개월 이내 하자가 발생한 경우 제품교환 또는 무상수리로 규정하고 있습니다.동 규정에서 동일한 피해에 대한 분쟁해결기준을 두 가지 이상 정하고 있는 경우에는 소비자가 선택하는 분쟁해결기준에 따르도록 하고 있습니다. 따라서, 양 당사자 간에 교환 및 수리와 관련된 계약 내용이 없다면 교환 또는 수리를 요구할 수 있습니다.   다만, 「소비자분쟁해결기준」은 소비자와 사업자 사이에 발생하는 분쟁을 원활하게 해결하기 위한 합의 또는 권고의 기준을 제시한 것으로 강제력을 가지지 못합니다. 특히 해당 사안의 경우 제조사가 스스로 품질 보증을 위해 소비자들에게 약정한 내용이므로, 사업자의 해당 약관이나 품질보증 규정 등이 존재한다면 사업자 약관 또는 규정을 적용해야 하며 분쟁해결 방법에 관한 별도의 의사표시가 없는 때에는 「소비자분쟁해결기준」을 적용할 수 있습니다."
21, TV, 품질_수리 불가 시 환급 요구,TV의 하자로 수리를 의뢰했으나 제조사 측에서 검토한 결과 자체 결함으로 인해 완벽히 수리가 되지 않는다고 합니다. 제조사에서는 다른 모델로 교환해준다고 하는데 구입가 환급받을 수 있나요?,"다른 모델로의 교환을 원하지 않는다면, 구입가 환급을 요구할 수 있습니다.   「소비자기본법」 시행령 별표1 “일반적 소비자분쟁해결기준”에 따르면 교환은 같은 종류의 물품 등으로 하되, 같은 종류의 물품 등으로 교환하는 것이 불가능한 경우에는 같은 종류의 유사물품 등으로 교환할 것을 규정하고 있습니다. 다만, 같은 종류의 물품 등으로 교환하는 것이 불가능하고 소비자가 같은 종류의 유사물품 등으로 교환하는 것을 원하지 않을 경우에는 구입가 환급하도록 규정하고 있습니다.이때 환급금액은 거래 시 교부된 영수증 등에 적힌 물품 등의 가격을 기준으로 하는데, 영수증 등에 적힌 가격에 대하여 다툼이 있는 경우에는 다른 금액을 기준으로 하려는 자가 그 다른 금액이 실제 거래가격임을 입증하여야 하며, 영수증이 없는 등의 사유로 실제 거래가격을 입증할 수 없는 경우에는 그 지역에서 거래되는 통상적인 가격을 기준으로 해야 합니다.다만, 품질보증서는 제조사가 스스로 품질 보증을 위해 소비자들에게 약정한 내용이므로 품질보증서 규정 상 구입가 환급이 아닌 새 제품으로의 교환만 가능한 경우 구입가 환급이 어려울 수도 있습니다."
22, TV, 품질_동일 하자의 2차 수리,TV를 사용하던 중 하자가 발생하여 1차 유상 수리를 의뢰했으나 한 달도 되지 않아 동일한 하자가 발생했습니다. 제조사는 2차 수리 역시 유상이라고 안내하고 있는데 수리를 받아도 다시 고장난 것이니 무상 수리를 요청할 수 있나요?,"무상 수리를 요구하고, 수리가 불가능할 경우 기존 수리비 환급을 요구할 수 있습니다.   「소비자기본법」 시행령 별표1 “일반적 소비자분쟁해결기준”에 따르면 물품등을 유상으로 수리한 경우 그 유상으로 수리한 날부터 2개월 이내에 소비자가 정상적으로 물품 등을 사용하는 과정에서 그 수리한 부분에 종전과 동일한 고장이 재발한 경우에는 무상으로 수리하되, 수리가 불가한 때에는 종전에 받은 수리비를 환급하여야 한다고 규정하고 있습니다."
23, TV, 품질_3차례 발생한 동일 하자,TV를 사용하던 중 하자가 발생하여 2차례 수리를 받았으나 동일한 하자가 다시 발생했습니다. 제조사는 재수리 해주겠다고 하나 더 이상 해당 제품을 쓰고 싶지 않은데 환급받을 수 있나요?,제품 교환 또는 구입가 환급을 요구할 수 있습니다.   텔레비전(TV) 관련 「소비자분쟁해결기준」에 따르면 품질보증기간 이내에 동일하자에 대해 2회까지 수리하였으나 하자가 재발하는 경우 또는 여러 부위 하자에 대해 4회까지 수리하였으나 하자가 재발하는 경우는 수리 불가능한 것으로 규정하고 있습니다.또한 텔레비전(TV) 관련 「소비자분쟁해결기준」 상 수리 불가능 시 제품 교환 또는 구입가 환급으로 규정되어 있습니다.다만 「소비자분쟁해결기준」은 소비자와 사업자 사이에 발생하는 분쟁을 원활하게 해결하기 위한 합의 또는 권고의 기준을 제시한 것으로 강제력을 가지지 못합니다. 사업자 약관이나 규정 등이 존재한다면 사업자 약관 또는 규정을 적용해야 하며 분쟁해결 방법에 관한 별도의 의사표시가 없는 때에는 「소비자분쟁해결기준」을 적용할 수 있습니다.
24, TV, 품질_서로 다른 하자 발생으로 인한 교환,TV를 사용하던 중 1년 내 AS센터를 3차례 방문하였으나 최근 또 고장이 났습니다. 이에 제조사에 다른 제품으로 교환을 요구했으나 제조사는 서로 다른 하자가 발생한 것으로 교환이 어렵다고 합니다. 어떻게 대응해야 하나요?,"제품 교환은 어려울 수 있으나, 수리를 요구할 수 있습니다.   텔레비전(TV) 관련 「소비자분쟁해결기준」에서는 품질보증기간 이내에 동일하자에 대해 2회까지 수리하였으나 하자가 재발하는 경우 또는 여러 부위 하자에 대해 4회까지 수리하였으나 하자가 재발하는 경우는 수리 불가능 한 것으로 보아 제품교환 또는 구입가 환급하도록 규정하고 있습니다.품질보증기간은 제조자가 품질보증서에 표시한 기간으로 볼 수 있으나, 해당 기간이 「소비자분쟁해결기준」에서 정한 기한보다 짧은 경우에는 「소비자분쟁해결기준」에서 정한 기간을 적용해야 합니다.동일부위가 아닌 여러 부위의 수리는 4회가 기준이나 「소비자분쟁해결기준」에서 말하는 수리횟수는 AS센터 방문횟수가 아닌 증상 확인 후 수리·교체한 횟수를 기준으로 하는 바, AS 센터를 3차례 방문하였더라도 실제 수리·교체를 하지 않은 경우에는 횟수에 포함되지 않아 교환이 아닌 수리만 요구할 수 있습니다."
25, TV, 품질_설치 도중 제품 파손,"설치기사가 TV를 설치하던 중 TV가 엎어져 제품이 파손되었는데, 어떻게 대응해야 하나요?",사업자에게 제품 교환을 요구할 수 있습니다.   텔레비전(TV) 관련 「소비자분쟁해결기준」에서는 사업자가 제품설치 중 발생된 피해에 대해 제품교환 해주도록 규정하고 있습니다.다만 「소비자분쟁해결기준」은 소비자와 사업자 사이에 발생하는 분쟁을 원활하게 해결하기 위한 합의 또는 권고의 기준을 제시한 것으로 강제력을 가지지 못합니다. 사업자 약관이나 규정 등이 존재한다면 사업자 약관 또는 규정을 적용해야 하며 분쟁해결 방법에 관한 별도의 의사표시가 없는 때에는 「소비자분쟁해결기준」을 적용할 수 있습니다.
26, TV, 부당행위_부품을 보유하고 있지 않아 수리 불가능,구입한지 3년 정도 된 TV를 사용하던 중 바닥에 떨어뜨려 고장이 나 수리를 의뢰했습니다. 그러나 제조사는 해당 모델은 단종되었고 현재 보유부품이 없어 수리가 불가능하다고 합니다.,"품질보증기간이내 유상수리에 해당하는 금액 징수 후 교환을 요구할 수 있고, 품질보증기간 이후에는 정액감가상각비를 공제한 금액에 구입가 10% 가산해 환급을 요구할 수 있습니다.   텔레비전(TV) 관련 「소비자분쟁해결기준」에 따르면 TV는 품질보증기간 1년, 부품보유기간 9년으로 규정하고 있습니다. 이때 텔레비전(TV) 관련 「소비자분쟁해결기준」에서는 부품의무보유기간 이내에 수리용 부품을 보유하고 있지 않아 발생한 피해에 대해서는 품질보증기간 이내인 경우 제품을 교환받거나 구입가 환급을 규정하고 있으며, 품질보증기간 이후에는 제품의 정액감가상각비를 공제한 잔여금액에 구입가의 10%를 가산하여 환급하도록 규정하고 있습니다.다만 「소비자분쟁해결기준」은 소비자와 사업자 사이에 발생하는 분쟁을 원활하게 해결하기 위한 합의 또는 권고의 기준을 제시한 것으로 「소비자분쟁해결기준」은 강제력을 가지지 못합니다. 사업자 약관이나 규정 등이 존재한다면 사업자 약관 또는 규정을 적용해야 하며 다만 분쟁해결 방법에 관한 별도의 의사표시가 없는 때에는 「소비자분쟁해결기준」을 적용할 수 있습니다."
27, 각종공연관람, 계약해제·해지_사업자 귀책_공연 취소,"온라인 사이트를 통해 뮤지컬 공연 관람권 2매를 구입하고 105,000원을 지급했습니다. 공지사항을 통해 공연업자의 사유로 공연이 취소된다고 통보를 받았습니다. 보상기준이 어떻게 되나요?","입장료 환급 및 입장료의 10% 배상을 요구할 수 있습니다.   공정거래위원회에서 고시한 공연업(영화 및 비디오물 상영업 제외) 관련 「소비자분쟁해결기준」 에 따르면 공연이 취소되거나 관람일이 연기되어 고객이 입장료의 환불을 요구할 때 공연업자의 귀책사유로 취소된 경우 입장료 환급 및 입장료의 10% 배상하도록 명시하고 있습니다.   따라서, 공연업자로부터 공연업자의 사유로 공연의 취소를 통보받았다면, 입장료 환급 및 입장료의 10% 배상을 요구할 수 있습니다."
28, 각종공연관람, 계약해제·해지_사업자 귀책_공연 연기,"온라인 사이트를 통해 연극 관람권 1매를 구입하고 75,000원을 지급하였습니다. 공연업자의 사정으로 관람일이 연기된다고 안내를 받았습니다. 전액 환급이 가능한가요?"," 입장료 환급 및 입장료의 10% 배상을 요구할 수 있습니다.    공정거래위원회에서 고시한 공연업(영화 및 비디오물 상영업 제외) 관련 「소비자분쟁해결기준」 에 따르면 공연이 취소되거나 관람일이 연기되어 고객이 입장료의 환불을 요구할 때 공연업자의 귀책사유로 취소된 경우 입장료 환급 및 입장료의 10% 배상하도록 명시하고 있습니다.   따라서, 공연업자로부터 공연업자의 사유로 공연이 연기되었음을 통보 받았다면, 입장료 환급 및 입장료의 10% 배상을 요구할 수 있습니다. "
29, 각종공연관람," 계약해제·해지_전염병, 전염성 독감 등과 같은 사유로 공연을 관람하지 못한 경우",콘서트 예매 후 관람 2일 전 A형 독감에 걸렸습니다. 이에 취소를 문의하니 업체측에서는 티켓을 양도할 것을 권유합니다. 전염성 독감으로 관람이 어려운데 환급이 불가능한가요?,"관람일자를 조정하거나 위약금 없이 취소를 요구할 수 있습니다. 단, 공연은 실내 공연에 한하며 전염병, 전염성 독감 등은 소비자가 입증해야 합니다.    공정거래위원회에서 고시한 공연업(영화 및 비디오물 상영업 제외) 관련 「소비자분쟁해결기준」 에 따르면 전염병, 전염성 독감 등과 같은 사유로 공연을 관람하지 못한 경우 후일 공연기회 부여 또는 위약금 없이 취소하도록 명시하고 있습니다.   따라서, A형 독감 등과 같은 사유로 공연을 관람하지 못한 경우 관람일자를 조정하거나 위약금 없이 취소를 요구할 수 있습니다.   단, 공연은 실내 공연에 한하며 전염병, 전염성 독감 등은 소비자가 입증해야 합니다. "
30, 각종공연관람, 계약해제·해지_소비자 사유_공연일 10일전까지,좋아하는 가수의 팬미팅에 참석하기 위해 3달 전 티켓을 예매해두었으나 공연 10일 전 갑자기 가지 못하게 되었습니다. 위약금 기준이 어떻게 되나요?,"소비자의 사유로 공연 10일 전 해지시 전액환급을 요구할 수 있습니다.   공정거래위원회에서 고시한 공연업(영화 및 비디오물 상영업 제외) 관련 「소비자분쟁해결기준」 에 따르면 관객의 환급 요구시 공연일 10일전까지 해지할경우 전액환급을 하도록 명시하고 있습니다.   따라서, 소비자의 사유로 공연 10일 전 해지시 전액환급을 요구할 수 있습니다."
31, 각종공연관람, 계약해제·해지_소비자 사유_공연일 7일전까지,락 페스티벌을 가기 위해 예매하였으나 8일 전 개인 사정으로 갈 수 없게 되었습니다. 위약금 기준이 어떻게 되나요?,"소비자의 사유로 공연 8일 전 해지시 계약금액의 10% 공제한 후 환급을 요구할 수 있습니다.   공정거래위원회에서 고시한 공연업(영화 및 비디오물 상영업 제외) 관련 「소비자분쟁해결기준」 에 따르면 관객의 환급 요구시 공연일 7일전까지 해지할 경우 10% 공제 후 환급하도록 명시하고 있습니다.   따라서, 소비자의 사유로 공연 8일 전 해지시 계약금액의 10% 공제한 후 환급을 요구할 수 있습니다."
32, 각종공연관람, 계약해제·해지_소비자 사유_공연일 3일전까지,뮤지컬 공연을 예매하였으나 3일 전 개인 사정으로 갈 수 없게 되었습니다. 위약금 기준이 어떻게 되나요?,"소비자의 사유로 공연 3일 전 해지시 계약금액의 20% 공제한 후 환급을 요구할 수 있습니다.   공정거래위원회에서 고시한 공연업(영화 및 비디오물 상영업 제외) 관련 「소비자분쟁해결기준」 에 따르면 관객의 환급 요구시 공연일 3일전까지 해지할 경우 20% 공제 후 환급하도록 명시하고 있습니다.   따라서, 소비자의 사유로 공연 3일 전 해지시 계약금액의 20% 공제한 후 환급을 요구할 수 있습니다."
33, 각종공연관람, 계약해제·해지_소비자 사유_공연일 1일전까지,스탠딩 코미디 관람을 예매하였으나 공연 1일 전 개인 사정으로 갈 수 없게 되었습니다. 위약금 기준이 궁금합니다.,"소비자의 사유로 공연 1일 전 해지시 계약금액의 30% 공제한 후 환급을 요구할 수 있습니다.   공정거래위원회에서 고시한 공연업(영화 및 비디오물 상영업 제외) 관련 「소비자분쟁해결기준」 에 따르면 관객의 환급 요구시 공연일 1일전까지 해지할 경우 30% 공제 후 환급하도록 명시하고 있습니다.   따라서, 소비자의 사유로 공연 1일 전 해지시 계약금액의 30% 공제한 후 환급을 요구할 수 있습니다."
34, 각종공연관람, 계약해제·해지_소비자 사유_공연당일 공연시작 전까지,난타 공연을 예매하였으나 공연 당일 개인 사정으로 갈 수 없게 되었습니다. 위약금 기준이 어떻게 되나요?,"소비자의 사유로 공연 당일, 공연시작 전 해지시 계약금액의 90% 공제한 후 환급을 요구할 수 있습니다.   공정거래위원회에서 고시한 공연업(영화 및 비디오물 상영업 제외) 관련 「소비자분쟁해결기준」 에 따르면 관객의 환급 요구시 공연일 당일 공연시작 전까지 해지할 경우 90% 공제 후 환급하도록 명시하고 있습니다.   따라서, 소비자의 사유로 공연 당일, 공연시작 전 해지시 계약금액의 90% 공제한 후 환급을 요구할 수 있습니다."
35, 각종공연관람, 계약해제·해지_소비자 사유_공연 3일전까지는 예매후 24시간 이내 취소 시,음악회를 보러 가기 위해 예매사이트를 통해 티켓을 구입했습니다. 결제 직후 공연이 약 4일 정도 남은 상황에서 변심으로 취소를 문의하니 공연업체에서는 결제 당시 환급 규정(약관)을 고지했다는 사유로 환급이 불가하다고 합니다. 환급이 가능한가요?,"소비자의 사유로 공연 3일전까지는 예매후 24시간 이내 취소 시 전액환급을 요구할 수 있습니다.   공정거래위원회에서 고시한 공연업(영화 및 비디오물 상영업 제외) 관련 「소비자분쟁해결기준」 에 따르면 공연 3일전까지는 예매후 24시간 이내 취소시 전액환급하도록 명시하고 있습니다.   따라서, 소비자의 사유로 공연 3일전까지는 예매후 24시간 이내 취소 시 전액환급을 요구할 수 있습니다.   참고로, 비영업일은 시간 계산에서 제외됩니다."
36, 각종공연관람, 계약해제·해지_천재지변 등 불가항력의 경우,친구와 콘서트를 관람하기로 하고 티켓을 예매했습니다. 공연 당일 태풍경보가 발효되어 공연장에 가지 못했습니다. 이런 경우에도 환급이 가능한가요?,"사업자에게 입장료 환급을 요구할 수 있습니다.   공정거래위원회에서 고시한 공연업(영화 및 비디오물 상영업 제외) 관련 「소비자분쟁해결기준」 에 따르면 공연이 취소되거나 관람일이 연기되어 고객이 입장료의 환불을 요구할 때 천재지변 등 불가항력의 경우 입장료를 환급하도록 명시하고 있습니다.   따라서, 기상청에서 공연 당일 해당지역에 태풍경보를 발효한 사실이 있고, 이로 인해 이동수단의 이용이 불가했던 상황이 확인된다면 사업자에게 입장료 환급을 요구할 수 있습니다."
37, 각종공연관람, 청약철회_신용카드 할부거래_7일 이내 취소,"공연 티켓 4매 구입 후 200,000원을 신용카드 3개월 할부 결제했습니다. 개인적인 사유로 구입일로부터 7일 이내 공연업체에게 청약철회를 요구하였으나 업체에서 이를 거부하는데 환급이 가능할까요?","위약금 없이 총 계약대금 전액 환급을 요구할 수 있습니다.    「할부거래에 관한 법률」 제8조에 따르면 재화를 공급받은 날부터 7일 이내에는 단순변심이라도 위약금 없이 전액 환급이 가능하도록 규정하고 있습니다.    따라서, 소비자의 개인사정으로 인한 청약철회의 경우에도 7일 이내이므로 위약금 없이 총 계약대금 전액 환급을 요구할 수 있습니다.    다만, 「할부거래에 관한 법률」 제8조 제3항에 따라 청약철회 의사는 서면으로 의사표시를 하여야 하므로 사업자에게 서면으로 발송하되, 신용제공자가 있는 경우에 「할부거래법」 제9조 제1항에 의거하여 소비자는 동일한 기간 내에 신용제공자(신용카드회사)에도 철회의 의사표시가 적힌 서면을 발송해야 합니다. 서면은 사후 입증이 가능한 내용증명우편 등을 이용하는 것이 좋으며, 서면으로 발송한 경우에는 발송한 날에 그 효력이 발생합니다."
38, 각종공연관람, 청약철회_전자상거래_7일 이내 취소,"온라인 예매사이트를 통해 공연 티켓 4매 구입 후 200,000원을 결제했습니다. 개인적인 사유로 구입일로부터 7일 이내 공연업체에게 청약철회를 요구하였으나 업체에서 약관을 사유로 이를 거부하는데 환급이 가능할까요?","위약금 없이 총 계약대금 전액 환급을 요구할 수 있습니다.   「전자상거래등에서의 소비자보호에 관한 법률」 제17조에 따르면 재화를 공급받은 날부터 7일 이내에는 단순변심이라도 위약금 없이 전액 환급이 가능하도록 규정하고 있습니다.   따라서, 소비자의 개인사정으로 인한 청약철회의 경우에도 7일 이내이므로 위약금 없이 총 계약대금 전액 환급을 요구할 수 있습니다.   참고로, 통신판매업자에 대한 청약철회 의사표시 방법은 법률상 특별한 제한이 없으므로 전화, 서면, 전자문서 모두 가능합니다. 다만, 전화로 의사표시를 한 경우 간혹 판매자가 청약철회 요구를 받은 사실이 없다고 주장하는 경우가 있으므로, 쇼핑몰 게시판에 청약철회 의사를 표시하고 그 화면을 캡처하여 보관하거나 서면으로 발송하는 것이 좋습니다. 서면으로 발송한 경우에는 발송한 날에 그 효력이 발생합니다."
39, 각종공연관람, 계약불이행_사업자 귀책_공연 취소,"온라인 사이트를 통해 뮤지컬 공연 관람권 2매를 구입하고 105,000원을 지급하였습니다. 공지사항을 통해 공연업자의 사유로 공연이 취소된다고 통보를 받았습니다. 보상기준이 어떻게 되나요?","입장료 환급 및 입장료의 10% 배상을 요구할 수 있습니다.   공정거래위원회에서 고시한 공연업(영화 및 비디오물 상영업 제외) 관련 「소비자분쟁해결기준」 에 따르면 공연이 취소되거나 관람일이 연기되어 고객이 입장료의 환급을 요구할 때 공연업자의 귀책사유로 취소된 경우 입장료 환급 및 입장료의 10% 배상하도록 명시하고 있습니다.   따라서, 공연업자의 사유로 공연 취소를 통보받았다면, 입장료 환급 및 입장료의 10% 배상을 요구할 수 있습니다."
40, 각종공연관람, 계약불이행_사업자 귀책_공연 연기,"온라인 사이트를 통해 연극 관람권 1매를 구입하고 75,000원을 지급하였습니다. 공연업자의 사정으로 관람일이 연기된다고 안내를 받았습니다. 전액 환급이 가능한가요?","입장료 환급 및 입장료의 10% 배상을 요구할 수 있습니다.    공정거래위원회에서 고시한 공연업(영화 및 비디오물 상영업 제외) 관련 「소비자분쟁해결기준」 에 따르면 공연이 취소되거나 관람일이 연기되어 고객이 입장료의 환급을 요구할 때 공연업자의 귀책사유로 취소된 경우 입장료 환급 및 입장료의 10% 배상하도록 명시하고 있습니다.   따라서, 공연업자의 사유로 공연이 연기됨을 통보받았다면, 입장료 환급 및 입장료의 10% 배상을 요구할 수 있습니다. "
41, 각종공연관람, 계약불이행_공연내용이 계약과 다른 경우,"락 페스티벌에 참가하기 위해 1인 80,000원 상당의 티켓 이용료를 지급하고 관람하였습니다. 광고와는 다르게 출연자가 변경되었습니다. 티켓 환급을 요구하였으나 정상적으로 공연했다는 사유로 환급을 거부합니다. 환급이 가능한가요?","입장료 환급 및 입장료의 10% 배상을 요구할 수 있습니다.  공정거래위원회에서 고시한 공연업(영화 및 비디오물 상영업 제외) 관련 「소비자분쟁해결기준」 에 따르면 공연내용이 계약과 다른 경우(중요 출연자 교체) 입장료 환급 및 입장료의 10%를 배상하도록 명시하고 있습니다.   따라서, 계약내용과 다르게 중요 출연자가 교체되었다면 입장료 환급 및 입장료의 10% 배상을 요구할 수 있습니다."
42, 각종공연관람, 계약불이행_공연내용이 계약과 다른 경우_공연시간,"락 페스티벌에 참가하기 위해 1인 80,000원 상당의 티켓 이용료를 지급하고 관람하였습니다. 구입 당시 4시간 이상 공연예정이었으나 실제 공연을 진행한 시간은 1시간 30분이 채 되지 않습니다. 이 경우 전액 환급을 받을 수 있나요? ","입장료 환급 및 입장료의 10% 배상을 요구할 수 있습니다.   공정거래위원회에서 고시한 공연업(영화 및 비디오물 상영업 제외) 관련 「소비자분쟁해결기준」 에 따르면 공연내용이 계약과 다른 경우(예정 공연시간 1/2이하 공연) 입장료 환급 및 입장료의 10%를 배상하도록 명시하고 있습니다.    따라서, 계약내용과 다르게 공연시간 1/2이하로 공연을 했을 경우 입장료 환급 및 입장료의 10% 배상을 요구할 수 있습니다."
43, 각종공연관람, 계약불이행_공연내용이 계약과 다른 경우_중복 예매,"연극 공연 관람을 예매하고 공연장을 찾았으나 예매한 좌석이 중복 예매되어 결국 다른 좌석에서 관람하였습니다. 공연 관계자는 예매에 오류가 있었다며 죄송하다고 하는데, 이에 대해서 보상을 받을 수 있나요?","무리 없이 연극을 관람하였다면 배상을 요구하기는 어렵습니다. 단, 원래 예매한 좌석보다 좋지 않은 좌석으로 안내되었다면 그 차액을 요구할 수 있으며, 연극을 관람하기 어려울 정도의 불편이 따랐다면 해당 사실 입증 등을 통해 배상을 요구할 수 있습니다.   예매 오류로 지정된 좌석을 이용하지 못하였다 하더라도 공연 주최측에서 다른 좌석으로 안내하여 무리 없이 연극을 관람하였다면 계약이행에 해당되므로 사업자에게 배상을 요구하기는 어려울 것으로 판단됩니다.   다만, 원래 예매한 좌석보다 좋지 않은 좌석으로 안내되었다면 그 차액을 요구할 수 있을 것으로 보이며, 안내된 좌석이 연극을 관람하기 어려울 정도의 불편이 따랐다면 해당 사실 입증 등을 통해 배상을 요구해 볼 수 있습니다."
44, 각종공연관람, 계약불이행_공연자에게 책임있는 사유로 인하여 공연이 30분 이상 지연된 경우_전체 공연 관람시,뮤지컬을 관람하는 도중 배우의 사유로 공연이 1시간 가까이 지체 되었습니다. 공연은 끝까지 관람하였으나 몰입도가 떨어져 만족스러운 관람을 하지 못했습니다. 이 경우 보상 기준이 어떻게 되나요?,"입장료의 10% 환급을 요구할 수 있습니다.   공정거래위원회에서 고시한 공연업(영화 및 비디오물 상영업 제외) 관련 「소비자분쟁해결기준」 에 따르면 공연자에게 책임있는 사유로 인하여 공연이 30분 이상 지연된 경우, 전체 공연 관람시 입장료의 10%를 환급하도록 명시하고 있습니다.   따라서, 뮤지컬 관람 도중 배우의 사정으로 공연이 1시간가량 지체되었더라도 전체 공연을 관람한 경우에는 입장료의 10% 환급을 요구할 수 있습니다."
45, 각종공연관람, 계약불이행_공연자에게 책임있는 사유로 인하여 공연이 30분 이상 지연된 경우_공연 중단시,뮤지컬을 관람하는 도중 배우의 사유로 공연이 1시간 이상 지체되다가 공연이 중단되었습니다. 이 경우 보상 기준이 어떻게 되나요?,"입장료 환급 및 입장료의 10% 배상을 요구할 수 있습니다.   공정거래위원회에서 고시한 공연업(영화 및 비디오물 상영업 제외) 관련 「소비자분쟁해결기준」 에 따르면 공연자에게 책임있는 사유로 인하여 공연이 30분 이상 지연된 경우, 공연 중단시 입장료 환급 및 입장료의 10%를 배상하도록 명시하고 있습니다.   따라서, 뮤지컬 관람 도중 배우의 사정으로 공연이 1시간가량 지체된 후 공연이 중단된 경우라면 입장료 환급 및 입장료의 10% 배상을 요구할 수 있습니다."
46, 각종공연관람, 계약불이행_공연 입장권을 구입한자가 관람시간 표기 오류로 인하여 공연을 관람하지 못한 경우,전시회 티켓을 예매했습니다. 예매시 관람시간은 오후 8시까지 가능하다고 기재되어 있었으나 당일 오후 6시에 방문시 관람이 종료되어 관람을 하지 못했습니다. 보상 기준이 어떻게 되나요?,"입장료 환급 및 입장료의 20% 배상을 요구할 수 있습니다.   공정거래위원회에서 고시한 공연업(영화 및 비디오물 상영업 제외) 관련 「소비자분쟁해결기준」 에 따르면 공연 입장권을 구입한자가 관람시간 표기 오류로 인하여 공연을 관람하지 못한 경우 입장료 환급 및 입장료의 20%를 배상하도록 명시하고 있습니다.   따라서, 관람시간 표기 오류로 인하여 공연을 관람하지 못한 경우 사업자에게 입장료 환급 및 입장료의 20% 배상을 요구할 수 있습니다."
47, 각종공연관람, 계약불이행_사업자 폐업,페스티벌 티켓 구입 후 사업자의 일방적인 공연 취소 안내에 따라 환급을 신청하였습니다. 이후 공연업자가 폐업했다는 소식을 들었습니다. 사업자가 폐업한 경우 해결방안이 있나요?,"부도·폐업 등으로 연락이 불가능하거나 소재 파악이 안 되는 경우 한국소비자원에서 처리가 어렵습니다.   한국소비자원 「소비자불만처리 및 피해구제업무처리규정」에 따르면 피해구제 처리 도중 당사자의 연락불능 등으로 그 처리가 불가능한 것으로 판명된 경우에는 처리절차를 종료하도록 규정하고 있습니다. 따라서 사업자의 부도·폐업 등으로 연락이 불가능하거나 소재 파악이 안 되는 경우 한국소비자원에서 처리가 불가합니다.   따라서 신용카드사에 잔여할부금이 남아 있는 경우에는 잔여할부금 지급 거절 내용증명을 우편으로 신용카드사에 발송하는 등 할부항변권을 행사할 수 있으며, 할부항변권 행사가 불가능한 경우에는 사업자 대표 등을 대상으로 민사소송을 제기하여 구제받을 수 있습니다.   단, 할부항변권은 신용카드 할부(20만원, 3회 이상)로 결제한 경우에 한합니다."
48, 각종공연관람, 표시·광고_공연내용이 계약과 다른 경우_출연자 교체,"락 페스티벌에 참가하기 위해 1인 80,000원 상당의 티켓 이용료를 지급하고 관람하였습니다. 구입 당시 광고와는 다르게 출연자가 일부 교체되었습니다. 이 경우 전액 환급을 받을 수 있나요? ","입장료 환급 및 입장료의 10% 배상을 요구할 수 있습니다.   「표시·광고의 공정화에 관한 법률」 제3조에 따르면 사업자가 소비자를 속이거나 소비자로 하여금 잘못 알게 할 우려가 있는 표시·광고 행위로서 공정한 거래질서를 해칠 우려가 있는 거짓·과장의 표시·광고행위를 금지하고 있습니다.   또한, 공정거래위원회에서 고시한 공연업(영화 및 비디오물 상영업 제외) 관련 「소비자분쟁해결기준」 에 따르면 공연내용이 계약과 다른 경우(중요 출연자 교체) 입장료 환급 및 입장료의 10%를 배상하도록 명시하고 있습니다.   따라서, 계약내용과 다르게 중요 출연자가 교체되었다면 입장료 환급 및 입장료의 10% 배상을 요구할 수 있습니다."
49, 각종공연관람, 표시·광고_공연내용이 계약과 다른 경우_공연 시간,"락 페스티벌에 참가하기 위해 1인 80,000원 상당의 티켓 이용료를 지급하고 관람하였습니다. 구입 당시 4시간 이상 공연예정이었으나 실제 공연을 진행한 시간은 1시간 30분이 채 되지 않습니다. 이 경우 전액 환급을 받을 수 있나요? ","입장료 환급 및 입장료의 10% 배상을 요구할 수 있습니다.   「표시·광고의 공정화에 관한 법률」 제3조에 따르면 사업자가 소비자를 속이거나 소비자로 하여금 잘못 알게 할 우려가 있는 표시·광고 행위로서 공정한 거래질서를 해칠 우려가 있는 거짓·과장의 표시·광고행위를 금지하고 있습니다.   또한, 고시한 공연업(영화 및 비디오물 상영업 제외) 관련 「소비자분쟁해결기준」 에 따르면 공연내용이 계약과 다른 경우(예정 공연시간 1/2이하 공연) 입장료 환급 및 입장료의 10%를 배상하도록 명시하고 있습니다.   따라서, 계약내용과 다르게 공연시간 1/2이하로 공연을 했을 경우 입장료 환급 및 입장료의 10% 배상을 요구할 수 있습니다."
50, 각종공연관람, 안전(제품/시설)_특수효과로 인한 신체상 손해,락 페스티벌 공연 도중 특수효과 폭죽의 불꽃으로 인해 피부에 화상을 입었습니다. 손해배상을 요구할 수 있을까요?,"사업자에게 손해배상을 요구할 수 있습니다.   「민법」 제750조 및 제758조에 따라 공연장에 통상 요구되는 안전성이 결여되고 규정된 설치, 관리상의 하자로 인해 사고가 발생했다고 인정되면 손해를 배상할 책임이 있습니다. 따라서 공연장 이용 중 사업자의 시설 관리 소홀 등으로 신체상 피해가 발생한 경우 손해배상을 요구할 수 있습니다.   단, 소비자의 부주의로 인한 상해일 경우 사업자의 배상책임이 면제될 수 있습니다."
51, 각종공연관람," 안전(제품/시설)_전염병, 전염성 독감 등과 같은 사유로 공연을 관람하지 못한 경우",콘서트 예매 후 관람 2일 전 A형 독감에 걸렸습니다. 이에 취소를 문의하니 업체측에서는 티켓을 양도할 것을 권유합니다. 전염성 독감으로 관람이 어려운데 환급이 불가능한가요?,"관람일자를 조정하거나 위약금 없이 취소를 요구할 수 있습니다. 단, 공연은 실내 공연에 한하며 전염병, 전염성 독감 등은 소비자가 입증해야 합니다.    공정거래위원회에서 고시한 공연업(영화 및 비디오물 상영업 제외) 관련 「소비자분쟁해결기준」 에 따르면 전염병, 전염성 독감 등과 같은 사유로 공연을 관람하지 못한 경우 후일 공연기회 부여 또는 위약금 없이 취소하도록 명시하고 있습니다.   따라서, A형 독감 등과 같은 전염병의 사유로 공연을 관람하지 못한 경우 관람일자를 조정하거나 위약금 없이 취소를 요구할 수 있습니다.   단, 공연은 실내 공연에 한하며 전염병, 전염성 독감 등은 소비자가 입증해야 합니다. "
52, 각종공연관람, 약관_1일 전 취소,공연 티켓 구입 후 1일 전 취소 및 환급을 요구하였으나 사업자는 결제 당시 환급규정을 고지했다는 사유로 계약해지를 거부하고 있습니다. 이런 경우 환급을 받을 수 없나요?,"이용금액의 30% 공제 후 환급을 요구할 수 있습니다.     「약관의 규제에 관한 법률」 제9조에 따르면 계약의 해제 또는 해지로 인한 사업자의 원상회복의무나 손해배상의무를 부당하게 경감하는 조항은 무효로 규정하고 있습니다.    그러므로 사업자가 ‘환급 불가’ 약관을 사유로 계약해지를 거부하는 경우 무효로 볼 수 있습니다.    따라서, 공정거래위원회에서 고시한 공연업(영화 및 비디오물 상영업 제외) 관련 「소비자분쟁해결기준」 에 따라 공연일 1일전 취소시 이용금액의 30% 공제 후 환급을 요구할 수 있습니다. "
53, 건강(연금)보험, 청약철회,지인을 통해 건강보험에 가입하였는데 충동적으로 가입한 거 같아 청약철회를 하고자 합니다. 철회 가능한 기간은 언제까지이며 방법은 어떻게 되나요? ,"계약일로부터 30일 이내이면서 보험증권을 받은 날로부터 15일 이내 전화, 서면, 전자우편, 문자메시지 등 편리하신 방법으로 보험사에 청약철회 의사를 전달하시기 바랍니다.   「금융소비자 보호에 관한 법률」 제46조 및 「생명보험 표준약관」에 따르면 보험증권을 받은 날부터 15일과 청약을 한 날부터 30일 중 먼저 도래하는 기간 이내에 그 청약을 철회할 수 있습니다. 다만, 회사가 건강 상태 진단을 지원하는 계약, 보험기간이 90일 이내인 계약 또는 전문금융소비자가 체결한 계약은 철회할 수 없습니다. <개정 2015.11.30., 2021.7.1.>   또한, 청약철회는 계약자가 전화로 신청하거나, 철회의사를 표시하기 위한 서면, 전자우편, 휴대전화 문자메시지 또는 이에 준하는 전자적 의사표시(이하 ‘서면 등’)를 발송한 때 효력이 발생하며 계약자는 서면 등을 발송한 때에 그 발송 사실을 회사에 지체없이 알려야 한다고 규정하고 있습니다.   따라서, 계약일로부터 30일 이내이면서 보험증권을 받은 날로부터 15일 이내 상기 방법 중 편리하신 방법으로 보험사에 반드시 청약철회 의사를 전달하시기 바랍니다.    ※ 전문금융소비자 : 보험계약에 관한 전문성, 자산규모 등에 비추어 보험계약에 따른 위험감수능력이 있는 자로서, 국가, 지방자치단체, 한국은행, 금융회사, 주권상장법인 등을 포함하며 「금융소비자 보호에 관한 법률」 제2조(정의) 제9호에서 정하는 전문금융소비자"
54, 건강(연금)보험, 청약철회_만 65세 이상 통신판매,아버지께서 70세 고령이신데 전화로 암보험에 가입하셨습니다. 해당 사실을 30일 지나서   알게 되었는데 청약철회 가능한가요?,"가입하신 보험상품의 약관을 확인해, 보험사에 서면 또는 전화 등으로 청약철회를 요구할 수 있습니다.   금융감독원 보도자료[2022.12.8. 배포]에 따르면 고령자가 전화로 가입한 보험은 보험증권 수령 후 15일, 청약 후 45일 중 먼저 도래한 기간 내 청약철회 가능한데 이는 보험회사 개별 약관의 청약철회 조항 기준이며 보험회사별로 상이합니다.   따라서, 부친께서 가입하신 보험상품의 약관을 확인하시어 보험사에 서면 또는 전화 등으로 청약철회를 요구하여 보시기 바랍니다.    * 전자우편, 휴대전화 문자메세지 등 회사가 정하는 방법 포함    * 진단계약(회사가 건강 상태 진단을 지원하는 계약), 보험기간 90일 이내인 계약 또는 전문금융소비자 계약은 철회 불가"
55, 건강(연금)보험, 계약취소_품질보증_약관 및 청약서 부본 미교부,지인을 통해 암보험에 가입하였는데 정확한 설명을 듣지 않고 가입한 것 같아 보장내용을 확인하고자 계약에 관한 서류를 우편으로 요청하였습니다. 보험사에서는 1개월이 지나도록 보내주지 않는데 가입을 취소할 수 있나요?,"보험사에 계약취소를 요구할 수 있습니다.   「상법」 제638조의3 및 「생명보험 표준약관」에 따르면 약관 및 계약자 보관용 청약서를 청약할 때 계약자에게 전달하지 않거나 약관의 중요한 내용을 설명하지 않은 때 또는 계약을 체결할 때 계약자가 청약서에 자필서명을 하지 않은 때에는 계약자는 계약이 성립한 날부터 3개월 이내에 계약을 취소할 수 있다고 규정하고 있습니다.    따라서, 보험사에 계약취소를 요구해 볼 수 있습니다."
56, 건강(연금)보험, 계약취소_품질보증_약관의 중요한 내용 설명 누락,2개월 전 이율 높은 저축성보험이라는 지인의 설명을 듣고 보험에 가입하였는데 최근 증권을 확인하니 상품명에 종신보험이라고 기재되어 있습니다. 지인은 종신보험임을 설명했다고 주장하는데 종신보험이라는 설명을 들었다면 가입하지 않았을 것입니다. 가입을 취소할 수 있나요?,"보험사에 중요한 내용을 설명했다는 입증자료를 요구할 수 있으며, 입증하지 못하면 계약취소를 요구할 수 있습니다.   「상법」 제638조의3 및 「생명보험 표준약관」에 따르면 약관 및 계약자 보관용 청약서를 청약할 때 계약자에게 전달하지 않거나 약관의 중요한 내용을 설명하지 않은 때 또는 계약을 체결할 때 계약자가 청약서에 자필서명을 하지 않은 때에는 계약자는 계약이 성립한 날부터 3개월 이내에 계약을 취소할 수 있다고 규정하고 있습니다.    따라서, 보험사에 중요한 내용을 설명했다는 입증자료를 요구하여 보시기 바라며 보험사가 이를 입증하지 못한다면 계약취소를 요구해 볼 수 있습니다."
57, 건강(연금)보험, 계약취소_품질보증_전자서명 포함 자필서명 누락,1년 전 연금보험에 가입하였는데 최근 생각보다 연금지급액이 과소하여 보험사에 계약취소를 요구하자 취소권 행사 기간 3개월이 지났다는 이유로 거절합니다. 청약서에 자필서명이 없는데 가입을 취소할 수 없나요?,"계약서 자필서명 누락에 대한 취소권은 3개월이므로 계약취소는 어려울 수 있습니다.   「생명보험 표준약관」에 따르면 약관 및 계약자 보관용 청약서를 청약할 때 계약자에게 전달하지 않거나 약관의 중요한 내용을 설명하지 않은 때 또는 계약을 체결할 때 계약자가 청약서에 자필서명을 하지 않은 때에는 계약자는 계약이 성립한 날부터 3개월 이내에 계약을 취소할 수 있다고 규정하고 있습니다.    따라서, 청약서 자필서명 누락에 대한 취소권은 3개월이므로 보험사는 계약취소를 거절할 수 있습니다."
58, 건강(연금)보험, 계약해제·해지_계약 전 알릴의무_고지의무 위반,"1년 전 친구인 보험설계사에게 고혈압 복용 사실을 알리고 보험에 가입하였으며, 최근 폐렴으로 보험금을 청구하였으나 보험사에서 고지의무 위반이라며 계약해지를 통보하고 보험금 지급을 거절하였습니다. 정상적으로 고지했는데 보험금도 못받고 해지되나요?","고지의무를 위반한 사실이 이번 보험사고와 인과관계가 없다는 것을 증명한 경우에는 보험금을 지급받을 수 있겠으나, 해당 보험계약은 해지될 수 있습니다.   「상법」 제651조 및 「생명보험 표준약관」에 따르면 계약자 또는 피보험자는 청약할 때 청약서에서 질문한 사항에 대하여 알고 있는 사실을 반드시 사실대로 알려야 하며, 고의 또는 중대한 과실로 중요한 사항에 대하여 사실과 다르게 알린 경우에는 회사가 그 사실을 안 날부터 1개월 내, 계약을 체결한 날부터 3년 내 계약을 해지할 수 있다고 규정하고 있습니다.     다만, 회사가 계약 당시에 그 사실을 알았거나 과실로 인하여 알지 못하였을 때, 보장개시일부터 보험금 지급사유가 발생하지 않고 2년(진단계약의 경우 질병에 대하여는 1년)이 지났을 때, 보험설계사 등이 계약자 또는 피보험자에게 고지할 기회를 주지 않았거나 계약자 또는 피보험자가 사실대로 고지하는 것을 방해한 경우, 계약자 또는 피보험자에게 사실대로 고지하지 않게 하였거나 부실한 고지를 권유했을 때는 예외입니다.    또한, 「상법 제651조의2」에 따라 보험자가 서면으로 질문한 사항은 중요한 사항으로 추정되며, 고지의 상대방은 보험회사로 보험설계사는 그 권한이 없습니다.    따라서, 고지의무를 위반한 사실이 이번 보험사고와 인과관계가 없다는 것을 증명한 경우에는 보험금을 지급받을 수 있겠으나, 해당 보험계약은 해지됩니다.    참고로, 보험회사에 과실이나 책임을 묻기 위해서는 서면 또는 녹취파일 등 객관적인 입증자료가 중요합니다."
59, 건강(연금)보험, 계약해제·해지_계약 후 알릴의무_통지의무 위반,보험 가입 당시에는 무직이었으나 최근 오토바이 배달을 하다가 교통사고가 발생했습니다. 보험사에 약관에 따른 보험금을 청구하자 2주 후 계약 해지를 통보했는데 계약을 유지할 수 없나요?,"위험률이 현저히 증가된 경우에 해당하므로, 보험사가 위험률 증가 통지 후 1개월 이내에 계약해지 통보를 할 수도 있습니다   「상법」 제652조 및 「생명보험 표준약관」에 따르면 계약자 또는 피보험자는 사고발생의 위험이 현저하게 변경 또는 증가된 사실을 안 때에는 지체없이 보험회사에 통지하여야 하며, 이를 해태하였거나 위험이 증가된 경우에는 회사가 그 사실을 안 날부터 1개월 이내 계약을 해지하거나 보험료의 증액을 청구할 수 있습니다.    무직에서 오토바이 배달 기사로 직무가 변경된 것은 약관 및 상법에서 정한 위험률이 현저히 증가된 것에 해당합니다.   따라서, 보험사는 위험률 증가 통지 후 1개월 이내 계약해지를 통보할 수 있습니다."
60, 건강(연금)보험, 계약무효_타인의 생명보험,최근 이혼한 배우자가 본인을 피보험자로 하여 10년 전 종신보험에 가입하였다는 사실을 알게 되었습니다. 10년 전 결혼 생활 중 배우자는 실손보험에 가입했다고 하였으며 당시 서류에 사인한 사실이 없는데 가입을 취소할 수 있나요?,"계약무효를 요구할 수 있습니다.   「상법」 제731조 및 「생명보험 표준약관」에 따르면 보험계약자와 피보험자가 다르고 피보험자의 사망을 보험사고로 하는 보험계약 체결 시에 그 타인(피보험자)의 서면동의를 얻어야 한다고 규정하고 있으며, 부부간에도 서면동의가 필요합니다.    따라서, 보험사에 계약무효를 주장할 수 있습니다."
61, 건강(연금)보험, 실효_납입최고,2021년 부친께서 암으로 사망하여 보험사에 암진단보험금을 청구하였으나 보험료 미납으로 인하여 계약의 효력이 상실되었으므로 보험금을 지급할 수 없다고 합니다. 그러나 보험료가 자동으로 이체되어 정상적으로 유지하고 있는 줄 알았으며 보험사로부터 어떠한 통지를 받지 못하였는데 해결방안이 있나요?,"보험사에 정상적으로 납입최고한 입증자료를 요구하여 보시기 바랍니다.   「상법」 제650조 및 「생명보험 표준약관」에 따르면 계속보험료가 미납되면 보험회사는 상당한 기간을 정하여 보험계약자에게 연체사실 통보 및 독촉(납입최고)을 하고 그 기간 내에도 보험료가 납입되지 않으면 그 계약을 해지할 수 있다고 규정하고 있습니다.    따라서, 보험사에 정상적으로 납입최고한 입증자료를 요구하여 보시기 바랍니다."
62, 건강(연금)보험, 실효_부활,최근 통장에서 보험료가 이체되지 않아 보험사에 확인하니 납입연체로 인하여 보험계약이 해지되었다고 합니다. 기존 계약을 유지할 방법이 있나요?,"해지환급금이 지급되지 아니한 경우 또는 해지환급금이 없는 경우에 해지된 날부터 3년 이내에 연체보험료와 약정이자를 붙여 보험회사에 지급하고 그 계약의 부활을 청약할 수 있습니다.   「상법」 제650조의 2 및 「생명보험 표준약관」에 따르면 보험계약이 해지되고 해지환급금이 지급되지 아니한 경우(보험계약대출 등에 따라 해지환급금이 차감되었으나 받지 않은 경우 또는 해지환급금이 없는 경우 포함)에 보험계약자는 일정한 기간(해지된 날부터 3년) 내에 연체보험료와 약정이자를 붙여 보험회사에 지급하고 그 계약의 부활을 청약할 수 있다고 규정하고 있습니다.   따라서, 해지환급금이 입금되었는지 확인하신 후 보험사에 부활을 문의하시기 바랍니다.   다만, 보험회사는 부활 여부에 대하여 심사 및 청약을 거절할 수 있습니다. "
63, 건강(연금)보험, 계약불이행_소멸시효,5년 전 암을 진단받았으며 전이로 인하여 치료가 너무 힘들어서 최근 보험사에 보험금을 청구하였습니다. 보험사에서는 너무 오래되었다는 이유로 거절하는데 보험금을 지급받을 수 없나요?,"보험금 지급은 어려울 수 있습니다.   「상법」 제662조 및 「생명보험 표준약관」에 따르면 보험금청구권은 3년간 행사하지 않으면 소멸시효가 완성된다고 규정하고 있습니다.   따라서, 보험사에서는 소멸시효 완성을 이유로 보험금 지급을 거절할 수 있으므로 3년 이내에 보험금을 청구하여야 합니다."
64, 건강(연금)보험, 계약불이행_연금액 과소,직장에서 단체로 연금보험에 가입하면서 월 200만원 연금이 지급된다는 설명을 들었는데 최근 개시일이 다가와서 보험사에 문의하니 월 80만원만 지급된다고 합니다. 보험사에 이의 제기할 방법이 있나요?,"설계사가 제공한 상품설명서나 해당 과실을 인정하는 녹취파일 등 입증자료를 확보하시기 바랍니다.   보험계약의 청약철회 및 품질보증 기간이 경과한 후에는 최초 가입 시 보험설계사가 정확하게 설명하지 않았다는 사실을 소비자가 입증해야 합니다.    일반적으로 보험사에서는 가입 시 약관의 내용에 대하여 충분히 설명받았음을 자필 서명(모바일 전자수단 등을 이용하여 동의)을 받거나 해피콜을 통해 녹취파일을 보관하고 있기 때문입니다.    따라서, 보험사에 이의 제기하기 위해서는 설계사가 제공한 상품설명서나 해당 과실을 인정하는 녹취파일 등 입증자료를 확보하시기 바랍니다."
65, 건강(연금)보험, 계약불이행_전이암,"본인은 2019.2.21. 갑상선의 악성신생물(C73), 목의 림프절의 이차성 악성신생물(C77) 진단받아 보험사에 일반암 진단보험금 지급을 요구하였으나 갑상선암 진단에 따른 소액암 진단보험금만 지급하였습니다. 일반암 진단보험금은 받을 수 없나요?","보험사에 약관의 중요한 내용을 설명했다는 입증자료를 요구할 수 있으나, 보험상품의 약관과 상품설명서에 따라 결과는 다를 수 있습니다.   「상법」 제638조의 3 및 「약관의 규제에 관한 법률」 제3조에 따르면 보험사는 계약을 체결할 때에 보험계약자에게 보험약관을 교부하고 그 약관의 중요한 내용을 설명하여야 하며 보험약관의 명시·설명의무를 위반하여 보험계약을 체결한 때에는 그 약관의 내용을 보험계약의 내용으로 주장할 수 없다고 규정하고 있습니다.    따라서, 보험사에 약관의 중요한 내용을 설명했다는 입증자료를 요구하여 보시기 바랍니다.    다만, 가입하신 보험상품의 약관과 상품설명서에 따라 결과는 다를 수 있습니다."
66, 건강(연금)보험, 계약불이행_고주파 절제술,본인은 주치의 권유에 따라 갑상선 결절을 제거하기 위해 고주파 절제술을 2회 시행하고 보험사에 보험금을 청구하였는데 수술에 해당하지 않는다는 이유로 지급을 거절하고 있습니다. 이러한 경우 보험금을 받을 수 없나요?,"수술을 정의하는 데 있어 ‘기구를 사용하여 생체의 절단, 적제 등의 조작을 가하는 것’이라고 규정하고 있다면 보험금을 지급받기 어려울 수 있습니다.   일반적으로 보험 약관에는 수술을 정의하는 데 있어 ‘기구를 사용하여 생체의 절단, 적제 등의 조작을 가하는 것’이라고 규정하고 있다면 보험금을 지급받기 어려울 수 있습니다.   참고로, 서울중앙지방법원에서는 갑상선 결절 고주파 절제술에 대하여 보험금 지급 대상이 되는 수술에 해당하려면 수술을 통한 치료의 필요성이 인정되어야 하고, 여기서 말하는 치료의 필요성은 '객관적 관점에서 평가할 때 수술이 필요하다는 의사의 판단이 합리적 재량의 범위 내에서 타당하다고 인정되는 경우'를 말한다고 하여 수술의 필요성을 판단하는 주체를 주치의로 한정되지 않는다는 취지로 판시한 바 있습니다 (서울중앙지방법원 2022.11.2. 선고 2021나60689판결).   따라서, 본인이 가입한 보험상품의 약관에 수술의 정의 규정이 있는지 및 수술분류표상에 해당하는지 확인하여 보시기 바랍니다."
67, 건강(연금)보험, 계약불이행_요양병원 암입원비,본인은 위암 진단으로 요양병원에서 압노바 등 대체 항암치료를 받으면서 입원하고 보험사에 암입원급여금을 청구하였으나 암의 직접적인 치료를 목적으로 한 입원이 아니라며 지급을 거절합니다. 이러한 경우 암입원급여금은 받을 수 없나요?,"암 입원비 지급 요구는 어려울 수 있으며 일반입원비 지급을 요구할 수 있습니다.   대법원에서는 압노바나 헬릭소가 주로 환자의 면역력 강화를 통한 대체 항암요법일 뿐 임상시험을 통해 그 항암 효능이 입증된 바는 없어 그 투여만을 가지고 암의 치료를 직접 목적으로 하였다고 보기 어려우며 그 투여를 위하여 반드시 입원이 필요한 것도 아닌 사실 등에 비추어 요양병원에 입원한 것이 암의 치료를 직접 목적으로 한 입원에 해당한다고 보기에 부족하다고 판시한 바 있습니다(대법원 2008. 4. 24. 선고 2008다13777 판결).    또한, 암의 직접 치료를 목적으로 입원 치료하였음을 보험금 청구권자가 입증해야 하는 어려움이 있습니다.   따라서, 암 입원비 지급 요구는 어려울 수 있으며 일반입원비 지급을 요구할 수 있습니다."
68, 건강(연금)보험, 계약불이행_사망보험금_자살,배우자가 만취 상태에서 베란다로 뛰어내려 병원에서 치료하던 중 사망하였습니다. 충동적으로 뛰어내린 사고이므로 재해사망보험금을 청구하였으나 보험사에서는 일반사망보험금만 지급하겠다고 합니다. 재해사망으로 인정받을 수 없나요?,"보험사에 재해사고를 주장하기 위해서는 피보험자가 자유로운 의사결정을 할 수 없는 상태였다는 객관적 입증자료를 확보하시기 바랍니다.   「상법」 제659조 및 「생명보험 표준약관」에 따르면 피보험자가 고의로 자신을 해친 경우 보험금을 지급하지 않는다고 규정하고 있습니다.    다만, 계약의 보장개시일(부활(효력회복)계약의 경우는 부활(효력회복)청약일)부터 2년이 지난 후에 자살한 경우에는 재해 이외의 원인에 해당하는 사망보험금을 지급하며, 심신상실 등으로 자유로운 의사결정을 할 수 없는 상태에서 자신을 해친 경우 특히 그 결과 사망에 이르게 된 경우에는 재해사망보험금(약관에서 정한 재해사망보험금이 없는 경우에는 재해 이외의 원인으로 인한 사망보험금)을 지급합니다.    술을 만취 상태에 이를 정도로 많이 마셨는지에 대한 자료나 혈중알코올농도 등 확인이 불가한 경우 자유로운 의사결정을 할 수 없는 상태였다고 단정하기 어려울 수 있습니다.    따라서, 보험사에 재해사고를 주장하기 위해서는 피보험자가 자유로운 의사결정을 할 수 없는 상태였다는 객관적 입증자료를 확보하시기 바랍니다."
69, 건강(연금)보험, 계약불이행_부담보_5년 경과,6년 전 건강보험에 가입하면서 허리디스크 판정으로 인하여 전기간 부담보를 설정하였으며 최근 허리통증으로 인하여 정형외과에서 통원 치료를 받고 있습니다. 우연히 약관을 확인하니 5년이 지나면 보장한다고 기재되어 보험금을 청구하였으나 보험사가 지급을 거절합니다. 보험금을 받을 수 있나요?,"최근까지 동일한 질병으로 치료받은 사실이 없다면 보험사에 약관에 따른 보험금 지급을 요구해 볼 수 있습니다.   「생명보험 표준약관」에 따르면 청약일 이전에 진단된 질병이라 하더라도 청약일로부터 5년(갱신형 계약의 경우에는 최초 청약일로부터 5년)이 지나는 동안 보장이 제외되는 질병으로 추가 진단(단순 건강검진 제외) 또는 치료 사실이 없을 경우, 청약일부터 5년이 지난 이후에는 이 약관에 따라 보상한다고 규정하고 있습니다. <신설 2018.7.10.>    따라서, 최근까지 동일한 질병으로 치료받은 사실이 없다면 보험사에 약관에 따른 보험금 지급을 요구해 볼 수 있습니다."
70, 건강(연금)보험, 약관_부담보_5년 경과,6년 전 건강보험에 가입하면서 허리디스크 판정으로 인하여 전기간 부담보를 설정하였으며 최근 허리통증으로 인하여 정형외과에서 통원 치료를 받고 있습니다. 우연히 약관을 확인하니 5년이 지나면 보장한다고 기재되어 보험금을 청구하였으나 보험사가 지급을 거절합니다. 보험금을 받을 수 있나요?,"최근까지 동일한 질병으로 치료받은 사실이 없다면 보험사에 약관에 따른 보험금 지급을 요구해 볼 수 있습니다.   「생명보험 표준약관」에 따르면 청약일 이전에 진단된 질병이라 하더라도 청약일로부터 5년(갱신형 계약의 경우에는 최초 청약일로부터 5년)이 지나는 동안 보장이 제외되는 질병으로 추가 진단(단순 건강검진 제외) 또는 치료 사실이 없을 경우, 청약일부터 5년이 지난 이후에는 이 약관에 따라 보상한다고 규정하고 있습니다. <신설 2018.7.10.>    따라서, 최근까지 동일한 질병으로 치료받은 사실이 없다면 보험사에 약관에 따른 보험금 지급을 요구해 볼 수 있습니다."
71, 건강(연금)보험, 약관_소멸시효,5년 전 암을 진단받았으며 전이로 인하여 치료가 너무 힘들어서 최근 보험사에 보험금을 청구하였는데 너무 오래되었다는 이유로 거절하는데 보험금을 지급받을 수 없나요?,"보험금 지급은 어려울 수 있습니다.   「상법」 제662조및 「생명보험 표준약관」에 따르면 보험금청구권은 3년간 행사하지 않으면 소멸시효가 완성된다고 규정하고 있습니다.   따라서, 보험사에서는 소멸시효 완성을 이유로 보험금 지급을 거절할 수 있으므로 3년 이내에 보험금을 청구하여야 합니다."
72, 건강(연금)보험, 약관(사망보험금/ 자살),배우자가 만취 상태에서 베란다로 뛰어내려 병원에서 치료하던 중 사망하였습니다. 충동적으로 뛰어내린 사고이므로 재해사망보험금을 청구하였으나 보험사에서는 일반사망보험금만 지급하겠다고 합니다. 재해사망으로 인정받을 수 없나요?,"보험사에 재해사고를 주장하기 위해서는 피보험자가 자유로운 의사결정을 할 수 없는 상태였다는 객관적 입증자료를 확보하시기 바랍니다.   「상법」 제659조 및 「생명보험 표준약관」에 따르면 피보험자가 고의로 자신을 해친 경우 보험금을 지급하지 않는다고 규정하고 있습니다.   다만, 계약의 보장개시일(부활(효력회복)계약의 경우는 부활(효력회복)청약일)부터 2년이 지난 후에 자살한 경우에는 재해 이외의 원인에 해당하는 사망보험금을 지급하며, 심신상실 등으로 자유로운 의사결정을 할 수 없는 상태에서 자신을 해친 경우 특히 그 결과 사망에 이르게 된 경우에는 재해사망보험금(약관에서 정한 재해사망보험금이 없는 경우에는 재해 이외의 원인으로 인한 사망보험금)을 지급합니다.   술을 만취 상태에 이를 정도로 많이 마셨는지에 대한 자료나 혈중알코올농도 등 확인이 불가한 경우 자유로운 의사결정을 할 수 없는 상태였다고 단정하기 어려울 수 있습니다.   따라서, 보험사에 재해사고를 주장하기 위해서는 피보험자가 자유로운 의사결정을 할 수 없는 상태였다는 객관적 입증자료를 확보하시기 바랍니다."
73, 국내결혼중개, 계약해제·해지_사업자 귀책_회원가입계약 성립 후 정보(프로필) 제공 전에 해지된 경우,결혼중개업체를 방문하여 회원가입 후 만남 3회를 제공받기로 하고 계약을 체결하였습니다. 가입 후 3개월이 넘도록 만남이 제공되고 있지 않아 항의하니 만남 상대방을 찾고 있어 기다려달라고 합니다. 계약해지가 가능한가요?,"계약금 환급 및 가입비의 10% 배상을 요구할 수 있습니다.   공정거래위원회에서 고시한 결혼중개업 관련 ?소비자분쟁해결기준? 에 의하면 사업자의 귀책사유로 인한 계약해제 및 해지시 회원가입계약 성립 후 정보(프로필) 제공 전에 해지된 경우 가입비 환급 및 가입비의 10%를 배상하도록 명시하고 있습니다.   따라서 이 사례의 경우 사업자의 관리소홀(3개월 내 1회도 만남을 주선하지 않은 경우)로 계약해지시 계약금 환급 및 가입비의 10% 배상을 요구할 수 있습니다.   참고로 사업자의 귀책사유란 사업자가 명백하게 객관적으로 판별할 수 있는 사항〔예: 결혼정보, 직업, 학력, 병력(病歷) 등〕에 관한 정보를 상대방에게 허위로 제공한 경우, 관리소홀(3개월 내 1회도 만남을 주선하지 않은 경우), 계약서상 기재한 우선 희망 조건(종교, 직업 등 객관적인 내용에 한정함)에 부적합한 상대를 소개한 경우 등을 말합니다."
74, 국내결혼중개, 계약해제·해지_사업자 귀책_정보(프로필) 제공 후 만남일자 확정 전에 해지된 경우,"몇 달 전?결혼중개업체와?결혼중개서비스?이용계약을?체결한?후?가입비?3,500,000원을?지급하였습니다.?계약?시?희망조건으로?상대방의?거주지가?서울일?것을?요청한?후?계약서?내에?기재하였으나 향후 업체가 제공한 프로필을 확인하니 상대방의 거주지가 서울이 아님을 확인하여 계약해지 통보하였고, 결혼중개업체는 프로필을 제공하였으므로 가입비의 85%만 환급이 가능하다고 주장합니다. 희망조건과?상이한?프로필을?제공받았음에도?가입비?전액?환급을?받을수?없는?건가요?","가입비 환급 및 가입비 15% 배상을 요구할 수 있습니다.   「결혼중개업의 관리에 관한 법률」 제12조에 따르면 결혼중개업자가 결혼 중개를 함에 있어 이용자에게 거짓정보를 제공해서는 안된다고 규정하고 있습니다.    또한, 공정거래위원회에서 고시한 결혼중개업 관련 ?소비자분쟁해결기준? 에 의하면 사업자의 귀책사유로 인한 계약해제 및 해지시 정보(프로필) 제공?후?만남일자?확정?전에?해지된?경우?가입비 환급?및?가입비의?15%를?배상하도록 명시되어 있습니다.   이 경우 계약서상?기재한?우선?희망조건인 서울 거주라는 조건에?부적합한?상대를?소개한 것이므로?사업자의?귀책사유로?인한?계약해지에 따라 가입비 환급 및 가입비 15% 배상을 요구할 수 있습니다. 따라서 가입비 3,500,000원 환급 및 525,000원의 배상을 요구할 수 있습니다.   참고로 사업자의 귀책사유란 사업자가 명백하게 객관적으로 판별할 수 있는 사항〔예: 결혼정보, 직업, 학력, 병력(病歷) 등〕에 관한 정보를 상대방에게 허위로 제공한 경우, 관리소홀(3개월 내 1회도 만남을 주선하지 않은 경우), 계약서상 기재한 우선 희망 조건(종교, 직업 등 객관적인 내용에 한정함)에 부적합한 상대를 소개한 경우 등을 말합니다."
75, 국내결혼중개, 계약해제·해지_사업자 귀책_만남일자 확정 후에 해지된 경우,"결혼중개업체와 결혼중개서비스 이용계약을 체결한 후 가입비 3,000,000원을 지급하였습니다. 계약시 희망조건으로 자녀가 없거나 관련이 없는 상대방을 요청한 후 계약서에 기재하였습니다. 이후 제공받은 프로필의 상대방과 만나기로 약속하였으나 만남 직전 상대의 SNS 등을 통해 상대가 혼인이력이 있던 사실과 자녀가 있음을 확인하여 계약해지 통보하였고, 결혼중개업자는 해지시 위약금을 공제하고 환급하겠다고 합니다. 희망조건과 상이한 프로필을 제공받았음에도 가입비 전액 환급을 받을 수 없는 건가요?","가입비 환급 및 가입비의 20% 배상을 요구할 수 있습니다.   「결혼중개업의 관리에 관한 법률」 제12조에 따르면 결혼중개업자가 결혼중개를 함에 있어 이용자에게 거짓정보를 제공해서는 안된다고 규정하고 있습니다.    또한, 공정거래위원회에서 고시한 결혼중개업 관련 ?소비자분쟁해결기준? 에 의하면 사업자의 귀책사유로 인한 계약해제 및 해지시 만남일자 확정 후에 해지된 경우 가입비 환급 및 가입비의 20%를 배상하도록 명시하고 있습니다.    이 경우 계약서상?기재한?우선?희망조건에?부적합한?상대를?소개한?경우에 해당하여?사업자의?귀책사유로?인한?계약해지에 따라 가입비 환급 및 가입비의 20% 배상을 요구할 수 있습니다. 따라서 가입비 3,000,000원 환급 및 600,000원의 배상을 요구할 수 있습니다.   참고로 귀책사유란 사업자가 명백하게 객관적으로 판별할 수 있는 사항〔예: 결혼정보, 직업, 학력, 병력(病歷) 등〕에 관한 정보를 상대방에게 허위로 제공한 경우, 관리소홀(3개월 내 1회도 만남을 주선하지 않은 경우), 계약서상 기재한 우선 희망 조건(종교, 직업 등 객관적인 내용에 한정함)에 부적합한 상대를 소개한 경우 등을 말합니다."
76, 국내결혼중개, 계약해제·해지_사업자 귀책_1회 만남 후 해지된 경우,"결혼중개업체를?방문하여?회원가입하였고,?가입비?2,700,000원을?지급했습니다.?계약?당시?결혼중개업체와?석사?학위?이상의?상대방을?3회?소개받기로?약정하였으나,?이후 만남을?진행한?상대방이?학사?학위인?사실을?확인하였습니다.?이와?같은?경우?가입비를?환급받을 수 있나요?","가입비×(잔여 횟수/총횟수) 및 가입비의 20% 환급을 요구할 수 있습니다.    「결혼중개업의 관리에 관한 법률」 제12조에 따르면 결혼중개업자가 결혼중개를 함에 있어 이용자에게 거짓정보를 제공해서는 안된다고 규정하고 있습니다.    또한, 공정거래위원회에서 고시한 결혼중개업 관련 ?소비자분쟁해결기준? 에 의하면 사업자의 귀책사유로 인한 계약해제 및 해지시 1회 만남 후 해지된 경우 가입비×(잔여 횟수/총횟수)+가입비의 20%를 환급하도록 명시되어 있습니다.   이 경우 직업, 학력, 병력 등에 관한 상대방의 객관적인 정보를 허위로 제공하였으므로 사업자의 귀책사유로 인한 계약해지에 따라 가입비×(잔여 횟수/총횟수) 및 가입비의 20% 환급을 요구할 수 있습니다. 따라서 가입비 중 1,800,000원과 540,000원의 환급을 요구할 수 있습니다.   참고로 귀책사유란 사업자가 명백하게 객관적으로 판별할 수 있는 사항〔예: 결혼정보, 직업, 학력, 병력(病歷) 등〕에 관한 정보를 상대방에게 허위로 제공한 경우, 관리소홀(3개월 내 1회도 만남을 주선하지 않은 경우), 계약서상 기재한 우선 희망 조건(종교, 직업 등 객관적인 내용에 한정함)에 부적합한 상대를 소개한 경우 등을 말합니다."
77, 국내결혼중개, 계약해제·해지_사업자 귀책_첫 번째 만난 상대방이 계약서상 기재된 소비자의 우선 희망 조건에 부합하지 않아 해지된 경우,"결혼중개업체를?방문하여?회원가입하였고,?가입비?3,200,000원을?지급했습니다. 계약시 우선 희망조건으로 신장(키 175이상)과 직업(공무원) 등의 중요사항을 전달하고 계약서에 기재하였습니다. 실제 만남이 이루어진 상대방은 우선 희망조건에 부합하지 않아 신뢰를 잃었습니다. 계약해지가 가능할까요?","가입비 환급 및 가입비의 20% 배상을 요구할 수 있습니다.   공정거래위원회에서 고시한 결혼중개업 관련 ?소비자분쟁해결기준? 에 의하면 사업자의 귀책사유로 인한 계약해제 및 해지시 첫 번째 만난 상대방이 계약서상 기재된 소비자의 우선 희망 조건에 부합하지 않아 해지된 경우 가입비 환급 및 가입비의 20%를 배상하도록 명시하고 있습니다.   따라서, 첫 번째 만난 상대방이 계약서상 기재된 소비자의 우선 희망 조건에 부합하지 않는 경우 가입비 3,200,000원 환급 및 가입비의 20%인 460,000원의 배상을 요구할 수 있습니다.   참고로 귀책사유란 사업자가 명백하게 객관적으로 판별할 수 있는 사항〔예: 결혼정보, 직업, 학력, 병력(病歷) 등〕에 관한 정보를 상대방에게 허위로 제공한 경우, 관리소홀(3개월 내 1회도 만남을 주선하지 않은 경우), 계약서상 기재한 우선 희망 조건(종교, 직업 등 객관적인 내용에 한정함)에 부적합한 상대를 소개한 경우 등을 말합니다."
78, 국내결혼중개, 계약해제·해지_소비자 귀책_회원가입계약 성립 후 정보(프로필) 제공 전에 해지된 경우,결혼중개업체의 권유를 통해 회원가입 후 가입비를 지급하였으나 변심으로 계약을 취소하고 싶습니다. 환급이 가능한가요?,"프로필 제공 전에 해지된 경우, 가입비의 90% 환급을 요구할 수 있습니다.   공정거래위원회에서 고시한 결혼중개업 관련 ?소비자분쟁해결기준? 에 의하면 소비자의 사유로 계약 해지시 회원가입계약 성립 후 정보(프로필) 제공 전에 해지된 경우 가입비의 90% 환급으로 명시되어 있습니다.   따라서, 프로필 제공 전 소비자의 사유로 계약해지시 가입비의 90% 환급을 요구할 수 있습니다.   참고로 정보(프로필) 제공이란, 계약서에 기재된 희망조건에 부합하는 상대의 프로필을 처음 제공한 것을 말합니다."
79, 국내결혼중개, 계약해제·해지_소비자 귀책_회원가입계약 성립 후 정보(프로필) 제공 전에 해지된 경우,"결혼중개업체를 통해 회원가입 후 1년 가입비 1,000,000원을 지급하였습니다. 계약 직후 개인 사정으로 계약해지를 요구하였으나 해지 불가 조항을 사유로 사업자가 환급을 거부합니다. 이 경우 가입비를 돌려받을 수 있나요?","프로필 제공 전에 해지된 경우, 가입비의 90% 환급을 요구할 수 있습니다.   이 건 계약은 ?방문판매?등에?관한?법률? 제2조?제10호에?따른 1개월?이상에?걸쳐?계속적으로 피신청인으로부터?결혼중개서비스를?제공받는?“계속거래”에?해당하고,?계속거래를?체결한?소비자는 동법 제31조에?따라?계약기간?중?언제든지?계약을?해지할?수?있다고 규정하고 있습니다.   또한, 가입비?환급은?불가하다고?하나,?해당?약관?규정은 ??방문판매법??제32조의?계약이?해지?또는?해제된?경우?소비자에게?가입비나?그?밖에?명칭에?상관없이?실제?공급된?재화?등의?대가를?초과하여?수령한?대금의?환급을?부당하게?거부하는?경우에?해당하여?소비자에게?과도하게?불리한 내용으로 동법 제52조에?따라?무효를 주장할 수 있습니다.   따라서, 공정거래위원회에서 고시한 결혼중개업 관련 ?소비자분쟁해결기준? 에 따라 소비자의 사유로 계약 해지시 회원가입계약 성립 후 정보(프로필) 제공 전에 해지된 경우 가입비의 90%인 900,000원의 환급을 요구할 수 있습니다.   참고로 정보(프로필) 제공이란, 계약서에 기재된 희망조건에 부합하는 상대의 프로필을 처음 제공한 것을 말합니다."
80, 국내결혼중개, 계약해제·해지_소비자 귀책_정보(프로필) 제공 후 만남일자 확정 전에 해지된 경우,"결혼중개업체를 통해 서비스 계약을 체결하고 가입비 1,000,000원을 지급했습니다. 결혼중개업체의 요청에 따라 프로필을 제공한 상태입니다. 계약해지를 하고 싶은데 가능한가요?","프로필을 제공하고 만남일자 확정 전에 소비자의 사유로 계약해지시 가입비의 85% 환급을 요구할 수 있습니다.   공정거래위원회에서 고시한 결혼중개업 관련 ?소비자분쟁해결기준? 에 의하면 소비자의 사유로 계약해제 및 해지시 정보(프로필)제공 후 만남일자 확정 전에 해지된 경우 가입비의 85%를 환급하도록 명시하고 있습니다.   따라서, 프로필을 제공하고 만남일자 확정 전에 소비자의 사유로 계약해지시 가입비의 85%인 850,000원의 환급을 요구할 수 있습니다.   참고로 만남일자 확정이란 회원 간 만남에 대한 동의가 이루어져 만남일자가 확정된 것을 말합니다(사업자의 귀책사유나 상대방의 약속 불이행으로 실제 만남이 이루어지지 않은 경우는 제외)."
81, 국내결혼중개, 계약해제·해지_소비자 귀책_만남일자 확정 후에 해지된 경우,"결혼중개업체를 통해 서비스 계약을 체결하고 가입비 1,000,000원을 지급했습니다. 결혼중개업체의 매칭서비스에 따라 상대방을 주선 받아 만나기로 약속하였으나 마음에 들지 않아 계약해지를 하고 싶습니다. 이 경우 위약금 기준이 어떻게 되나요?","만남일자 확정 후 소비자의 사유로 계약해지시 가입비의 80% 환급을 요구할 수 있습니다.   공정거래위원회에서 고시한 결혼중개업 관련 ?소비자분쟁해결기준? 에 의하면 소비자의 사유로 계약해제 및 해지시 만남일자 확정 후에 해지된 경우 가입비의 80%를 환급하도록 명시하고 있습니다.    따라서, 만남일자 확정 후 소비자의 사유로 계약해지시 가입비의 80%인 800,000원의  환급을 요구할 수 있습니다.   참고로 만남일자 확정이란 회원 간 만남에 대한 동의가 이루어져 만남일자가 확정된 것을 말합니다(사업자의 귀책사유나 상대방의 약속 불이행으로 실제 만남이 이루어지지 않은 경우는 제외)."
82, 국내결혼중개, 계약해제·해지_소비자 귀책_1회 만남 후 해지된 경우,"결혼중개업체로부터?회원?가입?권유를?받아?결혼중개서비스?이용계약(12개월,?5회)을?체결한?후?가입비?4,000,000원을?지급했습니다.?2회?만남을?진행한?후?변심으로 계약해지를 요구하였으나 결혼정보업체는 환급이 불가하다고 합니다. 환급을 받을 수 있나요?","이 건 계약은 ?방문판매?등에?관한?법률? 제2조?제10호에?따른 1개월?이상에?걸쳐?계속적으로 피신청인으로부터?결혼중개서비스를?제공받는?“계속거래”에?해당하고,?계속거래를?체결한?소비자는 동법 제31조에?따라?계약기간?중?언제든지?계약을?해지할?수?있다고 규정하고 있습니다.   또한, 공정거래위원회에서 고시한 결혼중개업 관련 ?소비자분쟁해결기준? 에 의하면 소비자의 사유로 계약해제 및 해지시 1회 만남 후 해지된 경우 가입비의 80% × (잔여 횟수/총횟수)를 환급하도록 명시하고 있습니다.    따라서, 소비자의 사유로 계약해지시 1회 만남 후 해지된 경우 1,920,000원의 환급을 요구할 수 있습니다."
83, 국내결혼중개, 계약해제·해지_소비자 귀책_기간제 계약,"결혼중개업체의 권유로 결혼중개서비스 1년, 무제한으로 계약하였습니다. 중도해지를 요구하였으나 만남이 제공했다는 사유로 환급을 거부합니다. 이런 경우 환급을 받을 수 있나요?","해지일까지 일할 계산한 금액과 가입비의 20%를 공제 후 환급을 요구할 수 있습니다.   공정거래위원회에서 고시한 결혼중개업 관련 ?소비자분쟁해결기준? 에 의하면 횟수 대신 기간으로 계약한 계약을 해지할 경우에는 해지 일까지 일할 계산한 금액으로 정산하고 해지에 책임 있는 당사자가 상대방에게 가입비의 20%를 배상하도록 명시하고 있습니다.   따라서, 1년 계약 후 소비자의 사유로 중도해지시 해지일까지 일할 계산한 금액과 가입비의 20%를 공제 후 환급을 요구할 수 있습니다."
84, 국내결혼중개, 계약해제·해지_사업자 귀책_기간제 계약,"결혼중개업체의 권유로 결혼중개서비스 1년, 무제한으로 계약하였습니다. 사업자의 귀책사유로 중도해지를 요구하였으나 만남을 제공했다는 사유로 환급을 거부합니다. 환급을 받을 수 있나요?","이 건 계약은 ?방문판매?등에?관한?법률? 제2조?제10호에?따른 1개월?이상에?걸쳐?계속적으로 피신청인으로부터?결혼중개서비스를?제공받는?“계속거래”에?해당하고,?계속거래를?체결한?소비자는 동법 제31조에?따라?계약기간?중?언제든지?계약을?해지할?수?있다고 규정하고 있습니다.   또한, 공정거래위원회에서 고시한 결혼중개업 관련 ?소비자분쟁해결기준? 에 의하면 횟수 대신 기간으로 계약한 계약을 해지할 경우에는 해지 일까지 일할 계산한 금액으로 정산하고 해지에 책임 있는 당사자가 상대방에게 가입비의 20%를 배상하도록 명시하고 있습니다.   따라서, 1년 계약 후 사업자의 귀책사유로 중도해지시 해지일까지 일할 계산한 금액과 가입비 20%의 배상을 요구할 수 있습니다.   다만, 귀책사유란 사업자가 명백하게 객관적으로 판별할 수 있는 사항〔예: 결혼정보, 직업, 학력, 병력(病歷) 등〕에 관한 정보를 상대방에게 허위로 제공한 경우, 관리소홀(3개월 내 1회도 만남을 주선하지 않은 경우), 계약서상 기재한 우선 희망 조건(종교, 직업 등 객관적인 내용에 한정함)에 부적합한 상대를 소개한 경우 등을 말합니다."
85, 국내결혼중개, 계약해제·해지_소비자 귀책_서비스 만남 횟수,"결혼중개업체와?결혼중개서비스?이용계약(12개월,?약정횟수?3회+서비스?횟수2회)을?체결한?후?가입비?3,000,000원을?지급했습니다.?이후?3회?만남을?진행한?후?계약해지?통보했으나,?결혼중개업체는?약정횟수?3회?만남을?제공하였으므로?환급할?금액이?없다고?주장합니다.?    사업자의 주장대로 환급?시?서비스?횟수는?총?횟수에?포함되지?않나요?","계약서?상?약정 횟수?3회?이외에?서비스 횟수?2회가?별도로?표시되어?있거나,?소비자가?서비스?횟수 2회를?추가로?제공 받기로?한?계약 내용에?대해?메일?등으로?입증할?수?있을?경우?총?횟수를?5회로?보아 남은?횟수에?대해?환급을?요구할?수?있습니다.?    따라서, 공정거래위원회에서 고시한 결혼중개업 관련 ?소비자분쟁해결기준? 에 따라 ?소비자의계약해제?및?해지?시?해결기준에 따라 3회?만남?후?해지된?경우?960,000원의?환급을 요구할 수 있습니다.   다만, 입증이 어렵거나 계약서에 기재되지 않았다면 환급을 요구하기가 어려울 수 있습니다."
86, 국내결혼중개, 청약철회_신용카드 할부거래_7일 이내 취소,"결혼중개서비스 계약 후 2,500,000원을 신용카드 6개월 할부로 결제하였는데 개인적인 사유로 7일 이내 사업장을 방문하여 계약해지를 요구하였습니다. 그러나 사업자가 이를 거부하는데 환급이 가능할까요?","위약금 없이 총 계약대금 전액 환급을 요구할 수 있습니다.   「할부거래에 관한 법률」 제8조에 따르면 재화를 공급받은 날부터 7일 이내에는 단순변심이라도 위약금 없이 대금 전액 환급이 가능하도록 규정하고 있습니다.   따라서, 소비자의 개인사정으로 인한 청약철회의 경우에도 7일 이내이므로 위약금 없이 총 계약대금 전액 환급을 요구할 수 있습니다.   「할부거래법」 제8조 제3항에 따라 할부거래 계약의 청약철회는 서면으로 하는 것이 원칙이므로 즉시 청약철회서를 작성하여 내용증명우편으로 할부거래업자에게 발송하여야 하며, 동법 제9조 제1항에 의거하여 신용카드 또는 할부금융 결제의 경우에는 철회 사실을 카드회사 또는 할부금융회사에 통보하여야만 할부금 청구에 대항할 수 있습니다."
87, 국내결혼중개, 청약철회_전자상거래_7일 이내 취소,결혼중개서비스 이용을 전자상거래를 통해 계약하였습니다. 그러나 개인적인 사유로 7일 이내 업체에 연락하여 환급을 요구하였습니다. 그러나 사업장에서 이를 거부하는데 환급이 가능할까요?,"위약금 없이 총 계약대금 전액 환급을 요구할 수 있습니다.   「전자상거래 등에서의 소비자보호에 관한 법률」 제17조에 따르면 통신판매업자와 재화등의 구매에 관한 계약을 체결한 소비자는 계약내용에 관한 서면을 교부 받은 날부터 7일, 다만 그 서면을 교부받은 때보다 재화등의 공급이 늦게 이루어진 경우에는 재화등의 공급을 받거나 공급이 개시된 날부터 7일 이내 서면에 의해 청약철회를 할 수 있다고 규정하고 있습니다.    따라서, 소비자의 개인사정으로 인한 청약철회의 경우에도 7일 이내이므로 위약금 없이 총 계약대금 전액 환급을 요구할 수 있습니다.   변심으로 인해 청약철회를 할 경우 청약철회 기간 내 사업자와 할부거래업자에게 청약을 철회하는 의사표시가 적힌 서면을 발송하여야 하며, 서면은 사후 입증이 가능한 내용증명우편 등을 이용하는 것이 좋습니다."
88, 국내결혼중개, 계약불이행_사업자 귀책_회원가입계약 성립 후 정보(프로필) 제공 전에 해지된 경우,결혼중개업체를 방문하여 회원가입 후 만남 3회를 제공받기로 하고 계약을 체결하였습니다. 가입 후 3개월이 넘도록 만남이 제공되고 있지 않아 항의하니 만남 상대방을 찾고 있어 기다려달라고 합니다. 계약해지가 가능한가요?,"계약금 환급 및 가입비의 10% 배상을 요구할 수 있습니다.   공정거래위원회에서 고시한 결혼중개업 관련 ?소비자분쟁해결기준? 에 의하면 사업자의 귀책사유로 인한 계약해제 및 해지시 회원가입계약 성립 후 정보(프로필) 제공 전에 해지된 경우 가입비 환급 및 가입비의 10% 배상하도록 명시하고 있습니다.   따라서 이 사례의 경우 사업자의 관리소홀(3개월 내 1회도 만남을 주선하지 않은 경우)로 계약해지시 계약금 환급 및 가입비의 10% 배상을 요구할 수 있습니다.   참고로 사업자의 귀책사유란 사업자가 명백하게 객관적으로 판별할 수 있는 사항〔예: 결혼정보, 직업, 학력, 병력(病歷) 등〕에 관한 정보를 상대방에게 허위로 제공한 경우, 관리소홀(3개월 내 1회도 만남을 주선하지 않은 경우), 계약서상 기재한 우선 희망 조건(종교, 직업 등 객관적인 내용에 한정함)에 부적합한 상대를 소개한 경우 등을 말합니다."
89, 국내결혼중개, 계약불이행_사업자 귀책_정보(프로필) 제공 후 만남일자 확정 전에 해지된 경우,"몇 달 전?결혼중개업체와?결혼중개서비스?이용계약을?체결한?후?가입비?3,500,000원을?지급하였습니다.?계약?시?희망조건으로?상대방의?거주지가?서울일?것을?요청한?후?계약서?내에?기재하였으나 향후 업체가 제공한 프로필을 확인하니 상대방의 거주지가 서울이 아님을 확인하여 계약해지 통보하였고, 결혼중개업체는 프로필을 제공하였으므로 가입비의 85%만 환급이 가능하다고 주장합니다. 희망조건과?상이한?프로필을?제공받았음에도?가입비?전액?환급을?받을?수없는?건가요?","가입비 환급 및 가입비 15% 배상을 요구할 수 있습니다.   「결혼중개업의 관리에 관한 법률」 제12조에 따르면 결혼중개업자가 결혼중개업자가 결혼중개를 함에 있어 이용자에게 거짓정보를 제공해서는 안된다고 규정하고 있습니다.    또한, 공정거래위원회에서 고시한 결혼중개업 관련 ?소비자분쟁해결기준? 에 의하면 사업자의 귀책사유로 인한 계약해제 및 해지시 정보(프로필)?제공?후?만남일자?확정?전에?해지된?경우?가입비 환급?및?가입비의?15%?배상하도록 명시되어 있습니다.   이 경우 계약서상?기재한?우선?희망조건인 서울 거주라는 조건에?부적합한?상대를?소개한 것이므로 사업자의?귀책사유로?인한?계약해지에 따라 가입비 환급 및 가입비 15% 배상을 요구할 수 있습니다. 따라서 가입비 3,500,000원 환급 및 525,000원의 배상을 요구할 수 있습니다.   참고로 사업자의 귀책사유란 사업자가 명백하게 객관적으로 판별할 수 있는 사항〔예: 결혼정보, 직업, 학력, 병력(病歷) 등〕에 관한 정보를 상대방에게 허위로 제공한 경우, 관리소홀(3개월 내 1회도 만남을 주선하지 않은 경우), 계약서상 기재한 우선 희망 조건(종교, 직업 등 객관적인 내용에 한정함)에 부적합한 상대를 소개한 경우 등을 말합니다."
90, 국내결혼중개, 계약불이행_사업자 귀책_만남일자 확정 후에 해지된 경우,"결혼중개업체와 결혼중개서비스 이용계약을 체결한 후 가입비 3,000,000원을 지급하였습니다. 계약시 희망조건으로 자녀가 없거나 관련이 없는 상대방을 요청한 후 계약서에 기재하였습니다. 이후 제공받은 프로필의 상대방과 만나기로 약속하였으나 만남 직전 상대의 SNS 등을 통해 상대가 혼인이력이 있던 사실과 자녀가 있음을 확인하여 계약해지 통보하였고, 결혼중개업자는 해지시 위약금을 공제하고 환급하겠다고 합니다. 희망조건과 상이한 프로필을 제공받았음에도 가입비 전액 환급을 받을 수 없는 건가요?","가입비 환급 및 가입비 20% 배상을 요구할 수 있습니다.   「결혼중개업의 관리에 관한 법률」 제12조에서는 결혼중개업자가 결혼중개업자가 결혼중개를 함에 있어 이용자에게 거짓정보를 제공해서는 안된다고 규정하고 있습니다.    또한, 공정거래위원회에서 고시한 결혼중개업 관련 ?소비자분쟁해결기준? 에 의하면 사업자의 귀책사유로 인한 계약해제 및 해지시 정보(프로필)?제공?후?만남일자?확정?후에?해지된?경우?가입비 환급?및?가입비의?20%?배상하도록 명시되어 있습니다.   이 경우 계약서상?기재한?우선?희망조건에?부적합한?상대를?소개한 것이므로?사업자의?귀책사유로?인한?계약해지에 따라 가입비 환급 및 가입비 20% 배상을 요구할 수 있습니다. 따라서 가입비 3,500,000원 환급 및 700,000원의 배상을 요구할 수 있습니다.   참고로 사업자의 귀책사유란 사업자가 명백하게 객관적으로 판별할 수 있는 사항〔예: 결혼정보, 직업, 학력, 병력(病歷) 등〕에 관한 정보를 상대방에게 허위로 제공한 경우, 관리소홀(3개월 내 1회도 만남을 주선하지 않은 경우), 계약서상 기재한 우선 희망 조건(종교, 직업 등 객관적인 내용에 한정함)에 부적합한 상대를 소개한 경우 등을 말합니다."
91, 국내결혼중개, 계약불이행_사업자 귀책_1회 만남 후 해지된 경우,"결혼중개업체를?방문하여?회원가입하였고,?가입비?2,700,000원을?지급했습니다.?계약?당시?결혼중개업체와?석사?학위?이상의?상대방을?3회?소개받기로?약정하였으나,?이후 만남을?진행한?상대방이?학사?학위인?사실을?확인하였습니다.?이와?같은?경우?가입비를?환급받을 수 있나요?","가입비×(잔여 횟수/총횟수) 및 가입비의 20% 환급을 요구할 수 있습니다.   「결혼중개업의 관리에 관한 법률」 제12조에서는 결혼중개업자가 결혼중개를 함에 있어 이용자에게 거짓정보를 제공해서는 안된다고 규정하고 있습니다.    또한, 공정거래위원회에서 고시한 결혼중개업 관련 ?소비자분쟁해결기준? 에 의하면 사업자의 귀책사유로 인한 계약해제 및 해지시 1회 만남 후 해지된 경우 가입비×(잔여 횟수/총횟수)+가입비의 20% 환급하도록 명시되어 있습니다.   이 경우 직업, 학력, 병력 등에 관한 상대방의 객관적인 정보를 허위로 제공하였으므로 사업자의 귀책사유로 인한 계약해지에 따라 가입비×(잔여 횟수/총횟수) 및 가입비의 20% 환급을 요구할 수 있습니다. 따라서 가입비 중 1,800,000원과 540,000원의 환급을 요구할 수 있습니다.   참고로 귀책사유란 사업자가 명백하게 객관적으로 판별할 수 있는 사항〔예: 결혼정보, 직업, 학력, 병력(病歷) 등〕에 관한 정보를 상대방에게 허위로 제공한 경우, 관리소홀(3개월 내 1회도 만남을 주선하지 않은 경우), 계약서상 기재한 우선 희망 조건(종교, 직업 등 객관적인 내용에 한정함)에 부적합한 상대를 소개한 경우 등을 말합니다."
92, 국내결혼중개, 계약불이행_사업자 귀책_첫 번째 만난 상대방이 계약서상 기재된 소비자의 우선 희망 조건에 부합하지 않아 해지된 경우,"결혼중개업체를?방문하여?회원가입하였고,?가입비?3,200,000원을?지급했습니다. 계약시 우선 희망조건으로 신장(키 175이상)과 직업(공무원) 등의 중요사항을 전달하고 계약서에 기재하였습니다. 실제 만남이 이루어진 상대방은 우선 희망조건에 부합하지 않아 신뢰를 잃었습니다. 계약해지가 가능할까요?","가입비 환급 및 가입비 20%의 배상을 요구할 수 있습니다.   공정거래위원회에서 고시한 결혼중개업 관련 ?소비자분쟁해결기준? 에 의하면 사업자의 귀책사유로 인한 계약해제 및 해지시 첫 번째 만난 상대방이 계약서상 기재된 소비자의 우선 희망 조건에 부합하지 않아 해지된 경우 가입비 환급 및 가입비의 20%를 배상하도록 명시하고 있습니다.   따라서, 첫 번째 만난 상대방이 계약서상 기재된 소비자의 우선 희망 조건에 부합하지 않는 경우 가입비 3,200,000원 환급 및 가입비의 20%인 640,000원의 배상을 요구할 수 있습니다.   참고로 귀책사유란 사업자가 명백하게 객관적으로 판별할 수 있는 사항〔예: 결혼정보, 직업, 학력, 병력(病歷) 등〕에 관한 정보를 상대방에게 허위로 제공한 경우, 관리소홀(3개월 내 1회도 만남을 주선하지 않은 경우), 계약서상 기재한 우선 희망 조건(종교, 직업 등 객관적인 내용에 한정함)에 부적합한 상대를 소개한 경우 등을 말합니다."
93, 국내결혼중개, 계약불이행_사업자 폐업,서비스 이용 중이던 결혼중개업체가 폐업한 경우 해결방안이 있나요?,"사업자의 부도·폐업 등으로 연락이 불가능하거나, 소재 파악이 안 되는 경우 한국소비자원에서 처리가 어렵습니다.   한국소비자원 ‘소비자불만처리 및 피해구제업무처리규정’에 따르면 피해구제 처리 도중 당사자의 연락불능 등으로 그 처리가 불가능한 것으로 판명된 경우에는 처리절차를 종료하도록 규정하고 있습니다. 따라서 사업자의 부도·폐업 등으로 연락이 불가능하거나 소재 파악이 안 되는 경우 한국소비자원에서 처리가 불가합니다.   다만, 신용카드사에 잔여할부금이 남아 있는 경우에는 ?할부거래에 관한 법률? 제16조  제1항에 따라 잔여할부금 지급 거절 내용증명을 우편으로 신용카드사에 발송하는 등 할부항변권을 행사할 수 있으며, 할부항변권 행사가 불가능한 경우에는 사업자 대표 등을 대상으로 민사소송을 제기하여 구제받을 수 있습니다.   다만, 할부항변권 행사는 신용카드 할부(20만원, 3회 이상)로 결제한 경우에 한합니다."
94, 국내결혼중개, 계약불이행_사업자 귀책_기간제 계약,"결혼중개업체의 권유로 결혼중개서비스 1년, 무제한으로 계약하였습니다. 사업자의 귀책사유로 중도해지를 요구하였으나 만남이 이루어졌다는 사유로 환급을 거부합니다. 이런 경우 환급을 받을 수 있나요?","해지 일까지 일할 계산한 금액과 가입비 20%의 배상을 요구할 수 있습니다.   공정거래위원회에서 고시한 결혼중개업 관련 ?소비자분쟁해결기준? 에 의하면 횟수 대신 기간으로 계약한 계약을 해지할 경우에는 해지 일까지 일할 계산한 금액으로 정산하고 해지에 책임 있는 당사자가 상대방에게 가입비의 20%를 배상하도록 명시하고 있습니다.   따라서, 1년 계약 후 사업자의 귀책사유로 중도해지시 해지 일까지 일할 계산한 금액과 가입비 20%의 배상을 요구할 수 있습니다.   다만, 귀책사유란 사업자가 명백하게 객관적으로 판별할 수 있는 사항〔예: 결혼정보, 직업, 학력, 병력(病歷) 등〕에 관한 정보를 상대방에게 허위로 제공한 경우, 관리소홀(3개월 내 1회도 만남을 주선하지 않은 경우), 계약서상 기재한 우선 희망 조건(종교, 직업 등 객관적인 내용에 한정함)에 부적합한 상대를 소개한 경우 등을 말합니다."
95, 국내결혼중개, 약관_소비자 귀책_기간제 계약,"결혼중개업체의 권유로 결혼중개서비스 1년, 무제한으로 계약하였습니다. 중도해지를 요구하였으나 만남이 이루어졌다는 사유로 환급을 거부합니다. 이런 경우 환급을 받을 수 있나요?","해지일까지 일할 계산한 금액과 가입비의 20%를 공제 후 환급을 요구할 수 있습니다.   공정거래위원회에서 고시한 결혼중개업 관련 ?소비자분쟁해결기준? 에 의하면 횟수 대신 기간으로 계약한 계약을 해지할 경우에는 해지 일까지 일할 계산한 금액으로 정산하고 해지에 책임 있는 당사자가 상대방에게 가입비의 20%를 배상하도록 명시하고 있습니다.   따라서, 1년 계약 후 소비자의 사유로 중도해지시 해지일까지 일할 계산한 금액과 가입비의 20%를 공제 후 환급을 요구할 수 있습니다."
96, 국내결혼중개, 약관_사업자 귀책_기간제 계약,"결혼중개업체의 권유로 결혼중개서비스 1년, 무제한으로 계약하였습니다. 사업자의 귀책사유로 중도해지를 요구하였으나 만남이 이루어졌다는 사유로 환급을 거부합니다. 이런 경우 환급을 받을 수 있나요? ","해지 일까지 일할 계산한 금액과 가입비 20%의 배상을 요구할 수 있습니다.   공정거래위원회에서 고시한 결혼중개업 관련 ?소비자분쟁해결기준? 에 의하면 횟수 대신 기간으로 계약한 계약을 해지할 경우에는 해지 일까지 일할 계산한 금액으로 정산하고 해지에 책임 있는 당사자가 상대방에게 가입비의 20%를 배상하도록 명시하고 있습니다.   따라서, 1년 계약 후 사업자의 귀책사유로 중도해지시 해지 일까지 일할 계산한 금액과 가입비 20%의 배상을 요구할 수 있습니다.   참고로 귀책사유란 사업자가 명백하게 객관적으로 판별할 수 있는 사항〔예: 결혼정보, 직업, 학력, 병력(病歷) 등〕에 관한 정보를 상대방에게 허위로 제공한 경우, 관리소홀(3개월 내 1회도 만남을 주선하지 않은 경우), 계약서상 기재한 우선 희망 조건(종교, 직업 등 객관적인 내용에 한정함)에 부적합한 상대를 소개한 경우 등을 말합니다."
97, 국내결혼중개, 약관_소비자 귀책_서비스 만남 횟수,"결혼중개업체와?결혼중개서비스?이용계약(12개월,?약정횟수?3회+서비스?횟수2회)을?체결한?후?가입비?3,000,000원을?지급했습니다.?이후?3회?만남을?진행한?후?계약해지?통보했으나,?결혼중개업체는?약정횟수?3회?만남을?제공하였으므로?환급할?금액이?없다고?주장합니다. 사업자의 주장대로 환급?시?서비스?횟수는?총?횟수에?포함되지?않나요?","가입비의 80% × (2/5)에 해당하는 금액의?환급을 요구할 수 있습니다.   「약관의 규제에 관한 법률」 제9조에 의하면 소비자의 계약해지권 행사를 제한하는 조항은 무효로 볼 수 있습니다.   계약서 상 약정 횟수 3회 이외에 서비스 횟수 2회가 별도로 표시되어 있거나, 소비자가 서비스 횟수 2회를 추가로 제공받기로 한 계약 내용에 대해 메일 등으로 입증할 수 있을 경우 총 횟수를 5회로 보아 남은 횟수에 대해 환급을 요구할 수 있습니다.    따라서, 공정거래위원회에서 고시한 결혼중개업 관련 소비자분쟁해결기준 에 따라 소비자의계약해제 및 해지 시 해결기준에 따라 3회 만남 후 해지된 경우 가입비의 80% × (2/5)에 해당하는 금액의?환급을 요구할 수 있습니다.   다만, 입증이 어렵거나 계약서에 기재되지 않았다면 환급을 요구하기가 어려울 수 있습니다."
98, 국내결혼중개, 표시·광고_허위광고,사업자의 광고를 보고 계약을 체결하였습니다. 결혼중개업체는 약 1천명 이상의 유료회원을 보유하여 무제한 만남 서비스가 가능하다고 광고하였는데 실제 만나보니 제가 만난 상대방은 업체의 아르바이트생이었습니다. 실제 혼인 의사가 있는 회원을 다수 보유하고 있는 것처럼 광고하였으나 실제 다른 경우 계약해지를 요구할 수 있나요?,"위약금 없이 총 계약대금 전액 환급을 요구할 수 있습니다.   「결혼중개업의 관리에 관한 법률」 제12조에 따르면 결혼중개업자는 거짓·과장된 내용의 표시·광고행위를 금지하고 있습니다. 이를 위반할 경우 동 법 제18조에 따라 영업정지 등의 행정처분 대상이 될 수 있습니다.    따라서, 계약 당시 서비스 제공자의 광고에 허위사실이 있었고 이에 대한 입증이 가능한 경우 위약금 없이 총 계약대금 전액 환급을 요구할 수 있습니다.   다만, 거짓·과장 광고임을 주장하려면 광고 사진 등의 근거자료를 확보해두는 것이 중요합니다. "
99, 기타가방, 계약해제·해지_일반매장 구입,보세 매장에서 백팩을 구입하고 당일 환급을 요구하였으나 사업자는 교환만 가능하고 환급은 안된다고 주장합니다. 환급을 받을 수 있나요?,"사업자가 환급 불가라는 자사 방침을 충분히 설명하였고, 이에 소비자가 동의하였을 경우에는 환급을 요구하는 것이 어렵습니다.   공정거래위원회가 고시한 의복류 관련 ‘소비자분쟁해결기준’에 따르면, 치수(사이즈)가 맞지 않거나 디자인·색상에 불만이 발생했을 때 제품 구입 후 7일 이내로서 제품에 손상이 없는 경우에 한하여 교환 또는 환급을 요구할 수 있습니다. 다만, 구매 당시 교환 및 환급 불가 사실을 판매자가 명시적으로 표기 또는 고지를 하였다면 당사자 간에 이러한 내용의 계약을 체결한 것으로 보아 교환 및 환급을 요구하기 어렵다고 판단됩니다.   일반매장에서 상품 구입 후 교환 및 반품과 관련된 분쟁이 자주 발생하는데, 매장의 환급 규정, 교환 가능 유무 등을 꼼꼼히 확인 후 상품을 구입할 필요가 있습니다."
100, 기타가방, 계약해제·해지_가격기재 오류,"전자상거래로 5,000원 특가 숄더백을 주문하였으나 이틀 후 사업자가 50,000원 숄더백을 5,000원으로 잘못 기재하였음을 주장하면서 일방적으로 주문 취소를 해버렸습니다. 계약이행을 주장할 수 있나요?","계약이행을 주장하기 어렵습니다.   「민법」 제109조(착오로 인한 의사표시)에 따르면 계약은 신의성실의 원칙에 따라 이행되어야 하나, 의사표시 당사자가 중요 부분에 착오가 있었다면 취소할 수 있습니다. 또한, 「전자상거래 등에서의 소비자보호에 관한 법률」 제15조(재화등의 공급 등)에 따르면 사업자가 청약을 받은 재화를 공급하기 곤란하다는 것을 알았을 때 그 사유를 소비자에게 알리고 대금을 3영업일 이내에 환급하거나 해당 조치를 하도록 규정하고 있습니다.   따라서, 제품 가격 5,000원이 통상가격의 10% 이하 가격인 점을 감안하면 사업자의 착오 주장은 인정될 수 있으며, 사업자는 계약체결 및 결제 이틀 이내 소비자에게 ’고지 및 환급‘ 조치를 완료했으므로 사업자의 계약취소 요구에 대해 소비자가 계약이행을 주장하기는 어렵다고 판단됩니다."
101, 기타가방, 계약해제·해지_정품 의심,"전자상거래로 명품 백팩을 구입한 후 정품이 아닌 것 같은 느낌이 들어 환급을 요구하였으나, 사업자는 가품이라는 말에 화를 내며 환급을 거부합니다. 환급을 받을 수 있나요?","청약철회 기간이 경과한 후에는 가품이 의심되는 주관적인 추측, 정황만으로는 환급을 요구하기 어렵습니다.   「전자상거래 등에서의 소비자보호에 관한 법률」 제17조(청약철회등)에 따르면 소비자는 전자상거래로 구입한 제품에 대하여 공급받은 날로부터 7일 이내(표시·광고의 내용과 다르거나 계약 내용과 다르게 이행된 경우에는 공급받은 날부터 3개월, 사실을 안 날 또는 알 수 있었던 날부터 30일 이내)에 청약철회를 요청할 수 있으나, 해당 제품이 재판매가 불가할 정도로 훼손된 경우에는 청약철회를 제한하도록 규정하고 있습니다.   이 사안에서 청약철회 기간 내에 환급을 요구할 경우에는 단순 변심에 따른 청약철회가 가능하며, 청약철회 기간이 경과한 후 환급을 요구할 경우에는 가품이 의심되는 주관적인 추측만으로는 청약철회를 요구하기 어렵다고 판단됩니다.   다만, 육안상 가품으로 의심되는 경우에는 해당 브랜드 업체, 감정기관, 상표권자 등에 요청하여 가품 입증자료를 확보하면 피해구제 신청이 가능합니다."
102, 기타가방, 청약철회_배송 지연,전자상거래로 서류가방을 구입한 후 몇 주가 지나도 배송이 되지 않아 환급을 요구하였으나 사업자는 현재 배송중이라며 이를 거부합니다. 송장번호도 확인이 안되는데 환급을 받을 수 있나요?,"사업자에게 환급을 요구할 수 있습니다.   「전자상거래 등에서의 소비자보호에 관한 법률」 제15조에 따르면 사업자는 소비자가 청약을 한 날부터 7일 이내에 재화 등의 공급에 필요한 조치를 하여야 하고, 소비자가 재화 등의 대금을 전부 또는 일부를 지급한 날부터 3영업일 이내에 재화등의 공급에 필요한 조치를 하여야 한다고 규정하고 있습니다. 또한, 청약을 받은 재화 등급 공급하기 곤란하다는 것을 알았을 때에는 지체 없이 그 사유를 소비자에게 알려야 하고, 소비자가 그 대금의 전부 또는 일부를 지급한 날부터 3 영업일 이내에 환급하거나 환급에 필요한 조치를 하도록 규정하고 있습니다.   이 사안에서는 사업자가 물품의 배송이 힘들 것으로 판단되었을 때 그에 따른 안내를 소비자에게 하여야 할 의무가 있음에도 불구하고 이를 고지하지 않고 배송중이라는 사유로 청약철회를 거부하고 있으며, 청약철회의 효과와 동일하게 대금의 환급이 이루어져야 함에도 불구하고 이를 이행하고 있지 않은 것으로 판단됩니다. 따라서 소비자는 사업자에게 환급을 요구할 수 있습니다.   통신판매업자에 대한 청약철회 의사표시 방법은 법률상 특별한 제한이 없으므로 전화, 서면, 전자문서 모두 가능합니다. 다만, 전화로 의사표시를 한 경우 간혹 판매자가 청약철회 요구를 받은 사실이 없다고 주장하는 경우가 있으므로, 쇼핑몰 게시판에 청약철회 의사를 표시하고 그 화면을 캡처하여 보관하거나 서면으로 발송하는 것이 좋습니다. 서면으로 발송한 경우에는 발송한 날에 그 효력이 발생합니다. 또한, 사업자에게 청약철회를 요청하였는데도 특별한 사유없이 이를 거부할 경우, 신용카드로 대금을 결제하였다면 신용카드사에 처리를 요구할 수 있으니 참고하시기 바랍니다."
103, 기타가방," 청약철회_제품 훼손, 오염, 냄새","청약철회 의사를 밝히고 수령한 백팩을 그대로 반송하였으나, 사업자가 반송된 제품의 훼손, 오염, 냄새 등으로 인해 거부하고 있습니다. 청약철회가 가능한가요? ","사업자가 제품의 훼손에 대해 소비자의 책임이 있다는 걸 입증하지 못할시, 청약철회를 요구할 수 있습니다.   「전자상거래 등에서의 소비자보호에 관한 법률」 제17조 제2항에 따르면 소비자의 책임 있는 사유로 재화 등이 멸실되거나 훼손된 경우, 소비자의 사용 또는 일부 소비로 재화 등의 가치가 현저히 감소한 경우와 같이 예외적인 경우 청약철회를 할 수 없다고 규정하고 있습니다.   재화 등의 훼손에 대하여 소비자의 책임이 있는지 여부에 관하여 다툼이 있는 경우에는 사업자가 이를 입증해야 하므로, 소비자는 사업자가 발송한 제품에 하자가 존재하지 않는다는 점에 대한 입증을 요구하고 이를 입증하지 못하는 한 청약철회를 요구할 수 있습니다.   통신판매업자에 대한 청약철회 의사표시 방법은 법률상 특별한 제한이 없으므로 전화, 서면, 전자문서 모두 가능합니다. 다만, 전화로 의사표시를 한 경우 간혹 판매자가 청약철회 요구를 받은 사실이 없다고 주장하는 경우가 있으므로, 쇼핑몰 게시판에 청약철회 의사를 표시하고 그 화면을 캡처하여 보관하거나 서면으로 발송하는 것이 좋습니다. 서면으로 발송한 경우에는 발송한 날에 그 효력이 발생합니다. 또한, 사업자에게 청약철회를 요청하였는데도 특별한 사유없이 이를 거부할 경우, 신용카드로 대금을 결제하였다면 신용카드사에 처리를 요구할 수 있으니 참고하시기 바랍니다."
104, 기타가방, 청약철회_주문제작,전자상거래로 백팩을 구입하고 단순 변심으로 청약철회를 요구하였으나 사업자는 주문 즉시 제작하는 ‘Order Made’ 상품임을 주장하면서 거절하고 있습니다. 청약철회가 가능한가요?,"사업자가 주문제작으로 청약철회가 어렵다는 사실을 고지하고 이에 소비자가 동의하였으며, 청약철회 시 중대한 피해가 예상된다는 것을 증명한 경우에는 청약철회를 요구하기 어렵습니다.   「전자상거래 등에서의 소비자보호에 관한 법률」 제17조(청약철회등)에 따르면 소비자의 청약철회 권리를 보호하고 있으나, ‘소비자의 사용 또는 책임 있는 사유로 재화가 훼손되거나 가치가 감소한 경우, 시간의 경과로 재판매가 곤란할 정도로 가치가 하락된 경우, 복제 가능한 재화 등의 포장을 훼손한 경우’에는 그 권리를 제한하고 있으며, 동법 시행령 제21조(청약철회등의 제한)에 따르면 소비자의 주문에 의하여 개별적으로 생산되는 재화‘의 청약철회를 인정하는 경우, 통신판매업자에게 회복할 수 없는 중대한 피해가 예상되는 경우로서 사전에 당해 거래에 대하여 별도로 그 사실을 고지하고 소비자의 서면(전자문서를 포함한다)에 의한 동의를 얻은 경우에는 청약철회 요청을 거부할 수 있다고 규정하고 있습니다.   따라서, 사업자가 청약철회 시 재판매 등이 어렵다는 사실을 사전에 고지하면서 소비자의 서면(전자문서를 포함한다)에 의한 동의를 얻었고, 특정 개인의 요구사항에 맞게 그 구성이 개별적으로 달리하게 된 제품이면서 청약철회 시 재판매 등이 어려워 중대한 피해가 예상된다는 것을 증명할 경우에는 청약철회가 어렵다고 판단됩니다.   다만, 소비자가 해당 제품이 이미 사이즈의 종류가 정해져 있는 상황에서 단순히 선택만 하였거나 청약철회 시 주문제작 착수 전일 경우에는 청약철회를 요구할 수 있습니다."
105, 기타가방, 청약철회_SNS 판매,SNS에서 크로스백을 구입하고 단순변심으로 반품을 요청하였으나 이를 거부하며 SNS를 차단한 후 연락이 되지 않습니다. 청약철회가 가능한가요?,"SNS 운영자가 통신판매업자로 등록하지 않은 개인이거나 사업자정보가 확인하기 어려운 경우에는 청약철회를 요구하기 어렵습니다.   「전자상거래 등에서의 소비자보호에 관한 법률」 제9조의2(전자게시판서비스 제공자의 책임)에 따르면 전자게시판서비스 제공자는 해당 게시판을 이용하여 통신판매 또는 통신판매중개가 이루어지는 경우 이로 인한 소비자피해가 발생하지 아니하도록 소비자보호조치를 이행하도록 규정하고 있습니다. 또한, 이에 따른 의무를 준수하도록 안내 및 권고를 하고, 소비자의 피해구제신청을 대행하는 장치를 마련하고 운영하며, 기타 소비자피해를 방지하기 위한 사항을 이행함과 동시에 사업자정보 역시 제공할 의무가 있습니다.   따라서, 통신판매업자로 등록한 사업자의 경우에는 해당 지자체(사업자 소재지)를 통해 연락 두절, 폐업, 폐쇄 등의 사실을 확인한 후 청약철회를 요구할 수 있으나, 통신판매업자로 등록하지 않은 개인이거나 또는 사업자정보(상호, 대표자명, 주소, 전화번호, 전자우편주소, 통신판매신고 번호 등) 확인이 불가한 경우에는 청약철회를 요구하기 어렵다고 판단됩니다."
106, 기타가방, 청약철회_구성품 누락,전자상거래로 고가의 클러치백을 구입하고 사이즈 착오로 반품을 요청하였으나 사업자가 구성품(포장지 비닐) 누락을 이유로 거부합니다. 청약철회가 가능한가요?,"구성품이 일부라도 누락된 상태라면 청약철회를 요구하기 어렵습니다.   「전자상거래 등에서의 소비자보호에 관한 법률」 제17조(청약철회등)에 따르면 소비자에게 책임이 있는 사유로 재화 등이 멸실되거나 훼손된 경우 청약철회를 할 수 없다고 규정하고 있습니다.   고가의 의류나 해외 구매대행 제품 등은 포장지에 제품의 정보를 담고 있는 바코드 스티커와 로고가 각인되어 있는 경우가 많아 개봉 시 주의할 필요가 있으며, 이 경우 사업자가 사전에 “포장 훼손 시 청약철회 불가”를 고지했다면 청약철회가 어렵다고 판단됩니다.   따라서, 제품 확인을 위해 포장을 개봉했다 하더라도 청약철회를 요청하기 위해서는 배송된 상태(제품 및 바코드 스티커 등 구성품 일체) 그대로 보존하여 반품해야 합니다.   ※ 통신판매업자에 대한 청약철회 의사표시 방법은 법률상 특별한 제한이 없으므로 전화, 서면, 전자문서 모두 가능합니다. 다만, 전화로 의사표시를 한 경우 간혹 판매자가 청약철회 요구를 받은 사실이 없다고 주장하는 경우가 있으므로, 쇼핑몰 게시판에 청약철회 의사를 표시하고 그 화면을 캡처하여 보관하거나 서면으로 발송하는 것이 좋습니다. 서면으로 발송한 경우에는 발송한 날에 그 효력이 발생합니다. 또한, 사업자에게 청약철회를 요청하였는데도 특별한 사유없이 이를 거부할 경우, 「전자상거래 등에서의 소비자보호에 관한 법률」 제18조에 따라 신용카드로 대금을 결제하였다면 신용카드사에 처리를 요구할 수 있으니 참고하시기 바랍니다."
107, 기타가방, 청약철회_7일 이내 반품 미완료,전자상거래로 백팩을 구입하고 단순 변심으로 반품을 요청하였으나 사업자가 7일 이내 제품이 도착하지 않았다는 이유로 거부합니다. 청약철회가 가능한가요?,"청약철회를 요구할 수 있습니다.   「전자상거래 등에서의 소비자보호에 관한 법률」(이하, ‘전자상거래법’) 제17조(청약철회등)에 따르면 소비자는 단순 변심에 의한 청약철회의 경우 상품 수령일로부터 7일 이내에 청약철회를 할 수 있고, 이를 위반한 약정으로써 소비자에게 불리한 것은 효력이 없는 것으로 규정하고 있습니다.   따라서, 만약 사업자가 “반품은 상품이 7일 이내 쇼핑몰에 도착해야만 환급 가능하다”고 표시하였다고 하더라도 이는 ‘전자상거래법’ 제17조를 위반한 약정으로 소비자에게 불리한 것이므로 효력이 없다고 보며, 소비자가 제품을 수령한 날로부터 7일 이내 청약철회 의사표시를 하고 반품 절차를 진행했다면 설령 반품한 상품이 7일 이내 쇼핑몰에 도착하지 못했다 하더라도 청약철회 권리를 제한할 수는 없다고 판단됩니다.   ※ 통신판매업자에 대한 청약철회 의사표시 방법은 법률상 특별한 제한이 없으므로 전화, 서면, 전자문서 모두 가능합니다. 다만, 전화로 의사표시를 한 경우 간혹 판매자가 청약철회 요구를 받은 사실이 없다고 주장하는 경우가 있으므로, 쇼핑몰 게시판에 청약철회 의사를 표시하고 그 화면을 캡처하여 보관하거나 서면으로 발송하는 것이 좋습니다. 서면으로 발송한 경우에는 발송한 날에 그 효력이 발생합니다. 또한, 사업자에게 청약철회를 요청하였는데도 특별한 사유없이 이를 거부할 경우, 「전자상거래 등에서의 소비자보호에 관한 법률」 제18조에 따라 신용카드로 대금을 결제하였다면 신용카드사에 처리를 요구할 수 있으니 참고하시기 바랍니다."
108, 기타가방, 청약철회_단순변심,"전자상거래로 백팩을 구입하고 수령 후 마음에 들지 않아 반품을 요구하였으나, 사업자는 소재 특성상 반품이 불가함을 미리 고지하였다며 거절하고 있습니다. 청약철회가 가능한가요?","재판매가 곤란할 정도의 제품 훼손이 없다면 반품비를 소비자가 부담하고 청약철회를 요구할 수 있습니다.   「전자상거래 등에서의 소비자보호에 관한 법률」 제17조에 따르면 소비자는 계약내용에 관한 서면을 교부받은 날(서면을 교부받은 때보다 재화 등의 공급이 늦게 이루어진 경우에는 재화 등의 공급을 받거나 공급이 개시된 날)부터 7일 이내에 당해 계약에 관한 청약을 철회할 수 있으며, 동법 제18조에는 색상, 디자인 혹은 사이즈 불만 등의 사유로 청약철회를 요청한 경우 반품비(왕복기준)는 소비자가 부담해야 한다고 규정하고 있습니다.   따라서, 홈페이지에 반품, 교환, 환급 등이 불가하다고 쓰여 있거나, 굳이 반품을 원할 경우에는 적립금으로 환급 처리된다고 고지되어 있더라도 청약철회와 관련하여 소비자에게 불리한 약정은 효력이 없기 때문에 재판매가 곤란할 정도의 제품 훼손이 없다면 반품비를 소비자가 부담하고 청약철회를 요구할 수 있습니다.   ※ 통신판매업자에 대한 청약철회 의사표시 방법은 법률상 특별한 제한이 없으므로 전화, 서면, 전자문서 모두 가능합니다. 다만, 전화로 의사표시를 한 경우 간혹 판매자가 청약철회 요구를 받은 사실이 없다고 주장하는 경우가 있으므로, 쇼핑몰 게시판에 청약철회 의사를 표시하고 그 화면을 캡처하여 보관하거나 서면으로 발송하는 것이 좋습니다. 서면으로 발송한 경우에는 발송한 날에 그 효력이 발생합니다. 또한, 사업자에게 청약철회를 요청하였는데도 특별한 사유없이 이를 거부할 경우, 「전자상거래 등에서의 소비자보호에 관한 법률」 제18조에 따라 신용카드로 대금을 결제하였다면 신용카드사에 처리를 요구할 수 있으니 참고하시기 바랍니다."
109, 기타가방, 청약철회_반품·교환불가 사전 고지,"전자상거래로 서류가방을 구입하고 수령 후 단순 변심으로 반품을 요구하였으나, 사업자는 반품, 교환, 환급이 불가하다는 문구를 쇼핑몰에 고지하였음을 근거로 거절하고 있습니다. 청약철회가 가능한가요?","재판매가 곤란할 정도의 제품 훼손이 없다면 청약철회를 요구할 수 있습니다.      「전자상거래 등에서의 소비자보호에 관한 법률」 제17조(청약철회등)에 따르면 소비자는 계약내용에 관한 서면을 교부받은 날(서면을 교부받은 때보다 재화 등의 공급이 늦게 이루어진 경우에는 재화 등의 공급을 받거나 공급이 개시된 날)부터 7일 이내에 당해 계약에 관한 청약을 철회할 수 있으며, 동법 제18조에는 색상, 디자인 혹은 사이즈 불만 등의 사유로 청약철회를 요청한 경우 반환에 소요되는 비용(반품비)은 소비자가 부담해야 한다고 규정하고 있습니다.   따라서, 홈페이지에 반품, 교환, 환급 등이 불가하다고 쓰여 있거나, 반품을 원할 경우에는 적립금으로 환급 처리된다고 고지되어 있더라도 청약철회와 관련하여 소비자에게 불리한 약정은 효력이 없기 때문에 재판매가 곤란할 정도의 제품 훼손이 없다면 반품비를 소비자가 부담하고 청약철회를 요구할 수 있다고 판단됩니다.   ※ 통신판매업자에 대한 청약철회 의사표시 방법은 법률상 특별한 제한이 없으므로 전화, 서면, 전자문서 모두 가능합니다. 다만, 전화로 의사표시를 한 경우 간혹 판매자가 청약철회 요구를 받은 사실이 없다고 주장하는 경우가 있으므로, 쇼핑몰 게시판에 청약철회 의사를 표시하고 그 화면을 캡처하여 보관하거나 서면으로 발송하는 것이 좋습니다. 서면으로 발송한 경우에는 발송한 날에 그 효력이 발생합니다. 또한, 사업자에게 청약철회를 요청하였는데도 특별한 사유없이 이를 거부할 경우, 「전자상거래 등에서의 소비자보호에 관한 법률」 제18조에 따라 신용카드로 대금을 결제하였다면 신용카드사에 처리를 요구할 수 있으니 참고하시기 바랍니다."
110, 기타가방, 청약철회_흰색 제품 반품 거부,"전자상거래로 흰색 컨버스백을 구입하고 수령 후 단순 변심으로 반품을 요구하였으나, 사업자는 흰색 제품은 반품이 불가하다는 문구를 쇼핑몰에 고지하였음을 근거로 거절하고 있습니다. 청약철회가 가능한가요?","재판매가 곤란할 정도의 제품 훼손이 없다면 청약철회를 요구할 수 있습니다.      「전자상거래 등에서의 소비자보호에 관한 법률」 제17조(청약철회등)에 따르면 소비자의 청약철회 권리를 보호하고 있으나, ‘소비자의 사용 또는 책임 있는 사유로 재화가 훼손되거나 가치가 감소한 경우, 시간의 경과로 재판매가 곤란할 정도로 가치가 하락된 경우, 복제 가능한 재화 등의 포장을 훼손한 경우’에는 그 권리를 제한하고 있습니다. ‘주문에 의해 개별적으로 생산되는 재화’ 또한 통신판매사업자에게 회복할 수 없는 중대한 피해가 예상되는 경우, 사전에 당해 거래에 대해 별도로 그 사실을 고지하고 소비자의 서면 동의를 받아 두었다면 청약철회 요청을 거부할 수 있습니다.   하지만, 흰색 제품은 반품이 어렵다고 고지되어 있더라도 청약철회와 관련하여 소비자에게 불리한 약정으로 효력이 없으며, 공정거래위원회에서도 ‘흰색계열, 세일 상품’ 등의 이유로 청약철회를 거부하는 것을 ‘청약철회 방해 행위’로 보고 있기 때문에 재판매가 곤란할 정도의 제품 훼손이 없다면 반품비를 소비자가 부담하고 청약철회를 요구할 수 있다고 판단됩니다.   ※ 통신판매업자에 대한 청약철회 의사표시 방법은 법률상 특별한 제한이 없으므로 전화, 서면, 전자문서 모두 가능합니다. 다만, 전화로 의사표시를 한 경우 간혹 판매자가 청약철회 요구를 받은 사실이 없다고 주장하는 경우가 있으므로, 쇼핑몰 게시판에 청약철회 의사를 표시하고 그 화면을 캡처하여 보관하거나 서면으로 발송하는 것이 좋습니다. 서면으로 발송한 경우에는 발송한 날에 그 효력이 발생합니다. 또한, 사업자에게 청약철회를 요청하였는데도 특별한 사유없이 이를 거부할 경우, 「전자상거래 등에서의 소비자보호에 관한 법률」 제18조에 따라 신용카드로 대금을 결제하였다면 신용카드사에 처리를 요구할 수 있으니 참고하시기 바랍니다."
111, 기타가방, 청약철회_묶음배송 반품비_제품 불량,"전자상거래로 백팩과 크로스백 두 개를 70,000원에 구입하였으며, 50,000원 이상 구매 시 무료배송이어서 사업자에게 묶음배송을 요청함. 이후 백팩이 불량인 것을 확인하여 반품을 요구했는데, 사업자는 반품비를 입금할 것을 주장합니다. 반품비를 제가 부담하는게 맞나요?","제품의 불량 등 사업자의 귀책사유로 반품하는 경우에는 사업자가 반품비 전액을 부담합니다.     「전자상거래 등에서의 소비자보호에 관한 법률」 제17조(청약철회등)에 따르면 소비자는 계약내용에 관한 서면을 교부받은 날(서면을 교부받은 때보다 재화 등의 공급이 늦게 이루어진 경우에는 재화 등의 공급을 받거나 공급이 개시된 날)부터 7일 이내에 당해 계약에 관한 청약을 철회할 수 있으며, 동법 제18조 제10항에는 표시 광고의 내용과 다르거나 계약내용과 다르게 이행된 경우 등의 사유로 청약철회를 요청한 경우 반환에 소요되는 비용(반품비)은 사업자가 부담해야 한다고 규정하고 있습니다.   따라서, 제품 하자 등 사업자의 귀책사유로 반품하는 경우에는 사업자가 반품 택배비 전액을 부담해야 한다고 판단됩니다."
112, 기타가방, 청약철회_묶음배송 반품비_단순 변심,"전자상거래로 백팩과 크로스백 두 개를 70,000원에 구입하였으며, 50,000원 이상 구매 시 무료배송이어서 사업자에게 묶음배송을 요청함. 이후 백팩 사이즈가 맞지 않아 반품을 요구했는데, 사업자는 반품비를 입금할 것을 주장합니다. 반품비를 제가 부담하는게 맞나요?","사이즈 오류 등 개인 변심으로 반품하는 경우에는 소비자가 반품비 전액을 부담합니다.   「전자상거래 등에서의 소비자보호에 관한 법률」 제17조(청약철회등)에 따르면 소비자는 계약내용에 관한 서면을 교부받은 날(서면을 교부받은 때보다 재화 등의 공급이 늦게 이루어진 경우에는 재화 등의 공급을 받거나 공급이 개시된 날)부터 7일 이내에 당해 계약에 관한 청약을 철회할 수 있으며, 동법 제18조 제9항에는 색상, 디자인 혹은 사이즈 불만 등의 사유로 청약철회를 요청한 경우 반환에 소요되는 비용(반품비)은 소비자가 부담해야 한다고 규정하고 있습니다.   따라서, 소비자의 개인 변심으로 반품하는 경우에는 반품 택배비는 소비자가 전액 부담해야 한다고 판단됩니다."
113, 기타가방, 계약불이행_미환급,전자상거래로 백팩을 주문하고 대금을 신용카드로 결제하였습니다. 구입 후 7일 이내 청약철회를 요구하여 백팩을 반품하였는데 물품 대금을 환급해 주지 않고 있습니다. 환급받을 방법이 있나요?,신용카드사에 카드사가 사업자에게 대금을 지급하지 않도록 요구할 수 있습니다.   「전자상거래 등에서의 소비자보호에 관한 법률」 제18조에 따르면 청약철회 시 사업자가 신용카드로 결제한 대금의 환급을 지연할 경우 신용카드사에 환급에 필요한 조치를 요구할 수 있도록 규정하고 있습니다. 이 경우에 신용카드사는 환급에 필요한 조치를 취해야 하며 사업자에게 지급할 대금이 있을 경우 이를 주지 않고 소비자가 결제한 대금을 상계처리한 후 소비자의 결제대금의 매출을 취소해 주어야 합니다.   따라서 소비자는 신용카드사에 사업자와의 다른 채무와의 상계를 요구할 수 있습니다.
114, 기타가방, 가격·요금_추가대금 요구,전자상거래로 병행수입 캐리어 가방을 구입하고 반품을 요구하였으나 사전에 고지된 반품 배송비 이외에 ‘반품비’라는 명목으로 추가 대금 지급을 요구합니다. 제가 비용을 지급해야 하나요?,"사업자가 추가대금의 타당성을 입증하는 경우를 제외하면, 미리 고지한 반품 배송비 이외에 다른 명목의 위약금은 거부할 수 있습니다.   병행수입을 비롯한 수입제품 판매 시 발생하는 배송비는 사업자마다 수입절차 및 재고관리 방식에 따라 다를 수 있으나 「전자상거래 등에서의 소비자보호에 관한 법률」 제18조 제9항, 제10항에 따라 부과하는 반품비용은 소비자의 구매 여부 판단에 영향을 주는 중요한 거래조건에 해당되므로 적절한 방법으로 고지하여야 할 사항으로 볼 수 있습니다.    따라서, 사업자가 수입 과정에서 발생한 ‘현지 및 국제운송료 + 수입세금 및 제비용’에 관해 입증할 수 있는 경우 소비자는 그에 대한 금액을 지급해야하며, 입증할 수 없는 경우 제품을 반품한 뒤 반품과정에서 발생한 비용을 공제한 후 환급을 요구할 수 있습니다.   반면, 동법에 따라 사업자는 소비자에게 청약철회를 이유로 위약금이나 손해배상을 청구할 수 없으므로 미리 고지한 반품 배송비 이외에 다른 명목의 위약금을 추가 청구하는 것은 인정되기 어렵습니다."
115, 기타가방, 가격·요금_과도한 반품배송비 요구,전자상거래로 수입 백팩을 구입한 후 청약철회를 요구하니 사업자가 해외구매대행 상품이었다며 과도한 해외배송비 지급을 요구합니다. 제가 비용을 지급해야 하나요?,"단순변심으로 인한 청약철회의 경우 배송비를 부담해야하나, 사전에 해외배송료에 대한 고지 없이 제품을 구매했거나, 계약과정에서 부담하지 아니한 해외배송료 지급은 거부할 수 있습니다.   소비자는 「전자상거래 등에서의 소비자보호에 관한 법률」에 제17조에 따라 청약철회 예외에 해당하지 않는 한 전자상거래를 통한 해외물품 구매계약의 경우에도 청약철회를 할 수 있으며, 광고된 내용과 다르거나 제품의 하자로 인한 청약철회의 경우 통신판매업자가 반품에 따른 배송비를 부담해야 하며, 단순변심으로 인한 청약철회의 경우 소비자가 배송비를 부담해야 합니다.    해외배송 제품을 구매하는 경우 배송비가 상당하여 소비자의 구매여부에 영향을 줄 수 있는 중요한 거래조건에 해당한다고 볼 수 있기 때문에 사업자는 사전에 해외배송비와 관련한 내용을 적절한 방법으로 소비자에게 고지해야 합니다.    따라서, 사업자가 수입과정에서 발생하는 비용(현지 및 국제운송료, 수입세금 및 제비용)을 사전에 소비자에게 고지하고, 지급한 사실 등이 확인되는 경우라면 소비자는 사업자에게 수입 과정에서 소요되는 비용을 지급해야 합니다.   다만, 계약 체결 과정에서 해외배송료에 대한 고지 없이 제품을 구입하였거나, 계약 체결과정에서 부담하지 아니한 해외배송비를 청약철회 과정에서 특별히 요구하는 경우라면 소비자는 사업자에게 제품의 수입과정에서 발생하는 비용에 대한 입증을 요구하거나, 물품의 반송 관련 정보의 제공 등을 요구할 수 있으며, 사업자가 이를 입증하지 못할 경우 청약철회를 요구할 수 있습니다."
116, 기타가방, 가격·요금_적립금 환급,전자상거래로 클러치백을 구입하고 제품 수령 다음날 단순 변심으로 반품을 신청하였으나 사업자는 결제금액을 적립금으로만 돌려주겠다고 주장합니다. 카드 취소는 안되나요? ,"사업자에게 신용카드 결제 취소를 요구할 수 있습니다.   「전자상거래 등에서의 소비자보호에 관한 법률」(이하, ‘전자상거래법’) 제17조(청약철회등)에 따르면 소비자는 상품을 공급 받은 날로부터 7일 이내에는 소비자의 귀책사유로 인한 상품의 멸실 또는 훼손된 경우 등을 제외하고는 단순변심으로 인한 청약철회를 할 수 있다고 규정하고 있습니다. 이에 소비자가 제품을 수령한 날로부터 7일 이내 청약철회 의사표시를 명확히 하였다면 해당 쇼핑몰은 ‘전자상거래법’ 제18조 제3항에 의거하여 신용카드사에게 대금 청구를 정지하거나 취소하도록 요청하여야 합니다.   따라서, 신용카드로 결제하였으나 적립금으로만 환급이 가능하다는 것은 「민법」 제548조(해제의 효과, 원상회복의무)에 따른 원상회복이라고 보기 어려우므로 소비자가 사용한 결제수단에 따른 환급 이행을 해당 쇼핑몰에 요구할 수 있다고 판단됩니다."
117, 기타가방, 표시·광고_반품비1,"‘천연소가죽 100%’라고 광고하는 클러치백을 전자상거래로 구입하고, 10일 뒤에 착용하던 과정에서 실제로는 천연소가죽은 10%만 포함된 사실을 알게 되었습니다. 이 경우에 반품비 부담자는 누구인가요?","사업자에게 청약철회를 요구할 수 있으며, 배송비를 포함한 반품비는 사업자가 부담하도록 요구할 수 있습니다.   「전자상거래 등에서의 소비자보호에 관한 법률」 제18조에 따르면 물품의 내용이 표시·광고 내용과 다른 경우에는 반환에 필요한 비용은 사업자가 부담함은 물론 소비자에게 물품을 배달할 때의 배송비도 사업자가 부담하여야 하며 이미 소비자가 지급한 경우에는 환급하도록 규정하고 있습니다. 이 경우에는 청약철회기간은 당해 물품을 공급받은 날부터 3월 이내, 그 사실을 안 날 또는 알 수 있었던 날부터 30일 이내로 연장 됩니다.   이러한 소비자의 권리가 인정되려면 물품 관련 표시·광고의 내용이 누가 보아도 명백하게 허위이거나 과장된 점이 인정되어야 하는데, 「표시·광고의 공정화에 관한 법률」 제3조 및 「부당한 표시·광고행위의 유형 및 기준 지정 고시」에 의하면 부된 원재료나 성분을 가지고 전체의 주된 성분인 것처럼 표시·광고한 행위를 부당한 표시·광고로 규정하고 있습니다.    따라서 성분 표시가 잘못된 것이 명확히 확인될 경우에는 물품의 내용이 표시·광고 내용과 다른 경우에 해당하여 청약철회가 가능하고, 반품비는 사업자가 부담하도록 요구할 수 있습니다."
118, 기타가방, 표시·광고_반품비2,"전자상거래 사업자가 운영하고 있는 FAQ에서 ‘모든 상품은 무료 반품 가능’이라는 문구를 확인하고 백팩을 구입하였고, 이후 7일 이내 반품을 요구하였으나 사업자가 반품비를 요구합니다. 제가 비용을 지급해야 하나요?","FAQ 게시물도 광고에 해당되며, 표시·광고와 다르게 계약이 이행된 경우에는 사업자 귀책사유에 해당하므로 반품비는 사업자가 부담합니다.    대법원 판례에 따르면 “FAQ 게시물은 일반 소비자가 누구나 접근할 수 있는 사업자의 인터넷 홈페이지에 게시되어 있으며, 게시 경위도 소비자들이 사업자에게 한 질문에 대해 개별적으로 답변한 것이 아니라 사업자가 일반 소비자들에게 알리고 싶은 내용을 선정하여 질문과 답변의 형식으로 게시해 놓은 것이라는 점에 비추어 보면, 사업자가 ‘널리 소비자들에게 제시하거나 알리기 위하여’ 게시해 놓은 것이라고 볼 수 있으므로 해당 FAQ 게시물은 「표시·광고의 공정화에 관한 법률」 상의 광고에 해당합니다(대법원 2009.5.28., 선고, 2009두843, 판결).   또한, 「표시·광고의 공정화에 관한 법률」 제3조(부당한 표시·광고 행위의 금지) 및 ‘부당한 표시·광고행위의 유형 및 기준 지정 고시‘에 따르면 반품, 교환, 대금지급방법 등 기타 거래내용 및 거래조건 등에 관하여 표시·광고함에 있어서는 사실대로 하여야 하며, 이를 사실과 다르게 표시·광고한 행위를 부당한 표시·광고로 규정하고 있습니다.    따라서, 이 사례에서는 사실과 다르게 반품비를 요구하는 것이 명확히 확인되므로 물품의 내용이 표시·광고 내용과 다른 경우에 해당하며, 「전자상거래 등에서의 소비자보호에 관한 법률」 제18조(청약철회등의 효과)에 따라 사업자에게 반품비 부담을 요구할 수 있다고 판단됩니다."
119, 기타가방, 표시·광고_광고와 차이 있는 제품,광고 사진과 너무 다른 서류가방을 받았습니다. 청약철회가 가능한가요?,"사업자에게 청약철회를 요구할 수 있습니다.   「전자상거래 등에서의 소비자보호에 관한 법률」 제17조에 따르면 소비자에게 책임이 있는 사유로 재화 등이 멸실되거나 훼손된 경우 청약철회를 할 수 없으나, 이러한 규정에도 불구하고 재화 등의 내용이 표시·광고의 내용과 다르거나 계약내용과 다르게 이행된 경우에는 청약철회를 할 수 있습니다.   다만, 광고 사진과 다르다는 소비자의 주관적인 판단만으로는 「표시·광고의 공정화에 관한 법률」 상 부당한 표시·광고임을 주장하기 어려우며, 광고 사진과 실제 받은 제품의 색상이 다른 경우와 같이 중대한 하자가 있다면 청약철회가 가능합니다."
120, 기타가방, 품질_마감처리 불량,구입한 크로스백을 2개월 사용 후 핸드백 옆면 모서리가 날카롭게 돼서 실크 의류가 뜯어지는 피해가 발생하였습니다. 구제 방법이 있나요?,"마감처리불량 등 제품 하자로 판명되면, 수선이 가능한 경우에는 무상수선, 수선이 불가한 경우에는 동종 제품으로의 교환, 동종 제품이 없는 경우에는 환급을 요구할 수 있습니다.    의류가 뜯어지는 피해가 가방의 하자로 인한 것인지 소비자의 과실로 인한 것인지 판단이 필요합니다.    우선적으로 제조사나 구입처 등에 문제점을 제기하고, 하자의 원인 및 책임 소재에 대하여 분쟁이 발생한 경우에는 전문가(심의기구 등)에게 의뢰하여 의견을 구하는 것이 좋으며 품질 시험검사가 가능한 경우에는 이를 통해 보다 정확한 원인규명을 해볼 수 있습니다.    따라서, 해당 제품이 마감처리불량 등 제품하자로 판명된 경우 가방류 관련 「소비자분쟁해결기준」에 따라 수선이 가능한 경우에는 무상수선, 수선이 불가한 경우에는 동종 제품으로의 교환, 동종 제품이 없는 경우에는 환급을 요구할 수 있으며, 수선이 가능한 경우임에도 불구하고 소비자가 구입가의 환급을 요구하는 경우에 사업자는 이를 거부할 수 있습니다. 또한, 해당 가방에 의해 손상된 의류에 대해서는 훼손과 가방 하자의 인과관계가 상당한 정도로 인정받는 경우에 한하여 해당 제품의 잔존가치만큼 보상을 요구할 수 있습니다.   ※ 한국소비자원에서는 섬유·세탁 품질하자 유무 및 원인 규명을 위하여 해당 분야 전문가로 구성된 ‘섬유제품심의위원회’를 운영하고 있으며, 해당 심의·자문 결과(책임소재, 심의내용 등)를 토대로 공정거래위원회가 고시한 ‘소비자분쟁해결기준’에 따라 피해보상에 관한 합의를 권고할 수 있습니다. 다만, 심의·자문 결과는 당사자간 분쟁해결에 있어 근거자료로 활용되나 법적 강제력은 없습니다."
121, 기타가방, 품질_물듦,"구입한 백팩을 2개월 사용 후 가방 내 보관했었던 지갑, 카드지갑 등 소지품의 색상이 변하였습니다. 구제 방법이 있나요?","원단불량 등 제품 하자로 판명되면, 수선이 가능한 경우에는 무상수선, 수선이 불가한 경우에는 동종 제품으로의 교환, 동종 제품이 없는 경우에는 환급을 요구할 수 있습니다.   염색된 섬유제품이 마찰로 인해 염료가 탈락하는 경우가 발생할 수 있습니다. 약간의 염색 탈락은 허용가능하나, 그 정도가 심할 경우 품질불량으로 판단할 수 있습니다.   우선적으로 제조사나 구입처 등에 문제점을 제기하고, 하자의 원인 및 책임 소재에 대하여 분쟁이 발생한 경우에는 전문가(심의기구 등)에게 의뢰하여 의견을 구하는 것이 좋으며 품질 시험검사가 가능한 경우에는 이를 통해 보다 정확한 원인규명을 해볼 수 있습니다.    따라서, 해당 제품이 원단불량 등 제품하자로 판명된 경우 가방류 관련 「소비자분쟁해결기준」에 따라 수선이 가능한 경우에는 무상수선, 수선이 불가한 경우에는 동종 제품으로의 교환, 동종 제품이 없는 경우에는 환급을 요구할 수 있으며, 수선이 가능한 경우임에도 불구하고 소비자가 구입가의 환급을 요구하는 경우에 사업자는 이를 거부할 수 있습니다.   ※ 한국소비자원에서는 섬유·세탁 품질하자 유무 및 원인 규명을 위하여 해당 분야 전문가로 구성된 ‘섬유제품심의위원회’를 운영하고 있으며, 해당 심의·자문 결과(책임소재, 심의내용 등)를 토대로 공정거래위원회가 고시한 ‘소비자분쟁해결기준’에 따라 피해보상에 관한 합의를 권고할 수 있습니다. 다만, 심의·자문 결과는 당사자간 분쟁해결에 있어 근거자료로 활용되나 법적 강제력은 없습니다."
122, 기타가방, 품질_주름발생,악어가죽으로 만든 크로스백을 구입하고 1개월 사용하였으나 원단 전체에서 주름이 생겼습니다. 구제 방법이 있나요?,"외관을 심하게 훼손하는 경우 품질 불량으로 판단하며, 원단 불량 등 제품 하자로 판명되면 수선이 가능한 경우에는 무상수선, 수선이 불가한 경우에는 동종 제품으로의 교환, 동종 제품이 없는 경우에는 환급을 요구할 수 있습니다.   가죽으로 제작된 핸드백의 경우 사용에 의한 주름은 자연스러운 현상으로 품질 불량으로 보기 어려우나, 좌우 불균일 내지 가죽의 갈라짐 등 외관을 심하게 훼손하는 경우에는 품질불량으로 볼 수 있습니다.   우선적으로 제조사나 구입처 등에 문제점을 제기하고, 하자의 원인 및 책임 소재에 대하여 분쟁이 발생한 경우에는 전문가(심의기구 등)에게 의뢰하여 의견을 구하는 것이 좋으며 품질 시험검사가 가능한 경우에는 이를 통해 보다 정확한 원인규명을 해볼 수 있습니다.    따라서, 해당 제품이 원단불량 등 제품하자로 판명된 경우 가방류 관련 「소비자분쟁해결기준」에 따라 수선이 가능한 경우에는 무상수선, 수선이 불가한 경우에는 동종 제품으로의 교환, 동종 제품이 없는 경우에는 환급을 요구할 수 있으며, 수선이 가능한 경우임에도 불구하고 소비자가 구입가의 환급을 요구하는 경우에 사업자는 이를 거부할 수 있습니다.   ※ 한국소비자원에서는 섬유·세탁 품질하자 유무 및 원인 규명을 위하여 해당 분야 전문가로 구성된 ‘섬유제품심의위원회’를 운영하고 있으며, 해당 심의·자문 결과(책임소재, 심의내용 등)를 토대로 공정거래위원회가 고시한 ‘소비자분쟁해결기준’에 따라 피해보상에 관한 합의를 권고할 수 있습니다. 다만, 심의·자문 결과는 당사자간 분쟁해결에 있어 근거자료로 활용되나 법적 강제력은 없습니다."
123, 기타가방, 품질_가죽벗겨짐,클러치백을 구입해서 2회 정도 사용하였으나 클러치백 입구 부분의 가죽이 일부 벗겨지는 현상이 발생하였습니다. 구제 방법이 있나요?,"소비자 과실이 아닌 원단 불량 등 제품 하자로 판명되면 수선이 가능한 경우에는 무상수선, 수선이 불가한 경우에는 동종 제품으로의 교환, 동종 제품이 없는 경우에는 환급을 요구할 수 있습니다.   가죽이 벗겨진 현상이 제품의 내마모성이 취약해서 생긴 것인지 아니면 소비자가 사용 중에 마찰로 인하여 손상을 입힌 것인지 판단이 필요합니다.   우선적으로 제조사나 구입처 등에 문제점을 제기하고, 하자의 원인 및 책임 소재에 대하여 분쟁이 발생한 경우에는 전문가(심의기구 등)에게 의뢰하여 의견을 구하는 것이 좋으며 품질 시험검사가 가능한 경우에는 이를 통해 보다 정확한 원인규명을 해볼 수 있습니다.    따라서, 해당 제품이 원단 불량 등 제품 하자로 판명된 경우 가방류 관련 「소비자분쟁해결기준」에 따라 수선이 가능한 경우에는 무상수선, 수선이 불가한 경우에는 동종 제품으로의 교환, 동종 제품이 없는 경우에는 환급을 요구할 수 있으며, 수선이 가능한 경우임에도 불구하고 소비자가 구입가의 환급을 요구하는 경우에 사업자는 이를 거부할 수 있습니다.   ※ 한국소비자원에서는 섬유·세탁 품질하자 유무 및 원인 규명을 위하여 해당 분야 전문가로 구성된 ‘섬유제품심의위원회’를 운영하고 있으며, 해당 심의·자문 결과(책임소재, 심의내용 등)를 토대로 공정거래위원회가 고시한 ‘소비자분쟁해결기준’에 따라 피해보상에 관한 합의를 권고할 수 있습니다. 다만, 심의·자문 결과는 당사자간 분쟁해결에 있어 근거자료로 활용되나 법적 강제력은 없습니다."
124, 기타가방, 품질_털빠짐,토끼털로 만든 크로스백을 구입하고 2회 정도 사용하였으나 털이 심하게 빠집니다. 구제 방법이 있나요?,"털이 심하게 빠져 원단 불량 등 제품 하자로 판명되면, 수선이 가능한 경우에는 무상수선, 수선이 불가한 경우에는 동종 제품으로의 교환, 동종 제품이 없는 경우에는 환급을 요구할 수 있습니다.   털 소재 섬유제품의 특성상 어느 정도 털이 빠지는 것은 자연스럽게 발생할 수 있는 현상이며, 소재 특성에 따라 다른 제품보다 상대적으로 잘 빠지는 소재도 있지만(예: 토끼털, 알파카 등), 그 정도가 심할 경우 품질불량으로 판단할 수 있습니다.   우선적으로 제조사나 구입처 등에 문제점을 제기하고, 하자의 원인 및 책임 소재에 대하여 분쟁이 발생한 경우에는 전문가(심의기구 등)에게 의뢰하여 의견을 구하는 것이 좋으며 품질 시험검사가 가능한 경우에는 이를 통해 보다 정확한 원인규명을 해볼 수 있습니다.    따라서, 해당 제품이 원단불량 등 제품하자로 판명된 경우 가방류 관련 「소비자분쟁해결기준」에 따라 수선이 가능한 경우에는 무상수선, 수선이 불가한 경우에는 동종 제품으로의 교환, 동종 제품이 없는 경우에는 환급을 요구할 수 있으며, 수선이 가능한 경우임에도 불구하고 소비자가 구입가의 환급을 요구하는 경우에 사업자는 이를 거부할 수 있습니다.    ※ 한국소비자원에서는 섬유·세탁 품질하자 유무 및 원인 규명을 위하여 해당 분야 전문가로 구성된 ‘섬유제품심의위원회’를 운영하고 있으며, 해당 심의·자문 결과(책임소재, 심의내용 등)를 토대로 공정거래위원회가 고시한 ‘소비자분쟁해결기준’에 따라 피해보상에 관한 합의를 권고할 수 있습니다. 다만, 심의·자문 결과는 당사자간 분쟁해결에 있어 근거자료로 활용되나 법적 강제력은 없습니다."
125, 기타가방, 품질_부소재불량,"크로스백을 구입하여 사용했는데, 구입 직후부터 가방 안쪽 손잡이 하단 부분이 까칠까칠해 졌습니다. 구제 방법이 있나요?","원단 불량 등 제품 하자로 판명되면, 수선이 가능한 경우에는 무상수선, 수선이 불가한 경우에는 동종 제품으로의 교환, 동종 제품이 없는 경우에는 환급을 요구할 수 있습니다.   가방 안쪽 손잡이 부분이 거칠어지는 현상이 손잡이로서 사용되기에 부적절한 소재를 사용하여 생긴 것인지 소비자가 자주 마찰을 일으켜서 생긴 것인지 판단이 필요합니다.   우선적으로 제조사나 구입처 등에 문제점을 제기하고, 하자의 원인 및 책임 소재에 대하여 분쟁이 발생한 경우에는 전문가(심의기구 등)에게 의뢰하여 의견을 구하는 것이 좋으며 품질 시험검사가 가능한 경우에는 이를 통해 보다 정확한 원인규명을 해볼 수 있습니다.    따라서, 해당 제품이 원단불량 등 제품하자로 판명된 경우 가방류 관련 「소비자분쟁해결기준」에 따라 수선이 가능한 경우에는 무상수선, 수선이 불가한 경우에는 동종 제품으로의 교환, 동종 제품이 없는 경우에는 환급을 요구할 수 있으며, 수선이 가능한 경우임에도 불구하고 소비자가 구입가의 환급을 요구하는 경우에 사업자는 이를 거부할 수 있습니다.    ※ 한국소비자원에서는 섬유·세탁 품질하자 유무 및 원인 규명을 위하여 해당 분야 전문가로 구성된 ‘섬유제품심의위원회’를 운영하고 있으며, 해당 심의·자문 결과(책임소재, 심의내용 등)를 토대로 공정거래위원회가 고시한 ‘소비자분쟁해결기준’에 따라 피해보상에 관한 합의를 권고할 수 있습니다. 다만, 심의·자문 결과는 당사자간 분쟁해결에 있어 근거자료로 활용되나 법적 강제력은 없습니다."
126, 기타가방, 품질_기포발생,백팩을 구입하고 3개월 사용하였으나 가방에서 기포 같은 것이 일어났습니다. 구제 방법이 있나요?,"소비자 과실이 아닌 원단 불량 등 제품 하자로 판명되면, 수선이 가능한 경우에는 무상수선, 수선이 불가한 경우에는 동종 제품으로의 교환, 동종 제품이 없는 경우에는 환급을 요구할 수 있습니다.   가방에 기포가 발생하는 것은 가죽과 코팅 부분이 분리되어 나타나는 현상으로 제품 제작 시에 문제가 생겼는지 사용 내지 보관 중에 소비자의 부주의로 생겼는지 판단이 필요합니다.   우선적으로 제조사나 구입처 등에 문제점을 제기하고, 하자의 원인 및 책임 소재에 대하여 분쟁이 발생한 경우에는 전문가(심의기구 등)에게 의뢰하여 의견을 구하는 것이 좋으며 품질 시험검사가 가능한 경우에는 이를 통해 보다 정확한 원인규명을 해볼 수 있습니다.    따라서, 해당 제품이 원단불량 등 제품하자로 판명된 경우 가방류 관련 「소비자분쟁해결기준」에 따라 수선이 가능한 경우에는 무상수선, 수선이 불가한 경우에는 동종 제품으로의 교환, 동종 제품이 없는 경우에는 환급을 요구할 수 있으며, 수선이 가능한 경우임에도 불구하고 소비자가 구입가의 환급을 요구하는 경우에 사업자는 이를 거부할 수 있습니다.   ※ 한국소비자원에서는 섬유·세탁 품질하자 유무 및 원인 규명을 위하여 해당 분야 전문가로 구성된 ‘섬유제품심의위원회’를 운영하고 있으며, 해당 심의·자문 결과(책임소재, 심의내용 등)를 토대로 공정거래위원회가 고시한 ‘소비자분쟁해결기준’에 따라 피해보상에 관한 합의를 권고할 수 있습니다. 다만, 심의·자문 결과는 당사자간 분쟁해결에 있어 근거자료로 활용되나 법적 강제력은 없습니다."
127, 기타가방, 품질_화학냄새,전자상거래로 소가죽 백팩을 구입하였으나 화학 냄새가 너무 심하게 납니다. 구제 방법이 있나요?,"해당 제품이 원단 불량 등 제품 하자로 판명되면, 수선이 가능한 경우에는 무상수선, 수선이 불가한 경우에는 동종 제품으로의 교환, 동종 제품이 없는 경우에는 환급을 요구할 수 있습니다.   가죽으로 제작된 핸드백의 경우 특유의 화학 약품 냄새가 발생할 수 있으나, 악취에 해당할 정도로 그 정도가 심하다면 품질불량으로 볼 수 있습니다.   우선적으로 제조사나 구입처 등에 문제점을 제기하고, 하자의 원인 및 책임 소재에 대하여 분쟁이 발생한 경우에는 전문가(심의기구 등)에게 의뢰하여 의견을 구하는 것이 좋으며 품질 시험검사가 가능한 경우에는 이를 통해 보다 정확한 원인규명을 해볼 수 있습니다.    따라서, 해당 제품이 원단불량 등 제품하자로 판명된 경우 가방류 관련 「소비자분쟁해결기준」에 따라 수선이 가능한 경우에는 무상수선, 수선이 불가한 경우에는 동종 제품으로의 교환, 동종 제품이 없는 경우에는 환급을 요구할 수 있으며, 수선이 가능한 경우임에도 불구하고 소비자가 구입가의 환급을 요구하는 경우에 사업자는 이를 거부할 수 있습니다.   ※ 한국소비자원에서는 섬유·세탁 품질하자 유무 및 원인 규명을 위하여 해당 분야 전문가로 구성된 ‘섬유제품심의위원회’를 운영하고 있으며, 해당 심의·자문 결과(책임소재, 심의내용 등)를 토대로 공정거래위원회가 고시한 ‘소비자분쟁해결기준’에 따라 피해보상에 관한 합의를 권고할 수 있습니다. 다만, 심의·자문 결과는 당사자간 분쟁해결에 있어 근거자료로 활용되나 법적 강제력은 없습니다."
128, 기타가방, 품질_자연적현상,구입한 지 5년 된 컨버스백을 보관하다가 사용하려고하니 변색되어 손상된 것을 확인하였습니다. 구제 방법이 있나요?,"내용연수의 경과로 인해 발생한 하자는 자연손상으로 보아 하자를 주장하기 어렵습니다.   섬유제품의 소재특성으로 인하여 자연스럽게 발생하는 현상이나 내용연수(제품의 수명) 경과로 인해 발생한 제품의 하자는 어느 누구의 과실도 아니므로 피해구제 처리대상이 아닙니다. 여기서 내용연수는 「소비자분쟁해결기준」에서 정하는 품목별 내용연수를 따르며 착용횟수와 관계없습니다.   소재특성으로 인한 자연스러운 현상의 대표적인 사례로 알파카의 털빠짐, 토끼털의 모근 약함, 면소재와 청바지의 물빠짐, 한복의 흰줄 발생, 신발 밑창 닳음 등이 있으며, 정도가 심한 경우 책임소재를 따질 수 있으나 해당 현상을 품질불량으로 보기 어려운 경우가 많습니다. 또한, 내용연수가 경과한 제품은 제품의 수명이 다하여 발생한 자연손상으로 보아 하자를 주장하기 어려울 수 있습니다.   따라서, 이 경우 핸드백의 내용연수가 경과하면서 원단의 자연 취화 및 노화로 자연스럽게 발생할 수 있는 것으로 추측되어 제품하자로 보기 어렵습니다."
129, 기타가방, 품질_세탁 시 제품하자,세탁소에 가죽으로 제작된 크로스백 세탁을 요청한 후 인도받았으나 탈색도 심하고 가죽은 딱딱하게 경화되어 있습니다. 구제 방법이 있나요?,"부적합한 방법으로 세탁하였을 때 발생한 하자는 세탁한 자에 책임이며, 적합한 방법으로 세탁했음에도 하자가 발생한 경우에 원단 불량 등 제품 하자로 판명되면, 수선이 가능한 경우에는 무상수선, 수선이 불가한 경우에는 동종 제품으로의 교환, 동종 제품이 없는 경우에는 환급을 요구할 수 있습니다.   가방의 경우 소재에 따라 다른 방법으로 손질, 세탁을 해야 하며, 부적합한 방법으로 세탁하였을 때 발생한 하자는 세탁한 자의 책임이 됩니다. 단, 세탁취급표시대로 세탁했음에도 하자가 발생하였을 경우에는 제품의 불량인지 소비자의 과실인지에 대한 판단이 필요합니다.   우선적으로 제조사나 구입처 등에 문제점을 제기하고, 하자의 원인 및 책임 소재에 대하여 분쟁이 발생한 경우에는 전문가(심의기구 등)에게 의뢰하여 의견을 구하는 것이 좋으며 품질 시험검사가 가능한 경우에는 이를 통해 보다 정확한 원인규명을 해볼 수 있습니다.    따라서, 해당 제품이 원단불량 등 제품하자로 판명된 경우 가방류 관련 「소비자분쟁해결기준」에 따라 수선이 가능한 경우에는 무상수선, 수선이 불가한 경우에는 동종 제품으로의 교환, 동종 제품이 없는 경우에는 환급을 요구할 수 있으며, 수선이 가능한 경우임에도 불구하고 소비자가 구입가의 환급을 요구하는 경우에 사업자는 이를 거부할 수 있습니다. 반면 세탁 과정에서 발생한 하자로 판명날 경우 세탁사업자에게 원상회복, 불가능할 시 손해배상을 요구할 수 있습니다.   ※ 한국소비자원에서는 섬유·세탁 품질하자 유무 및 원인 규명을 위하여 해당 분야 전문가로 구성된 ‘섬유제품심의위원회’를 운영하고 있으며, 해당 심의·자문 결과(책임소재, 심의내용 등)를 토대로 공정거래위원회가 고시한 ‘소비자분쟁해결기준’에 따라 피해보상에 관한 합의를 권고할 수 있습니다. 다만, 심의·자문 결과는 당사자간 분쟁해결에 있어 근거자료로 활용되나 법적 강제력은 없습니다."
130, 기타가방, 품질_세탁 시 세탁하자,"세탁소에 크로스백 세탁을 요청한 후 인도받았으나 탈색도 심하고 가죽은 딱딱하게 경화되어 있으며, 사업자는 세탁 과정에서 발생한 하자를 인정하고 있습니다. 배상을 요구할 수 있나요?","사업자에게 내용연수와 사용일수를 고려한 배상비율만큼 배상액을 요구할 수 있습니다.   소비자가 사업자에게 가방의 세탁을 의뢰하고 그 결과에 대하여 보수를 지급하는 것은 「민법」 제664조에서 정한 도급계약으로 볼 수 있으며, 동법 제667조는 완성된 목적물의 하자가 있는 때에 도급인이 그 하자의 보수를 청구할 수 있고 보수에 갈음하여 또는 보수와 함께 손해배상을 청구할 수 있도록 규정하고 있습니다.    또한, 사업자는 세탁물을 인수할 때 세탁물의 하자여부나 기타 소재의 특징에 대해 파악하여 세탁을 진행하는 등 선량한 관리자의 주의의무를 부담하여야 하는데, 해당 의무를 다하지 않아 세탁과정에서 가방이 손상되었다면 사업자는 원상회복하거나 그 손해를 배상할 책임이 있습니다.    따라서, 배상액에 대하여는 세탁업 관련 「소비자분쟁해결기준」에 따라서 가방 구입 가격을 기준으로 해당 가방의 내용연수와 사용일수를 고려한 배상비율만큼 요구할 수 있습니다.    *배상액 = 물품구입가격 × 배상비율(소비자분쟁해결기준 상 배상비율표 참조)"
131, 기타간편복, 계약해제·해지_일반매장 구입,보세 매장에서 후드집업을 구입하고 당일 환급을 요구하였으나 사업자는 환급이 불가하다는 자사 방침을 사전에 고지했다며 거부하고 있습니다. 환급을 받을 수 있나요?,"사업자가 환급 불가라는 자사 방침을 충분히 설명하였고, 이에 소비자가 동의하였을 경우에는 환급을 요구하는 것이 어렵습니다.   공정거래위원회가 고시한 의복류 관련 ‘소비자분쟁해결기준’에 따르면, 치수(사이즈)가 맞지 않거나 디자인·색상에 불만이 발생했을 때 제품 구입 후 7일 이내로서 제품에 손상이 없는 경우에 한하여 교환 또는 환급을 요구할 수 있습니다. 다만, 구매 당시 교환 및 환급 불가 사실을 판매자가 명시적으로 표기 또는 고지를 하였다면 당사자 간에 이러한 내용의 계약을 체결한 것으로 보아 교환 및 환급을 요구하기 어렵다고 판단됩니다.   일반매장에서 상품 구입 후 교환 및 반품과 관련된 분쟁이 자주 발생하는데, 매장의 환급 규정, 교환 가능 유무 등을 꼼꼼히 확인 후 상품을 구입할 필요가 있습니다."
132, 기타간편복, 계약해제·해지_가격기재 오류,"전자상거래로 5,000원 특가 후드집업을 주문하였으나 이틀 후 사업자가 50,000원 후드집업을 5,000원으로 잘못 기재하였다고 주장하면서 일방적으로 주문 취소를 해버렸습니다. 계약이행을 주장할 수 있나요?","계약이행을 주장하기 어렵습니다.   「민법」 제109조(착오로 인한 의사표시)에 따르면 계약은 신의성실의 원칙에 따라 이행되어야 하나, 의사표시 당사자가 중요 부분에 착오가 있었다면 취소할 수 있습니다. 또한, 「전자상거래 등에서의 소비자보호에 관한 법률」 제15조(재화등의 공급 등)에 따르면 사업자가 청약을 받은 재화를 공급하기 곤란하다는 것을 알았을 때 그 사유를 소비자에게 알리고 대금을 3영업일 이내에 환급하거나 해당 조치를 하도록 규정하고 있습니다.   따라서, 제품 가격 5,000원이 통상가격의 10% 이하 가격인 점을 감안하면 사업자의 착오 주장은 인정될 수 있으며, 사업자는 계약체결 및 결제 이틀 이내 소비자에게 ’고지 및 환급‘ 조치를 완료했으므로 사업자의 계약취소 요구에 대해 소비자가 계약이행을 주장하기는 어렵다고 판단됩니다."
133, 기타간편복, 계약해제·해지_정품 의심,"전자상거래로 명품 가디건을 구입한 후 정품이 아닌 것 같은 느낌이 들어 환급을 요구하였으나, 사업자는 가품이라는 말에 화를 내며 환급을 거부합니다. 환급을 받을 수 있나요?","청약철회 기간이 경과한 후에는 가품이 의심되는 주관적인 추측, 정황만으로는 환급을 요구하기 어렵습니다.   「전자상거래 등에서의 소비자보호에 관한 법률」 제17조(청약철회등)에 따르면 소비자는 전자상거래로 구입한 제품에 대하여 공급받은 날로부터 7일 이내(표시·광고의 내용과 다르거나 계약 내용과 다르게 이행된 경우에는 공급받은 날부터 3개월, 사실을 안 날 또는 알 수 있었던 날부터 30일 이내)에 청약철회를 요청할 수 있으나, 해당 제품이 재판매가 불가할 정도로 훼손된 경우에는 청약철회를 제한하도록 규정하고 있습니다.   이 사안에서 청약철회 기간 내에 환급을 요구할 경우에는 단순 변심에 따른 청약철회가 가능하며, 청약철회 기간이 경과한 후 환급을 요구할 경우에는 가품이 의심되는 주관적인 추측만으로는 청약철회를 요구하기 어렵다고 판단됩니다.   다만, 육안상 가품으로 의심되는 경우에는 감정기관의 가품판정서, 상표권자의 가품확인서 등을 가품 입증자료를 확보하면 피해구제 신청이 가능합니다."
134, 기타간편복, 청약철회_배송 지연,전자상거래로 가디건을 구입한 후 몇 주가 지나도 배송이 되지 않아 환급을 요구하였으나 사업자는 현재 배송중이라며 이를 거부합니다. 송장번호도 확인이 안되는데 환급을 받을 수 있나요?,"환급을 요구할 수 있습니다.   「전자상거래 등에서의 소비자보호에 관한 법률」 제15조(재화등의 공급 등)에 따르면 사업자는 소비자가 청약을 한 날부터 7일 이내에 재화 등의 공급에 필요한 조치를 하여야 하고, 소비자가 재화 등의 대금을 전부 또는 일부를 지급한 날부터 3영업일 이내에 재화 등의 공급에 필요한 조치를 하여야 한다고 규정하고 있습니다. 또한, 청약을 받은 재화 등을 공급하기 곤란하다는 것을 알았을 때에는 지체 없이 그 사유를 소비자에게 알려야 하고, 소비자가 그 대금의 전부 또는 일부를 지급한 날부터 3 영업일 이내에 환급하거나 환급에 필요한 조치를 하도록 규정하고 있습니다.   따라서, 사업자가 물품의 배송이 힘들 것으로 판단되었을 때 그에 따른 안내를 소비자에게 하여야 할 의무가 있음에도 불구하고 이를 고지하지 않고 배송 중이라는 사유로 청약철회를 거부하고 있으며, 청약철회의 효과와 동일하게 대금의 환급이 이루어져야 함에도 불구하고 이를 이행하고 있지 않은 것으로 판단됩니다. 따라서, 소비자는 사업자에게 환급을 요구할 수 있다고 판단됩니다.   ※ 통신판매업자에 대한 청약철회 의사표시 방법은 법률상 특별한 제한이 없으므로 전화, 서면, 전자문서 모두 가능합니다. 다만, 전화로 의사표시를 한 경우 간혹 판매자가 청약철회 요구를 받은 사실이 없다고 주장하는 경우가 있으므로, 쇼핑몰 게시판에 청약철회 의사를 표시하고 그 화면을 캡처하여 보관하거나 서면으로 발송하는 것이 좋습니다. 서면으로 발송한 경우에는 발송한 날에 그 효력이 발생합니다. 또한, 사업자에게 청약철회를 요청하였는데도 특별한 사유없이 이를 거부할 경우, 「전자상거래 등에서의 소비자보호에 관한 법률」 제18조에 따라 신용카드로 대금을 결제하였다면 신용카드사에 처리를 요구할 수 있으니 참고하시기 바랍니다."
135, 기타간편복," 청약철회_제품 훼손, 오염, 냄새","청약철회 의사를 밝히고 수령한 후드티를 그대로 반송하였으나, 사업자가 반송된 제품의 훼손, 오염, 냄새 등으로 인해 거부하고 있습니다. 청약철회가 가능한가요? ","사업자가 제품의 훼손, 오염, 냄새의 원인이 소비자에게 있다고 입증하지 못한다면 청약철회를 요구할 수 있습니다.   「전자상거래 등에서의 소비자보호에 관한 법률」 제17조(청약철회등) 제2항에 따르면 소비자의 책임 있는 사유로 재화 등이 멸실되거나 훼손된 경우, 소비자의 사용 또는 일부 소비로 재화 등의 가치가 현저히 감소한 경우와 같이 예외적인 경우 청약철회를 할 수 없다고 규정하고 있습니다.   재화 등의 훼손에 대하여 소비자의 책임이 있는지 여부에 관하여 다툼이 있는 경우에는 사업자가 이를 입증해야 하므로, 소비자는 사업자가 발송한 제품에 하자가 존재하지 않는다는 점에 대한 입증을 요구하고 이를 입증하지 못하는 한 청약철회를 요구할 수 있다고 판단됩니다.   ※ 통신판매업자에 대한 청약철회 의사표시 방법은 법률상 특별한 제한이 없으므로 전화, 서면, 전자문서 모두 가능합니다. 다만, 전화로 의사표시를 한 경우 간혹 판매자가 청약철회 요구를 받은 사실이 없다고 주장하는 경우가 있으므로, 쇼핑몰 게시판에 청약철회 의사를 표시하고 그 화면을 캡처하여 보관하거나 서면으로 발송하는 것이 좋습니다. 서면으로 발송한 경우에는 발송한 날에 그 효력이 발생합니다. 또한, 사업자에게 청약철회를 요청하였는데도 특별한 사유없이 이를 거부할 경우, 「전자상거래 등에서의 소비자보호에 관한 법률」 제18조에 따라 신용카드로 대금을 결제하였다면 신용카드사에 처리를 요구할 수 있으니 참고하시기 바랍니다."
136, 기타간편복, 청약철회_주문제작,전자상거래로 가디건을 구입하고 단순 변심으로 청약철회를 요구하였으나 사업자는 주문 즉시 제작하는 ‘Order Made’ 상품임을 주장하면서 거절하고 있습니다. 청약철회가 가능한가요?,"사업자가 주문제작으로 청약철회가 어렵다는 사실을 고지하고 이에 소비자가 동의하였으며, 청약철회 시 중대한 피해가 예상된다는 것을 증명한 경우에는 청약철회를 요구하기 어렵습니다.   「전자상거래 등에서의 소비자보호에 관한 법률」 제17조(청약철회등)에 따르면 소비자의 청약철회 권리를 보호하고 있으나, ‘소비자의 사용 또는 책임 있는 사유로 재화가 훼손되거나 가치가 감소한 경우, 시간의 경과로 재판매가 곤란할 정도로 가치가 하락된 경우, 복제 가능한 재화 등의 포장을 훼손한 경우’에는 그 권리를 제한하고 있으며, 동법 시행령 제21조(청약철회등의 제한)에 따르면 소비자의 주문에 의하여 개별적으로 생산되는 재화‘의 청약철회를 인정하는 경우, 통신판매업자에게 회복할 수 없는 중대한 피해가 예상되는 경우로서 사전에 당해 거래에 대하여 별도로 그 사실을 고지하고 소비자의 서면(전자문서를 포함한다)에 의한 동의를 얻은 경우에는 청약철회 요청을 거부할 수 있다고 규정하고 있습니다.   따라서, 사업자가 청약철회 시 재판매 등이 어렵다는 사실을 사전에 고지하면서 소비자의 서면(전자문서를 포함한다)에 의한 동의를 얻었고, 특정 개인의 요구사항에 맞게 그 구성이 개별적으로 달리하게 된 제품이면서 청약철회 시 재판매 등이 어려워 중대한 피해가 예상된다는 것을 증명할 경우에는 청약철회가 어렵다고 판단됩니다.   다만, 소비자가 해당 제품이 이미 사이즈의 종류가 정해져 있는 상황에서 단순히 선택만 하였거나 청약철회 시 주문제작 착수 전일 경우에는 청약철회를 요구할 수 있습니다."
137, 기타간편복, 청약철회_SNS 판매,SNS에서 후드집업을 구입하고 단순변심으로 반품을 요청하였으나 이를 거부하며 SNS를 차단한 후 연락이 되지 않습니다. 청약철회가 가능한가요?,"SNS 운영자가 통신판매업자로 등록하지 않은 개인이거나 사업자정보가 확인하기 어려운 경우에는 청약철회를 요구하기 어렵습니다.   「전자상거래 등에서의 소비자보호에 관한 법률」 제9조의2(전자게시판서비스 제공자의 책임)에 따르면 전자게시판서비스 제공자는 해당 게시판을 이용하여 통신판매 또는 통신판매중개가 이루어지는 경우 이로 인한 소비자피해가 발생하지 아니하도록 소비자보호조치를 이행하도록 규정하고 있습니다. 또한, 이에 따른 의무를 준수하도록 안내 및 권고를 하고, 소비자의 피해구제신청을 대행하는 장치를 마련하고 운영하며, 기타 소비자피해를 방지하기 위한 사항을 이행함과 동시에 사업자정보 역시 제공할 의무가 있습니다.   따라서, 통신판매업자로 등록한 사업자의 경우에는 해당 지자체(사업자 소재지)를 통해 연락 두절, 폐업, 폐쇄 등의 사실을 확인한 후 청약철회를 요구할 수 있으나, 통신판매업자로 등록하지 않은 개인이거나 또는 사업자정보(상호, 대표자명, 주소, 전화번호, 전자우편주소, 통신판매신고 번호 등) 확인이 불가한 경우에는 청약철회를 요구하기 어렵다고 판단됩니다."
138, 기타간편복, 청약철회_구성품 누락,전자상거래로 고가의 가디건을 구입하고 사이즈 착오로 반품을 요청하였으나 사업자가 구성품(포장지 비닐) 누락을 이유로 거부합니다. 청약철회가 가능한가요?,"구성품이 일부라도 누락된 상태라면 청약철회를 요구하기 어렵습니다.   「전자상거래 등에서의 소비자보호에 관한 법률」 제17조(청약철회등)에 따르면 소비자에게 책임이 있는 사유로 재화 등이 멸실되거나 훼손된 경우 청약철회를 할 수 없다고 규정하고 있습니다.   고가의 의류나 해외 구매대행 제품 등은 포장지에 제품의 정보를 담고 있는 바코드 스티커와 로고가 각인되어 있는 경우가 많아 개봉 시 주의할 필요가 있으며, 이 경우 사업자가 사전에 “포장 훼손 시 청약철회 불가”를 고지했다면 청약철회가 어렵다고 판단됩니다.   따라서, 제품 확인을 위해 포장을 개봉했다 하더라도 청약철회를 요청하기 위해서는 배송된 상태(제품 및 바코드 스티커 등 구성품 일체) 그대로 보존하여 반품해야 합니다.   ※ 통신판매업자에 대한 청약철회 의사표시 방법은 법률상 특별한 제한이 없으므로 전화, 서면, 전자문서 모두 가능합니다. 다만, 전화로 의사표시를 한 경우 간혹 판매자가 청약철회 요구를 받은 사실이 없다고 주장하는 경우가 있으므로, 쇼핑몰 게시판에 청약철회 의사를 표시하고 그 화면을 캡처하여 보관하거나 서면으로 발송하는 것이 좋습니다. 서면으로 발송한 경우에는 발송한 날에 그 효력이 발생합니다. 또한, 사업자에게 청약철회를 요청하였는데도 특별한 사유없이 이를 거부할 경우, 「전자상거래 등에서의 소비자보호에 관한 법률」 제18조에 따라 신용카드로 대금을 결제하였다면 신용카드사에 처리를 요구할 수 있으니 참고하시기 바랍니다."
139, 기타간편복, 청약철회_7일 이내 반품 미완료,전자상거래로 가디건을 구입하고 단순 변심으로 반품을 요청하였으나 사업자가 7일 이내 제품이 도착하지 않았다는 이유로 거부합니다. 청약철회가 가능한가요?,"청약철회를 요구할 수 있습니다.   「전자상거래 등에서의 소비자보호에 관한 법률」(이하, ‘전자상거래법’) 제17조(청약철회등)에 따르면 소비자는 단순 변심에 의한 청약철회의 경우 상품 수령일로부터 7일 이내에 청약철회를 할 수 있고, 이를 위반한 약정으로써 소비자에게 불리한 것은 효력이 없는 것으로 규정하고 있습니다.   따라서, 만약 사업자가 “반품은 상품이 7일 이내 쇼핑몰에 도착해야만 환급 가능하다”고 표시하였다고 하더라도 이는 ‘전자상거래법’ 제17조를 위반한 약정으로 소비자에게 불리한 것이므로 효력이 없다고 보며, 소비자가 제품을 수령한 날로부터 7일 이내 청약철회 의사표시를 하고 반품 절차를 진행했다면 설령 반품한 상품이 7일 이내 쇼핑몰에 도착하지 못했다 하더라도 청약철회 권리를 제한할 수는 없다고 판단됩니다.   ※ 통신판매업자에 대한 청약철회 의사표시 방법은 법률상 특별한 제한이 없으므로 전화, 서면, 전자문서 모두 가능합니다. 다만, 전화로 의사표시를 한 경우 간혹 판매자가 청약철회 요구를 받은 사실이 없다고 주장하는 경우가 있으므로, 쇼핑몰 게시판에 청약철회 의사를 표시하고 그 화면을 캡처하여 보관하거나 서면으로 발송하는 것이 좋습니다. 서면으로 발송한 경우에는 발송한 날에 그 효력이 발생합니다. 또한, 사업자에게 청약철회를 요청하였는데도 특별한 사유없이 이를 거부할 경우, 「전자상거래 등에서의 소비자보호에 관한 법률」 제18조에 따라 신용카드로 대금을 결제하였다면 신용카드사에 처리를 요구할 수 있으니 참고하시기 바랍니다."
140, 기타간편복, 청약철회_사이즈 표기 오류,"전자상거래로 105 사이즈 후드집업을 구입하고 박스 표면에 표기된 사이즈를 확인한 후 그대로 보관했는데, 7일을 경과한 후 제품을 열어보니 100 사이즈였습니다. 이에 사업자에게 반품을 요구하였으나 청약철회기간인 7일이 지났다며 이를 거부합니다. 청약철회가 가능한가요?","소비자가 통상적 주의력을 가지고도 제품의 하자 또는 계약불이행 여부를 확인하기 어려운 상황이라면 청약철회를 요구할 수 있습니다.   「전자상거래 등에서의 소비자보호에 관한 법률」 제17조(청약철회등)에 따르면 재화 등을 공급받거나 재화 등의 공급이 시작된 날부터 7일 이내에 청약철회를 할 수 있지만, 재화 등의 내용이 표시, 광고의 내용과 다르거나 계약내용과 다르게 이행된 경우에는 그 재화 등을 공급받은 날부터 3개월 이내, 그 사실을 안 날 또는 알 수 있었던 날부터 30일 이내에 청약철회 권리를 행사할 수 있다고 규정하고 있습니다.   이 사례에서는 포장 박스에 105 사이즈로 표기가 되어 있었고, 소비자가 제품을 전혀 착용하지 않았기 때문에 소비자가 통상적인 주의력을 가지고 해당 하자 또는 계약불이행 여부를 확인하기 어려운 상태로 볼 수 있으므로 계약내용과 다르게 이행되었다는 사실을 안 날로부터 30일 이내인 점을 고려했을 때, 청약철회 요구가 가능하다고 판단됩니다.   단, 이때 사업자는 청약철회를 수용하더라도 소비자가 제품의 일부 사용, 소비로 얻은 이익 또는 그에 상당하는 비용을 소비자에게 청구할 수 있습니다.    ※ 통신판매업자에 대한 청약철회 의사표시 방법은 법률상 특별한 제한이 없으므로 전화, 서면, 전자문서 모두 가능합니다. 다만, 전화로 의사표시를 한 경우 간혹 판매자가 청약철회 요구를 받은 사실이 없다고 주장하는 경우가 있으므로, 쇼핑몰 게시판에 청약철회 의사를 표시하고 그 화면을 캡처하여 보관하거나 서면으로 발송하는 것이 좋습니다. 서면으로 발송한 경우에는 발송한 날에 그 효력이 발생합니다. 또한, 사업자에게 청약철회를 요청하였는데도 특별한 사유없이 이를 거부할 경우, 「전자상거래 등에서의 소비자보호에 관한 법률」 제18조에 따라 신용카드로 대금을 결제하였다면 신용카드사에 처리를 요구할 수 있으니 참고하시기 바랍니다."
141, 기타간편복, 청약철회_사이즈 문제,"전자상거래로 후드티를 구입하고 수령 후 사이즈가 맞지 않아 반품을 요구하였으나, 사업자는 소재 특성상 반품이 불가함을 미리 고지하였다며 거절하고 있습니다. 청약철회가 가능한가요?","재판매가 곤란할 정도의 제품 훼손이 없다면 청약철회를 요구할 수 있습니다.   「전자상거래 등에서의 소비자보호에 관한 법률」 제17조(청약철회등)에 따르면 소비자는 계약내용에 관한 서면을 교부받은 날(서면을 교부받은 때보다 재화 등의 공급이 늦게 이루어진 경우에는 재화 등의 공급을 받거나 공급이 개시된 날)부터 7일 이내에 당해 계약에 관한 청약을 철회할 수 있으며, 동법 제18조에는 색상, 디자인 혹은 사이즈 불만 등의 사유로 청약철회를 요청한 경우 반환에 소요되는 비용(반품비)은 소비자가 부담해야 한다고 규정하고 있습니다.   따라서, 홈페이지에 반품, 교환, 환급 등이 불가하다고 쓰여 있거나, 반품을 원할 경우에는 적립금으로 환급 처리된다고 고지되어 있더라도 청약철회와 관련하여 소비자에게 불리한 약정은 효력이 없기 때문에 재판매가 곤란할 정도의 제품 훼손이 없다면 반품비를 소비자가 부담하고 청약철회를 요구할 수 있다고 판단됩니다.   ※ 통신판매업자에 대한 청약철회 의사표시 방법은 법률상 특별한 제한이 없으므로 전화, 서면, 전자문서 모두 가능합니다. 다만, 전화로 의사표시를 한 경우 간혹 판매자가 청약철회 요구를 받은 사실이 없다고 주장하는 경우가 있으므로, 쇼핑몰 게시판에 청약철회 의사를 표시하고 그 화면을 캡처하여 보관하거나 서면으로 발송하는 것이 좋습니다. 서면으로 발송한 경우에는 발송한 날에 그 효력이 발생합니다. 또한, 사업자에게 청약철회를 요청하였는데도 특별한 사유없이 이를 거부할 경우, 「전자상거래 등에서의 소비자보호에 관한 법률」 제18조에 따라 신용카드로 대금을 결제하였다면 신용카드사에 처리를 요구할 수 있으니 참고하시기 바랍니다."
142, 기타간편복, 청약철회_반품·교환불가 사전 고지,"전자상거래로 가디건을 구입하고 수령 후 단순 변심으로 반품을 요구하였으나, 사업자는 반품, 교환, 환급이 불가하다는 문구를 쇼핑몰에 고지하였음을 근거로 거절하고 있습니다. 청약철회가 가능한가요?","재판매가 곤란할 정도의 제품 훼손이 없다면 청약철회를 요구할 수 있습니다.      「전자상거래 등에서의 소비자보호에 관한 법률」 제17조(청약철회등)에 따르면 소비자는 계약내용에 관한 서면을 교부받은 날(서면을 교부받은 때보다 재화 등의 공급이 늦게 이루어진 경우에는 재화 등의 공급을 받거나 공급이 개시된 날)부터 7일 이내에 당해 계약에 관한 청약을 철회할 수 있으며, 동법 제18조에는 색상, 디자인 혹은 사이즈 불만 등의 사유로 청약철회를 요청한 경우 반환에 소요되는 비용(반품비)은 소비자가 부담해야 한다고 규정하고 있습니다.   따라서, 홈페이지에 반품, 교환, 환급 등이 불가하다고 쓰여 있거나, 반품을 원할 경우에는 적립금으로 환급 처리된다고 고지되어 있더라도 청약철회와 관련하여 소비자에게 불리한 약정은 효력이 없기 때문에 재판매가 곤란할 정도의 제품 훼손이 없다면 반품비를 소비자가 부담하고 청약철회를 요구할 수 있다고 판단됩니다.   ※ 통신판매업자에 대한 청약철회 의사표시 방법은 법률상 특별한 제한이 없으므로 전화, 서면, 전자문서 모두 가능합니다. 다만, 전화로 의사표시를 한 경우 간혹 판매자가 청약철회 요구를 받은 사실이 없다고 주장하는 경우가 있으므로, 쇼핑몰 게시판에 청약철회 의사를 표시하고 그 화면을 캡처하여 보관하거나 서면으로 발송하는 것이 좋습니다. 서면으로 발송한 경우에는 발송한 날에 그 효력이 발생합니다. 또한, 사업자에게 청약철회를 요청하였는데도 특별한 사유없이 이를 거부할 경우, 「전자상거래 등에서의 소비자보호에 관한 법률」 제18조에 따라 신용카드로 대금을 결제하였다면 신용카드사에 처리를 요구할 수 있으니 참고하시기 바랍니다."
143, 기타간편복, 청약철회_흰색 제품 반품 거부,"전자상거래로 흰색 후드집업을 구입하고 수령 후 단순 변심으로 반품을 요구하였으나, 사업자는 흰색 제품은 반품이 불가하다는 문구를 쇼핑몰에 고지하였음을 근거로 거절하고 있습니다. 청약철회가 가능한가요?","재판매가 곤란할 정도의 제품 훼손이 없다면 청약철회를 요구할 수 있습니다.      「전자상거래 등에서의 소비자보호에 관한 법률」 제17조(청약철회등)에 따르면 소비자의 청약철회 권리를 보호하고 있으나, ‘소비자의 사용 또는 책임 있는 사유로 재화가 훼손되거나 가치가 감소한 경우, 시간의 경과로 재판매가 곤란할 정도로 가치가 하락된 경우, 복제 가능한 재화 등의 포장을 훼손한 경우’에는 그 권리를 제한하고 있습니다. ‘주문에 의해 개별적으로 생산되는 재화’ 또한 통신판매사업자에게 회복할 수 없는 중대한 피해가 예상되는 경우, 사전에 당해 거래에 대해 별도로 그 사실을 고지하고 소비자의 서면 동의를 받아 두었다면 청약철회 요청을 거부할 수 있습니다.   하지만, 흰색 제품은 반품이 어렵다고 고지되어 있더라도 청약철회와 관련하여 소비자에게 불리한 약정으로 효력이 없으며, 공정거래위원회에서도 ‘흰색계열, 세일 상품’ 등의 이유로 청약철회를 거부하는 것을 ‘청약철회 방해 행위’로 보고 있기 때문에 재판매가 곤란할 정도의 제품 훼손이 없다면 반품비를 소비자가 부담하고 청약철회를 요구할 수 있다고 판단됩니다.   ※ 통신판매업자에 대한 청약철회 의사표시 방법은 법률상 특별한 제한이 없으므로 전화, 서면, 전자문서 모두 가능합니다. 다만, 전화로 의사표시를 한 경우 간혹 판매자가 청약철회 요구를 받은 사실이 없다고 주장하는 경우가 있으므로, 쇼핑몰 게시판에 청약철회 의사를 표시하고 그 화면을 캡처하여 보관하거나 서면으로 발송하는 것이 좋습니다. 서면으로 발송한 경우에는 발송한 날에 그 효력이 발생합니다. 또한, 사업자에게 청약철회를 요청하였는데도 특별한 사유없이 이를 거부할 경우, 「전자상거래 등에서의 소비자보호에 관한 법률」 제18조에 따라 신용카드로 대금을 결제하였다면 신용카드사에 처리를 요구할 수 있으니 참고하시기 바랍니다."
144, 기타간편복, 청약철회_묶음배송 반품비_제품 불량,"전자상거래로 가디건과 후드집업 두 벌을 70,000원에 구입하였으며, 50,000원 이상 구매 시 무료배송이어서 사업자에게 묶음배송을 요청하였습니다. 이후 가디건이 불량인 것을 확인하여 반품을 요구했는데, 사업자는 반품비를 입금할 것을 주장합니다. 반품비를 제가 부담하는게 맞나요?","제품의 불량 등 사업자의 귀책사유로 반품하는 경우에는 사업자가 반품비 전액을 부담합니다.     「전자상거래 등에서의 소비자보호에 관한 법률」 제17조(청약철회등)에 따르면 소비자는 계약내용에 관한 서면을 교부받은 날(서면을 교부받은 때보다 재화 등의 공급이 늦게 이루어진 경우에는 재화 등의 공급을 받거나 공급이 개시된 날)부터 7일 이내에 당해 계약에 관한 청약을 철회할 수 있으며, 동법 제18조 제10항에는 표시 광고의 내용과 다르거나 계약내용과 다르게 이행된 경우 등의 사유로 청약철회를 요청한 경우 반환에 소요되는 비용(반품비)은 사업자가 부담해야 한다고 규정하고 있습니다.   따라서, 제품 하자 등 사업자의 귀책사유로 반품하는 경우에는 사업자가 반품 택배비 전액을 부담해야 한다고 판단됩니다."
145, 기타간편복, 청약철회_묶음배송 반품비_단순 변심,"전자상거래로 가디건과 후드집업 두 벌을 70,000원에 구입하였으며, 50,000원 이상 구매 시 무료배송이어서 사업자에게 묶음배송을 요청하였습니다. 이후 가디건 사이즈가 맞지 않아 반품을 요구했는데, 사업자는 반품비를 입금할 것을 주장합니다. 반품비를 제가 부담하는게 맞나요?","사이즈 오류 등 개인 변심으로 반품하는 경우에는 소비자가 반품비 전액을 부담합니다.   「전자상거래 등에서의 소비자보호에 관한 법률」 제17조(청약철회등)에 따르면 소비자는 계약내용에 관한 서면을 교부받은 날(서면을 교부받은 때보다 재화 등의 공급이 늦게 이루어진 경우에는 재화 등의 공급을 받거나 공급이 개시된 날)부터 7일 이내에 당해 계약에 관한 청약을 철회할 수 있으며, 동법 제18조 제9항에는 색상, 디자인 혹은 사이즈 불만 등의 사유로 청약철회를 요청한 경우 반환에 소요되는 비용(반품비)은 소비자가 부담해야 한다고 규정하고 있습니다.   따라서, 소비자의 개인 변심으로 반품하는 경우에는 반품 택배비는 소비자가 전액 부담해야 한다고 판단됩니다."
146, 기타간편복, 계약불이행_미환급,전자상거래로 가디건을 주문하고 대금을 신용카드로 결제하였습니다. 구입 후 7일 이내 청약철회를 요구하여 가디건을 반품하였는데 물품 대금을 환급해 주지 않고 있습니다. 환급받을 방법이 있나요?,신용카드사에 카드사가 사업자에게 대금을 지급하지 않도록 요구할 수 있습니다.   「전자상거래 등에서의 소비자보호에 관한 법률」 제18조에 따르면 청약철회 시 사업자가 신용카드로 결제한 대금의 환급을 지연할 경우 신용카드사에 환급에 필요한 조치를 요구할 수 있도록 규정하고 있습니다. 이 경우에 신용카드사는 환급에 필요한 조치를 취해야 하며 사업자에게 지급할 대금이 있을 경우 이를 주지 않고 소비자가 결제한 대금을 상계처리한 후 소비자의 결제대금의 매출을 취소해 주어야 합니다.   따라서 소비자는 신용카드사에 사업자와의 다른 채무와의 상계를 요구할 수 있습니다.
147, 기타간편복, 가격·요금_과도한 반품배송비 요구,"전자상거래로 수입의류를 구입하고 반품을 요구하였으나 사전에 고지된 반품 배송비 이외에 ‘현지 운송료, 제비용 등’의 명목으로 추가 대금 지급을 요구합니다. 추가로 지급해야 하나요?","사업자가 추가대금의 타당성을 입증하는 경우를 제외하면, 미리 고지한 반품 배송비 이외에 다른 명목의 위약금은 거부할 수 있습니다.   병행수입을 비롯한 수입제품 판매 시 발생하는 배송비는 사업자마다 수입절차 및 재고관리 방식에 따라 다를 수 있으나 「전자상거래 등에서의 소비자보호에 관한 법률」 제18조 제9항, 제10항에 따라 부과하는 반품비용은 소비자의 구매 여부 판단에 영향을 주는 중요한 거래조건에 해당되므로 적절한 방법으로 고지하여야 할 사항으로 볼 수 있습니다.    따라서, 사업자가 수입 과정에서 발생한 ‘현지 및 국제운송료 + 수입세금 및 제비용’에 관해 입증할 수 있는 경우 소비자는 그에 대한 금액을 지급해야하며, 입증할 수 없는 경우 제품을 반품한 뒤 반품과정에서 발생한 비용을 공제한 후 환급을 요구할 수 있습니다.   반면, 동법에 따라 사업자는 소비자에게 청약철회를 이유로 위약금이나 손해배상을 청구할 수 없으므로 미리 고지한 반품 배송비 이외에 다른 명목의 위약금을 추가 청구하는 것은 인정되기 어렵습니다."
148, 기타간편복, 가격·요금_적립금 환급,전자상거래로 후드집업을 구입하고 제품 수령 다음날 단순 변심으로 반품을 신청하였으나 사업자는 결제금액을 적립금으로만 돌려주겠다고 주장합니다. 신용카드 결제 취소를 요구할 수 있나요?,"사업자에게 신용카드 결제 취소를 요구할 수 있습니다.   「전자상거래 등에서의 소비자보호에 관한 법률」(이하, ‘전자상거래법’) 제17조(청약철회등)에 따르면 소비자는 상품을 공급 받은 날로부터 7일 이내에는 소비자의 귀책사유로 인한 상품의 멸실 또는 훼손된 경우 등을 제외하고는 단순변심으로 인한 청약철회를 할 수 있다고 규정하고 있습니다. 이에 소비자가 제품을 수령한 날로부터 7일 이내 청약철회 의사표시를 명확히 하였다면 해당 쇼핑몰은 ‘전자상거래법’ 제18조 제3항에 의거하여 신용카드사에게 대금 청구를 정지하거나 취소하도록 요청하여야 합니다.   따라서, 신용카드로 결제하였으나 적립금으로만 환급이 가능하다는 것은 「민법」 제548조(해제의 효과, 원상회복의무)에 따른 원상회복이라고 보기 어려우므로 소비자가 사용한 결제수단에 따른 환급 이행을 해당 쇼핑몰에 요구할 수 있다고 판단됩니다."
149, 기타간편복, 표시·광고_반품비1,"‘캐시미어 100%’라고 광고하는 가디건을 전자상거래로 구입하고, 10일 뒤에 착용하던 과정에서 실제로는 캐시미어는 10%만 포함된 사실을 알게 되었습니다. 이 경우에 반품비 부담자는 누구인가요?","사업자에게 청약철회를 요구할 수 있으며, 배송비를 포함한 반품비는 사업자가 부담하도록 요구할 수 있습니다.   「전자상거래 등에서의 소비자보호에 관한 법률」 제18조에 따르면 물품의 내용이 표시·광고 내용과 다른 경우에는 반환에 필요한 비용은 사업자가 부담함은 물론 소비자에게 물품을 배달할 때의 배송비도 사업자가 부담하여야 하며 이미 소비자가 지급한 경우에는 환급하도록 규정하고 있습니다. 이 경우에는 청약철회기간은 당해 물품을 공급받은 날부터 3월 이내, 그 사실을 안 날 또는 알 수 있었던 날부터 30일 이내로 연장 됩니다.   이러한 소비자의 권리가 인정되려면 물품 관련 표시·광고의 내용이 누가 보아도 명백하게 허위이거나 과장된 점이 인정되어야 하는데, 「표시·광고의 공정화에 관한 법률」 제3조 및 「부당한 표시·광고행위의 유형 및 기준 지정 고시」에 의하면 부된 원재료나 성분을 가지고 전체의 주된 성분인 것처럼 표시·광고한 행위를 부당한 표시·광고로 규정하고 있습니다.    따라서 성분 표시가 잘못된 것이 명확히 확인될 경우에는 물품의 내용이 표시·광고 내용과 다른 경우에 해당하여 청약철회가 가능하고, 반품비는 사업자가 부담하도록 요구할 수 있습니다."
150, 기타간편복, 표시·광고_반품비2,"전자상거래 사업자가 운영하고 있는 FAQ에서 ‘모든 상품은 무료 반품 가능’이라는 문구를 확인하고 후드티를 구입하였고, 이후 7일 이내 반품을 요구하였으나 사업자가 반품비를 요구합니다. 제가 비용을 지급해야 하나요?","FAQ 게시물도 광고에 해당되며, 표시·광고와 다르게 계약이 이행된 경우에는 사업자 귀책사유에 해당하므로 반품비는 사업자가 부담합니다.    대법원 판례에 따르면 “FAQ 게시물은 일반 소비자가 누구나 접근할 수 있는 사업자의 인터넷 홈페이지에 게시되어 있으며, 게시 경위도 소비자들이 사업자에게 한 질문에 대해 개별적으로 답변한 것이 아니라 사업자가 일반 소비자들에게 알리고 싶은 내용을 선정하여 질문과 답변의 형식으로 게시해 놓은 것이라는 점에 비추어 보면, 사업자가 ‘널리 소비자들에게 제시하거나 알리기 위하여’ 게시해 놓은 것이라고 볼 수 있으므로 해당 FAQ 게시물은 「표시·광고의 공정화에 관한 법률」 상의 광고에 해당합니다(대법원 2009.5.28., 선고, 2009두843, 판결).   또한, 「표시·광고의 공정화에 관한 법률」 제3조(부당한 표시·광고 행위의 금지) 및 ‘부당한 표시·광고행위의 유형 및 기준 지정 고시‘에 따르면 반품, 교환, 대금지급방법 등 기타 거래내용 및 거래조건 등에 관하여 표시·광고함에 있어서는 사실대로 하여야 하며, 이를 사실과 다르게 표시·광고한 행위를 부당한 표시·광고로 규정하고 있습니다.    따라서, 이 사례에서는 사실과 다르게 반품비를 요구하는 것이 명확히 확인되므로 물품의 내용이 표시·광고 내용과 다른 경우에 해당하며, 「전자상거래 등에서의 소비자보호에 관한 법률」 제18조(청약철회등의 효과)에 따라 사업자에게 반품비 부담을 요구할 수 있다고 판단됩니다."
151, 기타간편복, 표시·광고_광고와 차이 있는 제품,전자상거래로 후드집업을 구입하고 10일 뒤 착용하던 과정에서 광고 사진과 너무 다르다는 사실을 알게되었습니다. 청약철회가 가능한가요?,"상품이 광고 사진과 다르다는 소비자의 주관적인 판단만으로는 계약내용과 다르게 이행되었다고 보기 어려우므로 7일이 경과한 후에는 청약철회를 요구하기 어렵습니다.   「전자상거래 등에서의 소비자보호에 관한 법률」 제17조(청약철회등)에 따르면 소비자는 전자상거래로 구입한 제품에 대하여 공급받은 날로부터 7일 이내(표시·광고의 내용과 다르거나 계약내용과 다르게 이행된 경우에는 공급받은 날부터 3개월, 사실을 안 날 또는 알 수 있었던 날부터 30일 이내)에 청약철회를 요청할 수 있으나, 소비자에게 책임이 있는 사유로 재화 등이 멸실되거나 훼손된 경우에는 청약철회를 요구할 수 없습니다.   다만, 광고 사진과 다르다는 소비자의 주관적인 판단만으로는 「표시·광고의 공정화에 관한 법률」 상 부당한 표시·광고임을 주장하기 어려우며, 광고 사진과 실제 받은 제품이 완전 다른 경우와 같이 중대한 하자가 있다면 청약철회를 요구할 수 있다고 판단됩니다."
152, 기타간편복, 품질_보풀,"가디건을 구입하고 1회 착용하였는데, 겨드랑이 부분에 보풀이 심하게 발생하였습니다. 구제 방법이 있나요?","어느 정도의 보풀은 의류를 착용할 때 자연스럽게 발생할 수 있는 현상으로 품질불량으로 보지 않습니다. 그러나 보풀이 심할 경우 외관을 해칠 뿐만 아니라 섬유의 질감을 변화시키기 때문에 품질불량으로 판단할 수 있습니다.   우선적으로 제조사나 구입처 등에 문제점을 제기하고, 하자의 원인 및 책임 소재에 대하여 분쟁이 발생한 경우에는 전문가(심의기구 등)에게 의뢰하여 의견을 구하는 것이 좋으며 품질 시험검사가 가능한 경우에는 이를 통해 보다 정확한 원인규명을 해볼 수 있습니다.    해당 제품이 원단불량 등 제품하자로 판명날 경우 공정거래위원회가 고시한 의복류 관련 ‘소비자분쟁해결기준’에 따라 제조사나 구입처에 수선이 가능한 경우에는 무상수선, 수선이 불가한 경우에는 동종 제품으로의 교환, 동종 제품이 없는 경우에는 환급을 요구할 수 있으며, 수선이 가능한 경우임에도 불구하고 소비자가 구입가의 환급을 요구하는 경우에 사업자는 이를 거부할 수 있습니다.   ※ 한국소비자원에서는 섬유·세탁 품질하자 유무 및 원인 규명을 위하여 해당 분야 전문가로 구성된 ‘섬유제품심의위원회’를 운영하고 있으며, 해당 심의·자문 결과(책임소재, 심의내용 등)를 토대로 공정거래위원회가 고시한 ‘소비자분쟁해결기준’에 따라 피해보상에 관한 합의를 권고할 수 있습니다. 다만, 심의·자문 결과는 당사자간 분쟁해결에 있어 근거자료로 활용되나 법적 강제력은 없습니다."
153, 기타간편복, 품질_올 당겨짐,가디건을 구입하고 착용하다 보니 장식으로 들어간 실에서 쉽게 올이 나옵니다. 구제 방법이 있나요?,"날카롭거나 뾰쪽한 물체에 걸려 올이 당겨지거나 끊어진 경우에는 착용자의 과실로 판단하여 품질불량으로 보지 않습니다. 그러나 자연스럽게 발생할 수 있는 일상적인 마찰에도 올이 쉽게 당겨지거나 끊어질 경우 품질불량으로 판단할 수 있습니다.   우선적으로 제조사나 구입처 등에 문제점을 제기하고, 하자의 원인 및 책임 소재에 대하여 분쟁이 발생한 경우에는 전문가(심의기구 등)에게 의뢰하여 의견을 구하는 것이 좋으며 품질 시험검사가 가능한 경우에는 이를 통해 보다 정확한 원인규명을 해볼 수 있습니다.   해당 제품이 원단불량 등 제품하자로 판명날 경우 공정거래위원회가 고시한 의복류 관련 ‘소비자분쟁해결기준’에 따라 제조사나 구입처에 수선이 가능한 경우에는 무상수선, 수선이 불가한 경우에는 동종 제품으로의 교환, 동종 제품이 없는 경우에는 환급을 요구할 수 있으며, 수선이 가능한 경우임에도 불구하고 소비자가 구입가의 환급을 요구하는 경우에 사업자는 이를 거부할 수 있습니다.   ※ 한국소비자원에서는 섬유·세탁 품질하자 유무 및 원인 규명을 위하여 해당 분야 전문가로 구성된 ‘섬유제품심의위원회’를 운영하고 있으며, 해당 심의·자문 결과(책임소재, 심의내용 등)를 토대로 공정거래위원회가 고시한 ‘소비자분쟁해결기준’에 따라 피해보상에 관한 합의를 권고할 수 있습니다. 다만, 심의·자문 결과는 당사자간 분쟁해결에 있어 근거자료로 활용되나 법적 강제력은 없습니다."
154, 기타간편복, 품질_실 미어짐,기다건을 구입하여 처음 착용하였는데 오른쪽 소매 윗부분 봉제가 뜯어지고 미어졌습니다. 구제 방법이 있나요?,"제품의 봉제 부위에 외력(힘)을 가했을 때 원단이 미끄러지면서 밀리는 것을 실 미어짐이라고 합니다. 미어지는 정도에 따라 품질불량 여부를 판단하며, 주로 미끄러운 성질의 원단에 이와 같은 현상이 나타날 수 있습니다.   우선적으로 제조사나 구입처 등에 문제점을 제기하고, 하자의 원인 및 책임 소재에 대하여 분쟁이 발생한 경우에는 전문가(심의기구 등)에게 의뢰하여 의견을 구하는 것이 좋으며 품질 시험검사가 가능한 경우에는 이를 통해 보다 정확한 원인규명을 해볼 수 있습니다.   해당 제품이 원단불량 등 제품하자로 판명날 경우 공정거래위원회가 고시한 의복류 관련 ‘소비자분쟁해결기준’에 따라 제조사나 구입처에 수선이 가능한 경우에는 무상수선, 수선이 불가한 경우에는 동종 제품으로의 교환, 동종 제품이 없는 경우에는 환급을 요구할 수 있으며, 수선이 가능한 경우임에도 불구하고 소비자가 구입가의 환급을 요구하는 경우에 사업자는 이를 거부할 수 있습니다.   ※ 한국소비자원에서는 섬유·세탁 품질하자 유무 및 원인 규명을 위하여 해당 분야 전문가로 구성된 ‘섬유제품심의위원회’를 운영하고 있으며, 해당 심의·자문 결과(책임소재, 심의내용 등)를 토대로 공정거래위원회가 고시한 ‘소비자분쟁해결기준’에 따라 피해보상에 관한 합의를 권고할 수 있습니다. 다만, 심의·자문 결과는 당사자간 분쟁해결에 있어 근거자료로 활용되나 법적 강제력은 없습니다."
155, 기타간편복, 품질_털빠짐1,다운 조끼를 구입 후 1회 착용하였는데 봉제 및 칼라 주위에서 충전재(털)가 심하게 빠져나옵니다. 구제 방법이 있나요?,"다운 제품 사용 중에 오리털, 거위털 등이 봉제구멍 또는 섬유사이로 빠져나와 날리거나 함께 착용한 의류에 묻어나는 경우가 있는데, 그 정도가 심할 경우 품질불량으로 판단할 수 있습니다.   우선적으로 제조사나 구입처 등에 문제점을 제기하고, 하자의 원인 및 책임 소재에 대하여 분쟁이 발생한 경우에는 전문가(심의기구 등)에게 의뢰하여 의견을 구하는 것이 좋으며 품질 시험검사가 가능한 경우에는 이를 통해 보다 정확한 원인규명을 해볼 수 있습니다.    해당 제품이 원단불량 등 제품하자로 판명날 경우 공정거래위원회가 고시한 의복류 관련 ‘소비자분쟁해결기준’에 따라 제조사나 구입처에 수선이 가능한 경우에는 무상수선, 수선이 불가한 경우에는 동종 제품으로의 교환, 동종 제품이 없는 경우에는 환급을 요구할 수 있으며, 수선이 가능한 경우임에도 불구하고 소비자가 구입가의 환급을 요구하는 경우에 사업자는 이를 거부할 수 있습니다.   ※ 한국소비자원에서는 섬유·세탁 품질하자 유무 및 원인 규명을 위하여 해당 분야 전문가로 구성된 ‘섬유제품심의위원회’를 운영하고 있으며, 해당 심의·자문 결과(책임소재, 심의내용 등)를 토대로 공정거래위원회가 고시한 ‘소비자분쟁해결기준’에 따라 피해보상에 관한 합의를 권고할 수 있습니다. 다만, 심의·자문 결과는 당사자간 분쟁해결에 있어 근거자료로 활용되나 법적 강제력은 없습니다."
156, 기타간편복, 품질_털빠짐2,털 조끼를 구입하여 1개월 정도 착용하였는데 전체적으로 털이 많이 빠져 함께 착용한 의류에 심하게 묻어납니다. 구제 방법이 있나요?,"털 소재 섬유제품의 특성상 어느 정도 털이 빠지는 것은 자연스럽게 발생할 수 있는 현상이며, 소재 특성에 따라 다른 제품보다 상대적으로 잘 빠지는 소재도 있지만(예: 토끼털, 알파카 등), 그 정도가 심할 경우 품질불량으로 판단할 수 있습니다.   우선적으로 제조사나 구입처 등에 문제점을 제기하고, 하자의 원인 및 책임 소재에 대하여 분쟁이 발생한 경우에는 전문가(심의기구 등)에게 의뢰하여 의견을 구하는 것이 좋으며 품질 시험검사가 가능한 경우에는 이를 통해 보다 정확한 원인규명을 해볼 수 있습니다.    해당 제품이 원단불량 등 제품하자로 판명날 경우 공정거래위원회가 고시한 의복류 관련 ‘소비자분쟁해결기준’에 따라 제조사나 구입처에 수선이 가능한 경우에는 무상수선, 수선이 불가한 경우에는 동종 제품으로의 교환, 동종 제품이 없는 경우에는 환급을 요구할 수 있으며, 수선이 가능한 경우임에도 불구하고 소비자가 구입가의 환급을 요구하는 경우에 사업자는 이를 거부할 수 있습니다.   ※ 한국소비자원에서는 섬유·세탁 품질하자 유무 및 원인 규명을 위하여 해당 분야 전문가로 구성된 ‘섬유제품심의위원회’를 운영하고 있으며, 해당 심의·자문 결과(책임소재, 심의내용 등)를 토대로 공정거래위원회가 고시한 ‘소비자분쟁해결기준’에 따라 피해보상에 관한 합의를 권고할 수 있습니다. 다만, 심의·자문 결과는 당사자간 분쟁해결에 있어 근거자료로 활용되나 법적 강제력은 없습니다."
157, 기타간편복, 품질_원형회복,가디건을 구입하여 약 4개월 착용하였는데 팔 부분에 심한 구김이 발생하여 드라이클리닝을 하였지만 개선되지 않습니다. 구제 방법이 있나요?,"원단이 압력 또는 힘에 의하여 늘어났다가 다시 원상으로 회복되지 아니하여 원래의 크기보다 커지거나 원단에 구김이 발생할 수 있지만, 그 정도가 심할 경우 품질불량으로 판단할 수 있습니다.   우선적으로 제조사나 구입처 등에 문제점을 제기하고, 하자의 원인 및 책임 소재에 대하여 분쟁이 발생한 경우에는 전문가(심의기구 등)에게 의뢰하여 의견을 구하는 것이 좋으며 품질 시험검사가 가능한 경우에는 이를 통해 보다 정확한 원인규명을 해볼 수 있습니다.    해당 제품이 원단불량 등 제품하자로 판명날 경우 공정거래위원회가 고시한 의복류 관련 ‘소비자분쟁해결기준’에 따라 제조사나 구입처에 수선이 가능한 경우에는 무상수선, 수선이 불가한 경우에는 동종 제품으로의 교환, 동종 제품이 없는 경우에는 환급을 요구할 수 있으며, 수선이 가능한 경우임에도 불구하고 소비자가 구입가의 환급을 요구하는 경우에 사업자는 이를 거부할 수 있습니다.   ※ 한국소비자원에서는 섬유·세탁 품질하자 유무 및 원인 규명을 위하여 해당 분야 전문가로 구성된 ‘섬유제품심의위원회’를 운영하고 있으며, 해당 심의·자문 결과(책임소재, 심의내용 등)를 토대로 공정거래위원회가 고시한 ‘소비자분쟁해결기준’에 따라 피해보상에 관한 합의를 권고할 수 있습니다. 다만, 심의·자문 결과는 당사자간 분쟁해결에 있어 근거자료로 활용되나 법적 강제력은 없습니다."
158, 기타간편복, 품질_변색,가디건을 구입하여 2회 착용하였는데 소매와 등 부분 등에서 변색이 발생하였습니다. 구제 방법이 있나요?,"햇빛에 직접 노출되는 부위(어깨 및 소매윗부분 등)나 땀이 발생하는 부위(등, 겨드랑이 등)에 변색이 발생할 수 있습니다. 바로 세탁하지 않고 방치하였을 때 발생한 변색에 대해서는 소비자과실로 판단하나, 햇빛, 땀 등에 변색되지 않고 견디는 정도가 심하게 낮으면 품질불량으로 판단할 수 있습니다.   우선적으로 제조사나 구입처 등에 문제점을 제기하고, 하자의 원인 및 책임 소재에 대하여 분쟁이 발생한 경우에는 전문가(심의기구 등)에게 의뢰하여 의견을 구하는 것이 좋으며 품질 시험검사가 가능한 경우에는 이를 통해 보다 정확한 원인규명을 해볼 수 있습니다.    해당 제품이 원단불량 등 제품하자로 판명날 경우 공정거래위원회가 고시한 의복류 관련 ‘소비자분쟁해결기준’에 따라 제조사나 구입처에 수선이 가능한 경우에는 무상수선, 수선이 불가한 경우에는 동종 제품으로의 교환, 동종 제품이 없는 경우에는 환급을 요구할 수 있으며, 수선이 가능한 경우임에도 불구하고 소비자가 구입가의 환급을 요구하는 경우에 사업자는 이를 거부할 수 있습니다.   ※ 한국소비자원에서는 섬유·세탁 품질하자 유무 및 원인 규명을 위하여 해당 분야 전문가로 구성된 ‘섬유제품심의위원회’를 운영하고 있으며, 해당 심의·자문 결과(책임소재, 심의내용 등)를 토대로 공정거래위원회가 고시한 ‘소비자분쟁해결기준’에 따라 피해보상에 관한 합의를 권고할 수 있습니다. 다만, 심의·자문 결과는 당사자간 분쟁해결에 있어 근거자료로 활용되나 법적 강제력은 없습니다."
159, 기타간편복, 품질_물듦,빨간색 가디건을 구입하여 약 2개월 착용하였는데 함께 착용한 티셔츠가 빨갛게 물들었습니다. 구제 방법이 있나요?,"원단불량 등 제품 하자로 판명되면, 수선이 가능한 경우에는 무상수선, 수선이 불가한 경우에는 동종 제품으로의 교환, 동종 제품이 없는 경우에는 환급을 요구할 수 있습니다.   염색된 섬유제품이 마찰로 인해 염료가 탈락하는 경우가 발생할 수 있습니다. 약간의 염색 탈락은 허용가능하나, 그 정도가 심할 경우 품질불량으로 판단할 수 있습니다.   우선적으로 제조사나 구입처 등에 문제점을 제기하고, 하자의 원인 및 책임 소재에 대하여 분쟁이 발생한 경우에는 전문가(심의기구 등)에게 의뢰하여 의견을 구하는 것이 좋으며 품질 시험검사가 가능한 경우에는 이를 통해 보다 정확한 원인규명을 해볼 수 있습니다.    따라서, 해당 제품이 원단불량 등 제품하자로 판명된 경우 가방류 관련 「소비자분쟁해결기준」에 따라 수선이 가능한 경우에는 무상수선, 수선이 불가한 경우에는 동종 제품으로의 교환, 동종 제품이 없는 경우에는 환급을 요구할 수 있으며, 수선이 가능한 경우임에도 불구하고 소비자가 구입가의 환급을 요구하는 경우에 사업자는 이를 거부할 수 있습니다.   ※ 한국소비자원에서는 섬유·세탁 품질하자 유무 및 원인 규명을 위하여 해당 분야 전문가로 구성된 ‘섬유제품심의위원회’를 운영하고 있으며, 해당 심의·자문 결과(책임소재, 심의내용 등)를 토대로 공정거래위원회가 고시한 ‘소비자분쟁해결기준’에 따라 피해보상에 관한 합의를 권고할 수 있습니다. 다만, 심의·자문 결과는 당사자간 분쟁해결에 있어 근거자료로 활용되나 법적 강제력은 없습니다."
160, 기타간편복, 품질_자연적현상,구입한 지 5년 된 가디건을 보관하다가 입으려고 보니 버블 현상이 심합니다. 구제 방법이 있나요?,"가디건의 내용연수가 경과한 경우에는 제품하자로 보기 어렵습니다.   섬유제품의 소재특성으로 인하여 자연스럽게 발생하는 현상이나 내용연수(제품의 수명) 경과로 인해 발생한 제품의 하자는 과실로 보기 어려우므로 피해구제 처리대상이 아닙니다. 여기서 내용연수는 공정거래위원회가 고시한 ‘소비자분쟁해결기준’에서 정하는 품목별 내용연수를 따르며 착용횟수와는 관계가 없습니다.   소재특성으로 인한 자연스러운 현상의 대표적인 사례로 알파카의 털빠짐, 토끼털의 모근 약함, 면소재와 청바지의 물빠짐, 한복의 흰줄 발생, 신발 밑창 닳음 등이 있으며, 정도가 심한 경우 책임소재를 따질 수 있으나 해당 현상을 품질불량으로 보기 어려운 경우가 많습니다. 또한, 내용연수가 경과한 제품은 제품의 수명이 다하여 발생한 자연손상으로 보아 하자를 주장하기 어려울 수 있습니다.   따라서, 이 경우 가디건의 내용연수가 경과하면서 원단의 자연 취화 및 노화로 자연스럽게 발생할 수 있는 것으로 보아 제품하자로 볼 수 없다고 판단됩니다."
161, 기타간편복, 품질_마찰,후드집업을 구입하여 착용하다가 1회 세탁하였는데 부분적으로 희뿌옇게 변색되었습니다. 구제 방법이 있나요?,"일반적으로 마찰이 잦은 부위에서는 약간의 탈색이 발생할 수 있습니다. 하지만 그 정도가 심할 경우 품질불량으로 판단할 수 있습니다.   우선적으로 제조사나 구입처 등에 문제점을 제기하고, 하자의 원인 및 책임 소재에 대하여 분쟁이 발생한 경우에는 전문가(심의기구 등)에게 의뢰하여 의견을 구하는 것이 좋으며 품질 시험검사가 가능한 경우에는 이를 통해 보다 정확한 원인규명을 해볼 수 있습니다.    해당 제품이 원단불량 등 제품하자로 판명날 경우 공정거래위원회가 고시한 의복류 관련 ‘소비자분쟁해결기준’에 따라 제조사나 구입처에 수선이 가능한 경우에는 무상수선, 수선이 불가한 경우에는 동종 제품으로의 교환, 동종 제품이 없는 경우에는 환급을 요구할 수 있으며, 수선이 가능한 경우임에도 불구하고 소비자가 구입가의 환급을 요구하는 경우에 사업자는 이를 거부할 수 있습니다.   ※ 한국소비자원에서는 섬유·세탁 품질하자 유무 및 원인 규명을 위하여 해당 분야 전문가로 구성된 ‘섬유제품심의위원회’를 운영하고 있으며, 해당 심의·자문 결과(책임소재, 심의내용 등)를 토대로 공정거래위원회가 고시한 ‘소비자분쟁해결기준’에 따라 피해보상에 관한 합의를 권고할 수 있습니다. 다만, 심의·자문 결과는 당사자간 분쟁해결에 있어 근거자료로 활용되나 법적 강제력은 없습니다."
162, 기타간편복, 품질_이염,1년 전 구입한 가디건을 세탁소에서 첫 세탁하였는데 흰색 배색 원단이 검게 이염되었습니다. 구제 방법이 있나요?,"세탁(물세탁 또는 드라이클리닝)에 의해 발생하는 제품 자체의 변색 및 이염, 타제품 오염 정도를 확인하고, 섬유제품 품질 권장기준에 따라 허용수준인지, 품질불량인지 판단이 필요합니다.   우선적으로 제조사나 구입처, 세탁소 등에 문제점을 제기하고, 하자의 원인 및 책임 소재에 대하여 분쟁이 발생한 경우에는 전문가(심의기구 등)에게 의뢰하여 의견을 구하는 것이 좋으며 품질 시험검사가 가능한 경우에는 이를 통해 보다 정확한 원인규명을 해볼 수 있습니다.    해당 제품이 원단불량 등 제품하자로 판명날 경우 공정거래위원회가 고시한 의복류 관련 ‘소비자분쟁해결기준’에 따라 제조사나 구입처에 수선이 가능한 경우에는 무상수선, 수선이 불가한 경우에는 동종 제품으로의 교환, 동종 제품이 없는 경우에는 환급을 요구할 수 있으며, 수선이 가능한 경우임에도 불구하고 소비자가 구입가의 환급을 요구하는 경우에 사업자는 이를 거부할 수 있습니다. 반면, 세탁 과정에서 발생한 하자로 판명날 경우 세탁사업자에게 원상회복, 불가능할 시 손해배상을 요구할 수 있습니다.   ※ 한국소비자원에서는 섬유·세탁 품질하자 유무 및 원인 규명을 위하여 해당 분야 전문가로 구성된 ‘섬유제품심의위원회’를 운영하고 있으며, 해당 심의·자문 결과(책임소재, 심의내용 등)를 토대로 공정거래위원회가 고시한 ‘소비자분쟁해결기준’에 따라 피해보상에 관한 합의를 권고할 수 있습니다. 다만, 심의·자문 결과는 당사자간 분쟁해결에 있어 근거자료로 활용되나 법적 강제력은 없습니다."
163, 기타간편복, 품질_봉제불량,가디건을 구입하여 2개월 간 착용하다가 집에서 손세탁하였는데 앞여임 부위에 구멍이 발생하였습니다. 구제 방법이 있나요?,"해당 제품의 봉제 불량 여부와 함께 잘못된 세탁 또는 사용상 부주의에 의해 발생할 수 있는 불량인지 판단이 필요합니다.   우선적으로 제조사나 구입처 등에 문제점을 제기하고, 하자의 원인 및 책임 소재에 대하여 분쟁이 발생한 경우에는 전문가(심의기구 등)에게 의뢰하여 의견을 구하는 것이 좋으며 품질 시험검사가 가능한 경우에는 이를 통해 보다 정확한 원인규명을 해볼 수 있습니다.    해당 제품이 원단불량 등 제품하자로 판명날 경우 공정거래위원회가 고시한 의복류 관련 ‘소비자분쟁해결기준’에 따라 제조사나 구입처에 수선이 가능한 경우에는 무상수선, 수선이 불가한 경우에는 동종 제품으로의 교환, 동종 제품이 없는 경우에는 환급을 요구할 수 있으며, 수선이 가능한 경우임에도 불구하고 소비자가 구입가의 환급을 요구하는 경우에 사업자는 이를 거부할 수 있습니다.   ※ 한국소비자원에서는 섬유·세탁 품질하자 유무 및 원인 규명을 위하여 해당 분야 전문가로 구성된 ‘섬유제품심의위원회’를 운영하고 있으며, 해당 심의·자문 결과(책임소재, 심의내용 등)를 토대로 공정거래위원회가 고시한 ‘소비자분쟁해결기준’에 따라 피해보상에 관한 합의를 권고할 수 있습니다. 다만, 심의·자문 결과는 당사자간 분쟁해결에 있어 근거자료로 활용되나 법적 강제력은 없습니다."
164, 기타간편복, 품질_세탁방법 부적합,가디건을 세탁한 후 바깥쪽 원단이 심하게 수축되었습니다. 구제 방법이 있나요?,"부적합한 방법으로 세탁하였을 때 섬유제품에 변색, 변형, 경화 등의 하자가 나타날 수 있습니다. 세탁방법을 지키지 않아서 발생하는 하자는 세탁한 자의 책임이 되며, 세탁취급표시대로 세탁했음에도 하자가 발생하였을 경우에는 제조판매업체의 책임으로 판단할 수 있습니다.   세탁을 의뢰한 후 인도받은 물품에 하자가 발생하였을 경우에는 우선적으로 제조사나 구입처, 세탁소에 문제점을 제기하고, 하자의 원인 및 책임 소재에 대하여 분쟁이 발생한 경우에는 전문가(심의기구 등)에게 의뢰하여 의견을 구하는 것이 좋으며 품질 시험검사가 가능한 경우에는 이를 통해 보다 정확한 원인규명을 해볼 수 있습니다.   해당 제품이 원단불량 등 제품하자로 판명된 경우 공정거래위원회가 고시한 의복류 관련 ‘소비자분쟁해결기준’에 따라 수선이 가능한 경우에는 무상수선, 수선이 불가한 경우에는 동종 제품으로의 교환, 동종 제품이 없는 경우에는 환급을 요구할 수 있으며, 수선이 가능한 경우임에도 불구하고 소비자가 구입가의 환급을 요구하는 경우에 사업자는 이를 거부할 수 있습니다. 반면 세탁 과정에서 발생한 하자로 판명날 경우 세탁사업자에게 원상회복, 불가능할 시 손해배상을 요구할 수 있습니다.   ※ 한국소비자원에서는 섬유·세탁 품질하자 유무 및 원인 규명을 위하여 해당 분야 전문가로 구성된 ‘섬유제품심의위원회’를 운영하고 있으며, 해당 심의·자문 결과(책임소재, 심의내용 등)를 토대로 공정거래위원회가 고시한 ‘소비자분쟁해결기준’에 따라 피해보상에 관한 합의를 권고할 수 있습니다. 다만, 심의·자문 결과는 당사자간 분쟁해결에 있어 근거자료로 활용되나 법적 강제력은 없습니다."
165, 기타건강식품, 청약철회_청약철회 기간,방문판매를 통해 구입한 건강기능식품을 환급받고 싶은데 가능한가요?,"제품을 구입한 날(수령일)로부터 14일 이내 청약 철회가 가능하나, 그 이후에는 단순 변심을 이유로 반품 및 환급을 요구하기 어렵습니다.   「방문판매등에 관한 법률」 제8조에 따라 제품을 구입한 날(제품 수령일)로부터 14일 이내에 청약 철회가 가능하나 청약철회등의 기간이 지났다면 단순 변심을 이유로 반품 및 환급을 요구하기 어렵습니다. 다만 ‘한 달 내 무료반품’과 같이 14일보다 긴 특별 약정이 있다면 해당기간 내 계약해제 및 환급을 요구할 수 있습니다.또한 내용물을 확인하기 위하여 포장 등을 단순훼손한 경우에는 청약철회가 가능하나 물건을 개봉하여 일부 소비하거나 제품이 훼손되어 다시 판매하기 어려울 정도로 재화의 가치가 현저히 낮아진 경우에는 청약철회가 불가능합니다."
166, 기타건강식품, 청약철회_초기하자,방문판매를 통해 건강기능식품을 구입한 지 한 달 후 제품을 뜯었으나 제품에 이상이 있음을 알게 됐습니다. 판매자는 14일이 지나 청약철회를 할 수 없다고 주장하는데 청약철회 가능한가요?,"물품을 공급받은 날로부터 3개월 이내, 그 사실을 안 날 또는 알 수 있었던 날로부터 30일 이내 청약철회를 요구할 수 있습니다.   일반적으로 「방문판매등에 관한 법률」 제8조에 따라 제품을 구입한 날(제품 수령일)로부터 14일 이내에 청약철회가 가능하나, 물품이 계약 내용과 다르게 이행되었을 경우 물품을 공급받은 날로부터 3개월 이내, 그 사실을 안 날 또는 알 수 있었던 날로부터 30일 이내에 청약철회 할 수 있습니다.    이때 추후 분쟁을 대비하여 되도록 서면으로 청약철회 의사표시 하는 게 좋습니다."
167, 기타건강식품, 청약철회_택배비 부담,충동적으로 구매한 건강기능식품을 사용하지 않은 채 청약철회를 요청했습니다. 판매자가 반품 택배비를 요구하는데 택배비를 제가 부담하는게 맞나요?,"전자상거래를 통해 구입한 경우 반품 택배비는 소비자가 부담해야 하고, 방문판매나 전화권유로 구매한 경우는 판매자가 부담해야 합니다.   「전자상거래 등에서의 소비자보호에 관한 법률」 제17조 및 제18조에 따르면 소비자가 전자상거래로 물건을 구입하였을 경우 7일 이내 청약철회를 할 수 있고 재화의 반환에 필요한 비용은 소비자가 부담하도록 하고 있습니다.그러나 「방문판매등에 관한 법률」 제8조에서는 제품을 구입한 날(제품 수령일)로부터 14일 이내에 청약철회를 할 수 있고 공급받은 재화등의 반환에 필요한 비용은 방문판매자 등이 부담하도록 규정하고 있습니다. 이는 소비자의 선택에 의해 구입하는 전자상거래와는 달리 방문판매의 경우는 소비자가 영업사원의 갑작스런 권유로 충동구매 했을 가능성이 커 소비자를 보호하기 위함입니다."
168, 기타건강식품, 청약철회_효과를 보지 못한 건강기능식품,방문판매로 구입한 다이어트 식품을 1개월간 절반 정도 섭취하였으나 식이요법 및 운동 등을 병행하지 않아 효과를 보지 못한 다이어트 식품에 대해 환급을 요구할 수 있나요?,"감량효과에 대해 보장판매를 한 경우가 아니라면, 다이어트 효과가 없음을 이유로 청약철회를 요구하기는 어렵습니다.   일반적으로 칭하는 다이어트 보조제란 다이어트에 도움을 줄 수 있는 기능성 원료를 사용한 제품으로 효능 및 부작용은 개인의 체질에 따라 상당히 다르게 나타나므로 복용에 상당한 주의가 필요합니다.한편 비만 치료에 있어서 가장 중요한 것은 전문가와의 상담을 통해 적절한 처방과 이에 따른 식이요법 및 운동요법을 병행하는 것이며, 다이어트 보조제는 보조적인 수단으로 사용해야 합니다.따라서 감량효과에 대해 보장판매를 한 경우가 아니면 다이어트 보조제의 효과는 섭취한 사람의 체질이나 감량 의지 등에 의해 달라질 수 있어, 광고와 다르게 다이어트 효과가 없음을 이유로 청약철회를 요구하기는 어렵습니다."
169, 기타건강식품, 청약철회_포장 훼손(소비자),"단순개봉한 건강기능식품에 대해 청약철회 의사를 밝힌 후 판매자에게 반송하였으나, 판매자는 제품이 개봉되어 있다는 이유로 청약철회가 불가하다고 주장합니다. 청약철회가 가능한가요?","물건을 개봉하여 일부 소비하거나 제품이 훼손되어 다시 판매하기 어려울 정도로 재화의 가치가 현저히 낮아진 경우가 아니라면, 청약철회를 요구할 수 있습니다.   매장에서 구입한 경우 소비자가 사전에 품질을 확인하고 구매할 수 있으므로 청약철회가 제한됩니다. 다만 사전에 확인하기 어려운 하자가 있는 경우 「민법」 제580조에 따른 담보책임 규정에 의해 청약철회를 요구할 수 있습니다.전자상거래 또는 방문판매를 통해 구입한 경우에는 「전자상거래 등에서의 소비자보호에 관한 법률」 제17조 및 「방문판매등에 관한 법률」 제8조에서 내용물을 확인하기 위하여 포장 등을 단순훼손한 경우에는 청약철회가 가능하다고 규정하고 있으므로 청약철회 기간 내에 요청한 경우 구입대금을 환급받을 수 있습니다.다만 물건을 개봉하여 일부 소비하거나 제품이 훼손되어 다시 판매하기 어려울 정도로 재화의 가치가 현저히 낮아진 경우에는 청약철회가 불가능하다고 규정하고 있어 검토가 필요할 것으로 보입니다."
170, 기타건강식품, 청약철회_포장 훼손(방문판매원),방문판매원이 권유하는 건강기능식품의 박스를 개봉하고 몇 개를 복용하고 구입하게 되었습니다. 당시 제품 박스는 방문판매원이 쓰레기이므로 버려준다며 가져갔음에도 현재 박스가 없다는 이유로 청약철회를 거절하고 있습니다. 청약철회가 가능한가요?,"제품을 구입한 날로부터 14일 이내 내용증명을 통해 청약철회를 요구할 수 있습니다.   「방문판매등에 관한 법률」 제8조 제5항에 의하면 방문판매로 소비자가 건강식품 등을 구입했을 경우 판매자는 판매과정에서 소비자가 제품을 일부 복용한 것이 청약철회를 할 수 없는 사유가 될 경우 판매제품을 복용해 보도록 할 것이 아니라 샘플 제품을 먹어보도록 해야 하며, 이를 이행하지 않은 경우 청약철회를 요구할 수 있습니다.또한 박스 훼손이 청약철회를 방해하는 내용이라면 사전에 소비자에게 설명해야 하며 이를 이행하지 않을 경우에는 청약철회가 가능하고, 더욱이 방문판매원이 박스를 폐기하였다면 훼손 책임은 판매자에게 있다고 할 것입니다.다만 방문판매원이 박스를 직접 폐기하였음을 소비자가 입증하여야 하는 어려움이 있어, 방문판매원이 박스를 직접 폐기하였음을 인정하는 문자 메시지나 통화 녹취 등을 증거로 남겨두는 것이 좋습니다."
171, 기타건강식품, 청약철회_반품불가 특약,건강기능식품을 구매하면서 판매자가 반품하지 않는 조건으로 할인 가격에 판매하여 할인가에 구매했습니다. 그러나 상품을 받고보니 기대와 달리 품질이 너무 떨어져 환급받고 싶습니다. 청약철회가 가능한가요?,"재화등의 내용이 표시·광고의 내용과 다르거나 계약 내용과 다르게 이행된 경우로 인정될 수 있을 만큼 품질이 다른 경우에 재화를 공급받은 날부터 3개월 이내에, 그 사실을 안 날(알 수 있었던 날)부터 30일 이내에 청약철회를 요구할 수 있습니다.   매장에서 구입한 경우 소비자가 사전에 품질을 확인하고 구매할 수 있으므로 청약철회가 제한됩니다. 다만 사전에 확인하기 어려운 하자가 있는 경우 「민법」 제580조에 따른 담보책임 규정에 의해 청약철회를 요구할 수 있습니다.따라서 단순히 제품이 주관적인 기대와 다르다는 내용만으로는 표시, 광고 위반으로 보기 어려울 수 있으나, 재화등의 내용이 표시·광고의 내용과 다르거나 계약 내용과 다르게 이행된 경우로 인정될 수 있을만큼 품질이 다른 경우는 재화를 공급받은 날부터 3개월 이내에, 그 사실을 안 날(알 수 있었던 날)부터 30일 이내에 청약철회를 할 수 있습니다."
172, 기타건강식품, 청약철회_연락처 미상,방문판매를 통해 건강기능식품을 먼저 받고 대금은 판매자가 추후 청구하기로 하였습니다. 당일 청약철회 하려 했으나 판매자의 연락처를 알지 못하는 상태입니다. 판매자의 연락처를 어떻게 알아내어 청약철회 할 수 있을까요?,"제품을 사용하지 않은 채 보관하고 있다가 판매자로부터 연락이 오거나 지로용지가 도착하면 주소를 확인하여 내용증명 우편으로 청약철회를 요구할 수 있습니다.   「방문판매등에 관한 법률」 제8조에 따라 소비자가 방문판매로 물건을 구입하여 제품이 훼손되지 않았을 경우 계약일로부터 14일 이내 청약철회를 요청할 수 있고, 판매자가 연락처를 알려주지 않았을 경우 또는 판매자의 주소 변경 등의 사유로 14일 이내에 청약철회 등을 할 수 없는 경우에는 그 주소를 안 날 또는 알 수 있었던 날부터 14일이나 서면으로 취소의사를 통보하시기 바랍니다.방문판매업자는 재화 등의 판매에 관한 계약을 체결하기 전에 소비자가 계약의 내용을 이해할 수 있도록 방문판매업자의 상호·주소·전화번호, 재화의 명칭·종류 및 내용, 재화 등의 가격과 그 지급 방법 및 시기 등을 설명해야 하며 이러한 내용을 기재한 계약서를 소비자에게 교부하도록 규정하고 있습니다."
173, 기타건강식품, 청약철회_SNS 판매,SNS에서 건강식품을 구입하고 단순변심으로 반품을 요청하였으나 이를 거부하며 SNS를 차단한 후 연락이 되지 않습니다. 청약철회가 가능한가요?,"폐업, 폐쇄 등의 사유가 아닐 경우 청약철회를 요구할 수 있으나, 통신판매업자로 등록하지 않은 개인이나 사업자 정보 확인이 불가한 경우 청약철회를 요구하기 어렵습니다.   「전자상거래 등에서의 소비자보호에 관한 법률」 제9조의2에 따르면 전자게시판서비스 제공자의 경우 해당 게시판을 이용하여 통신판매 또는 통신판매중개가 이루어지는 경우 이로 인한 소비자피해가 발생하지 아니하도록 소비자보호조치를 이행하도록 규정하고 있으며, 이에 따른 의무를 준수하도록 안내 및 권고하고, 소비자의 피해구제신청을 대행하는 장치를 마련하고 운영하며, 기타 소비자피해를 방지하기 위한 사항을 이행함과 동시에 사업자정보 역시 제공할 의무가 있습니다.   따라서, 통신판매업자로 등록한 사업자의 경우에는 해당 지자체(사업자 소재지)를 통해 연락두절, 폐업, 폐쇄 등의 사실을 확인한 후 청약철회를 요구할 수 있으나, 통신판매업자로 등록하지 않은 개인이나 사업자정보(상호, 대표자명, 주소, 전화번호, 전자우편주소, 통신판매신고 번호 등) 확인이 불가한 경우에는 청약철회를 요구하기 어렵습니다."
174, 기타건강식품, 청약철회_7일 이내 반품 미완료,전자상거래로 건강기능식품을 구입하고 단순 변심으로 반품을 요청하였으나 판매자가 7일 이내 제품이 도착하지 않았다는 이유로 청약철회 불가를 주장합니다. 청약철회가 가능한가요?,"7일 이내 청약철회 의사표시를 하고 반품 절차를 진행할 경우 청약철회를 요구할 수 있습니다.   「전자상거래 등에서의 소비자보호에 관한 법률」 제17조에 따르면 소비자는 단순 변심에 의한 청약철회의 경우 상품 수령일로부터 7일 이내에 청약철회를 할 수 있고, 이를 위반한 약정으로서 소비자에게 불리한 것은 효력이 없는 것으로 규정하고 있습니다.   따라서 만약 사업자가 “반품은 상품이 7일 이내 쇼핑몰에 도착해야만 환급 가능하다”고 표시하였다고 하더라도 이는 「전자상거래 등에서의 소비자보호에 관한 법률」 제17조를 위반한 약정으로 소비자에게 불리한 것이므로 효력이 없다고 볼 수 있습니다이 때 소비자가 제품을 수령한 날로부터 7일 이내 청약철회 의사표시를 하고 반품절차를 진행했다면 설령 반품한 상품이 7일 이내 쇼핑몰에 도착하지 못했다 하더라도 청약철회 권리를 제한할 수는 없습니다.   통신판매업자에 대한 청약철회 의사표시 방법은 법률상 특별한 제한이 없으므로 전화, 서면, 전자문서 모두 가능합니다.다만, 전화로 의사표시를 한 경우 간혹 판매자가 청약철회 요구를 받은 사실이 없다고 주장하는 경우가 있으므로, 쇼핑몰 게시판에 청약철회 의사를 표시하고 그 화면을 캡처하여 보관하거나 서면으로 발송하는 것이 좋습니다.참고로 사업자에게 청약철회를 요청하였는데도 특별한 사유 없이 이를 거부할 경우, 신용카드로 대금을 결제하였다면 신용카드사에 처리를 요구할 수 있으니 참고하시기 바랍니다."
175, 기타건강식품, 계약불이행_미환급,전자상거래로 건강기능식품을 주문하고 대금을 신용카드로 결제하였습니다. 건강기능식품을 수령하기 전 마음이 바뀌어 청약철회를 요청했음에도 환급이 되지 않고 있습니다. 환급받을 방법이 있나요?,"신용카드사에 대금 청구를 정지하거나 취소하도록 요청할 수 있습니다.   「전자상거래 등에서의 소비자보호에 관한 법률」 제18조에 따르면 청약철회 시 사업자가 신용카드로 결제한 대금의 환급을 지연할 경우 신용카드사에 환급에 필요한 조치를 요구할 수 있도록 규정하고 있습니다.따라서 지체없이 신용카드사에 재화 등의 대금 청구를 정지하거나 취소하도록 요청하여야 하며, 통신판매업자는 신용카드사로부터 해당 대금을 이미 받은 때에는 지체없이 그 대금을 신용카드사에게 환급하여야 합니다. "
176, 기타건강식품, 가격·요금_차액 보상,타 매장에서 같은 상품을 더 싸게 파는 것을 알게 됐습니다. 같은 상품에 대해 판매가격이 다른 경우 차액만큼 보상이 가능한가요?,"판매가격 차이를 이유로 계약해제나 차액만큼 보상을 요구하기는 어렵습니다.   우리나라는 자유시장 경제질서를 기본으로 1999년 9월부터 [판매가격표시제]를 실시하여 제조업자의 표시가격에 구애받지 않고 최종 판매업자가 판매가격을 자율적으로 결정하여 표시한 후 판매하고 있으며 흔히 오픈 프라이스 제도라고 합니다.정부가 관리하는 전기요금, 난방요금 또는 대중교통 요금 등을 제외하고, 일반적으로 가격은 계약 당시 양 당사자(소비자와 판매자)의 거래 합의에 의한 계약조건이므로 타 매장과의 가격 차이를 이유로 계약해제나 피해보상을 요구하기 어렵습니다.따라서 타 매장과 비교하여 차이가 있다고 하더라도 부당행위로 보기 어려워 차액만큼 보상을 요구하기 어렵습니다."
177, 기타건강식품, 가격·요금_적립금 환급,전자상거래로 건강기능식품을 구입하고 제품 수령 다음 날 단순 변심으로 반품을 신청하였으나 판매자는 결제금액을 적립금으로 돌려주겠다고 주장합니다. 카드 취소는 안되나요?,"7일 이내 취소가 가능하며, 사용한 결제수단에 따른 환급 이행을 요구할 수 있습니다.   「전자상거래 등에서의 소비자보호에 관한 법률」 제17조에 따르면 소비자는 상품을 공급 받은 날로부터 7일 이내에는 소비자의 귀책사유로 인한 상품의 멸실 또는 훼손된 경우 등을 제외하고는 단순변심으로 인한 청약철회를 할 수 있다고 규정하고 있습니다.이에 소비자가 제품을 수령한 날로부터 7일 이내 청약철회 의사표시를 명확히 하였다면 해당 쇼핑몰은 동법 제18조 제3항에 의거하여 신용카드사에게 대금 청구를 정지하거나 취소하도록 요청하여야 합니다.   다만, ‘결제대금 환급은 적립금으로만 가능하다’ 등의 안내는 청약철회 방해행위에 해당하기에 배송비를 제한 금액에 대해 소비자가 사용한 결제수단에 따른 환급 이행을 해당 쇼핑몰에 요구할 수 있습니다."
178, 기타건강식품, 안전_부패·변질,구매한 건강기능식품이 부패 혹은 변질된 경우 해결방안이 있나요?,"판매처 또는 제조사에 제품 교환 또는 구입가 환급을 요구할 수 있습니다.   구매한 제품이 부패 혹은 변질된 경우 식료품 관련 「소비자분쟁해결기준」에 따라 판매처 또는 제조사에 제품 교환 또는 구입가 환급을 요구할 수 있습니다.그러나 소비자가 정상제품을 구입 후 냉장 보관을 준수하지 않는 등 보관상의 문제로 인해 변질되어 문제가 발생한 경우에는 보상을 요구할 수 없을 것입니다.유통기한 내의 건강기능식품을 먹고 배탈 등 부작용이 발생한 경우에는 병원치료비, 경비 및 일실소득에 대한 배상을 받을 수 있습니다. 이때 배탈 등 부작용에 대한 소견은 의사의 진단서 발급 등 객관적인 확인이 필요합니다."
179, 기타건강식품, 안전_이물,건강기능식품에서 쇳조각 같은 이물이 나온 경우 어떻게 조치해야 하나요?,"제품정보가 잘 보이도록 사진 혹은 동영상을 찍서 1399 또는 스마트폰 앱(내손안(安) 식품안전정보)을 이용해 신고해야 합니다.   제품 중 이물을 발견한 경우에는 즉시 해당 이물과 제품정보(제품명, 제조업체명·소재지, 제조일자 등)가 잘 보이도록 사진 또는 동영상을 찍어 저장하고 국번없이 1399 또는 스마트폰 앱(내손안(安) 식품안전정보)을 이용해 신고해야 합니다.식료품 관련 「소비자분쟁해결기준」에 따라 식품에 이물질이 혼입된 경우에는 제품 교환 또는 구입가 환급으로 보상받을 수 있으며, 신체적 피해가 있다면 그에 대해서도 보상 요구할 수 있습니다. 그러나 이미 제품이 개봉되었기 때문에 이물질 혼입 시기에 대하여 의견이 대립될 수 있고, 피해에 대한 객관적인 증거입증에 한계가 있을 수 밖에 없습니다.이물혼입 원인조사의 중요한 단서가 되는 이물과 제품은 훼손되지 않도록 보관 후 조사기관에 인계해야 하며, 특히 벌레 이물의 경우 살아있는 상태인지 죽은 상태인지를 동영상 등으로 기록하는 것이 좋습니다. 이물은 밀폐용기에 넣어 보관하고 벌레 등 부패 가능성이 있는 이물은 냉장 보관해야 합니다. "
180, 기타건강식품, 표시·광고_광고와 상이,"‘홍삼 100%’라고 광고하는 홍삼액을 전자상거래로 구입하고, 10일 뒤에 실제로 홍삼은 20%만 함유되었다는 사실을 알게 되었습니다. 어떻게 조치해야 하나요?","표시·광고의 내용과 다르거나 계약 내용과 다르게 이행된 경우, 성분 표시가 잘못된 것이 명확히 확인된다면 재화를 공급받은 날부터 3개월 이내 혹은 그 사실을 안 날부터 30일 이내에 청약철회를 요구할 수 있습니다.   「전자상거래 등에서의 소비자보호에 관한 법률」 제17조에 따르면 소비자에게 책임이 있는 사유로 재화 등이 멸실되거나 훼손된 경우 청약철회를 할 수 없으나, 이러한 규정에도 불구하고 재화 등의 내용이 표시·광고의 내용과 다르거나 계약내용과 다르게 이행된 경우 성분 표시가 잘못된 것이 명확히 확인된다면 재화를 공급받은 날부터 3개월 이내, 그 사실을 안 날(알 수 있었던 날)부터 30일 이내에 청약철회를 요구할 수 있습니다.이때 반환에 필요한 비용은 판매자가 부담함은 물론 소비자에게 물품을 배달할 때의 배송비도 판매자가 부담하여야 하며 이미 소비자가 지급한 경우에는 환급하도록 규정하고 있습니다. "
181, 기타건강식품, 표시·광고_허위·과장 광고,질병 치료에 효과가 있다고 광고한 건강기능식품을 구입하여 복용하던 중 치료효과가 없어 병원 진료를 받으니 불치병 판단을 받았습니다. 이 때 허위·과장광고를 이유로 판매자에게 환급받을 수 있나요?,"질병 치료 효과가 있다고 광고하였다면, 건강기능식품의 허위·과장광고로 볼 수 있어 대금환급 등을 요구할 수 있습니다   건강기능식품은 의약품이 아닌 식품의 한 유형입니다. 건강기능식품은 질병을 치료하기 위한 목적으로 섭취하는 것이 아니므로 「식품 등의 표시·광고에 관한 법률」 제8조에서도 식품에 대하여 질병의 치료에 효능이 있다는 내용 또는 의약품으로 혼용할 우려가 있는 내용의 표시나 광고를 하지 못하도록 규정하고 있습니다.다만 제품의 허위과장 광고 여부는 식품의약품안전청의 광고 심의기준, 방법 및 절차에 따라 심의가 필요합니다."
182, 기타건강식품, 표시·광고_부작용에 대한 보상,다이어트를 위해 건강기능식품을 복용하였으나 탈모가 발생하는 등 부작용이 생겼습니다. 제품을 반품하여 환급받고 부작용에 대한 병원 치료비를 함께 보상받을 수 있나요?,부작용에 대한 의사의 확인과정을 거쳐 사업자에게 구입가격의 환급을 요구할 수 있습니다.   건강기능식품은 의약품이 아닌 식품의 한 유형입니다. 건강기능식품은 질병을 치료하기 위한 목적으로 섭취하는 것이 아니므로 「식품 등의 표시·광고에 관한 법률」 제8조에서도 식품에 대하여 질병의 치료에 효능이 있다는 내용 또는 의약품으로 혼용할 우려가 있는 내용의 표시나 광고를 하지 못하도록 규정하고 있습니다.과대광고를 하였다면 이에 대한 근거제시와 부작용에 대한 의사의 확인과정을 거쳐 사업자에게 구입가격의 환급을 요청할 수 있을 것입니다. 부작용이 심하여 병원치료를 받아야 하는 경우 이에 대한 진단서를 근거로 치료비 및 경비 등을 함께 요구할 수 있습니다.
183, 기타건강식품, 표시·광고_고지된 부작용에 대한 보상,"건강기능식품을 복용하고 부작용이 발생하였으나, 제품 포장지를 확인하니 제품 복용 시 해당 부작용이 발생할 수 있다는 문구가 기재된 걸 알게됐습니다. 부작용이 발생할 수 있다고 고지된 경우에도 치료비 등 보상을 받을 수 있나요?","부작용의 원인이 섭취 방법의 잘못이나 특이체질 등 특별한 경우에만 나타날 경우, 그러한 내용을 주의사항에 표시하였다면 사업자에게 보상을 요구하기 어렵습니다.   일반적으로 건강기능식품을 섭취 후 부작용이 발생한 경우, 「민법」 제390조 및 제750조에 따라 판매자는 그에 대한 채무불이행 또는 불법행위로 인한 손해배상책임을 지게 됩니다. 다만 부작용의 원인이 섭취방법의 잘못이나 특이체질 등 특별한 경우에만 나타날 경우에 그러한 내용을 주의사항에 표시하였다면 해당 부작용의 발생으로 입을 수 있는 피해를 줄이거나 피할 수 있음이 인정될 수 있어 사업자는 손해배상책임 면제를 주장할 수 있습니다."
184, 기타건강식품, 표시·광고_정량 부족,건강기능식품을 구입하여 섭취하던 중 우연히 표시된 정량보다 내용물이 부족한 것을 알게 됐습니다. 판매처에 환급을 요구할 수 있나요?,"제품 교환 또는 구입가 환급을 요구할 수 있습니다.   「민법」 제109조에 의하면 법률행위의 중요부분에 착오가 있을 경우 의사표시를 취소할 수 있습니다. 개봉된 제품의 용량이 부족할 경우 판매자의 잘못인지 소비자의 잘못인지 판단하기 어렵지만 판매자의 잘못으로 용량이 부족한 상황임을 증명할 수 있는 경우라면 계약을 취소하고 환급받음에 있어 유리한 고지에 있다고 보입니다.특히 「표시·광고의 공정화에 관한 법률」 제3조에 의하면, 판매자 등은 소비자를 속이거나 소비자로 하여금 잘못 알게 할 우려가 있는 표시·광고 행위로서 공정한 거래질서를 저해할 우려가 있는 기만적인 표시·광고 등을 할 수 없게 되어 있으며, 이를 위반하여 타인에게 피해를 입혔을 경우 손해배상 책임을 지게 됩니다. 따라서 판매자가 이익을 취하기 위해 고의로 용량을 속여 판매했다면 손해배상을 물을 여지도 있습니다.한편, 당사자 사이에 분쟁해결방법에 관한 별도의 의사표시가 없는 경우에 한하여 분쟁해결을 위한 합의 또는 권고의 기준이 되는 식료품 관련 「소비자분쟁해결기준」에 의하면 식료품의 함량, 용량부족의 경우 제품교환 또는 구입가 환급을 해주도록 규정되어 있습니다.다만 허용되는 오차범위 이내의 용량부족이라면 교환 또는 환급이 불가능할 수도 있습니다."
185, 기타건강식품, 표시·광고_유통기한,구입한 건강기능식품의 유통기한 표시가 매우 흐리게 표시되어 유통기한이 경과했는지 여부를 확인할 수 없는데 어떻게 해야하나요?,제품 구입처나 당해 제품의 생산(판매)업자에게 설명하고 제품 교환을 요구할 수 있습니다.   식료품 관련 「소비자분쟁해결기준」에 의하면 소비자가 유통기한이 지난 제품을 구입했을 경우 판매자에게 제품교환이나 구입가 환급을 받을 수 있도록 규정하고 있습니다.유통기한은 소비자가 안심하고 식품을 구입할 수 있도록 제조업체가 제품의 품질과 안전성을 보장하는 기간입니다. 따라서 식품 등의 표시기준에 따라 판매자는 유통기한을 정하여 표시하여야 합니다. 식품의 유통기한 표시는 기타 표시사항과 함께 소비자가 쉽게 알아볼 수 있도록 지워지지 아니하는 잉크 각인 또는 소인 등을 사용하여 일정 장소에 일괄 표시하여야 합니다.이때  유통기한 표시가 되어 있지 않거나 혹은 표시는 되어 있지만 소비자가 알아볼 수 없다면 제품 구입처나 당해 제품의 생산(판매)업자에게 그 사유를 설명하고 제품 교환을 요구할 수 있습니다.
186, 기타건강식품, 부당행위_부당한 대금 청구,"우연히 이벤트에 당첨되었다는 전화를 받고, 무료로 홍삼을 제공해준다고 하여 홍삼을 받았으나 이후 홍삼 대금을 청구하는 지로용지를 받았습니다. 무료라고 안내받았는데 홍삼값을 지불해야 하나요?","판매자에게 계약체결에 대한 입증과 청약철회를 요구한다는 내용증명을 발송할 수 있으며, 제품에 대해서는 더 이상 먹지 말고 보관하고 있다가 반품을 요구할 수 있습니다.   「방문판매등에 관한 법률」 제7조에 따르면 방문판매자는 재화 등의 판매에 관한 계약을 체결하기 전에 소비자가 계약의 내용을 이해할 수 있도록 방문판매업자의 상호·주소·전화번호, 재화의 명칭·종류 및 내용, 재화 등의 가격과 그 지급 방법 및 시기 등을 설명해야 하며 이러한 내용을 기재한 계약서를 소비자에게 교부하도록 규정하고 있습니다.계약이 체결된 사실 및 계약서의 교부사실 등에 대하여 다툼이 있는 경우에는 방문 판매자가 이를 입증하여야 한다고 규정하고 있습니다.따라서 판매자에게 이 건 계약체결에 대한 입증과 만약 계약이 체결되어 있다면 청약철회를 요구한다는 내용증명을 발송하여 판매자가 제공하는 서면상의 계약내용을 확인한 후 대응하는 것이 필요하며, 제품에 대해서는 더 이상 먹지 말고 보관하고 있다가 반품 등의 조치를 취하시기 바랍니다."
187, 기타건강식품, 부당행위_샘플이 아닌 완제품 배송,건강기능식품 무료체험을 권유받아 신청했으나 샘플이 아닌 완제품이 배송되었고 상품의 대금 청구 안내장이 동봉되어 있습니다. 샘플이라고 안내받았는데 홍삼값을 지불해야 하나요?,"받은 제품을 그대로 반송 처리하고, 그에 따른 대금 지급을 거부할 수 있습니다.   「방문판매등에 관한 법률」 제7조에 따르면 방문판매자는 재화 등의 판매에 관한 계약을 체결하기 전에 소비자가 계약의 내용을 이해할 수 있도록 방문판매업자의 상호·주소·전화번호, 재화의 명칭·종류 및 내용, 재화 등의 가격과 그 지급 방법 및 시기 등을 설명해야 하며 이러한 내용을 기재한 계약서를 소비자에게 교부하도록 규정하고 있습니다. 또한 소비자의 청약이 없는데도 일방적으로 재화 등을 공급하고 재화 등의 대금을 청구하는 행위는 판매자의 금지행위로 보고 있습니다.따라서 계약을 체결한 적이 없으므로 받은 제품을 그대로 반송 처리하고, 반품에 따른 택배 운송장 등을 잘 보관하시기 바랍니다."
188, 기타건강식품, 부당행위_미성년자 계약,"미성년자가 방문판매를 통해 체중조절 식품을 구입하고 일부를 소비하였으나, 부모님의 동의를 얻지 못하여 남은 제품을 반송하였습니다. 그러나 판매자는 반품을 거절하였고 현재 매월 신용카드 할부금이 나가고 있는 상태인데 어떻게 대응해야 하나요?","소비하고 남은 제품을 판매자에게 반품하고 신용카드사에 취소 민원을 제기할 수 있습니다.   「민법」 제5조에 따르면 미성년자의 계약 행위는 부모(법정대리인)의 동의를 얻지 못한 경우 계약을 취소할 수 있고, 이 때 계약은 처음부터 무효인 것으로 볼 수 있습니다.미성년자도 받은 용돈을 가지고 문제집을 구입하는 경우와 같이 ‘법정 대리인이 범위를 정하여 처분을 허락한 재산’에 대해서는 미성년자가 체결한 계약을 유효한 계약으로 볼 수 있습니다.다만, 법정대리인의 동의 없이 할부 결제가 이루어진 계약이고 이에 대해 취소의 표시를 했다면 취소의 표시를 한 시점에서 계약이 취소됐다고 볼 수 있습니다.따라서 계약이 무효이므로 판매자에게 대금을 지급할 필요가 없고 받은 이익이 현존하는 한도에서 상환하면 되므로 소비하고 남은 제품을 판매자에게 반품하고 신용카드 사에 민원을 제기하시기 바랍니다. 대금을 이미 지급한 경우라면 지급한 대금만큼 판매자에게 부당이득의 반환을 청구할 수 있습니다."
189, 기타건강식품, 부당행위_지급명령,방문판매로 구입한 건강기능식품에 대해 판매자가 부당하게 요금을 청구하여 판매자에게 계약취소를 요구했습니다. 이후에도 대금 청구서를 받았으나 대금을 지급하지 않은 채 지내던 중 법원에서 지급명령서가 송달되었는데 어떻게 대응해야 하나요?,"지급명령서에 기재된 이의제기 기간 이내에 입증자료를 갖추어 이의제기를 할 수 있습니다.   지급명령제도는 판매자가 소비자에게 물품 대금의 지급을 요구하는 절차로 많이 활용되고 있는데, 법원이 사건 내용에 대해 직권 조사하여 판단하지 않고 판매자가 작성하여 신청한 서류만으로 판단하여 지급명령이 이루어지게 됩니다.따라서 판매자의 청구에 의해 소비자에게 지급명령이 송달된 경우에는 지급명령서에 기재된 이의제기 기간 이내에 입증자료를 갖추어 이의제기하여야 합니다. 일반적으로 이의제기를 할 수 있는 기간은 지급명령서 송달일로부터 2주간으로 되어 있습니다.지급명령서의 내용이 확정되고 이를 번복하려면 훨씬 더 번거로운 절차를 거쳐야 하는 경우가 생길 수 있으므로 사업자의 청구내용이 부당하다 할지라도 반드시 이에 대응하여 이의제기하시기 바랍니다."
190, 기타세탁서비스, 세탁서비스_하자발생 시 보상 방법,회색 코트 세탁을 의뢰하였으나 인도받고 확인해본 결과 일부가 검은색으로 변색되는 등 하자가 발생하였습니다. 구제 방법이 있나요?,"세탁을 의뢰한 후 인도받은 물품에 하자가 발생하였을 경우에는 우선적으로 제조사나 구입처, 세탁소에 문제점을 제기하고, 하자의 원인 및 책임 소재에 대하여 분쟁이 발생한 경우에는 전문가(심의기구 등)에게 의뢰하여 의견을 구하는 것이 좋으며 품질 시험검사가 가능한 경우에는 이를 통해 보다 정확한 원인규명을 해볼 수 있습니다.   해당 제품이 원단불량 등 제품하자로 판명날 경우 공정거래위원회가 고시한 의복류 관련 ‘소비자분쟁해결기준’에 따라 제조사나 구입처에 수선이 가능한 경우에는 무상수선, 수선이 불가한 경우에는 동종 제품으로의 교환, 동종 제품이 없는 경우에는 환급을 요구할 수 있으며, 수선이 가능한 경우임에도 불구하고 소비자가 구입가의 환급을 요구하는 경우에 사업자는 이를 거부할 수 있습니다. 반면 세탁 과정에서 발생한 하자로 판명날 경우 세탁사업자에게 원상회복, 불가능할 시 손해배상을 요구할 수 있습니다.   ※ 한국소비자원에서는 섬유·세탁 품질 하자 유무 및 원인 규명을 위하여 해당 분야 전문가로 구성된 ‘섬유제품심의위원회’를 운영하고 있으며, 해당 심의·자문 결과(책임소재, 심의내용 등)를 토대로 공정거래위원회가 고시한 ‘소비자분쟁해결기준’에 따라 피해보상에 관한 합의를 권고할 수 있습니다. 다만, 심의·자문 결과는 당사자 간 분쟁 해결에 있어 근거자료로 활용되나 법적 강제력은 없습니다."
191, 기타세탁서비스, 세탁서비스_손해배상 산정,회색 코트 세탁를 의뢰하였으나 인도받고 확인해본 결과 일부가 검은색으로 변색되었습니다. 세탁 과정에서 발생한 하자로 확인된 경우에 배상을 요구할 수 있나요?,"세탁업 관련 ‘소비자분쟁해결기준’에 따라 양복 구입 가격 기준으로 내용연수와 사용일수를 고려하여 배상을 요구할 수 있습니다.   소비자가 사업자에게 의류의 세탁을 의뢰하고 그 결과에 대하여 보수를 지급하는 것은 「민법」 제664조(도급의 의의)에서 정한 도급계약으로 볼 수 있으며, 동법 제667조(수급인의 담보책임)에 따르면 완성된 목적물의 하자가 있는 때에 도급인이 그 하자의 보수를 청구할 수 있고 보수에 갈음하여 또는 보수와 함께 손해배상을 청구할 수 있도록 규정하고 있습니다.    또한, 사업자는 세탁물을 인수할 때 세탁물의 하자 여부나 기타 소재의 특징에 대해 파악하여 세탁을 진행하는 등 선량한 관리자의 주의의무를 부담하여야 하는데, 해당 의무를 다하지 않아 세탁 과정에서 의류가 손상되었다면 사업자는 원상회복하거나 그 손해를 배상할 책임이 있습니다.    따라서, 배상액에 대하여는 공정거래위원회가 고시한 세탁업 관련 ‘소비자분쟁해결기준’에 따라서 의류 구입 가격을 기준으로 해당 의류의 내용연수와 사용일수를 고려한 배상비율만큼 요구할 수 있다고 판단됩니다.    *배상액 = 물품구입가격 × 배상비율(소비자분쟁해결기준 상 배상비율표 참조)"
192, 기타세탁서비스, 세탁서비스_손해배상액 감액,회색 코트 세탁를 의뢰하였으나 인도받고 확인해본 결과 일부가 검은색으로 변색되었습니다. 세탁 과정에서 발생한 하자로 확인되었으나 해당 코트는 그대로 입고 싶습니다. 이 경우에 추가로 배상을 요구할 수 있나요?,"세탁사업자가 주의의무를 다하지 않아 세탁 과정에서 코트가 손상되었다는 원상회복을 요구하거나 손해배상을 청구할 수 있으나, 세탁물의 손상 등에 대하여 소비자도 일부 책임이 있는 경우나 손상된 세탁물을 인도받기를 원하는 경우에는 손해배상액에서 일부를 감액할 수 있습니다.   소비자가 사업자에게 의류의 세탁을 의뢰하고 그 결과에 대하여 보수를 지급하는 것은 「민법」 제664조(도급의 의의)에서 정한 도급계약으로 볼 수 있으며, 동법 제667조(수급인의 담보책임)에 따르면 완성된 목적물의 하자가 있는 때에 도급인이 그 하자의 보수를 청구할 수 있고 보수에 갈음하여 또는 보수와 함께 손해배상을 청구할 수 있도록 규정하고 있습니다.    또한, 사업자는 세탁물을 인수할 때 세탁물의 하자 여부나 기타 소재의 특징에 대해 파악하여 세탁을 진행하는 등 선량한 관리자의 주의의무를 부담하여야 하는데, 해당 의무를 다하지 않아 세탁 과정에서 의류가 손상되었다면 사업자는 원상회복하거나 그 손해를 배상할 책임이 있습니다.    따라서, 배상액에 대하여는 공정거래위원회가 고시한 세탁업 관련 ‘소비자분쟁해결기준’에 따라서 의류 구입 가격을 기준으로 해당 의류의 내용연수와 사용일수를 고려한 배상비율만큼 요구할 수 있다고 판단됩니다.    *배상액 = 물품구입가격 × 배상비율(소비자분쟁해결기준 상 배상비율표 참조)   하지만, 세탁물의 손상 등에 대하여 소비자도 일부 책임이 있는 경우나 손상된 세탁물을 인도받기를 원하는 경우에는 손해배상액에서 일부를 감액할 수 있습니다."
193, 기타세탁서비스, 세탁서비스_손해배상의무 면제,회색 코트 세탁를 의뢰한 후 사업자가 세탁물 회수를 수 차례 통지하였으나 개인사정으로 2개월 이후 세탁물을 인도받았습니다. 인도받고 확인해본 결과 일부가 검은색으로 변색되었습니다. 세탁 과정에서 발생한 하자로 확인된 경우에 배상을 요구할 수 있나요?,"세탁 과정에서 발생한 하자로 확인된다고 하더라도 배상을 요구할 수 없습니다.   물론 소비자가 사업자에게 의류의 세탁을 의뢰하고 그 결과에 대하여 보수를 지급하는 것은 「민법」 제664조(도급의 의의)에서 정한 도급계약으로, 동법 제667조(수급인의 담보책임)에 따라 완성된 목적물의 하자가 있는 때에 도급인이 그 하자의 보수를 청구할 수 있고 보수에 갈음하여 또는 보수와 함께 손해배상을 청구할 수 있도록 규정하고 있으나, 소비자가 사업자의 세탁물 회수에 대한 통지에도 불구하고 통지도달일로부터 30일이 경과하도록 미회수하는 경우, 소비자가 세탁완성예정일(소비자의 동의로 완성예정일이 연기된 경우 연기된 완성예정일)의 다음날부터 3개월간 완성된 세탁물을 미회수하는 경우에는 세탁물의 하자가 확인되었다고 하더라도 사업자의 배상책임을 면제하고 있습니다."
194, 기타세탁서비스, 세탁서비스_세트제품 손해배상액 산정 기준,"회색 트레이닝 상·하의 세트를 세탁 의뢰한 후 하의에 손상이 발생하였습니다, 해당 트레이닝복은 Set(세트)로만 판매하며, 세탁 과정에서 발생한 하자로 확인된 경우에 배상을 요구할 수 있나요?","트레이닝복 상·하의와 같이 2점 이상이 1벌일 때는 1벌 전체를 기준으로 하여 배상액을 산정하며, 소비자가 1벌 중 일부만 사업자에게 세탁의뢰 하였을 경우에는 그 일부에 대하여만 배상을 요구할 수 있습니다.   소비자가 사업자에게 의류의 세탁을 의뢰하고 그 결과에 대하여 보수를 지급하는 것은 「민법」 제664조(도급의 의의)에서 정한 도급계약으로 볼 수 있으며, 동법 제667조(수급인의 담보책임)에 따르면 완성된 목적물의 하자가 있는 때에 도급인이 그 하자의 보수를 청구할 수 있고 보수에 갈음하여 또는 보수와 함께 손해배상을 청구할 수 있도록 규정하고 있습니다.    또한, 사업자는 세탁물을 인수할 때 세탁물의 하자 여부나 기타 소재의 특징에 대해 파악하여 세탁을 진행하는 등 선량한 관리자의 주의의무를 부담하여야 하는데, 해당 의무를 다하지 않아 세탁 과정에서 의류가 손상되었다면 사업자는 원상회복하거나 그 손해를 배상할 책임이 있습니다.    따라서, 배상액에 대하여는 공정거래위원회가 고시한 세탁업 관련 ‘소비자분쟁해결기준’에 따라서 의류 구입 가격을 기준으로 해당 의류의 내용연수와 사용일수를 고려한 배상비율만큼 요구할 수 있으며, Set 의류의 배상액 배분은 다음의 기준을 따릅니다.    *배상액 = 물품구입가격 × 배상비율(소비자분쟁해결기준 상 배상비율표 참조)    - 상·하의가 한 Set인 경우: 상의 65%, 하의 35%    - 상·중·하의가 한 Set인 경우: 상의 55%, 하의 35%, 중의 10%    - 한복 중 치마저고리, 바지저고리: 상의 65%, 하의 35%    - 세트의류라 하더라도 각각의 가격이 정해져 있는 경우는 그 가격에 따름"
195, 기타세탁서비스, 세탁서비스_세트제품 손해배상액 산정 기준,털이 달린 회색 코트 세탁를 의뢰하였으나 인도받고 확인해본 결과 털 일부가 검은색으로 변색되었습니다. 세탁 과정에서 발생한 하자로 확인된 경우에 배상을 요구할 수 있나요?,"탈부착용 부속물(털, 칼라, 모자 등)이 손상된 경우는 동 부속물만을 대상으로 배상액을 결정하지만, 부속물이 해당 의류의 기능 발휘에 없어서는 안 될 필수적인 경우(방한복의 모자 등)에는 의류 전체를 기준으로 배상액을 산정합니다.   소비자가 사업자에게 의류의 세탁을 의뢰하고 그 결과에 대하여 보수를 지급하는 것은 「민법」 제664조(도급의 의의)에서 정한 도급계약으로 볼 수 있으며, 동법 제667조(수급인의 담보책임)에 따르면 완성된 목적물의 하자가 있는 때에 도급인이 그 하자의 보수를 청구할 수 있고 보수에 갈음하여 또는 보수와 함께 손해배상을 청구할 수 있도록 규정하고 있습니다.    또한, 사업자는 세탁물을 인수할 때 세탁물의 하자 여부나 기타 소재의 특징에 대해 파악하여 세탁을 진행하는 등 선량한 관리자의 주의의무를 부담하여야 하는데, 해당 의무를 다하지 않아 세탁 과정에서 의류가 손상되었다면 사업자는 원상회복하거나 그 손해를 배상할 책임이 있습니다.    따라서, 배상액에 대하여는 공정거래위원회가 고시한 세탁업 관련 ‘소비자분쟁해결기준’에 따라서 의류 구입 가격을 기준으로 해당 의류의 내용연수와 사용일수를 고려한 배상비율만큼 요구할 수 있다고 판단됩니다.    *배상액 = 물품구입가격 × 배상비율(소비자분쟁해결기준 상 배상비율표 참조)"
196, 기타세탁서비스, 세탁서비스_내용연수 경과,구입한 지 5년 된 코트를 세탁 의뢰하였으나 세탁 후 심하게 버블현상이 발생하였습니다. 구제 방법이 있나요?,"양복의 내용연수(하복 3년, 춘추복·동복 4년)가 경과하면서 원단의 자연 취화 및 노화로 자연스럽게 발생할 수 있는 것으로 추측되어 원단불량 등 제품하자 또는 세탁 과정에서 발생한 하자로 보기 어렵습니다.   섬유제품의 소재 특성으로 인하여 자연스럽게 발생하는 현상이나 내용연수(제품의 수명) 경과로 인해 발생한 제품의 하자는 과실로 보기 어려우므로 피해구제 처리대상이 아닙니다. 여기서 내용연수는 ‘소비자분쟁해결기준’에서 정하는 품목별 내용연수를 따르며 착용 횟수와는 관계가 없습니다.   소재 특성으로 인한 자연스러운 현상의 대표적인 사례로 알파카의 털 빠짐, 토끼털의 모근 약함, 면소재와 청바지의 물 빠짐, 한복의 흰줄 발생, 신발 밑창 닳음 등이 있으며, 정도가 심한 경우 책임소재를 따질 수 있으나 해당 현상을 품질불량으로 보기 어려운 경우가 많습니다. 또한, 내용연수가 경과한 제품은 제품의 수명이 다하여 발생한 자연 손상으로 보아 하자를 주장하기 어려울 수 있습니다."
197, 기타세탁서비스, 세탁서비스_세탁방법 부적합,세탁소에 코트 드라이클리닝 의뢰하였는데 물세탁을 하여 코트 바깥쪽 원단이 심하게 수축되었습니다. 구제 방법이 있나요?,"부적합한 방법으로 세탁하였을 때 섬유제품에 변색, 변형, 경화 등의 하자가 나타날 수 있습니다. 세탁방법을 지키지 않아서 발생하는 하자는 세탁한 자의 책임이 되며, 세탁취급표시대로 세탁했음에도 하자가 발생하였을 경우에는 제조판매업체의 책임으로 판단할 수 있습니다.   세탁을 의뢰한 후 인도받은 물품에 하자가 발생하였을 경우에는 우선적으로 제조사나 구입처, 세탁소에 문제점을 제기하고, 하자의 원인 및 책임 소재에 대하여 분쟁이 발생한 경우에는 전문가(심의기구 등)에게 의뢰하여 의견을 구하는 것이 좋으며 품질 시험검사가 가능한 경우에는 이를 통해 보다 정확한 원인규명을 해볼 수 있습니다.   해당 제품이 원단불량 등 제품하자로 판명된 경우 공정거래위원회가 고시한 의복류 관련 ‘소비자분쟁해결기준’에 따라 수선이 가능한 경우에는 무상수선, 수선이 불가한 경우에는 동종 제품으로의 교환, 동종 제품이 없는 경우에는 환급을 요구할 수 있으며, 수선이 가능한 경우임에도 불구하고 소비자가 구입가의 환급을 요구하는 경우에 사업자는 이를 거부할 수 있습니다. 반면, 세탁 과정에서 발생한 하자로 판명날 경우 세탁사업자에게 원상회복, 불가능할 시 손해배상을 요구할 수 있습니다.   ※ 한국소비자원에서는 섬유·세탁 품질하자 유무 및 원인 규명을 위하여 해당 분야 전문가로 구성된 ‘섬유제품심의위원회’를 운영하고 있으며, 해당 심의·자문 결과(책임소재, 심의내용 등)를 토대로 공정거래위원회가 고시한 ‘소비자분쟁해결기준’에 따라 피해보상에 관한 합의를 권고할 수 있습니다. 다만, 심의·자문 결과는 당사자 간 분쟁 해결에 있어 근거자료로 활용되나 법적 강제력은 없습니다."
198, 기타숙박시설, 계약해제·해지_성수기 주중_소비자 귀책 사유,성수기 주중으로 카라반 글램핑을 예약하고 개인 사정으로 사용예정일 8일 전에 예약취소를 하였으나 사업자는 50%를 공제한 후 환급이 가능하다고 주장합니다. 구제 방법이 있나요?,"소비자의 개인 사정에 의하여 사용예정일 7일 전까지 취소를 요구하였으므로 총 요금의 10%를 공제한 후 환급을 요구할 수 있습니다.   공정거래위원회가 고시한 숙박업 관련 ‘소비자분쟁해결기준’에 따르면 성수기 주중 소비자의 책임있는 사유로 인한 계약해제의 경우 사용예정일을 기준으로 계약해제 시기에 따라 위약금에 차이가 있으며, 이를 공제한 후 환급하도록 규정하고 있습니다.    - 사용예정일 10일 전까지 취소 또는 계약체결 당일 취소: 계약금 환급    - 사용예정일 7일 전까지 취소: 총 요금의 10% 공제 후 환급    - 사용예정일 5일 전까지 취소: 총 요금의 30% 공제 후 환급    - 사용예정일 3일 전까지 취소: 총 요금의 50% 공제 후 환급    - 사용예정일 1일 전까지 또는 사용예정일 당일 취소: 총 요금의 80% 공제 후 환급   여기서 말하는 성수기는 사업자가 약관에 표시한 기간을 적용하되 약관에 관련 내용이 없는 경우에는 여름(7.15~8.24), 겨울(12.20~2.20) 시즌을 뜻하며, 금요일·토요일 숙박, 공휴일 전일 숙박을 제외한 나머지를 주중으로 봅니다.   ※ 숙박업체의 환급 규정이 공정거래위원회가 고시한 숙박업 관련 ‘소비자분쟁해결기준’과 ‘표준약관’보다 소비자에게 불리하게 정해진 경우 관련 법규에 위반되지 않는 범위 내에서 소비자에게 설명하고 별도의 확인을 받았다면 특약으로 인정될 수 있으며, 해당 특약이 「약관의 규제에 관한 법률」 제9조에 의한 ‘계약의 해지 시 고객의 원상회복의무를 상당한 이유 없이 과중하게 부담시키거나 원상회복 청구권을 부당하게 포기하도록 하는 조항’으로써 무효로 볼 수 없을 경우에는 사업자의 주장대로 공제 후 환급이 될 수도 있습니다."
199, 기타숙박시설, 계약해제·해지_성수기 주중_사업자 귀책 사유,성수기 주중으로 카라반 글램핑을 예약하였으나 사업자의 숙박 시스템 오류로 이중예약이 되어 사용예정일 6일 전에 일방적으로 예약을 취소하였습니다. 구제 방법이 있나요?,"사업자의 귀책 사유로 사용예정일 5일 전까지 취소를 요구하였으므로 계약금 환급과 총 요금의 30% 배상을 요구할 수 있습니다.   공정거래위원회가 고시한 숙박업 관련 ‘소비자분쟁해결기준’에 따르면 성수기 주중 사업자의 귀책 사유로 인한 계약해제의 경우 사용예정일을 기준으로 계약해제 시기에 따라 배상액에 차이가 있으며, 계약금 환급 이외에 해당 배상액을 지급하도록 규정하고 있습니다.    - 사용예정일 10일 전까지 취소: 계약금 환급    - 사용예정일 7일 전까지 취소: 계약금 환급 및 총 요금의 10% 배상    - 사용예정일 5일 전까지 취소: 계약금 환급 및 총 요금의 30% 배상    - 사용예정일 3일 전까지 취소: 계약금 환급 및 총 요금의 50% 배상    - 사용예정일 1일 전까지 또는 사용예정일 당일 취소: 손해배상   여기서 말하는 성수기는 사업자가 약관에 표시한 기간을 적용하되 약관에 관련 내용이 없는 경우에는 여름(7.15~8.24), 겨울(12.20~2.20) 시즌을 뜻하며, 금요일·토요일 숙박, 공휴일 전일 숙박을 제외한 나머지를 주중으로 봅니다.   또한, 「민법」 제390조에 따르면 채무자가 채무의 내용에 좇은 이행을 하지 아니한 때에는 채권자는 손해배상을 청구할 수 있도록 규정하고 있으므로 이에 근거하여 배상을 요구할 수도 있습니다."
200, 기타숙박시설, 계약해제·해지_성수기 주말_소비자 귀책 사유,성수기 주말로 카라반 글램핑을 예약하고 개인 사정으로 사용예정일 4일 전에 예약취소를 하였으나 사업자는 취소가 불가능하다고 주장합니다. 구제 방법이 있나요?,"소비자의 개인 사정에 의하여 사용예정일 4일 전까지 취소를 요구하였으므로 총 요금의 60%를 공제한 후 환급을 요구할 수 있습니다.   공정거래위원회가 고시한 숙박업 관련 ‘소비자분쟁해결기준’에 따르면 성수기 주말 소비자의 책임있는 사유로 인한 계약해제의 경우 사용예정일을 기준으로 계약해제 시기에 따라 위약금에 차이가 있으며, 이를 공제한 후 환급하도록 규정하고 있습니다.    - 사용예정일 10일 전까지 취소 또는 계약체결 당일 취소: 계약금 환급    - 사용예정일 7일 전까지 취소: 총 요금의 20% 공제 후 환급    - 사용예정일 5일 전까지 취소: 총 요금의 40% 공제 후 환급    - 사용예정일 3일 전까지 취소: 총 요금의 60% 공제 후 환급    - 사용예정일 1일 전까지 또는 사용예정일 당일 취소: 총 요금의 90% 공제 후 환급   여기서 말하는 성수기는 사업자가 약관에 표시한 기간을 적용하되 약관에 관련 내용이 없는 경우에는 여름(7.15~8.24), 겨울(12.20~2.20) 시즌을 뜻하며, 금요일·토요일 숙박, 공휴일 전일 숙박을 주말로 봅니다.   ※ 숙박업체의 환급 규정이 공정거래위원회가 고시한 숙박업 관련 ‘소비자분쟁해결기준’과 ‘표준약관’보다 소비자에게 불리하게 정해진 경우 관련 법규에 위반되지 않는 범위 내에서 소비자에게 설명하고 별도의 확인을 받았다면 특약으로 인정될 수 있으며, 해당 특약이 「약관의 규제에 관한 법률」 제9조에 의한 ‘계약의 해지 시 고객의 원상회복의무를 상당한 이유 없이 과중하게 부담시키거나 원상회복 청구권을 부당하게 포기하도록 하는 조항’으로써 무효로 볼 수 없을 경우에는 사업자의 주장대로 공제 후 환급이 될 수도 있습니다."
201, 기타숙박시설, 계약해제·해지_성수기 주말_사업자 귀책 사유,성수기 주말로 카라반 글램핑을 예약하였으나 사업자의 숙박 시스템 오류로 이중예약이 되어 사용예정일 3일 전에 일방적으로 예약을 취소하였습니다. 구제 방법이 있나요?,"사업자의 귀책 사유로 사용예정일 3일 전까지 취소를 요구하였으므로 계약금 환급과 총 요금의 60% 배상을 요구할 수 있습니다.   공정거래위원회가 고시한 숙박업 관련 ‘소비자분쟁해결기준’에 따르면 성수기 주말 사업자의 귀책 사유로 인한 계약해제의 경우 사용예정일을 기준으로 계약해제 시기에 따라 배상액에 차이가 있으며, 계약금 환급 이외에 해당 배상액을 지급하도록 규정하고 있습니다.    - 사용예정일 10일 전까지 취소: 계약금 환급    - 사용예정일 7일 전까지 취소: 계약금 환급 및 총 요금의 20% 배상    - 사용예정일 5일 전까지 취소: 계약금 환급 및 총 요금의 40% 배상    - 사용예정일 3일 전까지 취소: 계약금 환급 및 총 요금의 60% 배상    - 사용예정일 1일 전까지 또는 사용예정일 당일 취소: 손해배상   여기서 말하는 성수기는 사업자가 약관에 표시한 기간을 적용하되 약관에 관련 내용이 없는 경우에는 여름(7.15~8.24), 겨울(12.20~2.20) 시즌을 뜻하며, 금요일·토요일 숙박, 공휴일 전일 숙박을 주말로 봅니다.   또한, 「민법」 제390조에 따르면 채무자가 채무의 내용에 좇은 이행을 하지 아니한 때에는 채권자는 손해배상을 청구할 수 있도록 규정하고 있으므로 이에 근거하여 배상을 요구할 수도 있습니다."
202, 기타숙박시설, 계약해제·해지_비수기 주중_소비자 귀책 사유,비수기 주중으로 리조트를 예약하고 개인 사정으로 사용예정일 8일 전에 예약취소를 하였으나 사업자는 50%를 공제한 후 환급이 가능하다고 주장합니다. 구제 방법이 있나요?,"소비자의 개인 사정에 의하여 사용예정일 2일 전까지 취소를 요구하였으므로 계약금 환급을 요구할 수 있습니다.   공정거래위원회가 고시한 숙박업 관련 ‘소비자분쟁해결기준’에 따르면 비수기 주중 소비자의 책임있는 사유로 인한 계약해제의 경우 사용예정일을 기준으로 계약해제 시기에 따라 위약금에 차이가 있으며, 이를 공제한 후 환급하도록 규정하고 있습니다.    - 사용예정일 2일 전까지 취소: 계약금 환급    - 사용예정일 1일 전까지 취소: 총 요금의 10% 공제 후 환급    - 사용예정일 당일 취소 또는 연락 없이 불참: 총 요금의 20% 공제 후 환급   여기서 말하는 비수기는 사업자가 약관에 표시한 기간을 적용하되 약관에 관련 내용이 없는 경우에는 여름(7.15~8.24), 겨울(12.20~2.20) 시즌을 제외한 나머지를 뜻하며, 금요일·토요일 숙박, 공휴일 전일 숙박을 제외한 나머지를 주중으로 봅니다.   ※ 숙박업체의 환급 규정이 공정거래위원회가 고시한 숙박업 관련 ‘소비자분쟁해결기준’과 ‘표준약관’보다 소비자에게 불리하게 정해진 경우 관련 법규에 위반되지 않는 범위 내에서 소비자에게 설명하고 별도의 확인을 받았다면 특약으로 인정될 수 있으며, 해당 특약이 「약관의 규제에 관한 법률」 제9조에 의한 ‘계약의 해지 시 고객의 원상회복의무를 상당한 이유 없이 과중하게 부담시키거나 원상회복 청구권을 부당하게 포기하도록 하는 조항’으로써 무효로 볼 수 없을 경우에는 사업자의 주장대로 공제 후 환급이 될 수도 있습니다."
203, 기타숙박시설, 계약해제·해지_비수기 주중_사업자 귀책 사유,비수기 주중으로 리조트를 예약하였으나 사업자의 숙박 시스템 오류로 이중예약이 되어 사용예정일 1일 전에 일방적으로 예약을 취소하였습니다. 구제 방법이 있나요?,"사업자의 귀책 사유로 사용예정일 1일 전까지 취소를 요구하였으므로 계약금 환급과 총 요금의 10% 배상을 요구할 수 있습니다.   공정거래위원회가 고시한 숙박업 관련 ‘소비자분쟁해결기준’에 따르면 비수기 주중 사업자의 귀책 사유로 인한 계약해제의 경우 사용예정일을 기준으로 계약해제 시기에 따라 배상액에 차이가 있으며, 계약금 환급 이외에 해당 배상액을 지급하도록 규정하고 있습니다.    - 사용예정일 2일 전까지 취소: 계약금 환급    - 사용예정일 1일 전까지 취소: 계약금 환급 및 총 요금의 10% 배상    - 사용예정일 당일 취소: 계약금 환급 및 총 요금의 20% 배상   여기서 말하는 비수기는 사업자가 약관에 표시한 기간을 적용하되 약관에 관련 내용이 없는 경우에는 여름(7.15~8.24), 겨울(12.20~2.20) 시즌을 제외한 나머지를 뜻하며, 금요일·토요일 숙박, 공휴일 전일 숙박을 제외한 나머지를 주중으로 봅니다.   또한, 「민법」 제390조에 따르면 채무자가 채무의 내용에 좇은 이행을 하지 아니한 때에는 채권자는 손해배상을 청구할 수 있도록 규정하고 있으므로 이에 근거하여 배상을 요구할 수도 있습니다."
204, 기타숙박시설, 계약해제·해지_비수기 주말_소비자 귀책 사유,비수기 주말로 리조트를 예약하고 개인 사정으로 사용예정일 8일 전에 예약취소를 하였으나 사업자는 50%를 공제한 후 환급이 가능하다고 주장합니다. 구제 방법이 있나요?,"소비자의 개인 사정에 의하여 사용예정일 2일 전까지 취소를 요구하였으므로 계약금 환급을 요구할 수 있습니다.   공정거래위원회가 고시한 숙박업 관련 ‘소비자분쟁해결기준’에 따르면 비수기 주말 소비자의 책임있는 사유로 인한 계약해제의 경우 사용예정일을 기준으로 계약해제 시기에 따라 위약금에 차이가 있으며, 이를 공제한 후 환급하도록 규정하고 있습니다.    - 사용예정일 2일 전까지 취소: 계약금 환급    - 사용예정일 1일 전까지 취소: 총 요금의 20% 공제 후 환급    - 사용예정일 당일 취소 또는 연락없이 불참: 총 요금의 30% 공제 후 환급   여기서 말하는 비수기는 사업자가 약관에 표시한 기간을 적용하되 약관에 관련 내용이 없는 경우에는 여름(7.15~8.24), 겨울(12.20~2.20) 시즌을 제외한 나머지를 뜻하며, 금요일·토요일 숙박, 공휴일 전일 숙박을 주말로 봅니다.   ※ 숙박업체의 환급 규정이 공정거래위원회가 고시한 숙박업 관련 ‘소비자분쟁해결기준’과 ‘표준약관’보다 소비자에게 불리하게 정해진 경우 관련 법규에 위반되지 않는 범위 내에서 소비자에게 설명하고 별도의 확인을 받았다면 특약으로 인정될 수 있으며, 해당 특약이 「약관의 규제에 관한 법률」 제9조에 의한 ‘계약의 해지 시 고객의 원상회복의무를 상당한 이유 없이 과중하게 부담시키거나 원상회복 청구권을 부당하게 포기하도록 하는 조항’으로써 무효로 볼 수 없을 경우에는 사업자의 주장대로 공제 후 환급이 될 수도 있습니다."
205, 기타숙박시설, 계약해제·해지_비수기 주말_사업자 귀책 사유,비수기 주말로 리조트를 예약하였으나 사업자의 숙박 시스템 오류로 이중예약이 되어 사용예정일 1일 전에 일방적으로 예약을 취소하였습니다. 구제 방법이 있나요?,"사업자의 귀책 사유로 사용예정일 1일 전까지 취소를 요구하였으므로 계약금 환급과 총 요금의 20% 배상을 요구할 수 있습니다.   공정거래위원회가 고시한 숙박업 관련 ‘소비자분쟁해결기준’에 따르면 비수기 주말 사업자의 귀책 사유로 인한 계약해제의 경우 사용예정일을 기준으로 계약해제 시기에 따라 배상액에 차이가 있으며, 계약금 환급 이외에 해당 배상액을 지급하도록 규정하고 있습니다.    - 사용예정일 2일 전까지 취소: 계약금 환급    - 사용예정일 1일 전까지 취소: 계약금 환급 및 총 요금의 20% 배상    - 사용예정일 당일 취소: 계약금 환급 및 총 요금의 30% 배상   여기서 말하는 비수기는 사업자가 약관에 표시한 기간을 적용하되 약관에 관련 내용이 없는 경우에는 여름(7.15~8.24), 겨울(12.20~2.20) 시즌을 제외한 나머지를 뜻하며, 금요일·토요일 숙박, 공휴일 전일 숙박을 주말로 봅니다.   또한, 「민법」 제390조에 따르면 채무자가 채무의 내용에 좇은 이행을 하지 아니한 때에는 채권자는 손해배상을 청구할 수 있도록 규정하고 있으므로 이에 근거하여 배상을 요구할 수도 있습니다."
206, 기타숙박시설, 계약해제·해지_과다한 위약금 요구1,전자상거래로 당일(비수기 주중) 리조트 이용을 위해 요금을 입금하고 개인 사정으로 결제 후 5분 만에 예약취소를 요구하였으나 사업자는 당일 취소 시 예약금 전액 환급이 불가함을 사전에 고지하였음을 근거로 이를 거부하고 있습니다. 구제 방법이 있나요?,"숙박업 관련 ‘소비자분쟁해결기준’에 따라 비수기 주중에 소비자 귀책 사유로 사용예정일 당일 취소를 요구하였으므로 총 요금의 20%를 공제한 후 사업자에게 환급을 요구할 수 있습니다.   「전자상거래 등에서의 소비자보호에 관한 법률」 제19조(손해배상청구금액의 제한 등)에 따르면 소비자에게 책임이 있는 사유로 재화 등의 판매에 관한 계약이 해제된 경우, 통신판매업자는 그로 인하여 발생한 손해에 대하여 소비자에게 배상을 요구할 수 있는데, 이때 손해배상액은 구체적인 사정 및 통신판매업자와 소비자 간의 손해배상청구에 따른 분쟁의 원활한 해결을 위하여 공정거래위원회가 고시한 숙박업 관련 ‘소비자분쟁해결기준’에서 정한 기준에 따라 산정할 수 있습니다.   사업자가 사전에 고지한 약관을 통해 숙박 당일 계약을 해제하는 경우에 이용요금 전액을 손해배상액으로 정한 숙박업소 자체 규정에 대해, 이는 구체적으로 발생한 손해나 발생할 수 있는 손해의 가능성을 고려하지 아니하고 일률적으로 이용요금 전액을 손해배상액으로 하고 있어 소비자에게 부당하게 과중한 손해배상 의무를 부담시키거나 계약의 해제 또는 해지로 인한 사업자의 원상회복의무나 손해배상의무를 부당하게 경감하는 조항에 해당하므로, 「약관의 규제에 관한 법률」 제9조(계약의 해제·해지)에 따라 그 효력을 인정하기 어려울 수 있습니다."
207, 기타숙박시설, 계약해제·해지_과다한 위약금 요구2,제주도 리조트 예약 후 이용예정일 당일 해당 지역에 호우경보 및 호우주의보가 내려 폭우로 인해 항공기가 결항되어 리조트를 이용할 수 없어 당일 취소를 하고 환급을 요청하였으나 사업자는 당일 취소 시 예약금 전액 환급이 불가함을 사전에 고지하였음을 근거로 이를 거부하고 있습니다. 구제 방법이 있나요?,"기상청에서 해당 지역에 호우주의보를 발령한 사실이 있고, 이동 수단의 이용이 불가한 상황이므로 당일 숙박 시설 취소라 하더라도 선납한 이용대금 환급을 요구할 수 있습니다.   공정거래위원회가 고시한 숙박업 관련 ‘소비자분쟁해결기준’은 기후변화 및 천재지변으로 소비자의 숙박지역 이동 또는 숙박업소 이용이 불가하여 숙박 당일 취소 시에는 계약금을 환급하도록 규정하고 있으며, 기후변화 또는 천재지변으로 숙박업소 이용이 불가한 경우로는 기상청이 강풍·풍량·호우 등의 주의보나 경보를 발령한 경우로 한정한다고 규정하고 있습니다.   당일 취소 시 어떠한 경우에도 이용대금을 환급하지 않는다고 규정한 사업자의 약관 조항은 소비자에게 과도한 손해배상 의무를 부담시키는 것으로 「약관의 규제에 관한 법률」 제8조(손해배상액의 예정)에 따라 그 효력을 인정하기 어렵다고 판단될 수 있으며, 공정거래위원회가 고시한 숙박업 관련 ‘소비자분쟁해결기준’에 따라 환급 여부를 정할 수 있습니다."
208, 기타숙박시설, 계약해제·해지_코로나 관련1,카라반 글램핑을 예약한 후 사용예정일 이전에 정부의 사회적 거리두기 수도권지역 4단계 시행이 발표되자 계약해제를 요청하였으나 사업자는 70%를 공제한 후 환급이 가능하다고 주장합니다. 구제 방법이 있나요?,"사회적 거리두기 4단계 시행이 발표되어 계약을 이행할 수 없는 상황이므로 위약금 없이 계약금 환급을 요구할 수 있습니다.   공정거래위원회가 고시한 숙박업 관련 ‘소비자분쟁해결기준’은 1급 감염병 발생으로 계약체결 이후 필수 사회·경제활동 이외의 활동이 사실상 제한(사회적 거리두기 3단계 및 이에 준하는 조치)되어 계약을 이행할 수 없을 때 양 당사자 간에 합의가 이루어져 숙박예정일 연기 등의 계약내용이 변경될 경우 사업자는 위약금 없이 계약내용을 변경해야하며, 소비자가 계약해제를 요구할 경우에는 위약금 없이 계약금을 환급하도록 규정하고 있습니다."
209, 기타숙박시설, 계약해제·해지_코로나 관련2,성수기 주말로 리조트를 예약한 후 코로나19 확진자 수 급증으로 걱정되어 사용예정일 7일 전에 계약해제를 요청하였으나 사업자는 숙박일이 임박했다는 이유로 50%를 공제한 후 환급이 가능하다고 주장합니다. 구제 방법이 있나요?,"정부의 강화된 사회적 거리두기 등에 의해 숙박시설을 이용할 수 없는 상황이 아니라 코로나19 확진자 수 급증에 대한 단순한 우려는 위약금 감경 사유에 해당되지 않으므로, ‘소비자분쟁해결기준’에 에 의거하여 성수기 주말에 사용예정일 7일 전까지 취소를 요구하였으므로 총 요금의 20%를 공제한 후 환급을 요구할 수 있습니다.   공정거래위원회가 고시한 숙박업 관련 ‘소비자분쟁해결기준’은 1급 감염병 발생으로 계약체결 이후 필수 사회·경제활동 이외의 활동이 사실상 제한(사회적 거리두기 3단계 및 이에 준하는 조치)되어 계약을 이행할 수 없을 때 양 당사자 간에 합의가 이루어져 숙박예정일 연기 등의 계약 내용이 변경될 경우 사업자는 위약금 없이 계약 내용을 변경해야하며, 소비자가 계약해제를 요구할 경우에는 위약금 없이 계약금을 환급하도록 규정하고 있습니다.   ※ 숙박업체의 환급 규정이 공정거래위원회가 고시한 숙박업 관련 ‘소비자분쟁해결기준’과 ‘표준약관’보다 소비자에게 불리하게 정해진 경우 관련 법규에 위반되지 않는 범위 내에서 소비자에게 설명하고 별도의 확인을 받았다면 특약으로 인정될 수 있으며, 해당 특약이 「약관의 규제에 관한 법률」 제9조에 의한 ‘계약의 해지 시 고객의 원상회복의무를 상당한 이유 없이 과중하게 부담시키거나 원상회복 청구권을 부당하게 포기하도록 하는 조항’으로써 무효로 볼 수 없을 경우에는 사업자의 주장대로 공제 후 환급이 될 수도 있습니다."
210, 기타숙박시설, 계약해제·해지_글로벌 숙박 예약 대행 사이트,한국어 피해처리 창구가 없는 글로벌 숙박 예약 대행 사이트를 통해 해외 호텔을 예약했다가 개인 사정으로 예약취소를 요청하였으나 ‘환급불가’ 상품이므로 이를 거부하였습니다. 구제 방법이 있나요?,"한국어 피해처리 창구가 없는 글로벌 숙박 예약 대행 사이트는 우리원의 분쟁해결절차에 참여를 강제하기 어려워 분쟁 해결이 어려울 수 있습니다.   따라서, 해외사업자를 통해 숙박을 예약하는 등 과정 중에서 발생한 소비자 불만 및 피해는 한국소비자원에서 운영하는 국제거래소비자포털(http://www.crossborder.kca.go.kr)에 상담 신청하여 주시기 바랍니다.   한편, 사업자 연락 두절 및 사이트 폐쇄 등의 문제가 발생할 경우 증거 자료를 모아 신용카드사에 차지백 서비스(국제거래에서 소비자가 피해를 입은 경우 신용카드사에 이미 승인된 거래를 취소 요청할 수 있는 서비스)를 신청할 수 있습니다."
211, 기타숙박시설, 표시·광고_광고와 차이가 있는 리조트,"소셜커머스로 리조트를 예약하고 방문하였으나 광고와 달리 평수도 작고 객실 내 욕실도 없으며, 청소가 제대로 되어 있지 않았습니다. 이에 도저히 리조트 이용이 어려워 대금 환급을 요구하였으나 리조트 자체에 문제가 있는 것은 아니지만 고객관리 차원에서 소셜커머스 업체에 지급한 수수료 20%를 공제한 잔액을 환급하겠다고 주장합니다. 구제 방법이 있나요?","사업자의 사이트에 게시한 광고사진과 실제 객실의 평실, 객실 내 욕실 여부, 위생 상태가 다름이 인정된다면 사업자에게 구입가 환급을 요구할 수 있습니다.   「전자상거래 등에서의 소비자보호에 관한 법률」 제17조(청약철회등) 제3항에 따르면 소비자는 제1항 및 제2항에도 불구하고 재화 등의 내용이 표시ㆍ광고의 내용과 다르거나 계약 내용과 다르게 이행된 경우에는 그 재화 등을 공급받은 날부터 3개월 이내, 그 사실을 안 날 또는 알 수 있었던 날부터 30일 이내에 청약철회 등을 할 수 있다고 규정하고 있습니다.    따라서, ‘전자상거래법’ 제17조 제3항 및 공정거래위원회가 고시한 숙박업 관련 ‘소비자분쟁해결기준’에 따라 거짓, 과장 또는 기만적인 표시·광고를 한 경우 신청인은 사업자에게 구입가 환급을 요구할 수 있다고 판단됩니다.   다만, 허위 광고를 입증할 수 있는 입증자료를 함께 제시하여야 합니다. "
212, 기타숙박시설, 안전_안전사고,"카라반 글램핑 이용 중 샤워를 하기 위해 물을 틀었는데, 갑자기 뜨거운 물이 나와 피부에 약한 화상을 입었습니다. 구제 방법이 있나요?","숙박시설 이용 중 신체상 피해를 입게된 경우 시설물의 하자 여부에 손해배상 책임 소재가 달라질 수 있습니다.   「민법」 제758조(공작물등의 점유자, 소유자의 책임)에 따르면 공작물의 설치 또는 보존의 하자로 인하여 타인에게 손해를 가한 때에는 공작물 점유자가 손해를 배상할 책임이 있으나 점유자가 손해의 방지에 필요한 주의를 해태하지 아니한 때에는 그 소유자가 손해를 배상할 책임이 있는 것으로 규정하고 있습니다. 여기서 말하는 공작물의 설치·보존상의 하자라 함은 공작물이 그 용도에 따라 통상 갖춰야 할 안전성을 갖추지 못한 상태를 말하는 것으로 이와 같은 안전성의 구비 여부를 판단함에 있어서는 당해 공작물의 설치·보존자가 그 공작물의 위험성에 비례해 사회 통념상 일반적으로 요구되는 정도의 방호조치 의무를 다했는지의 여부를 기준으로 판단합니다(대법원 2010.2.11.선고2008다61615 판결).   따라서, 욕실에서 갑자기 뜨거운 물이 나와 화상을 입은 것의 원인이 시설물의 하자인지, 사업자의 주의 의무 해태인지, 소비자의 부주의인지에 대한 판단이 필요하며, 이에 따라 손해배상 책임 소재가 다를 수 있다고 판단됩니다."
213, 기타숙박시설, 안전_주차사고,"리조트 지하 주차장에 차량을 주차하고 체크아웃 시 차량의 우측 휀더 부위가 일부 파손된 것을 확인하고 CCTV 확인 및 배상을 요구하였으나, 사업자는 CCTV 사각지대로 영상을 확인할 수 없으며 주차장에서 파손되었다는 증거가 없다는 근거로 이를 거부하였습니다. 구제 방법이 있나요?","사업자의 선량한 관리자의 주의의무 위반으로 확인될 경우 손해배상을 요구할 수 있습니다.   사업자가 주차장 내벽 곳곳에 차량 추돌 주의 안내문을 부착했거나 주차관리요원을 상시로 두는 등 관리자의 주의의무를 다했는지, 자동차점검정비내역서 등을 통해 입차 전 차량이 파손되었을 가능성이 있는지 등을 종합적으로 고려하여 책임 여부를 판단하는 것이 필요합니다.   리조트 주차장은 「주차장법」에 명시된 부설주차장으로서 동법 제10조의2(노상주차장관리자의 책임)에 따라 주차장 관리자는 주차장을 성실히 관리·운영하여야 하고, 주차장에 주차하는 자동차의 보관에 관하여 선량한 관리자의 주의의무를 게을리하지 아니하였음을 증명한 경우를 제외하고는 그 자동차의 멸실 또는 훼손으로 인한 손해배상의 책임이 있는 것으로 규정하고 있습니다. "
214, 기타숙박시설, 가격_가격기재 오류,"인터넷으로 리조트 예약을 하고 10만원을 입금하였는데, 다음날 사업자가 전화하여 예약 사이트 서버 문제로 금액에 오류가 있었다며 추가로 10만원을 입금하던지 아니면 예약을 취소할 것을 주장하였습니다. 구제 방법이 있나요?","인터넷 상 가격 표시 오류로 인한 분쟁 발생 시, 표시된 가격이 착오임을 알 수 있었다면 계약이행을 강요하기 어렵습니다.   「민법」 제109조(착오로 인한 의사표시)에 따르면 계약 내용 중 중요한 부분에 고의성이 없는 의사표시 착오로 인한 계약은 취소할 수 있도록 규정하고 있습니다. 또한, 「전자상거래 등에서의 소비자보호에 관한 법률」 제15조(재화등의 공급 등)에 따르면 사업자가 청약을 받은 재화를 공급하기 곤란하다는 것을 알았을 때 ’그 사유를 소비자에게 알리고 대금을 3영업일 이내에 환급하거나 해당 조치를 해야 한다‘고 규정하고 있습니다.   따라서, 사업자는 계약체결 및 결제 다음 날 소비자에게 ’고지 및 환급‘ 조치를 진행하였으며, 잘못된 가격을 안내한 것에 고의성이 없다는 것을 증명한 경우에는 소비자는 계약이행을 주장하기 어렵다고 판단됩니다."
215, 기타신발·용품, 계약해제·해지_일반매장 구입,보세 매장에서 작업화를 구입하고 당일 환급을 요구하였으나 사업자는 환급이 불가하다는 자사 방침을 사전에 고지했다며 거부하고 있습니다. 환급을 받을 수 있나요?,"사업자가 환급 불가라는 자사 방침을 충분히 설명하였고, 이에 소비자가 동의하였을 경우에는 환급을 요구하는 것이 어렵습니다.   공정거래위원회가 고시한 신발 관련 ‘소비자분쟁해결기준’에 따르면, 치수(사이즈)가 맞지 않거나 디자인·색상에 불만이 발생했을 때 제품 구입 후 7일 이내로서 제품에 손상이 없는 경우에 한하여 교환 또는 환급을 요구할 수 있습니다. 다만, 구매 당시 교환 및 환급 불가 사실을 판매자가 명시적으로 표기 또는 고지를 하였다면 당사자 간에 이러한 내용의 계약을 체결한 것으로 보아 교환 및 환급을 요구하기 어렵다고 판단됩니다.   일반매장에서 상품 구입 후 교환 및 반품과 관련된 분쟁이 자주 발생하는데, 매장의 환급 규정, 교환 가능 유무 등을 꼼꼼히 확인 후 상품을 구입할 필요가 있습니다."
216, 기타신발·용품, 계약해제·해지_가격기재 오류,"전자상거래로 5,000원 특가 아쿠아슈즈를 주문하였으나 이틀 후 사업자가 50,000원을 5,000원으로 잘못 기재하였다고 주장하면서 일방적으로 주문 취소를 해버렸습니다. 계약이행을 주장할 수 있나요?","계약이행을 주장하기 어렵습니다.   「민법」 제109조(착오로 인한 의사표시)에 따르면 계약은 신의성실의 원칙에 따라 이행되어야 하나, 의사표시 당사자가 중요 부분에 착오가 있었다면 취소할 수 있습니다. 또한, 「전자상거래 등에서의 소비자보호에 관한 법률」 제15조(재화등의 공급 등)에 따르면 사업자가 청약을 받은 재화를 공급하기 곤란하다는 것을 알았을 때 그 사유를 소비자에게 알리고 대금을 3영업일 이내에 환급하거나 해당 조치를 하도록 규정하고 있습니다.   따라서, 제품 가격 5,000원이 통상가격의 10% 이하 가격인 점을 감안하면 사업자의 착오 주장은 인정될 수 있으며, 사업자는 계약체결 및 결제 이틀 이내 소비자에게 ’고지 및 환급‘ 조치를 완료했으므로 사업자의 계약취소 요구에 대해 소비자가 계약이행을 주장하기는 어렵다고 판단됩니다."
217, 기타신발·용품, 계약해제·해지_정품 의심,"전자상거래로 명품 아쿠아슈즈를 구입한 후 정품이 아닌 것 같은 느낌이 들어 환급을 요구하였으나, 사업자는 가품이라는 말에 화를 내며 환급을 거부합니다. 환급을 받을 수 있나요?","청약철회 기간이 경과한 후에는 가품이 의심되는 주관적인 추측, 정황만으로는 환급을 요구하기 어렵습니다.   「전자상거래 등에서의 소비자보호에 관한 법률」 제17조(청약철회등)에 따르면 소비자는 전자상거래로 구입한 제품에 대하여 공급받은 날로부터 7일 이내(표시·광고의 내용과 다르거나 계약 내용과 다르게 이행된 경우에는 공급받은 날부터 3개월, 사실을 안 날 또는 알 수 있었던 날부터 30일 이내)에 청약철회를 요청할 수 있으나, 해당 제품이 재판매가 불가할 정도로 훼손된 경우에는 청약철회를 제한하도록 규정하고 있습니다.   이 사안에서 청약철회 기간 내에 환급을 요구할 경우에는 단순 변심에 따른 청약철회가 가능하며, 청약철회 기간이 경과한 후 환급을 요구할 경우에는 가품이 의심되는 주관적인 추측만으로는 청약철회를 요구하기 어렵다고 판단됩니다.   다만, 육안상 가품으로 의심되는 경우에는 감정기관의 가품판정서, 상표권자의 가품확인서 등을 가품 입증자료를 확보하면 피해구제 신청이 가능합니다."
218, 기타신발·용품, 청약철회_배송 지연,전자상거래로 깔창을 구입한 후 몇 주가 지나도 배송이 되지 않아 환급을 요구하였으나 사업자는 현재 배송중이라며 이를 거부합니다. 송장번호도 확인이 안되는데 환급을 받을 수 있나요?,"환급을 요구할 수 있습니다.   「전자상거래 등에서의 소비자보호에 관한 법률」 제15조(재화등의 공급 등)에 따르면 사업자는 소비자가 청약을 한 날부터 7일 이내에 재화 등의 공급에 필요한 조치를 하여야 하고, 소비자가 재화 등의 대금을 전부 또는 일부를 지급한 날부터 3영업일 이내에 재화 등의 공급에 필요한 조치를 하여야 한다고 규정하고 있습니다. 또한, 청약을 받은 재화 등을 공급하기 곤란하다는 것을 알았을 때에는 지체 없이 그 사유를 소비자에게 알려야 하고, 소비자가 그 대금의 전부 또는 일부를 지급한 날부터 3 영업일 이내에 환급하거나 환급에 필요한 조치를 하도록 규정하고 있습니다.   따라서, 사업자가 물품의 배송이 힘들 것으로 판단되었을 때 그에 따른 안내를 소비자에게 하여야 할 의무가 있음에도 불구하고 이를 고지하지 않고 배송 중이라는 사유로 청약철회를 거부하고 있으며, 청약철회의 효과와 동일하게 대금의 환급이 이루어져야 함에도 불구하고 이를 이행하고 있지 않은 것으로 판단됩니다. 따라서, 소비자는 사업자에게 환급을 요구할 수 있다고 판단됩니다.   통신판매업자에 대한 청약철회 의사표시 방법은 법률상 특별한 제한이 없으므로 전화, 서면, 전자문서 모두 가능합니다. 다만, 전화로 의사표시를 한 경우 간혹 판매자가 청약철회 요구를 받은 사실이 없다고 주장하는 경우가 있으므로, 쇼핑몰 게시판에 청약철회 의사를 표시하고 그 화면을 캡처하여 보관하거나 서면으로 발송하는 것이 좋습니다. 서면으로 발송한 경우에는 발송한 날에 그 효력이 발생합니다. 또한, 사업자에게 청약철회를 요청하였는데도 특별한 사유없이 이를 거부할 경우, 「전자상거래 등에서의 소비자보호에 관한 법률」 제18조(청약철회등의 효과)에 따라 신용카드로 대금을 결제하였다면 신용카드사에 처리를 요구할 수 있습니다."
219, 기타신발·용품," 청약철회_제품 훼손, 오염, 냄새","청약철회 의사를 밝히고 수령한 작업화를 그대로 반송하였으나, 사업자가 반송된 제품의 훼손, 오염, 냄새 등으로 인해 거부하고 있습니다. 청약철회가 가능한가요? ","사업자가 제품의 훼손, 오염, 냄새의 원인이 소비자에게 있다고 입증하지 못한다면 청약철회를 요구할 수 있습니다.   「전자상거래 등에서의 소비자보호에 관한 법률」 제17조(청약철회등) 제2항에 따르면 소비자의 책임 있는 사유로 재화 등이 멸실되거나 훼손된 경우, 소비자의 사용 또는 일부 소비로 재화 등의 가치가 현저히 감소한 경우와 같이 예외적인 경우 청약철회를 할 수 없다고 규정하고 있습니다.   재화 등의 훼손에 대하여 소비자의 책임이 있는지 여부에 관하여 다툼이 있는 경우에는 사업자가 이를 입증해야 하므로, 소비자는 사업자가 발송한 제품에 하자가 존재하지 않는다는 점에 대한 입증을 요구하고 이를 입증하지 못하는 한 청약철회를 요구할 수 있다고 판단됩니다.   통신판매업자에 대한 청약철회 의사표시 방법은 법률상 특별한 제한이 없으므로 전화, 서면, 전자문서 모두 가능합니다. 다만, 전화로 의사표시를 한 경우 간혹 판매자가 청약철회 요구를 받은 사실이 없다고 주장하는 경우가 있으므로, 쇼핑몰 게시판에 청약철회 의사를 표시하고 그 화면을 캡처하여 보관하거나 서면으로 발송하는 것이 좋습니다. 서면으로 발송한 경우에는 발송한 날에 그 효력이 발생합니다. 또한, 사업자에게 청약철회를 요청하였는데도 특별한 사유 없이 이를 거부할 경우, 「전자상거래 등에서의 소비자보호에 관한 법률」 제18조(청약철회등의 효과)에 따라 신용카드로 대금을 결제하였다면 신용카드사에 처리를 요구할 수 있습니다."
220, 기타신발·용품, 청약철회_주문제작,전자상거래로 아쿠아슈즈를 구입하고 단순 변심으로 청약철회를 요구하였으나 사업자는 주문 즉시 제작하는 ‘Order Made’ 상품임을 주장하면서 거절하고 있습니다. 청약철회가 가능한가요?,"사업자가 주문제작으로 청약철회가 어렵다는 사실을 고지하고 이에 소비자가 동의하였으며, 청약철회 시 중대한 피해가 예상된다는 것을 증명한 경우에는 청약철회를 요구하기 어렵습니다.   「전자상거래 등에서의 소비자보호에 관한 법률」 제17조(청약철회등)에 따르면 소비자의 청약철회 권리를 보호하고 있으나, ‘소비자의 사용 또는 책임 있는 사유로 재화가 훼손되거나 가치가 감소한 경우, 시간의 경과로 재판매가 곤란할 정도로 가치가 하락된 경우, 복제 가능한 재화 등의 포장을 훼손한 경우’에는 그 권리를 제한하고 있으며, 동법 시행령 제21조(청약철회등의 제한)에 따르면 소비자의 주문에 의하여 개별적으로 생산되는 재화‘의 청약철회를 인정하는 경우, 통신판매업자에게 회복할 수 없는 중대한 피해가 예상되는 경우로서 사전에 당해 거래에 대하여 별도로 그 사실을 고지하고 소비자의 서면(전자문서를 포함한다)에 의한 동의를 얻은 경우에는 청약철회 요청을 거부할 수 있다고 규정하고 있습니다.   따라서, 사업자가 청약철회 시 재판매 등이 어렵다는 사실을 사전에 고지하면서 소비자의 서면(전자문서를 포함한다)에 의한 동의를 얻었고, 특정 개인의 요구사항에 맞게 그 구성이 개별적으로 달리하게 된 제품이면서 청약철회 시 재판매 등이 어려워 중대한 피해가 예상된다는 것을 증명할 경우에는 청약철회가 어렵다고 판단됩니다.   다만, 소비자가 해당 제품이 이미 사이즈의 종류가 정해져 있는 상황에서 단순히 선택만 하였거나 청약철회 시 주문제작 착수 전일 경우에는 청약철회를 요구할 수 있습니다."
221, 기타신발·용품, 청약철회_SNS 판매,SNS에서 키높이 깔창을 구입하고 단순변심으로 반품을 요청하였으나 이를 거부하며 SNS를 차단한 후 연락이 되지 않습니다. 청약철회가 가능한가요?,"SNS 운영자가 통신판매업자로 등록하지 않은 개인이거나 사업자정보가 확인하기 어려운 경우에는 청약철회를 요구하기 어렵습니다.   「전자상거래 등에서의 소비자보호에 관한 법률」 제9조의2(전자게시판서비스 제공자의 책임)에 따르면 전자게시판서비스 제공자는 해당 게시판을 이용하여 통신판매 또는 통신판매중개가 이루어지는 경우 이로 인한 소비자피해가 발생하지 아니하도록 소비자보호조치를 이행하도록 규정하고 있습니다. 또한, 이에 따른 의무를 준수하도록 안내 및 권고를 하고, 소비자의 피해구제신청을 대행하는 장치를 마련하고 운영하며, 기타 소비자피해를 방지하기 위한 사항을 이행함과 동시에 사업자정보 역시 제공할 의무가 있습니다.   따라서, 통신판매업자로 등록한 사업자의 경우에는 해당 지자체(사업자 소재지)를 통해 연락 두절, 폐업, 폐쇄 등의 사실을 확인한 후 청약철회를 요구할 수 있으나, 통신판매업자로 등록하지 않은 개인이거나 또는 사업자정보(상호, 대표자명, 주소, 전화번호, 전자우편주소, 통신판매신고 번호 등) 확인이 불가한 경우에는 청약철회를 요구하기 어렵다고 판단됩니다."
222, 기타신발·용품, 청약철회_구성품 누락,전자상거래로 고가의 아쿠아슈즈를 구입하고 사이즈 착오로 반품을 요청하였으나 사업자가 구성품(포장지 비닐) 누락을 이유로 거부합니다. 청약철회가 가능한가요?,"구성품이 일부라도 누락된 상태라면 청약철회를 요구하기 어렵습니다.   「전자상거래 등에서의 소비자보호에 관한 법률」 제17조(청약철회등)에 따르면 소비자에게 책임이 있는 사유로 재화 등이 멸실되거나 훼손된 경우 청약철회를 할 수 없다고 규정하고 있습니다.   고가의 신발이나 해외 구매대행 제품 등은 포장지에 제품의 정보를 담고 있는 바코드 스티커와 로고가 각인되어 있는 경우가 많아 개봉 시 주의할 필요가 있으며, 이 경우 사업자가 사전에 “포장 훼손 시 청약철회 불가”를 고지했다면 청약철회가 어렵다고 판단됩니다.   따라서, 제품 확인을 위해 포장을 개봉했다 하더라도 청약철회를 요청하기 위해서는 배송된 상태(제품 및 바코드 스티커 등 구성품 일체) 그대로 보존하여 반품해야 합니다.   ※ 통신판매업자에 대한 청약철회 의사표시 방법은 법률상 특별한 제한이 없으므로 전화, 서면, 전자문서 모두 가능합니다. 다만, 전화로 의사표시를 한 경우 간혹 판매자가 청약철회 요구를 받은 사실이 없다고 주장하는 경우가 있으므로, 쇼핑몰 게시판에 청약철회 의사를 표시하고 그 화면을 캡처하여 보관하거나 서면으로 발송하는 것이 좋습니다. 서면으로 발송한 경우에는 발송한 날에 그 효력이 발생합니다. 또한, 사업자에게 청약철회를 요청하였는데도 특별한 사유없이 이를 거부할 경우, 「전자상거래 등에서의 소비자보호에 관한 법률」 제18조에 따라 신용카드로 대금을 결제하였다면 신용카드사에 처리를 요구할 수 있으니 참고하시기 바랍니다."
223, 기타신발·용품, 청약철회_7일 이내 반품 미완료,전자상거래로 슈트리를 구입하고 단순 변심으로 반품을 요청하였으나 사업자가 7일 이내 제품이 도착하지 않았다는 이유로 거부합니다. 청약철회가 가능한가요?,"청약철회를 요구할 수 있습니다.   「전자상거래 등에서의 소비자보호에 관한 법률」(이하, ‘전자상거래법’) 제17조(청약철회등)에 따르면 소비자는 단순 변심에 의한 청약철회의 경우 상품 수령일로부터 7일 이내에 청약철회를 할 수 있고, 이를 위반한 약정으로써 소비자에게 불리한 것은 효력이 없는 것으로 규정하고 있습니다.   따라서, 만약 사업자가 “반품은 상품이 7일 이내 쇼핑몰에 도착해야만 환급 가능하다”고 표시하였다고 하더라도 이는 ‘전자상거래법’ 제17조를 위반한 약정으로 소비자에게 불리한 것이므로 효력이 없다고 보며, 소비자가 제품을 수령한 날로부터 7일 이내 청약철회 의사표시를 하고 반품 절차를 진행했다면 설령 반품한 상품이 7일 이내 쇼핑몰에 도착하지 못했다 하더라도 청약철회 권리를 제한할 수는 없다고 판단됩니다.   ※ 통신판매업자에 대한 청약철회 의사표시 방법은 법률상 특별한 제한이 없으므로 전화, 서면, 전자문서 모두 가능합니다. 다만, 전화로 의사표시를 한 경우 간혹 판매자가 청약철회 요구를 받은 사실이 없다고 주장하는 경우가 있으므로, 쇼핑몰 게시판에 청약철회 의사를 표시하고 그 화면을 캡처하여 보관하거나 서면으로 발송하는 것이 좋습니다. 서면으로 발송한 경우에는 발송한 날에 그 효력이 발생합니다. 또한, 사업자에게 청약철회를 요청하였는데도 특별한 사유없이 이를 거부할 경우, 「전자상거래 등에서의 소비자보호에 관한 법률」 제18조에 따라 신용카드로 대금을 결제하였다면 신용카드사에 처리를 요구할 수 있으니 참고하시기 바랍니다."
224, 기타신발·용품, 청약철회_사이즈 표기 오류,"전자상거래로 265 사이즈 아쿠아슈즈를 구입하고 박스 표면에 표기된 사이즈를 확인한 후 그대로 보관했는데, 7일을 경과한 후 제품을 열어보니 280 사이즈였습니다. 이에 사업자에게 반품을 요구하였으나 청약철회기간인 7일이 지났다며 이를 거부합니다. 청약철회가 가능한가요?","소비자가 통상적 주의력을 가지고도 제품의 하자 또는 계약불이행 여부를 확인하기 어려운 상황이라면 청약철회를 요구할 수 있습니다.   「전자상거래 등에서의 소비자보호에 관한 법률」 제17조(청약철회등)에 따르면 재화 등을 공급받거나 재화 등의 공급이 시작된 날부터 7일 이내에 청약철회를 할 수 있지만, 재화 등의 내용이 표시, 광고의 내용과 다르거나 계약내용과 다르게 이행된 경우에는 그 재화 등을 공급받은 날부터 3개월 이내, 그 사실을 안 날 또는 알 수 있었던 날부터 30일 이내에 청약철회 권리를 행사할 수 있다고 규정하고 있습니다.   이 사례에서는 포장 박스에 265 사이즈로 표기가 되어 있었고, 소비자가 제품을 전혀 착용하지 않았기 때문에 소비자가 통상적인 주의력을 가지고 해당 하자 또는 계약불이행 여부를 확인하기 어려운 상태로 볼 수 있으므로 계약내용과 다르게 이행되었다는 사실을 안 날로부터 30일 이내인 점을 고려했을 때, 청약철회 요구가 가능하다고 판단됩니다.   단, 이때 사업자는 청약철회를 수용하더라도 소비자가 제품의 일부 사용, 소비로 얻은 이익 또는 그에 상당하는 비용을 소비자에게 청구할 수 있습니다.    ※ 통신판매업자에 대한 청약철회 의사표시 방법은 법률상 특별한 제한이 없으므로 전화, 서면, 전자문서 모두 가능합니다. 다만, 전화로 의사표시를 한 경우 간혹 판매자가 청약철회 요구를 받은 사실이 없다고 주장하는 경우가 있으므로, 쇼핑몰 게시판에 청약철회 의사를 표시하고 그 화면을 캡처하여 보관하거나 서면으로 발송하는 것이 좋습니다. 서면으로 발송한 경우에는 발송한 날에 그 효력이 발생합니다. 또한, 사업자에게 청약철회를 요청하였는데도 특별한 사유없이 이를 거부할 경우, 「전자상거래 등에서의 소비자보호에 관한 법률」 제18조에 따라 신용카드로 대금을 결제하였다면 신용카드사에 처리를 요구할 수 있으니 참고하시기 바랍니다."
225, 기타신발·용품, 청약철회_사이즈 문제,"전자상거래로 아쿠아슈즈를 구입하고 수령 후 사이즈가 맞지 않아 반품을 요구하였으나, 사업자는 소재 특성상 반품이 불가함을 미리 고지하였다며 거절하고 있습니다. 청약철회가 가능한가요?","재판매가 곤란할 정도의 제품 훼손이 없다면 청약철회를 요구할 수 있습니다.   「전자상거래 등에서의 소비자보호에 관한 법률」 제17조(청약철회등)에 따르면 소비자는 계약내용에 관한 서면을 교부받은 날(서면을 교부받은 때보다 재화 등의 공급이 늦게 이루어진 경우에는 재화 등의 공급을 받거나 공급이 개시된 날)부터 7일 이내에 당해 계약에 관한 청약을 철회할 수 있으며, 동법 제18조에는 색상, 디자인 혹은 사이즈 불만 등의 사유로 청약철회를 요청한 경우 반환에 소요되는 비용(반품비)은 소비자가 부담해야 한다고 규정하고 있습니다.   따라서, 홈페이지에 반품, 교환, 환급 등이 불가하다고 쓰여 있거나, 반품을 원할 경우에는 적립금으로 환급 처리된다고 고지되어 있더라도 청약철회와 관련하여 소비자에게 불리한 약정은 효력이 없기 때문에 재판매가 곤란할 정도의 제품 훼손이 없다면 반품비를 소비자가 부담하고 청약철회를 요구할 수 있다고 판단됩니다.   ※ 통신판매업자에 대한 청약철회 의사표시 방법은 법률상 특별한 제한이 없으므로 전화, 서면, 전자문서 모두 가능합니다. 다만, 전화로 의사표시를 한 경우 간혹 판매자가 청약철회 요구를 받은 사실이 없다고 주장하는 경우가 있으므로, 쇼핑몰 게시판에 청약철회 의사를 표시하고 그 화면을 캡처하여 보관하거나 서면으로 발송하는 것이 좋습니다. 서면으로 발송한 경우에는 발송한 날에 그 효력이 발생합니다. 또한, 사업자에게 청약철회를 요청하였는데도 특별한 사유없이 이를 거부할 경우, 「전자상거래 등에서의 소비자보호에 관한 법률」 제18조에 따라 신용카드로 대금을 결제하였다면 신용카드사에 처리를 요구할 수 있으니 참고하시기 바랍니다."
226, 기타신발·용품, 청약철회_반품·교환불가 사전 고지,"전자상거래로 키높이 깔창을 구입하고 수령 후 단순 변심으로 반품을 요구하였으나, 사업자는 반품, 교환, 환급이 불가하다는 문구를 쇼핑몰에 고지하였음을 근거로 거절하고 있습니다. 청약철회가 가능한가요?","재판매가 곤란할 정도의 제품 훼손이 없다면 청약철회를 요구할 수 있습니다.      「전자상거래 등에서의 소비자보호에 관한 법률」 제17조(청약철회등)에 따르면 소비자는 계약내용에 관한 서면을 교부받은 날(서면을 교부받은 때보다 재화 등의 공급이 늦게 이루어진 경우에는 재화 등의 공급을 받거나 공급이 개시된 날)부터 7일 이내에 당해 계약에 관한 청약을 철회할 수 있으며, 동법 제18조에는 색상, 디자인 혹은 사이즈 불만 등의 사유로 청약철회를 요청한 경우 반환에 소요되는 비용(반품비)은 소비자가 부담해야 한다고 규정하고 있습니다.   따라서, 홈페이지에 반품, 교환, 환급 등이 불가하다고 쓰여 있거나, 반품을 원할 경우에는 적립금으로 환급 처리된다고 고지되어 있더라도 청약철회와 관련하여 소비자에게 불리한 약정은 효력이 없기 때문에 재판매가 곤란할 정도의 제품 훼손이 없다면 반품비를 소비자가 부담하고 청약철회를 요구할 수 있다고 판단됩니다.   ※ 통신판매업자에 대한 청약철회 의사표시 방법은 법률상 특별한 제한이 없으므로 전화, 서면, 전자문서 모두 가능합니다. 다만, 전화로 의사표시를 한 경우 간혹 판매자가 청약철회 요구를 받은 사실이 없다고 주장하는 경우가 있으므로, 쇼핑몰 게시판에 청약철회 의사를 표시하고 그 화면을 캡처하여 보관하거나 서면으로 발송하는 것이 좋습니다. 서면으로 발송한 경우에는 발송한 날에 그 효력이 발생합니다. 또한, 사업자에게 청약철회를 요청하였는데도 특별한 사유없이 이를 거부할 경우, 「전자상거래 등에서의 소비자보호에 관한 법률」 제18조에 따라 신용카드로 대금을 결제하였다면 신용카드사에 처리를 요구할 수 있으니 참고하시기 바랍니다."
227, 기타신발·용품, 청약철회_흰색 제품 반품 거부,"전자상거래로 흰색 아쿠아슈즈를 구입하고 수령 후 단순 변심으로 반품을 요구하였으나, 사업자는 흰색 제품은 반품이 불가하다는 문구를 쇼핑몰에 고지하였음을 근거로 거절하고 있습니다. 청약철회가 가능한가요?","재판매가 곤란할 정도의 제품 훼손이 없다면 청약철회를 요구할 수 있습니다.      「전자상거래 등에서의 소비자보호에 관한 법률」 제17조(청약철회등)에 따르면 소비자의 청약철회 권리를 보호하고 있으나, ‘소비자의 사용 또는 책임 있는 사유로 재화가 훼손되거나 가치가 감소한 경우, 시간의 경과로 재판매가 곤란할 정도로 가치가 하락된 경우, 복제 가능한 재화 등의 포장을 훼손한 경우’에는 그 권리를 제한하고 있습니다. ‘주문에 의해 개별적으로 생산되는 재화’ 또한 통신판매사업자에게 회복할 수 없는 중대한 피해가 예상되는 경우, 사전에 당해 거래에 대해 별도로 그 사실을 고지하고 소비자의 서면 동의를 받아 두었다면 청약철회 요청을 거부할 수 있습니다.   하지만, 흰색 제품은 반품이 어렵다고 고지되어 있더라도 청약철회와 관련하여 소비자에게 불리한 약정으로 효력이 없으며, 공정거래위원회에서도 ‘흰색계열, 세일 상품’ 등의 이유로 청약철회를 거부하는 것을 ‘청약철회 방해 행위’로 보고 있기 때문에 재판매가 곤란할 정도의 제품 훼손이 없다면 반품비를 소비자가 부담하고 청약철회를 요구할 수 있다고 판단됩니다.   ※ 통신판매업자에 대한 청약철회 의사표시 방법은 법률상 특별한 제한이 없으므로 전화, 서면, 전자문서 모두 가능합니다. 다만, 전화로 의사표시를 한 경우 간혹 판매자가 청약철회 요구를 받은 사실이 없다고 주장하는 경우가 있으므로, 쇼핑몰 게시판에 청약철회 의사를 표시하고 그 화면을 캡처하여 보관하거나 서면으로 발송하는 것이 좋습니다. 서면으로 발송한 경우에는 발송한 날에 그 효력이 발생합니다. 또한, 사업자에게 청약철회를 요청하였는데도 특별한 사유없이 이를 거부할 경우, 「전자상거래 등에서의 소비자보호에 관한 법률」 제18조에 따라 신용카드로 대금을 결제하였다면 신용카드사에 처리를 요구할 수 있으니 참고하시기 바랍니다."
228, 기타신발·용품, 청약철회_묶음배송 반품비_제품 불량,"전자상거래로 아쿠아슈즈와 슬리퍼 두 개를 70,000원에 구입하였으며, 50,000원 이상 구매 시 무료배송이어서 사업자에게 묶음배송을 요청하였습니다. 이후 아쿠아슈즈가 불량인 것을 확인하여 반품을 요구했는데, 사업자는 반품비를 입금할 것을 주장합니다. 반품비를 제가 부담하는게 맞나요?","제품의 불량 등 사업자의 귀책 사유로 반품하는 경우에는 사업자가 반품비 전액을 부담합니다.     「전자상거래 등에서의 소비자보호에 관한 법률」 제17조(청약철회등)에 따르면 소비자는 계약내용에 관한 서면을 교부받은 날(서면을 교부받은 때보다 재화 등의 공급이 늦게 이루어진 경우에는 재화 등의 공급을 받거나 공급이 개시된 날)부터 7일 이내에 당해 계약에 관한 청약을 철회할 수 있으며, 동법 제18조 제10항에는 표시 광고의 내용과 다르거나 계약내용과 다르게 이행된 경우 등의 사유로 청약철회를 요청한 경우 반환에 소요되는 비용(반품비)은 사업자가 부담해야 한다고 규정하고 있습니다.   따라서, 제품 하자 등 사업자의 귀책사유로 반품하는 경우에는 사업자가 반품 택배비 전액을 부담해야 한다고 판단됩니다."
229, 기타신발·용품, 청약철회_묶음배송 반품비_단순 변심,"전자상거래로 아쿠아슈즈와 슬리퍼 두 개를 70,000원에 구입하였으며, 50,000원 이상 구매 시 무료배송이어서 사업자에게 묶음배송을 요청하였습니다. 이후 아쿠아슈즈 사이즈가 맞지 않아 반품을 요구했는데, 사업자는 반품비를 입금할 것을 주장합니다. 반품비를 제가 부담하는게 맞나요?","사이즈 오류 등 개인 변심으로 반품하는 경우에는 소비자가 반품비 전액을 부담합니다.   「전자상거래 등에서의 소비자보호에 관한 법률」 제17조(청약철회등)에 따르면 소비자는 계약내용에 관한 서면을 교부받은 날(서면을 교부받은 때보다 재화 등의 공급이 늦게 이루어진 경우에는 재화 등의 공급을 받거나 공급이 개시된 날)부터 7일 이내에 당해 계약에 관한 청약을 철회할 수 있으며, 동법 제18조 제9항에는 색상, 디자인 혹은 사이즈 불만 등의 사유로 청약철회를 요청한 경우 반환에 소요되는 비용(반품비)은 소비자가 부담해야 한다고 규정하고 있습니다.   따라서, 소비자의 개인 변심으로 반품하는 경우에는 반품 택배비는 소비자가 전액 부담해야 한다고 판단됩니다."
230, 기타신발·용품, 계약불이행_미환급,전자상거래로 깔창을 주문하고 대금을 신용카드로 결제하였습니다. 구입 후 7일 이내 청약철회를 요구하여 깔창을 반품하였는데 물품 대금을 환급해 주지 않고 있습니다. 환급받을 방법이 있나요?,"사업자가 환급을 지연하는 경우 신용카드사에 사업자로부터 환급받을 금액을 상계할 것을 요청하고 결제 대금의 매출 취소를 요구할 수 있습니다.   「전자상거래 등에서의 소비자보호에 관한 법률」 제18조(청약철회등의 효과) 제2항에 따르면 청약철회 시 소비자는 이미 공급받은 제품을 사업자에게 반환해야 하며, 사업자는 물품을 반환 받은 날(또는 재화 등을 공급하지 않은 경우에는 청약철회를 한 날)로부터 3영업일 이내에 이미 지급받은 대금을 환급하여야 합니다. 이때 사업자가 대금의 환급을 지연한 경우에는 가산이자를 지급하도록 규정하고 있습니다. 또한, 동법 제18조(청약철회등의 효과) 제3항, 제6항에 따르면 사업자가 신용카드로 결제한 대금의 환급을 지연할 경우 신용카드사에 환급에 필요한 조치를 요구할 수 있으며, 이 경우에 신용카드사는 환급에 필요한 조치를 취해야하며 사업자에게 지급할 대금이 있을 경우 이를 주지 않고 소비자가 결제한 대금을 상계 처리한 후 소비자의 결제 대금의 매출을 취소해주도록 규정하고 있습니다.   따라서, 소비자는 신용카드사에 사업자와의 다른 채무와의 상계를 요구하면서 대금 청구를 정지하거나 취소하도록 요구할 수 있다고 판단됩니다."
231, 기타신발·용품, 가격·요금_과도한 반품배송비 요구,"전자상거래로 수입 안전화를 구입하고 반품을 요구하였으나 사전에 고지된 반품 배송비 이외에 ‘현지 운송료, 제비용 등’의 명목으로 추가 대금 지급을 요구합니다. 추가로 지급해야 하나요?","사업자가 반품배송비 외의 비용 발생에 대해 사전에 고지하지 않았고, 이를 입증하지 못한다면 반품배송비만 공제한 후 환급을 요구할 수 있습니다.   병행수입을 비롯한 수입제품 판매 시 발생하는 배송비는 사업자마다 수입절차 및 재고관리 방식에 따라 다를 수 있으나 「전자상거래 등에서의 소비자보호에 관한 법률」(이하, ‘전자상거래법’) 제18조(청약철회등의 효과) 제9항, 제10항에 따라 부과하는 반품비용은 소비자의 구매 여부 판단에 영향을 주는 중요한 거래조건에 해당되므로 적절한 방법으로 고지하여야 할 사항으로 볼 수 있습니다.    따라서, 사업자가 수입 과정에서 ‘현지 및 국제운송료’, ‘수입세금 및 제비용’의 비용이 발생한 사실을 사전에 고지하였고, 이에 대해 입증할 수 있는 경우 소비자는 그에 대한 금액을 지급해야 하나, 입증할 수 없는 경우 제품을 반품한 뒤 반품과정에서 발생한 비용을 공제한 후 환급을 요구할 수 있다고 판단됩니다.   반면, ‘전자상거래법’에 따라 사업자는 소비자에게 청약철회를 이유로 위약금이나 손해배상을 청구할 수 없으므로 미리 고지한 반품 배송비 이외에 다른 명목의 위약금을 추가 청구하는 것은 인정되기 어렵습니다."
232, 기타신발·용품, 가격·요금_적립금 환급,전자상거래로 등산화를 신용카드로 구입하고 제품 수령 다음날 단순 변심으로 반품을 신청하였으나 사업자는 결제금액을 적립금으로만 돌려주겠다고 주장합니다. 신용카드 결제 취소를 요구할 수 있나요?,"사업자에게 신용카드 결제 취소를 요구할 수 있습니다.   「전자상거래 등에서의 소비자보호에 관한 법률」(이하, ‘전자상거래법’) 제17조(청약철회등)에 따르면 소비자는 상품을 공급 받은 날로부터 7일 이내에는 소비자의 귀책사유로 인한 상품의 멸실 또는 훼손된 경우 등을 제외하고는 단순변심으로 인한 청약철회를 할 수 있다고 규정하고 있습니다. 이에 소비자가 제품을 수령한 날로부터 7일 이내 청약철회 의사표시를 명확히 하였다면 해당 쇼핑몰은 ‘전자상거래법’ 제18조 제3항에 의거하여 신용카드사에게 대금 청구를 정지하거나 취소하도록 요청하여야 합니다.   따라서, 신용카드로 결제하였으나 적립금으로만 환급이 가능하다는 것은 「민법」 제548조(해제의 효과, 원상회복의무)에 따른 원상회복이라고 보기 어려우므로 소비자가 사용한 결제수단에 따른 환급 이행을 해당 쇼핑몰에 요구할 수 있다고 판단됩니다."
233, 기타신발·용품, 표시·광고_반품비1,"‘천연소가죽 100%’라고 광고하는 등산화를 전자상거래로 구입하고, 10일 뒤에 착용하던 과정에서 실제로는 천연소가죽은 10%만 포함된 사실을 알게 되었습니다. 이 경우에 반품비 부담자는 누구인가요?","이 사례는 부당한 표시·광고행위 유형에 해당하여, 신발을 받은 날부터 3월 이내, 표시·광고와 다르다는 사실을 안 날 또는 알 수 있었던 날부터 30일 이내에 청약철회가 가능하며, 사업자 귀책 사유에 해당하므로 반품비는 사업자가 부담합니다.   「전자상거래 등에서의 소비자보호에 관한 법률」 제18조(청약철회등의 효과)에 따르면 물품의 내용이 표시·광고 내용과 다른 경우에는 반환에 필요한 비용은 사업자가 부담함은 물론 소비자에게 물품을 배달할 때의 배송비도 사업자가 부담하여야 하며, 이미 소비자가 지급한 경우에는 환급하도록 규정하고 있습니다. 이 경우에는 청약철회기간은 당해 물품을 공급받은 날부터 3월 이내, 그 사실을 안 날 또는 알 수 있었던 날부터 30일 이내로 연장됩니다.   이러한 소비자의 권리가 인정되려면 물품 관련 표시·광고의 내용이 누가 보아도 명백하게 허위이거나 과장된 점이 인정되어야 하는데, 「표시·광고의 공정화에 관한 법률」 제3조(부당한 표시·광고 행위의 금지) 및 ‘부당한 표시·광고행위의 유형 및 기준 지정 고시’에 따르면 부된 원재료나 성분을 가지고 전체의 주된 성분인 것처럼 표시·광고한 행위를 부당한 표시·광고로 규정하고 있습니다.    따라서, 성분 표시가 잘못된 것이 명확히 확인될 경우에는 물품의 내용이 표시·광고 내용과 다른 경우에 해당하여 청약철회가 가능하고, 반품비는 사업자가 부담하도록 요구할 수 있다고 판단됩니다."
234, 기타신발·용품, 표시·광고_반품비2,"전자상거래 사업자가 운영하고 있는 FAQ에서 ‘모든 상품은 무료 반품 가능’이라는 문구를 확인하고 등산화를 구입하였고, 이후 7일 이내 반품을 요구하였으나 사업자가 반품비를 요구합니다. 제가 비용을 지급해야 하나요?","FAQ 게시물도 광고에 해당되며, 표시·광고와 다르게 계약이 이행된 경우에는 사업자 귀책 사유에 해당하므로 반품비는 사업자가 부담합니다.    대법원 판례에 따르면 “FAQ 게시물은 일반 소비자가 누구나 접근할 수 있는 사업자의 인터넷 홈페이지에 게시되어 있으며, 게시 경위도 소비자들이 사업자에게 한 질문에 대해 개별적으로 답변한 것이 아니라 사업자가 일반 소비자들에게 알리고 싶은 내용을 선정하여 질문과 답변의 형식으로 게시해 놓은 것이라는 점에 비추어 보면, 사업자가 ‘널리 소비자들에게 제시하거나 알리기 위하여’ 게시해 놓은 것이라고 볼 수 있으므로 해당 FAQ 게시물은 「표시·광고의 공정화에 관한 법률」 상의 광고에 해당합니다(대법원 2009.5.28., 선고, 2009두843, 판결).   또한, 「표시·광고의 공정화에 관한 법률」 제3조(부당한 표시·광고 행위의 금지) 및 ‘부당한 표시·광고행위의 유형 및 기준 지정 고시‘에 따르면 반품, 교환, 대금지급방법 등 기타 거래내용 및 거래조건 등에 관하여 표시·광고함에 있어서는 사실대로 하여야 하며, 이를 사실과 다르게 표시·광고한 행위를 부당한 표시·광고로 규정하고 있습니다.    따라서, 이 사례에서는 사실과 다르게 반품비를 요구하는 것이 명확히 확인되므로 물품의 내용이 표시·광고 내용과 다른 경우에 해당하며, 「전자상거래 등에서의 소비자보호에 관한 법률」 제18조(청약철회등의 효과)에 따라 사업자에게 반품비 부담을 요구할 수 있다고 판단됩니다."
235, 기타신발·용품, 표시·광고_광고와 차이 있는 제품,광고 사진과 너무 다른 등산화를 받았습니다. 청약철회가 가능한가요?,"상품이 광고 사진과 다르다는 소비자의 주관적인 판단만으로는 계약 내용과 다르게 이행되었다고 보기 어려우므로 7일이 경과한 후에는 청약철회를 요구하기 어렵습니다.   「전자상거래 등에서의 소비자보호에 관한 법률」 제17조(청약철회등)에 따르면 소비자는 전자상거래로 구입한 제품에 대하여 공급받은 날로부터 7일 이내(표시·광고의 내용과 다르거나 계약내용과 다르게 이행된 경우에는 공급받은 날부터 3개월, 사실을 안 날 또는 알 수 있었던 날부터 30일 이내)에 청약철회를 요청할 수 있으나, 소비자에게 책임이 있는 사유로 재화 등이 멸실되거나 훼손된 경우에는 청약철회를 요구할 수 없습니다.   다만, 광고 사진과 다르다는 소비자의 주관적인 판단만으로는 「표시·광고의 공정화에 관한 법률」 상 부당한 표시·광고임을 주장하기 어려우며, 광고 사진과 실제 받은 제품이 완전 다른 경우와 같이 중대한 하자가 있다면 청약철회를 요구할 수 있다고 판단됩니다."
236, 기타신발·용품, 품질_착화 시 소리,"등산화를 구입하고 1회 착용하였는데, 걸을 때 소리가 계속 납니다. 구제 방법이 있나요?","신발 착화 소음 원인으로 크게 첫 번째는 밑창과 바닥면이 마찰되면서 나는 현상, 두 번째는 접착·가공 불량 등 제품하자로 인하여 발생하는 현상으로 나누어집니다. 우선 첫 번째 현상은 착화자의 보행습관 또는 바닥면(대리석 등)의 상태에 따라 발생하는 현상으로 착화 시 발생할 수 있는 자연스러운 현상으로 보아 제품하자가 아닌 것으로 판단되지만, 두 번째 원인과 같이 겉창(아웃솔)이 가라앉는 느낌이 들면서 바람이 빠지는 소리가 나거나 접착 또는 가공이 불량하여 나는 소리 등의 경우 품질불량으로 볼 수 있습니다.   신발에 지속적으로 착화 소음이 발생할 경우 제조사나 구입처 등에 문제점을 제기하고, 하자의 원인 및 책임 소재에 대하여 분쟁이 발생한 경우에는 전문가(심의기구 등)에게 의뢰하여 의견을 구하는 것이 좋으며 품질 시험검사가 가능한 경우에는 이를 통해 보다 정확한 원인규명을 해볼 수 있습니다.    따라서, 해당 제품이 접착불량 등 제품하자로 판명날 경우 공정거래위원회가 고시한 신발 관련 ‘소비자분쟁해결기준’에 따라 제조사나 구입처에 수선이 가능한 경우에는 무상수선, 수선이 불가한 경우에는 동종 제품으로의 교환, 동종 제품이 없는 경우에는 환급을 요구할 수 있으며, 수선이 가능한 경우임에도 불구하고 소비자가 구입가의 환급을 요구하는 경우에 사업자는 이를 거부할 수 있습니다.   ※ 한국소비자원에서는 섬유·세탁 품질하자 유무 및 원인 규명을 위하여 해당 분야 전문가로 구성된 ‘신발제품심의위원회’를 운영하고 있으며, 해당 심의·자문 결과(책임소재, 심의내용 등)를 토대로 공정거래위원회가 고시한 ‘소비자분쟁해결기준’에 따라 피해보상에 관한 합의를 권고할 수 있습니다. 다만, 심의·자문 결과는 당사자간 분쟁해결에 있어 근거자료로 활용되나 법적 강제력은 없습니다."
237, 기타신발·용품, 품질_신발 내구성 문제,안전화를 구입하고 1개월정도 밖에 신지 않았는데 밑창 부분이 경화되고 갈라져서 교환을 받았는데 똑같은 현상이 다시 발생하였습니다. 구제 방법이 있나요?,"신발 착화 중 밑창 부분이 경화되고 갈라지는 원인으로 크게 첫 번째는 신발 보관 부주의 혹은 기간 경과에 의해 나타나는 현상, 두 번째는 신발 제품 내구성이 불량하여 겉창(아웃솔) 등이 변형되는 현상 등으로 나누어집니다. 우선 첫 번째 현상은 소비자의 과실 혹은 자연적인 변형으로 보아 제품하자가 아닌 것으로 판단되지만, 두 번째와 같이 신발 제품 내구성의 문제일 경우에는 품질불량으로 볼 수 있습니다.   우선적으로 제조사나 구입처 등에 문제점을 제기하고, 하자의 원인 및 책임 소재에 대하여 분쟁이 발생한 경우에는 전문가(심의기구 등)에게 의뢰하여 의견을 구하는 것이 좋으며 품질 시험검사가 가능한 경우에는 이를 통해 보다 정확한 원인규명을 해볼 수 있습니다.   해당 제품이 내구성 불량 등 제품하자로 판명날 경우 공정거래위원회가 고시한 신발 관련 ‘소비자분쟁해결기준’에 따라 제조사나 구입처에 수선이 가능한 경우에는 무상수선, 수선이 불가한 경우에는 동종 제품으로의 교환, 동종 제품이 없는 경우에는 환급을 요구할 수 있으며, 수선이 가능한 경우임에도 불구하고 소비자가 구입가 환급을 요구하는 경우에 사업자는 이를 거부할 수 있습니다.   ※ 한국소비자원에서는 섬유·세탁 품질하자 유무 및 원인 규명을 위하여 해당 분야 전문가로 구성된 ‘신발제품심의위원회’를 운영하고 있으며, 해당 심의·자문 결과(책임소재, 심의내용 등)를 토대로 공정거래위원회가 고시한 ‘소비자분쟁해결기준’에 따라 피해보상에 관한 합의를 권고할 수 있습니다. 다만, 심의·자문 결과는 당사자간 분쟁해결에 있어 근거자료로 활용되나 법적 강제력은 없습니다."
238, 기타신발·용품, 품질_통증 유발,안전화를 구입하고 일주일 가량 착화하다보니 발등부위에 통증이 발생하여 교환이나 환급을 요구하였으나 사업자가 이를 거부합니다. 구제 방법이 있나요?,"통상적으로 신발을 착화하면서 발생하는 통증 및 이물감은 착용자와 신발이 맞지 않아 발생한 경우가 많습니다. 하지만, 신발의 설계 및 제조상의 하자로 인해 통증이 발생할 수도 있습니다.   우선적으로 제조사나 구입처 등에 문제점을 제기하고, 하자의 원인 및 책임 소재에 대하여 분쟁이 발생한 경우에는 전문가(심의기구 등)에게 의뢰하여 의견을 구하는 것이 좋으며 품질 시험검사가 가능한 경우에는 이를 통해 보다 정확한 원인규명을 해볼 수 있습니다.   해당 제품이 설계불량 등 제품하자로 판명날 경우 공정거래위원회가 고시한 신발 관련 ‘소비자분쟁해결기준’에 따라 제조사나 구입처에 수선이 가능한 경우에는 무상수선, 수선이 불가한 경우에는 동종 제품으로의 교환, 동종 제품이 없는 경우에는 환급을 요구할 수 있으며, 수선이 가능한 경우임에도 불구하고 소비자가 구입가 환급을 요구하는 경우에 사업자는 이를 거부할 수 있습니다.   ※ 한국소비자원에서는 섬유·세탁 품질하자 유무 및 원인 규명을 위하여 해당 분야 전문가로 구성된 ‘신발제품심의위원회’를 운영하고 있으며, 해당 심의·자문 결과(책임소재, 심의내용 등)를 토대로 공정거래위원회가 고시한 ‘소비자분쟁해결기준’에 따라 피해보상에 관한 합의를 권고할 수 있습니다. 다만, 심의·자문 결과는 당사자간 분쟁해결에 있어 근거자료로 활용되나 법적 강제력은 없습니다."
239, 기타신발·용품, 품질_신발 세탁_하자발생 시 보상 방법,안전화 세탁을 의뢰하였으나 인도받고 확인해본 결과 일부가 검은색으로 변색되는 등 하자가 발생하였습니다. 구제 방법이 있나요?,"원단불량 등 제품하자일 경우에는 제조사나 구입처, 세탁과정에서 발생한 하자일 경우에는 세탁사업자에게 배상을 요구할 수 있습니다.   세탁을 의뢰한 후 인도받은 물품에 하자가 발생하였을 경우에는 우선적으로 제조사나 구입처, 세탁소에 문제점을 제기하고, 하자의 원인 및 책임 소재에 대하여 분쟁이 발생한 경우에는 전문가(심의기구 등)에게 의뢰하여 의견을 구하는 것이 좋으며 품질 시험검사가 가능한 경우에는 이를 통해 보다 정확한 원인규명을 해볼 수 있습니다.   해당 제품이 원단불량 등 제품하자로 판명날 경우 공정거래위원회가 고시한 신발 관련 ‘소비자분쟁해결기준’에 따라 제조사나 구입처에 수선이 가능한 경우에는 무상수선, 수선이 불가한 경우에는 동종 제품으로의 교환, 동종 제품이 없는 경우에는 환급을 요구할 수 있으며, 수선이 가능한 경우임에도 불구하고 소비자가 구입가 환급을 요구하는 경우에 사업자는 이를 거부할 수 있습니다. 반면 세탁 과정에서 발생한 하자로 판명날 경우 세탁사업자에게 원상회복, 불가능할 시 손해배상을 요구할 수 있습니다.   ※ 한국소비자원에서는 섬유·세탁 품질하자 유무 및 원인 규명을 위하여 해당 분야 전문가로 구성된 ‘신발제품심의위원회’를 운영하고 있으며, 해당 심의·자문 결과(책임소재, 심의내용 등)를 토대로 공정거래위원회가 고시한 ‘소비자분쟁해결기준’에 따라 피해보상에 관한 합의를 권고할 수 있습니다. 다만, 심의·자문 결과는 당사자간 분쟁해결에 있어 근거자료로 활용되나 법적 강제력은 없습니다."
240, 기타신발·용품, 품질_신발 세탁_손해배상 산정,안전화 세탁을 의뢰하였으나 인도받고 확인해본 결과 일부가 검은색으로 변색되었습니다. 세탁 과정에서 발생한 하자로 확인된 경우에 배상을 요구할 수 있나요?,"세탁업 관련 ‘소비자분쟁해결기준’에 따라 신발 구입 가격 기준으로 내용연수와 사용일수를 고려하여 배상을 요구할 수 있습니다.   소비자가 사업자에게 신발의 세탁을 의뢰하고 그 결과에 대하여 보수를 지급하는 것은 「민법」 제664조(도급의 의의)에서 정한 도급계약으로 볼 수 있으며, 동법 제667조(수급인의 담보책임)는 완성된 목적물의 하자가 있는 때에 도급인이 그 하자의 보수를 청구할 수 있고 보수에 갈음하여 또는 보수와 함께 손해배상을 청구할 수 있도록 규정하고 있습니다.    또한, 사업자는 세탁물을 인수할 때 세탁물의 하자 여부나 기타 소재의 특징에 대해 파악하여 세탁을 진행하는 등 선량한 관리자의 주의의무를 부담하여야 하는데, 해당 의무를 다하지 않아 세탁과정에서 신발이 손상되었다면 사업자는 원상회복하거나 그 손해를 배상할 책임이 있습니다.    따라서, 배상액에 대하여는 공정거래위원회가 고시한 세탁업 관련 ‘소비자분쟁해결기준’에 따라서 신발 구입 가격을 기준으로 해당 신발의 내용연수와 사용일수를 고려한 배상비율만큼 요구할 수 있습니다.    *배상액 = 물품구입가격 × 배상비율(소비자분쟁해결기준 상 배상비율표 참조)"
241, 기타신발·용품, 품질_신발 세탁_손해배상액 감액,안전화 세탁을 의뢰하였으나 인도받고 확인해본 결과 일부가 검은색으로 변색되었습니다. 세탁과정에서 발생한 하자로 확인되었으나 해당 신발은 그대로 신고 싶습니다. 이 경우에 추가로 배상을 요구할 수 있나요?,"세탁사업자가 주의의무를 다하지 않아 세탁과정에서 신발이 손상되었다는 원상회복을 요구하거나 손해배상을 청구할 수 있으나, 세탁물의 손상 등에 대하여 소비자도 일부 책임이 있는 경우나 손상된 세탁물을 인도받기를 원하는 경우에는 손해배상액에서 일부를 감액할 수 있습니다.   소비자가 사업자에게 신발의 세탁을 의뢰하고 그 결과에 대하여 보수를 지급하는 것은 「민법」 제664조(도급의 의의)에서 정한 도급계약으로 볼 수 있으며, 동법 제667조(수급인의 담보책임)는 완성된 목적물의 하자가 있는 때에 도급인이 그 하자의 보수를 청구할 수 있고 보수에 갈음하여 또는 보수와 함께 손해배상을 청구할 수 있도록 규정하고 있습니다.    또한, 사업자는 세탁물을 인수할 때 세탁물의 하자 여부나 기타 소재의 특징에 대해 파악하여 세탁을 진행하는 등 선량한 관리자의 주의의무를 부담하여야 하는데, 해당 의무를 다하지 않아 세탁과정에서 신발이 손상되었다면 사업자는 원상회복하거나 그 손해를 배상할 책임이 있습니다.    따라서, 배상액에 대하여는 공정거래위원회가 고시한 세탁업 관련 ‘소비자분쟁해결기준’에 따라서 신발 구입 가격을 기준으로 해당 신발의 내용연수와 사용일수를 고려한 배상비율만큼 요구할 수 있습니다.    *배상액 = 물품구입가격 × 배상비율(소비자분쟁해결기준 상 배상비율표 참조)"
242, 기타신발·용품, 품질_신발 세탁_손해배상의무 면제,안전화 세탁을 의뢰한 후 사업자가 세탁물 회수를 수 차례 통지하였으나 개인사정으로 2개월 이후 세탁물을 인도받았습니다. 인도받고 확인해본 결과 일부가 검은색으로 변색되었습니다. 세탁 과정에서 발생한 하자로 확인된 경우에 배상을 요구할 수 있나요?,"소비자가 세탁물에 이상이 없다는 확인서를 사업자에게 교부하였거나 사업자가 세탁물 회수에 대한 통지에도 불구하고 통지도달일로부터 30일이 경과하도록 미회수하는 경우, 세탁완성예정일의 다음날부터 3개월간 완성된 세탁물을 미회수하는 경우에는 세탁물의 하자 또는 세탁의 지체로 인한 소비자피해에 대해서는 배상의무가 면제되어 손해배상을 요구할 수 없습니다.   소비자가 사업자에게 신발의 세탁을 의뢰하고 그 결과에 대하여 보수를 지급하는 것은 「민법」 제664조(도급의 의의)에서 정한 도급계약으로 볼 수 있으며, 동법 제667조(수급인의 담보책임)는 완성된 목적물의 하자가 있는 때에 도급인이 그 하자의 보수를 청구할 수 있고 보수에 갈음하여 또는 보수와 함께 손해배상을 청구할 수 있도록 규정하고 있습니다.    또한, 사업자는 세탁물을 인수할 때 세탁물의 하자 여부나 기타 소재의 특징에 대해 파악하여 세탁을 진행하는 등 선량한 관리자의 주의의무를 부담하여야 하는데, 해당 의무를 다하지 않아 세탁과정에서 신발이 손상되었다면 사업자는 원상회복하거나 그 손해를 배상할 책임이 있습니다.    따라서, 배상액에 대하여는 공정거래위원회가 고시한 세탁업 관련 ‘소비자분쟁해결기준’에 따라서 신발 구입 가격을 기준으로 해당 신발의 내용연수와 사용일수를 고려한 배상비율만큼 요구할 수 있습니다.    *배상액 = 물품구입가격 × 배상비율(소비자분쟁해결기준 상 배상비율표 참조)"
243, 기타신발·용품, 품질_신발 세탁_부속물 손해배상액 산정 기준,털이 달린 안전화 세탁을 의뢰하였으나 인도받고 확인해본 결과 털 일부가 검은색으로 변색되었습니다. 세탁과정에서 발생한 하자로 확인된 경우에 배상을 요구할 수 있나요?,"탈부착용 부속물(털, 칼라, 모자 등)이 손상된 경우는 동 부속물만을 대상으로 배상액을 결정하지만, 부속물이 해당 신발의 기능 발휘에 없어서는 안 될 필수적인 경우(방한복의 모자 등)에는 신발 전체를 기준으로 배상액을 산정합니다.   소비자가 사업자에게 신발의 세탁을 의뢰하고 그 결과에 대하여 보수를 지급하는 것은 「민법」 제664조(도급의 의의)에서 정한 도급계약으로 볼 수 있으며, 동법 제667조(수급인의 담보책임)는 완성된 목적물의 하자가 있는 때에 도급인이 그 하자의 보수를 청구할 수 있고 보수에 갈음하여 또는 보수와 함께 손해배상을 청구할 수 있도록 규정하고 있습니다.    또한, 사업자는 세탁물을 인수할 때 세탁물의 하자 여부나 기타 소재의 특징에 대해 파악하여 세탁을 진행하는 등 선량한 관리자의 주의의무를 부담하여야 하는데, 해당 의무를 다하지 않아 세탁과정에서 신발이 손상되었다면 사업자는 원상회복하거나 그 손해를 배상할 책임이 있습니다.    따라서, 배상액에 대하여는 공정거래위원회가 고시한 세탁업 관련 ‘소비자분쟁해결기준’에 따라서 신발 구입 가격을 기준으로 해당 신발의 내용연수와 사용일수를 고려한 배상비율만큼 요구할 수 있습니다.    *배상액 = 물품구입가격 × 배상비율(소비자분쟁해결기준 상 배상비율표 참조)"
244, 기타신발·용품, 품질_신발 세탁_내용연수 경과,구입한 지 5년 된 안전화를 세탁 의뢰하였으나 세탁 후 심하게 봉제가 뜯어지고 미어지는 현상이 발생하였습니다. 구제 방법이 있나요?,"신발의 내용연수(일반신발 1년·가죽제품 3년)가 경과하면서 원단의 자연 취화 및 노화로 자연스럽게 발생할 수 있는 것으로 추측되어 원단불량 등 제품하자 또는 세탁과정에서 발생한 하자로 보기 어렵습니다.   섬유제품의 소재 특성으로 인하여 자연스럽게 발생하는 현상이나 내용연수(제품의 수명) 경과로 인해 발생한 제품의 하자는 과실로 보기 어려우므로 피해구제 처리대상이 아닙니다. 여기서 내용연수는 ‘소비자분쟁해결기준’에서 정하는 품목별 내용연수를 따르며 착용횟수와는 관계가 없습니다.   소재특성으로 인한 자연스러운 현상의 대표적인 사례로 알파카의 털 빠짐, 토끼털의 모근 약함, 면소재와 청바지의 물 빠짐, 한복의 흰줄 발생, 신발 밑창 닳음 등이 있으며, 정도가 심한 경우 책임소재를 따질 수 있으나 해당 현상을 품질불량으로 보기 어려운 경우가 많습니다. 또한, 내용연수가 경과한 제품은 제품의 수명이 다하여 발생한 자연 손상으로 보아 하자를 주장하기 어려울 수 있습니다."
245, 기타신발·용품, 품질_신발 세탁_세탁방법 부적합,세탁소에 안전화 세탁을 맡기면서 약품만 발라줄 것을 요청하였으나 물세탁을 하여 신발 바깥쪽 원단이 심하게 수축되었습니다. 구제 방법이 있나요?,"부적합한 방법으로 세탁하였을 때 섬유제품에 변색, 변형, 경화 등의 하자가 나타날 수 있습니다. 세탁방법을 지키지 않아서 발생하는 하자는 세탁한 자의 책임이 되며, 세탁취급표시대로 세탁했음에도 하자가 발생하였을 경우에는 제조판매업체의 책임으로 볼 수 있습니다.   세탁을 의뢰한 후 인도받은 물품에 하자가 발생하였을 경우에는 우선적으로 제조사나 구입처, 세탁소에 문제점을 제기하고, 하자의 원인 및 책임 소재에 대하여 분쟁이 발생한 경우에는 전문가(심의기구 등)에게 의뢰하여 의견을 구하는 것이 좋으며 품질 시험검사가 가능한 경우에는 이를 통해 보다 정확한 원인규명을 해볼 수 있습니다.   해당 신발이 원단불량 등 제품하자로 판명날 경우 공정거래위원회가 고시한 신발 관련 ‘소비자분쟁해결기준’에 따라 제조사나 구입처에 수선이 가능한 경우에는 무상수선, 수선이 불가한 경우에는 동종 제품으로의 교환, 동종 제품이 없는 경우에는 환급을 요구할 수 있으며, 수선이 가능한 경우임에도 불구하고 소비자가 구입가 환급을 요구하는 경우에 사업자는 이를 거부할 수 있습니다. 반면, 세탁 과정에서 발생한 하자로 판명날 경우 세탁사업자에게 원상회복, 불가능할 시 손해배상을 요구할 수 있습니다.   ※ 한국소비자원에서는 섬유·세탁 품질하자 유무 및 원인 규명을 위하여 해당 분야 전문가로 구성된 ‘신발제품심의위원회’를 운영하고 있으며, 해당 심의·자문 결과(책임소재, 심의내용 등)를 토대로 공정거래위원회가 고시한 ‘소비자분쟁해결기준’에 따라 피해보상에 관한 합의를 권고할 수 있습니다. 다만, 심의·자문 결과는 당사자간 분쟁해결에 있어 근거자료로 활용되나 법적 강제력은 없습니다."
246, 기타의류·섬유, 계약해제·해지_일반매장 구입,보세 매장에서 목도리를 구입하고 당일 환급을 요구하였으나 사업자는 환급이 불가하다는 자사 방침을 사전에 고지했다며 거부하고 있습니다. 환급을 받을 수 있나요?,"사업자가 환급 불가라는 자사 방침을 충분히 설명하였고, 이에 소비자가 동의하였을 경우에는 환급을 요구하는 것이 어렵습니다.   공정거래위원회가 고시한 의복류 관련 ‘소비자분쟁해결기준’에 따르면, 치수(사이즈)가 맞지 않거나 디자인·색상에 불만이 발생했을 때 제품 구입 후 7일 이내로서 제품에 손상이 없는 경우에 한하여 교환 또는 환급을 요구할 수 있습니다. 다만, 구매 당시 교환 및 환급 불가 사실을 판매자가 명시적으로 표기 또는 고지를 하였다면 당사자 간에 이러한 내용의 계약을 체결한 것으로 보아 교환 및 환급을 요구하기 어렵다고 판단됩니다.   일반매장에서 상품 구입 후 교환 및 반품과 관련된 분쟁이 자주 발생하는데, 매장의 환급 규정, 교환 가능 유무 등을 꼼꼼히 확인 후 상품을 구입할 필요가 있습니다."
247, 기타의류·섬유, 계약해제·해지_가격기재 오류,"전자상거래로 5,000원 특가 수영복을 주문하였으나 이틀 후 사업자가 50,000원 수영복을 5,000원으로 잘못 기재하였다고 주장하면서 일방적으로 주문 취소를 해버렸습니다. 계약이행을 주장할 수 있나요?","계약이행을 주장하기 어렵습니다.   「민법」 제109조(착오로 인한 의사표시)에 따르면 계약은 신의성실의 원칙에 따라 이행되어야 하나, 의사표시 당사자가 중요 부분에 착오가 있었다면 취소할 수 있습니다. 또한, 「전자상거래 등에서의 소비자보호에 관한 법률」 제15조(재화등의 공급 등)에 따르면 사업자가 청약을 받은 재화를 공급하기 곤란하다는 것을 알았을 때 그 사유를 소비자에게 알리고 대금을 3영업일 이내에 환급하거나 해당 조치를 하도록 규정하고 있습니다.   따라서, 제품 가격 5,000원이 통상가격의 10% 이하 가격인 점을 감안하면 사업자의 착오 주장은 인정될 수 있으며, 사업자는 계약체결 및 결제 이틀 이내 소비자에게 ’고지 및 환급‘ 조치를 완료했으므로 사업자의 계약취소 요구에 대해 소비자가 계약이행을 주장하기는 어렵다고 판단됩니다."
248, 기타의류·섬유, 계약해제·해지_정품 의심,"전자상거래로 명품 수영복을 구입한 후 정품이 아닌 것 같은 느낌이 들어 환급을 요구하였으나, 사업자는 가품이라는 말에 화를 내며 환급을 거부합니다. 환급을 받을 수 있나요?","청약철회 기간이 경과한 후에는 정품이 의심되는 주관적인 추측, 정황만으로는 환급을 요구하기 어렵습니다.   「전자상거래 등에서의 소비자보호에 관한 법률」 제17조(청약철회등)에 따르면 소비자는 전자상거래로 구입한 제품에 대하여 공급받은 날로부터 7일 이내(표시·광고의 내용과 다르거나 계약 내용과 다르게 이행된 경우에는 공급받은 날부터 3개월, 사실을 안 날 또는 알 수 있었던 날부터 30일 이내)에 청약철회를 요청할 수 있으나, 해당 제품이 재판매가 불가할 정도로 훼손된 경우에는 청약철회를 제한하도록 규정하고 있습니다.   이 사안에서 청약철회 기간 내에 환급을 요구할 경우에는 단순 변심에 따른 청약철회가 가능하며, 청약철회 기간이 경과한 후 환급을 요구할 경우에는 정품이 의심되는 주관적인 추측만으로는 청약철회를 요구하기 어렵다고 판단됩니다.   다만, 육안상 가품으로 의심되는 경우에는 감정기관의 가품판정서, 상표권자의 가품확인서 등을 가품 입증자료를 확보하면 피해구제 신청이 가능합니다."
249, 기타의류·섬유, 청약철회_배송 지연,전자상거래로 조끼를 구입한 후 몇 주가 지나도 배송이 되지 않아 환급을 요구하였으나 사업자는 현재 배송중이라며 이를 거부합니다. 송장번호도 확인이 안되는데 환급을 받을 수 있나요?,"환급을 요구할 수 있습니다.   「전자상거래 등에서의 소비자보호에 관한 법률」 제15조(재화등의 공급 등)에 따르면 사업자는 소비자가 청약을 한 날부터 7일 이내에 재화 등의 공급에 필요한 조치를 하여야 하고, 소비자가 재화 등의 대금을 전부 또는 일부를 지급한 날부터 3영업일 이내에 재화 등의 공급에 필요한 조치를 하여야 한다고 규정하고 있습니다. 또한, 청약을 받은 재화 등을 공급하기 곤란하다는 것을 알았을 때에는 지체 없이 그 사유를 소비자에게 알려야 하고, 소비자가 그 대금의 전부 또는 일부를 지급한 날부터 3 영업일 이내에 환급하거나 환급에 필요한 조치를 하도록 규정하고 있습니다.   따라서, 사업자가 물품의 배송이 힘들 것으로 판단되었을 때 그에 따른 안내를 소비자에게 하여야 할 의무가 있음에도 불구하고 이를 고지하지 않고 배송 중이라는 사유로 청약철회를 거부하고 있으며, 청약철회의 효과와 동일하게 대금의 환급이 이루어져야 함에도 불구하고 이를 이행하고 있지 않은 것으로 판단됩니다. 따라서, 소비자는 사업자에게 환급을 요구할 수 있다고 판단됩니다.   통신판매업자에 대한 청약철회 의사표시 방법은 법률상 특별한 제한이 없으므로 전화, 서면, 전자문서 모두 가능합니다. 다만, 전화로 의사표시를 한 경우 간혹 판매자가 청약철회 요구를 받은 사실이 없다고 주장하는 경우가 있으므로, 쇼핑몰 게시판에 청약철회 의사를 표시하고 그 화면을 캡처하여 보관하거나 서면으로 발송하는 것이 좋습니다. 서면으로 발송한 경우에는 발송한 날에 그 효력이 발생합니다. 또한, 사업자에게 청약철회를 요청하였는데도 특별한 사유없이 이를 거부할 경우, 「전자상거래 등에서의 소비자보호에 관한 법률」 제18조(청약철회등의 효과)에 따라 신용카드로 대금을 결제하였다면 신용카드사에 처리를 요구할 수 있습니다."
250, 기타의류·섬유," 청약철회_제품 훼손, 오염, 냄새","청약철회 의사를 밝히고 수령한 조끼를 그대로 반송하였으나, 사업자가 반송된 제품의 훼손, 오염, 냄새 등으로 인해 거부하고 있습니다. 청약철회가 가능한가요? ","사업자가 제품의 훼손, 오염, 냄새의 원인이 소비자에게 있다고 입증하지 못한다면 청약철회를 요구할 수 있습니다.   「전자상거래 등에서의 소비자보호에 관한 법률」 제17조(청약철회등) 제2항에 따르면 소비자의 책임 있는 사유로 재화 등이 멸실되거나 훼손된 경우, 소비자의 사용 또는 일부 소비로 재화 등의 가치가 현저히 감소한 경우와 같이 예외적인 경우 청약철회를 할 수 없다고 규정하고 있습니다.   재화 등의 훼손에 대하여 소비자의 책임이 있는지 여부에 관하여 다툼이 있는 경우에는 사업자가 이를 입증해야 하므로, 소비자는 사업자가 발송한 제품에 하자가 존재하지 않는다는 점에 대한 입증을 요구하고 이를 입증하지 못하는 한 청약철회를 요구할 수 있다고 판단됩니다.   통신판매업자에 대한 청약철회 의사표시 방법은 법률상 특별한 제한이 없으므로 전화, 서면, 전자문서 모두 가능합니다. 다만, 전화로 의사표시를 한 경우 간혹 판매자가 청약철회 요구를 받은 사실이 없다고 주장하는 경우가 있으므로, 쇼핑몰 게시판에 청약철회 의사를 표시하고 그 화면을 캡처하여 보관하거나 서면으로 발송하는 것이 좋습니다. 서면으로 발송한 경우에는 발송한 날에 그 효력이 발생합니다. 또한, 사업자에게 청약철회를 요청하였는데도 특별한 사유 없이 이를 거부할 경우, 「전자상거래 등에서의 소비자보호에 관한 법률」 제18조(청약철회등의 효과)에 따라 신용카드로 대금을 결제하였다면 신용카드사에 처리를 요구할 수 있습니다."
251, 기타의류·섬유, 청약철회_주문제작,전자상거래로 수영복을 구입하고 단순 변심으로 청약철회를 요구하였으나 사업자는 주문 즉시 제작하는 ‘Order Made’ 상품임을 주장하면서 거절하고 있습니다. 청약철회가 가능한가요?,"사업자가 주문제작으로 청약철회가 어렵다는 사실을 고지하고 이에 소비자가 동의하였으며, 청약철회 시 중대한 피해가 예상된다는 것을 증명한 경우에는 청약철회를 요구하기 어렵습니다.   「전자상거래 등에서의 소비자보호에 관한 법률」 제17조(청약철회등)에 따르면 소비자의 청약철회 권리를 보호하고 있으나, ‘소비자의 사용 또는 책임 있는 사유로 재화가 훼손되거나 가치가 감소한 경우, 시간의 경과로 재판매가 곤란할 정도로 가치가 하락된 경우, 복제 가능한 재화 등의 포장을 훼손한 경우’에는 그 권리를 제한하고 있으며, 동법 시행령 제21조(청약철회등의 제한)에 따르면 소비자의 주문에 의하여 개별적으로 생산되는 재화‘의 청약철회를 인정하는 경우, 통신판매업자에게 회복할 수 없는 중대한 피해가 예상되는 경우로서 사전에 당해 거래에 대하여 별도로 그 사실을 고지하고 소비자의 서면(전자문서를 포함한다)에 의한 동의를 얻은 경우에는 청약철회 요청을 거부할 수 있다고 규정하고 있습니다.   따라서, 사업자가 청약철회 시 재판매 등이 어렵다는 사실을 사전에 고지하면서 소비자의 서면(전자문서를 포함한다)에 의한 동의를 얻었고, 특정 개인의 요구사항에 맞게 그 구성이 개별적으로 달리하게 된 제품이면서 청약철회 시 재판매 등이 어려워 중대한 피해가 예상된다는 것을 증명할 경우에는 청약철회가 어렵다고 판단됩니다.   다만, 소비자가 해당 제품이 이미 사이즈의 종류가 정해져 있는 상황에서 단순히 선택만 하였거나 청약철회 시 주문제작 착수 전일 경우에는 청약철회를 요구할 수 있습니다."
252, 기타의류·섬유, 청약철회_SNS 판매,SNS에서 스카프를 구입하고 단순변심으로 반품을 요청하였으나 이를 거부하며 SNS를 차단한 후 연락이 되지 않습니다. 청약철회가 가능한가요?,"SNS 운영자가 통신판매업자로 등록하지 않은 개인이거나 사업자정보가 확인하기 어려운 경우에는 청약철회를 요구하기 어렵습니다.   「전자상거래 등에서의 소비자보호에 관한 법률」 제9조의2(전자게시판서비스 제공자의 책임)에 따르면 전자게시판서비스 제공자는 해당 게시판을 이용하여 통신판매 또는 통신판매중개가 이루어지는 경우 이로 인한 소비자피해가 발생하지 아니하도록 소비자보호조치를 이행하도록 규정하고 있습니다. 또한, 이에 따른 의무를 준수하도록 안내 및 권고를 하고, 소비자의 피해구제신청을 대행하는 장치를 마련하고 운영하며, 기타 소비자피해를 방지하기 위한 사항을 이행함과 동시에 사업자정보 역시 제공할 의무가 있습니다.   따라서, 통신판매업자로 등록한 사업자의 경우에는 해당 지자체(사업자 소재지)를 통해 연락 두절, 폐업, 폐쇄 등의 사실을 확인한 후 청약철회를 요구할 수 있으나, 통신판매업자로 등록하지 않은 개인이거나 또는 사업자정보(상호, 대표자명, 주소, 전화번호, 전자우편주소, 통신판매신고 번호 등) 확인이 불가한 경우에는 청약철회를 요구하기 어렵다고 판단됩니다."
253, 기타의류·섬유, 청약철회_구성품 누락,전자상거래로 고가의 목도리를 구입하고 사이즈 착오로 반품을 요청하였으나 사업자가 구성품(포장지 비닐) 누락을 이유로 거부합니다. 청약철회가 가능한가요?,"구성품이 일부라도 누락된 상태라면 청약철회를 요구하기 어렵습니다.   「전자상거래 등에서의 소비자보호에 관한 법률」 제17조(청약철회등)에 따르면 소비자에게 책임이 있는 사유로 재화 등이 멸실되거나 훼손된 경우 청약철회를 할 수 없다고 규정하고 있습니다.   고가의 의류나 해외 구매대행 제품 등은 포장지에 제품의 정보를 담고 있는 바코드 스티커와 로고가 각인되어 있는 경우가 많아 개봉 시 주의할 필요가 있으며, 이 경우 사업자가 사전에 “포장 훼손 시 청약철회 불가”를 고지했다면 청약철회가 어렵다고 판단됩니다.   따라서, 제품 확인을 위해 포장을 개봉했다 하더라도 청약철회를 요청하기 위해서는 배송된 상태(제품 및 바코드 스티커 등 구성품 일체) 그대로 보존하여 반품해야 합니다.   ※ 통신판매업자에 대한 청약철회 의사표시 방법은 법률상 특별한 제한이 없으므로 전화, 서면, 전자문서 모두 가능합니다. 다만, 전화로 의사표시를 한 경우 간혹 판매자가 청약철회 요구를 받은 사실이 없다고 주장하는 경우가 있으므로, 쇼핑몰 게시판에 청약철회 의사를 표시하고 그 화면을 캡처하여 보관하거나 서면으로 발송하는 것이 좋습니다. 서면으로 발송한 경우에는 발송한 날에 그 효력이 발생합니다. 또한, 사업자에게 청약철회를 요청하였는데도 특별한 사유없이 이를 거부할 경우, 「전자상거래 등에서의 소비자보호에 관한 법률」 제18조에 따라 신용카드로 대금을 결제하였다면 신용카드사에 처리를 요구할 수 있으니 참고하시기 바랍니다."
254, 기타의류·섬유, 청약철회_7일 이내 반품 미완료,전자상거래로 수영복을 구입하고 단순 변심으로 반품을 요청하였으나 사업자가 7일 이내 제품이 도착하지 않았다는 이유로 거부합니다. 청약철회가 가능한가요?,"청약철회를 요구할 수 있습니다.   「전자상거래 등에서의 소비자보호에 관한 법률」(이하, ‘전자상거래법’) 제17조(청약철회등)에 따르면 소비자는 단순 변심에 의한 청약철회의 경우 상품 수령일로부터 7일 이내에 청약철회를 할 수 있고, 이를 위반한 약정으로써 소비자에게 불리한 것은 효력이 없는 것으로 규정하고 있습니다.   따라서, 만약 사업자가 “반품은 상품이 7일 이내 쇼핑몰에 도착해야만 환급 가능하다”고 표시하였다고 하더라도 이는 ‘전자상거래법’ 제17조를 위반한 약정으로 소비자에게 불리한 것이므로 효력이 없다고 보며, 소비자가 제품을 수령한 날로부터 7일 이내 청약철회 의사표시를 하고 반품 절차를 진행했다면 설령 반품한 상품이 7일 이내 쇼핑몰에 도착하지 못했다 하더라도 청약철회 권리를 제한할 수는 없다고 판단됩니다.   ※ 통신판매업자에 대한 청약철회 의사표시 방법은 법률상 특별한 제한이 없으므로 전화, 서면, 전자문서 모두 가능합니다. 다만, 전화로 의사표시를 한 경우 간혹 판매자가 청약철회 요구를 받은 사실이 없다고 주장하는 경우가 있으므로, 쇼핑몰 게시판에 청약철회 의사를 표시하고 그 화면을 캡처하여 보관하거나 서면으로 발송하는 것이 좋습니다. 서면으로 발송한 경우에는 발송한 날에 그 효력이 발생합니다. 또한, 사업자에게 청약철회를 요청하였는데도 특별한 사유없이 이를 거부할 경우, 「전자상거래 등에서의 소비자보호에 관한 법률」 제18조에 따라 신용카드로 대금을 결제하였다면 신용카드사에 처리를 요구할 수 있으니 참고하시기 바랍니다."
255, 기타의류·섬유, 청약철회_사이즈 표기 오류,"전자상거래로 105 사이즈 조끼를 구입하고 박스 표면에 표기된 사이즈를 확인한 후 그대로 보관했는데, 7일을 경과한 후 제품을 열어보니 100 사이즈였습니다. 이에 사업자에게 반품을 요구하였으나 청약철회 기간이 7일이 지났다며 이를 거부합니다. 청약철회가 가능한가요?","소비자가 통상적 주의력을 가지고도 제품의 하자 또는 계약불이행 여부를 확인하기 어려운 상황이라면 청약철회를 요구할 수 있습니다.   「전자상거래 등에서의 소비자보호에 관한 법률」 제17조(청약철회등)에 따르면 재화 등을 공급받거나 재화 등의 공급이 시작된 날부터 7일 이내에 청약철회를 할 수 있지만, 재화 등의 내용이 표시, 광고의 내용과 다르거나 계약내용과 다르게 이행된 경우에는 그 재화 등을 공급받은 날부터 3개월 이내, 그 사실을 안 날 또는 알 수 있었던 날부터 30일 이내에 청약철회 권리를 행사할 수 있다고 규정하고 있습니다.   이 사례에서는 포장 박스에 105 사이즈로 표기가 되어 있었고, 소비자가 제품을 전혀 착용하지 않았기 때문에 소비자가 통상적인 주의력을 가지고 해당 하자 또는 계약불이행 여부를 확인하기 어려운 상태로 볼 수 있으므로 계약내용과 다르게 이행되었다는 사실을 안 날로부터 30일 이내인 점을 고려했을 때, 청약철회 요구가 가능하다고 판단됩니다.   단, 이때 사업자는 청약철회를 수용하더라도 소비자가 제품의 일부 사용, 소비로 얻은 이익 또는 그에 상당하는 비용을 소비자에게 청구할 수 있습니다.    ※ 통신판매업자에 대한 청약철회 의사표시 방법은 법률상 특별한 제한이 없으므로 전화, 서면, 전자문서 모두 가능합니다. 다만, 전화로 의사표시를 한 경우 간혹 판매자가 청약철회 요구를 받은 사실이 없다고 주장하는 경우가 있으므로, 쇼핑몰 게시판에 청약철회 의사를 표시하고 그 화면을 캡처하여 보관하거나 서면으로 발송하는 것이 좋습니다. 서면으로 발송한 경우에는 발송한 날에 그 효력이 발생합니다. 또한, 사업자에게 청약철회를 요청하였는데도 특별한 사유없이 이를 거부할 경우, 「전자상거래 등에서의 소비자보호에 관한 법률」 제18조에 따라 신용카드로 대금을 결제하였다면 신용카드사에 처리를 요구할 수 있으니 참고하시기 바랍니다."
256, 기타의류·섬유, 청약철회_사이즈 문제,"전자상거래로 조끼를 구입하고 수령 후 사이즈가 맞지 않아 반품을 요구하였으나, 사업자는 소재 특성상 반품이 불가함을 미리 고지하였다며 거절하고 있습니다. 청약철회가 가능한가요?","재판매가 곤란할 정도의 제품 훼손이 없다면 청약철회를 요구할 수 있습니다.   「전자상거래 등에서의 소비자보호에 관한 법률」 제17조(청약철회등)에 따르면 소비자는 계약내용에 관한 서면을 교부받은 날(서면을 교부받은 때보다 재화 등의 공급이 늦게 이루어진 경우에는 재화 등의 공급을 받거나 공급이 개시된 날)부터 7일 이내에 당해 계약에 관한 청약을 철회할 수 있으며, 동법 제18조에는 색상, 디자인 혹은 사이즈 불만 등의 사유로 청약철회를 요청한 경우 반환에 소요되는 비용(반품비)은 소비자가 부담해야 한다고 규정하고 있습니다.   따라서, 홈페이지에 반품, 교환, 환급 등이 불가하다고 쓰여 있거나, 반품을 원할 경우에는 적립금으로 환급 처리된다고 고지되어 있더라도 청약철회와 관련하여 소비자에게 불리한 약정은 효력이 없기 때문에 재판매가 곤란할 정도의 제품 훼손이 없다면 반품비를 소비자가 부담하고 청약철회를 요구할 수 있다고 판단됩니다.   ※ 통신판매업자에 대한 청약철회 의사표시 방법은 법률상 특별한 제한이 없으므로 전화, 서면, 전자문서 모두 가능합니다. 다만, 전화로 의사표시를 한 경우 간혹 판매자가 청약철회 요구를 받은 사실이 없다고 주장하는 경우가 있으므로, 쇼핑몰 게시판에 청약철회 의사를 표시하고 그 화면을 캡처하여 보관하거나 서면으로 발송하는 것이 좋습니다. 서면으로 발송한 경우에는 발송한 날에 그 효력이 발생합니다. 또한, 사업자에게 청약철회를 요청하였는데도 특별한 사유없이 이를 거부할 경우, 「전자상거래 등에서의 소비자보호에 관한 법률」 제18조에 따라 신용카드로 대금을 결제하였다면 신용카드사에 처리를 요구할 수 있으니 참고하시기 바랍니다."
257, 기타의류·섬유, 청약철회_반품·교환불가 사전 고지,"전자상거래로 수영복을 구입하고 수령 후 단순 변심으로 반품을 요구하였으나, 사업자는 반품, 교환, 환급이 불가하다는 문구를 쇼핑몰에 고지하였음을 근거로 거절하고 있습니다. 청약철회가 가능한가요?","재판매가 곤란할 정도의 제품 훼손이 없다면 청약철회를 요구할 수 있습니다.      「전자상거래 등에서의 소비자보호에 관한 법률」 제17조(청약철회등)에 따르면 소비자는 계약내용에 관한 서면을 교부받은 날(서면을 교부받은 때보다 재화 등의 공급이 늦게 이루어진 경우에는 재화 등의 공급을 받거나 공급이 개시된 날)부터 7일 이내에 당해 계약에 관한 청약을 철회할 수 있으며, 동법 제18조에는 색상, 디자인 혹은 사이즈 불만 등의 사유로 청약철회를 요청한 경우 반환에 소요되는 비용(반품비)은 소비자가 부담해야 한다고 규정하고 있습니다.   따라서, 홈페이지에 반품, 교환, 환급 등이 불가하다고 쓰여 있거나, 반품을 원할 경우에는 적립금으로 환급 처리된다고 고지되어 있더라도 청약철회와 관련하여 소비자에게 불리한 약정은 효력이 없기 때문에 재판매가 곤란할 정도의 제품 훼손이 없다면 반품비를 소비자가 부담하고 청약철회를 요구할 수 있다고 판단됩니다.   ※ 통신판매업자에 대한 청약철회 의사표시 방법은 법률상 특별한 제한이 없으므로 전화, 서면, 전자문서 모두 가능합니다. 다만, 전화로 의사표시를 한 경우 간혹 판매자가 청약철회 요구를 받은 사실이 없다고 주장하는 경우가 있으므로, 쇼핑몰 게시판에 청약철회 의사를 표시하고 그 화면을 캡처하여 보관하거나 서면으로 발송하는 것이 좋습니다. 서면으로 발송한 경우에는 발송한 날에 그 효력이 발생합니다. 또한, 사업자에게 청약철회를 요청하였는데도 특별한 사유없이 이를 거부할 경우, 「전자상거래 등에서의 소비자보호에 관한 법률」 제18조에 따라 신용카드로 대금을 결제하였다면 신용카드사에 처리를 요구할 수 있으니 참고하시기 바랍니다."
258, 기타의류·섬유, 청약철회_흰색 제품 반품 거부,"전자상거래로 흰색 수영복을 구입하고 수령 후 단순 변심으로 반품을 요구하였으나, 사업자는 흰색 제품은 반품이 불가하다는 문구를 쇼핑몰에 고지하였음을 근거로 거절하고 있습니다. 청약철회가 가능한가요?","재판매가 곤란할 정도의 제품 훼손이 없다면 청약철회를 요구할 수 있습니다.      「전자상거래 등에서의 소비자보호에 관한 법률」 제17조(청약철회등)에 따르면 소비자의 청약철회 권리를 보호하고 있으나, ‘소비자의 사용 또는 책임 있는 사유로 재화가 훼손되거나 가치가 감소한 경우, 시간의 경과로 재판매가 곤란할 정도로 가치가 하락된 경우, 복제 가능한 재화 등의 포장을 훼손한 경우’에는 그 권리를 제한하고 있습니다. ‘주문에 의해 개별적으로 생산되는 재화’ 또한 통신판매사업자에게 회복할 수 없는 중대한 피해가 예상되는 경우, 사전에 당해 거래에 대해 별도로 그 사실을 고지하고 소비자의 서면 동의를 받아 두었다면 청약철회 요청을 거부할 수 있습니다.   하지만, 흰색 제품은 반품이 어렵다고 고지되어 있더라도 청약철회와 관련하여 소비자에게 불리한 약정으로 효력이 없으며, 공정거래위원회에서도 ‘흰색계열, 세일 상품’ 등의 이유로 청약철회를 거부하는 것을 ‘청약철회 방해 행위’로 보고 있기 때문에 재판매가 곤란할 정도의 제품 훼손이 없다면 반품비를 소비자가 부담하고 청약철회를 요구할 수 있다고 판단됩니다.   ※ 통신판매업자에 대한 청약철회 의사표시 방법은 법률상 특별한 제한이 없으므로 전화, 서면, 전자문서 모두 가능합니다. 다만, 전화로 의사표시를 한 경우 간혹 판매자가 청약철회 요구를 받은 사실이 없다고 주장하는 경우가 있으므로, 쇼핑몰 게시판에 청약철회 의사를 표시하고 그 화면을 캡처하여 보관하거나 서면으로 발송하는 것이 좋습니다. 서면으로 발송한 경우에는 발송한 날에 그 효력이 발생합니다. 또한, 사업자에게 청약철회를 요청하였는데도 특별한 사유없이 이를 거부할 경우, 「전자상거래 등에서의 소비자보호에 관한 법률」 제18조에 따라 신용카드로 대금을 결제하였다면 신용카드사에 처리를 요구할 수 있으니 참고하시기 바랍니다."
259, 기타의류·섬유, 청약철회_묶음배송 반품비_제품 불량,"전자상거래로 수영복과 수영모자 두 벌을 70,000원에 구입하였으며, 50,000원 이상 구매 시 무료배송이어서 사업자에게 묶음배송을 요청하였습니다. 이후 수영복이 불량인 것을 확인하여 반품을 요구했는데, 사업자는 반품비를 입금할 것을 주장합니다. 반품비를 제가 부담하는게 맞나요?","제품의 불량 등 사업자의 귀책사유로 반품하는 경우에는 사업자가 반품비 전액을 부담합니다.     「전자상거래 등에서의 소비자보호에 관한 법률」 제17조(청약철회등)에 따르면 소비자는 계약내용에 관한 서면을 교부받은 날(서면을 교부받은 때보다 재화 등의 공급이 늦게 이루어진 경우에는 재화 등의 공급을 받거나 공급이 개시된 날)부터 7일 이내에 당해 계약에 관한 청약을 철회할 수 있으며, 동법 제18조 제10항에는 표시 광고의 내용과 다르거나 계약내용과 다르게 이행된 경우 등의 사유로 청약철회를 요청한 경우 반환에 소요되는 비용(반품비)은 사업자가 부담해야 한다고 규정하고 있습니다.   따라서, 제품 하자 등 사업자의 귀책사유로 반품하는 경우에는 사업자가 반품 택배비 전액을 부담해야 한다고 판단됩니다."
260, 기타의류·섬유, 청약철회_묶음배송 반품비_단순 변심,"전자상거래로 수영복과 수영모자 두 벌을 70,000원에 구입하였으며, 50,000원 이상 구매 시 무료배송이어서 사업자에게 묶음배송을 요청하였습니다. 이후 수영복 사이즈가 맞지 않아 반품을 요구했는데, 사업자는 반품비를 입금할 것을 주장합니다. 반품비를 제가 부담하는게 맞나요?","사이즈 오류 등 개인 변심으로 반품하는 경우에는 소비자가 반품비 전액을 부담합니다.   「전자상거래 등에서의 소비자보호에 관한 법률」 제17조(청약철회등)에 따르면 소비자는 계약내용에 관한 서면을 교부받은 날(서면을 교부받은 때보다 재화 등의 공급이 늦게 이루어진 경우에는 재화 등의 공급을 받거나 공급이 개시된 날)부터 7일 이내에 당해 계약에 관한 청약을 철회할 수 있으며, 동법 제18조 제9항에는 색상, 디자인 혹은 사이즈 불만 등의 사유로 청약철회를 요청한 경우 반환에 소요되는 비용(반품비)은 소비자가 부담해야 한다고 규정하고 있습니다.   따라서, 소비자의 개인 변심으로 반품하는 경우에는 반품 택배비는 소비자가 전액 부담해야 한다고 판단됩니다."
261, 기타의류·섬유, 계약불이행_미환급,전자상거래로 스카프를 주문하고 대금을 신용카드로 결제하였습니다. 구입 후 7일 이내 청약철회를 요구하여 스카프를 반품하였는데 물품 대금을 환급해 주지 않고 있습니다. 환급받을 방법이 있나요?,"사업자가 환급을 지연하는 경우 신용카드사에 사업자로부터 환급받을 금액을 상계할 것을 요청하고 결제대금의 매출 취소를 요구할 수 있습니다.   「전자상거래 등에서의 소비자보호에 관한 법률」 제18조(청약철회등의 효과) 제2항에 따르면 청약철회 시 소비자는 이미 공급받은 제품을 사업자에게 반환해야 하며, 사업자는 물품을 반환 받은 날(또는 재화 등을 공급하지 않은 경우에는 청약철회를 한 날)로부터 3영업일 이내에 이미 지급받은 대금을 환급하여야 합니다. 이때 사업자가 대금의 환급을 지연한 경우에는 가산이자를 지급하도록 규정하고 있습니다. 또한, 동법 제18조(청약철회등의 효과) 제3항, 제6항에 따르면 사업자가 신용카드로 결제한 대금의 환급을 지연할 경우 신용카드사에 환급에 필요한 조치를 요구할 수 있으며, 이 경우에 신용카드사는 환급에 필요한 조치를 취해야하며 사업자에게 지급할 대금이 있을 경우 이를 주지 않고 소비자가 결제한 대금을 상계 처리한 후 소비자의 결제 대금의 매출을 취소해주도록 규정하고 있습니다.   따라서, 소비자는 신용카드사에 사업자와의 다른 채무와의 상계를 요구하면서 대금 청구를 정지하거나 취소하도록 요구할 수 있다고 판단됩니다."
262, 기타의류·섬유, 가격·요금_추가대금 요구,"전자상거래로 병행수입 수영복을 구입하고 반품을 요구하였으나 사전에 고지된 반품 배송비 이외에 ‘현지 운송료, 제비용 등’의 명목으로 추가대금 지급을 요구합니다. 추가로 지급해야 하나요?","사업자가 반품 배송비 외의 비용 발생에 대해 사전에 고지하지 않았고, 이를 입증하지 못한다면 반품 배송비만 공제한 후 환급을 요구할 수 있습니다.   병행수입을 비롯한 수입제품 판매 시 발생하는 배송비는 사업자마다 수입절차 및 재고관리 방식에 따라 다를 수 있으나 「전자상거래 등에서의 소비자보호에 관한 법률」(이하, ‘전자상거래법’) 제18조(청약철회등의 효과) 제9항, 제10항에 따라 부과하는 반품비용은 소비자의 구매 여부 판단에 영향을 주는 중요한 거래조건에 해당되므로 적절한 방법으로 고지하여야 할 사항으로 볼 수 있습니다.    따라서, 사업자가 수입 과정에서 ‘현지 및 국제운송료’, ‘수입세금 및 제비용’의 비용이 발생한 사실을 사전에 고지하였고, 이에 대해 입증할 수 있는 경우 소비자는 그에 대한 금액을 지급해야 하나, 입증할 수 없는 경우 제품을 반품한 뒤 반품과정에서 발생한 비용을 공제한 후 환급을 요구할 수 있다고 판단됩니다.   반면, ‘전자상거래법’에 따라 사업자는 소비자에게 청약철회를 이유로 위약금이나 손해배상을 청구할 수 없으므로 미리 고지한 반품 배송비 이외에 다른 명목의 위약금을 추가 청구하는 것은 인정되기 어렵습니다."
263, 기타의류·섬유, 가격·요금_적립금 환급,전자상거래로 조끼를 신용카드로 구입하고 제품 수령 다음날 단순 변심으로 반품을 신청하였으나 사업자는 결제금액을 적립금으로만 돌려주겠다고 주장합니다. 신용카드 결제 취소를 요구할 수 있나요?,"사업자에게 신용카드 결제 취소를 요구할 수 있습니다.   「전자상거래 등에서의 소비자보호에 관한 법률」(이하, ‘전자상거래법’) 제17조(청약철회등)에 따르면 소비자는 상품을 공급 받은 날로부터 7일 이내에는 소비자의 귀책사유로 인한 상품의 멸실 또는 훼손된 경우 등을 제외하고는 단순변심으로 인한 청약철회를 할 수 있다고 규정하고 있습니다. 이에 소비자가 제품을 수령한 날로부터 7일 이내 청약철회 의사표시를 명확히 하였다면 해당 쇼핑몰은 ‘전자상거래법’ 제18조 제3항에 의거하여 신용카드사에게 대금 청구를 정지하거나 취소하도록 요청하여야 합니다.   따라서, 신용카드로 결제하였으나 적립금으로만 환급이 가능하다는 것은 「민법」 제548조(해제의 효과, 원상회복의무)에 따른 원상회복이라고 보기 어려우므로 소비자가 사용한 결제수단에 따른 환급 이행을 해당 쇼핑몰에 요구할 수 있다고 판단됩니다."
264, 기타의류·섬유, 표시·광고_반품비1,"‘캐시미어 100%’라고 광고하는 조끼를 전자상거래로 구입하고, 10일 뒤에 착용하던 과정에서 실제로는 캐시미어는 10%만 포함된 사실을 알게 되었습니다. 이 경우에 반품비 부담자는 누구인가요?","이 사례에서는 부당한 표시·광고행위 유형에 해당하여, 조끼를 받은 날부터 3월 이내, 표시·광고와 다르다는 사실을 안 날 또는 알 수 있었던 날부터 30일 이내에 청약철회가 가능하며, 사업자 귀책 사유에 해당하므로 반품비는 사업자가 부담합니다.   「전자상거래 등에서의 소비자보호에 관한 법률」 제18조(청약철회등의 효과)에 따르면 물품의 내용이 표시·광고 내용과 다른 경우에는 반환에 필요한 비용은 사업자가 부담함은 물론 소비자에게 물품을 배달할 때의 배송비도 사업자가 부담하여야 하며, 이미 소비자가 지급한 경우에는 환급하도록 규정하고 있습니다. 이 경우에는 청약철회기간은 당해 물품을 공급받은 날부터 3월 이내, 그 사실을 안 날 또는 알 수 있었던 날부터 30일 이내로 연장됩니다.   이러한 소비자의 권리가 인정되려면 물품 관련 표시·광고의 내용이 누가 보아도 명백하게 허위이거나 과장된 점이 인정되어야 하는데, 「표시·광고의 공정화에 관한 법률」 제3조(부당한 표시·광고 행위의 금지) 및 ‘부당한 표시·광고행위의 유형 및 기준 지정 고시’에 따르면 부된 원재료나 성분을 가지고 전체의 주된 성분인 것처럼 표시·광고한 행위를 부당한 표시·광고로 규정하고 있습니다.    따라서, 성분 표시가 잘못된 것이 명확히 확인될 경우에는 물품의 내용이 표시·광고 내용과 다른 경우에 해당하여 청약철회가 가능하고, 반품비는 사업자가 부담하도록 요구할 수 있다고 판단됩니다."
265, 기타의류·섬유, 표시·광고_반품비2,"전자상거래 사업자가 운영하고 있는 FAQ에서 ‘모든 상품은 무료 반품 가능’이라는 문구를 확인하고 수영복을 구입하였고, 이후 7일 이내 반품을 요구하였으나 사업자가 반품비를 요구합니다. 제가 비용을 지급해야 하나요?","FAQ 게시물도 광고에 해당되며, 표시·광고와 다르게 계약이 이행된 경우에는 사업자 귀책사유에 해당하므로 반품비는 사업자가 부담합니다.    대법원 판례에 따르면 “FAQ 게시물은 일반 소비자가 누구나 접근할 수 있는 사업자의 인터넷 홈페이지에 게시되어 있으며, 게시 경위도 소비자들이 사업자에게 한 질문에 대해 개별적으로 답변한 것이 아니라 사업자가 일반 소비자들에게 알리고 싶은 내용을 선정하여 질문과 답변의 형식으로 게시해 놓은 것이라는 점에 비추어 보면, 사업자가 ‘널리 소비자들에게 제시하거나 알리기 위하여’ 게시해 놓은 것이라고 볼 수 있으므로 해당 FAQ 게시물은 「표시·광고의 공정화에 관한 법률」 상의 광고에 해당합니다(대법원 2009.5.28., 선고, 2009두843, 판결).   또한, 「표시·광고의 공정화에 관한 법률」 제3조(부당한 표시·광고 행위의 금지) 및 ‘부당한 표시·광고행위의 유형 및 기준 지정 고시‘에 따르면 반품, 교환, 대금지급방법 등 기타 거래내용 및 거래조건 등에 관하여 표시·광고함에 있어서는 사실대로 하여야 하며, 이를 사실과 다르게 표시·광고한 행위를 부당한 표시·광고로 규정하고 있습니다.    따라서, 이 사례에서는 사실과 다르게 반품비를 요구하는 것이 명확히 확인되므로 물품의 내용이 표시·광고 내용과 다른 경우에 해당하며, 「전자상거래 등에서의 소비자보호에 관한 법률」 제18조(청약철회등의 효과)에 따라 사업자에게 반품비 부담을 요구할 수 있다고 판단됩니다."
266, 기타의류·섬유, 표시·광고_광고와 차이 있는 제품,전자상거래로 목도리를 구입하고 10일 뒤 착용하던 과정에서 광고 사진과 너무 다르다는 사실을 알게 되었습니다. 청약철회가 가능한가요?,"상품이 광고 사진과 다르다는 소비자의 주관적인 판단만으로는 계약내용과 다르게 이행되었다고 보기 어려우므로 7일이 경과한 후에는 청약철회를 요구하기 어렵습니다.   「전자상거래 등에서의 소비자보호에 관한 법률」 제17조(청약철회등)에 따르면 소비자는 전자상거래로 구입한 제품에 대하여 공급받은 날로부터 7일 이내(표시·광고의 내용과 다르거나 계약내용과 다르게 이행된 경우에는 공급받은 날부터 3개월, 사실을 안 날 또는 알 수 있었던 날부터 30일 이내)에 청약철회를 요청할 수 있으나, 소비자에게 책임이 있는 사유로 재화 등이 멸실되거나 훼손된 경우에는 청약철회를 요구할 수 없습니다.   다만, 광고 사진과 다르다는 소비자의 주관적인 판단만으로는 「표시·광고의 공정화에 관한 법률」 상 부당한 표시·광고임을 주장하기 어려우며, 광고 사진과 실제 받은 제품이 완전 다른 경우와 같이 중대한 하자가 있다면 청약철회를 요구할 수 있다고 판단됩니다."
267, 기타의류·섬유, 품질_보풀,"조끼를 구입하고 1회 착용하였는데, 겨드랑이 부분에 보풀이 심하게 발생하였습니다. 구제 방법이 있나요?","어느 정도의 보풀은 의류를 착용할 때 자연스럽게 발생할 수 있는 현상으로 품질불량으로 보지 않습니다. 그러나 보풀이 심할 경우 외관을 해칠 뿐만 아니라 섬유의 질감을 변화시키기 때문에 품질불량으로 판단할 수 있습니다.   우선적으로 제조사나 구입처 등에 문제점을 제기하고, 하자의 원인 및 책임 소재에 대하여 분쟁이 발생한 경우에는 전문가(심의기구 등)에게 의뢰하여 의견을 구하는 것이 좋으며 품질 시험검사가 가능한 경우에는 이를 통해 보다 정확한 원인규명을 해볼 수 있습니다.    해당 제품이 원단불량 등 제품하자로 판명날 경우 공정거래위원회가 고시한 의복류 관련 ‘소비자분쟁해결기준’에 따라 제조사나 구입처에 수선이 가능한 경우에는 무상수선, 수선이 불가한 경우에는 동종 제품으로의 교환, 동종 제품이 없는 경우에는 환급을 요구할 수 있으며, 수선이 가능한 경우임에도 불구하고 소비자가 구입가의 환급을 요구하는 경우에 사업자는 이를 거부할 수 있습니다.   ※ 한국소비자원에서는 섬유·세탁 품질하자 유무 및 원인 규명을 위하여 해당 분야 전문가로 구성된 ‘섬유제품심의위원회’를 운영하고 있으며, 해당 심의·자문 결과(책임소재, 심의내용 등)를 토대로 공정거래위원회가 고시한 ‘소비자분쟁해결기준’에 따라 피해보상에 관한 합의를 권고할 수 있습니다. 다만, 심의·자문 결과는 당사자간 분쟁해결에 있어 근거자료로 활용되나 법적 강제력은 없습니다."
268, 기타의류·섬유, 품질_올 당겨짐,조끼를 구입하고 착용하다 보니 장식으로 들어간 실에서 쉽게 올이 나옵니다. 구제 방법이 있나요?,"날카롭거나 뾰쪽한 물체에 걸려 올이 당겨지거나 끊어진 경우에는 착용자의 과실로 판단하여 품질불량으로 보지 않습니다. 그러나 자연스럽게 발생할 수 있는 일상적인 마찰에도 올이 쉽게 당겨지거나 끊어질 경우 품질불량으로 판단할 수 있습니다.   우선적으로 제조사나 구입처 등에 문제점을 제기하고, 하자의 원인 및 책임 소재에 대하여 분쟁이 발생한 경우에는 전문가(심의기구 등)에게 의뢰하여 의견을 구하는 것이 좋으며 품질 시험검사가 가능한 경우에는 이를 통해 보다 정확한 원인규명을 해볼 수 있습니다.   해당 제품이 원단불량 등 제품하자로 판명날 경우 공정거래위원회가 고시한 의복류 관련 ‘소비자분쟁해결기준’에 따라 제조사나 구입처에 수선이 가능한 경우에는 무상수선, 수선이 불가한 경우에는 동종 제품으로의 교환, 동종 제품이 없는 경우에는 환급을 요구할 수 있으며, 수선이 가능한 경우임에도 불구하고 소비자가 구입가의 환급을 요구하는 경우에 사업자는 이를 거부할 수 있습니다.   ※ 한국소비자원에서는 섬유·세탁 품질하자 유무 및 원인 규명을 위하여 해당 분야 전문가로 구성된 ‘섬유제품심의위원회’를 운영하고 있으며, 해당 심의·자문 결과(책임소재, 심의내용 등)를 토대로 공정거래위원회가 고시한 ‘소비자분쟁해결기준’에 따라 피해보상에 관한 합의를 권고할 수 있습니다. 다만, 심의·자문 결과는 당사자간 분쟁해결에 있어 근거자료로 활용되나 법적 강제력은 없습니다."
269, 기타의류·섬유, 품질_실 미어짐,조끼를 구입하여 처음 착용하였는데 오른쪽 소매 윗부분 봉제가 뜯어지고 미어졌습니다. 구제 방법이 있나요?,"제품의 봉제 부위에 외력(힘)을 가했을 때 원단이 미끄러지면서 밀리는 것을 실 미어짐이라고 합니다. 미어지는 정도에 따라 품질불량 여부를 판단하며, 주로 미끄러운 성질의 원단에 이와 같은 현상이 나타날 수 있습니다.   우선적으로 제조사나 구입처 등에 문제점을 제기하고, 하자의 원인 및 책임 소재에 대하여 분쟁이 발생한 경우에는 전문가(심의기구 등)에게 의뢰하여 의견을 구하는 것이 좋으며 품질 시험검사가 가능한 경우에는 이를 통해 보다 정확한 원인규명을 해볼 수 있습니다.   해당 제품이 원단불량 등 제품하자로 판명날 경우 공정거래위원회가 고시한 의복류 관련 ‘소비자분쟁해결기준’에 따라 제조사나 구입처에 수선이 가능한 경우에는 무상수선, 수선이 불가한 경우에는 동종 제품으로의 교환, 동종 제품이 없는 경우에는 환급을 요구할 수 있으며, 수선이 가능한 경우임에도 불구하고 소비자가 구입가의 환급을 요구하는 경우에 사업자는 이를 거부할 수 있습니다.   ※ 한국소비자원에서는 섬유·세탁 품질하자 유무 및 원인 규명을 위하여 해당 분야 전문가로 구성된 ‘섬유제품심의위원회’를 운영하고 있으며, 해당 심의·자문 결과(책임소재, 심의내용 등)를 토대로 공정거래위원회가 고시한 ‘소비자분쟁해결기준’에 따라 피해보상에 관한 합의를 권고할 수 있습니다. 다만, 심의·자문 결과는 당사자간 분쟁해결에 있어 근거자료로 활용되나 법적 강제력은 없습니다."
270, 기타의류·섬유, 품질_털빠짐1,다운 조끼를 구입 후 1회 착용하였는데 봉제 및 칼라 주위에서 충전재(털)가 심하게 빠져나옵니다. 구제 방법이 있나요?,"다운 제품 사용 중에 오리털, 거위털 등이 봉제 구멍 또는 섬유 사이로 빠져나와 날리거나 함께 착용한 의류에 묻어나는 경우가 있는데, 그 정도가 심할 경우 품질불량으로 판단할 수 있습니다.   우선적으로 제조사나 구입처 등에 문제점을 제기하고, 하자의 원인 및 책임 소재에 대하여 분쟁이 발생한 경우에는 전문가(심의기구 등)에게 의뢰하여 의견을 구하는 것이 좋으며 품질 시험검사가 가능한 경우에는 이를 통해 보다 정확한 원인규명을 해볼 수 있습니다.    해당 제품이 원단불량 등 제품하자로 판명날 경우 공정거래위원회가 고시한 의복류 관련 ‘소비자분쟁해결기준’에 따라 제조사나 구입처에 수선이 가능한 경우에는 무상수선, 수선이 불가한 경우에는 동종 제품으로의 교환, 동종 제품이 없는 경우에는 환급을 요구할 수 있으며, 수선이 가능한 경우임에도 불구하고 소비자가 구입가의 환급을 요구하는 경우에 사업자는 이를 거부할 수 있습니다.   ※ 한국소비자원에서는 섬유·세탁 품질하자 유무 및 원인 규명을 위하여 해당 분야 전문가로 구성된 ‘섬유제품심의위원회’를 운영하고 있으며, 해당 심의·자문 결과(책임소재, 심의내용 등)를 토대로 공정거래위원회가 고시한 ‘소비자분쟁해결기준’에 따라 피해보상에 관한 합의를 권고할 수 있습니다. 다만, 심의·자문 결과는 당사자간 분쟁해결에 있어 근거자료로 활용되나 법적 강제력은 없습니다."
271, 기타의류·섬유, 품질_털빠짐2,털 조끼를 구입하여 1개월 정도 착용하였는데 전체적으로 털이 많이 빠져 함께 착용한 의류에 심하게 묻어납니다. 구제 방법이 있나요?,"털 소재 섬유제품의 특성상 어느 정도 털이 빠지는 것은 자연스럽게 발생할 수 있는 현상이며, 소재 특성에 따라 다른 제품보다 상대적으로 잘 빠지는 소재도 있지만(예: 토끼털, 알파카 등), 그 정도가 심할 경우 품질불량으로 판단할 수 있습니다.   우선적으로 제조사나 구입처 등에 문제점을 제기하고, 하자의 원인 및 책임 소재에 대하여 분쟁이 발생한 경우에는 전문가(심의기구 등)에게 의뢰하여 의견을 구하는 것이 좋으며 품질 시험검사가 가능한 경우에는 이를 통해 보다 정확한 원인규명을 해볼 수 있습니다.    해당 제품이 원단불량 등 제품하자로 판명날 경우 공정거래위원회가 고시한 의복류 관련 ‘소비자분쟁해결기준’에 따라 제조사나 구입처에 수선이 가능한 경우에는 무상수선, 수선이 불가한 경우에는 동종 제품으로의 교환, 동종 제품이 없는 경우에는 환급을 요구할 수 있으며, 수선이 가능한 경우임에도 불구하고 소비자가 구입가의 환급을 요구하는 경우에 사업자는 이를 거부할 수 있습니다.   ※ 한국소비자원에서는 섬유·세탁 품질하자 유무 및 원인 규명을 위하여 해당 분야 전문가로 구성된 ‘섬유제품심의위원회’를 운영하고 있으며, 해당 심의·자문 결과(책임소재, 심의내용 등)를 토대로 공정거래위원회가 고시한 ‘소비자분쟁해결기준’에 따라 피해보상에 관한 합의를 권고할 수 있습니다. 다만, 심의·자문 결과는 당사자간 분쟁해결에 있어 근거자료로 활용되나 법적 강제력은 없습니다."
272, 기타의류·섬유, 품질_원형회복,조끼를 구입하여 약 4개월 착용하였는데 팔 부분에 심한 구김이 발생하여 드라이클리닝을 하였지만 개선되지 않습니다. 구제 방법이 있나요?,"원단이 압력 또는 힘에 의하여 늘어났다가 다시 원상으로 회복되지 아니하여 원래의 크기보다 커지거나 원단에 구김이 발생할 수 있지만, 그 정도가 심할 경우 품질불량으로 판단할 수 있습니다.   우선적으로 제조사나 구입처 등에 문제점을 제기하고, 하자의 원인 및 책임 소재에 대하여 분쟁이 발생한 경우에는 전문가(심의기구 등)에게 의뢰하여 의견을 구하는 것이 좋으며 품질 시험검사가 가능한 경우에는 이를 통해 보다 정확한 원인규명을 해볼 수 있습니다.    해당 제품이 원단불량 등 제품하자로 판명날 경우 공정거래위원회가 고시한 의복류 관련 ‘소비자분쟁해결기준’에 따라 제조사나 구입처에 수선이 가능한 경우에는 무상수선, 수선이 불가한 경우에는 동종 제품으로의 교환, 동종 제품이 없는 경우에는 환급을 요구할 수 있으며, 수선이 가능한 경우임에도 불구하고 소비자가 구입가의 환급을 요구하는 경우에 사업자는 이를 거부할 수 있습니다.   ※ 한국소비자원에서는 섬유·세탁 품질하자 유무 및 원인 규명을 위하여 해당 분야 전문가로 구성된 ‘섬유제품심의위원회’를 운영하고 있으며, 해당 심의·자문 결과(책임소재, 심의내용 등)를 토대로 공정거래위원회가 고시한 ‘소비자분쟁해결기준’에 따라 피해보상에 관한 합의를 권고할 수 있습니다. 다만, 심의·자문 결과는 당사자간 분쟁해결에 있어 근거자료로 활용되나 법적 강제력은 없습니다."
273, 기타의류·섬유, 품질_변색,조끼를 구입하여 2회 착용하였는데 소매와 등 부분 등에서 변색이 발생하였습니다. 구제 방법이 있나요?,"햇빛에 직접 노출되는 부위(어깨 및 소매 윗부분 등)나 땀이 발생하는 부위(등, 겨드랑이 등)에 변색이 발생할 수 있습니다. 바로 세탁하지 않고 방치하였을 때 발생한 변색에 대해서는 소비자 과실로 판단하나, 햇빛, 땀 등에 변색되지 않고 견디는 정도가 심하게 낮으면 품질불량으로 판단할 수 있습니다.   우선적으로 제조사나 구입처 등에 문제점을 제기하고, 하자의 원인 및 책임 소재에 대하여 분쟁이 발생한 경우에는 전문가(심의기구 등)에게 의뢰하여 의견을 구하는 것이 좋으며 품질 시험검사가 가능한 경우에는 이를 통해 보다 정확한 원인규명을 해볼 수 있습니다.    해당 제품이 원단불량 등 제품하자로 판명날 경우 공정거래위원회가 고시한 의복류 관련 ‘소비자분쟁해결기준’에 따라 제조사나 구입처에 수선이 가능한 경우에는 무상수선, 수선이 불가한 경우에는 동종 제품으로의 교환, 동종 제품이 없는 경우에는 환급을 요구할 수 있으며, 수선이 가능한 경우임에도 불구하고 소비자가 구입가의 환급을 요구하는 경우에 사업자는 이를 거부할 수 있습니다.   ※ 한국소비자원에서는 섬유·세탁 품질하자 유무 및 원인 규명을 위하여 해당 분야 전문가로 구성된 ‘섬유제품심의위원회’를 운영하고 있으며, 해당 심의·자문 결과(책임소재, 심의내용 등)를 토대로 공정거래위원회가 고시한 ‘소비자분쟁해결기준’에 따라 피해보상에 관한 합의를 권고할 수 있습니다. 다만, 심의·자문 결과는 당사자간 분쟁해결에 있어 근거자료로 활용되나 법적 강제력은 없습니다."
274, 기타의류·섬유, 품질_물듦,빨간색 조끼를 구입하여 약 2개월 착용하였는데 함께 착용한 티셔츠가 빨갛게 물들었습니다. 구제 방법이 있나요?,"염색된 섬유제품이 마찰 등으로 인해 염료가 탈락하는 경우가 발생할 수 있습니다. 약간의 염색 탈락은 허용가능하나, 그 정도가 심할 경우 품질불량으로 판단할 수 있습니다.   우선적으로 제조사나 구입처 등에 문제점을 제기하고, 하자의 원인 및 책임 소재에 대하여 분쟁이 발생한 경우에는 전문가(심의기구 등)에게 의뢰하여 의견을 구하는 것이 좋으며 품질 시험검사가 가능한 경우에는 이를 통해 보다 정확한 원인규명을 해볼 수 있습니다.    해당 제품이 원단불량 등 제품하자로 판명날 경우 공정거래위원회가 고시한 의복류 관련 ‘소비자분쟁해결기준’에 따라 제조사나 구입처에 수선이 가능한 경우에는 무상수선, 수선이 불가한 경우에는 동종 제품으로의 교환, 동종 제품이 없는 경우에는 환급을 요구할 수 있으며, 수선이 가능한 경우임에도 불구하고 소비자가 구입가의 환급을 요구하는 경우에 사업자는 이를 거부할 수 있습니다.   ※ 한국소비자원에서는 섬유·세탁 품질하자 유무 및 원인 규명을 위하여 해당 분야 전문가로 구성된 ‘섬유제품심의위원회’를 운영하고 있으며, 해당 심의·자문 결과(책임소재, 심의내용 등)를 토대로 공정거래위원회가 고시한 ‘소비자분쟁해결기준’에 따라 피해보상에 관한 합의를 권고할 수 있습니다. 다만, 심의·자문 결과는 당사자간 분쟁해결에 있어 근거자료로 활용되나 법적 강제력은 없습니다."
275, 기타의류·섬유, 품질_자연적 현상,구입한 지 5년 된 수영복을 보관하다가 입으려고 보니 버블 현상이 심합니다. 구제 방법이 있나요?,"수영복의 내용연수가 경과한 경우에는 제품하자로 보기 어렵습니다.   섬유제품의 소재 특성으로 인하여 자연스럽게 발생하는 현상이나 내용연수(제품의 수명) 경과로 인해 발생한 제품의 하자는 과실로 보기 어려우므로 피해구제 처리대상이 아닙니다. 여기서 내용연수는 공정거래위원회가 고시한 ‘소비자분쟁해결기준’에서 정하는 품목별 내용연수를 따르며 착용 횟수와는 관계가 없습니다.   소재 특성으로 인한 자연스러운 현상의 대표적인 사례로 알파카의 털 빠짐, 토끼털의 모근 약함, 면소재와 청바지의 물 빠짐, 한복의 흰줄 발생, 신발 밑창 닳음 등이 있으며, 정도가 심한 경우 책임소재를 따질 수 있으나 해당 현상을 품질불량으로 보기 어려운 경우가 많습니다. 또한, 내용연수가 경과한 제품은 제품의 수명이 다하여 발생한 자연 손상으로 보아 하자를 주장하기 어려울 수 있습니다.   따라서, 이 경우 수영복의 내용연수가 경과하면서 원단의 자연 취화 및 노화로 자연스럽게 발생할 수 있는 것으로 보아 제품하자로 볼 수 없다고 판단됩니다."
276, 기타의류·섬유, 품질_마찰,수영복을 구입하여 착용하다가 1회 세탁하였는데 부분적으로 희뿌옇게 변색되었습니다. 구제 방법이 있나요?,"일반적으로 마찰이 잦은 부위에서는 약간의 탈색이 발생할 수 있습니다. 하지만 그 정도가 심할 경우 품질불량으로 판단할 수 있습니다.   우선적으로 제조사나 구입처 등에 문제점을 제기하고, 하자의 원인 및 책임 소재에 대하여 분쟁이 발생한 경우에는 전문가(심의기구 등)에게 의뢰하여 의견을 구하는 것이 좋으며 품질 시험검사가 가능한 경우에는 이를 통해 보다 정확한 원인규명을 해볼 수 있습니다.    해당 제품이 원단불량 등 제품하자로 판명날 경우 공정거래위원회가 고시한 의복류 관련 ‘소비자분쟁해결기준’에 따라 제조사나 구입처에 수선이 가능한 경우에는 무상수선, 수선이 불가한 경우에는 동종 제품으로의 교환, 동종 제품이 없는 경우에는 환급을 요구할 수 있으며, 수선이 가능한 경우임에도 불구하고 소비자가 구입가의 환급을 요구하는 경우에 사업자는 이를 거부할 수 있습니다.   ※ 한국소비자원에서는 섬유·세탁 품질하자 유무 및 원인 규명을 위하여 해당 분야 전문가로 구성된 ‘섬유제품심의위원회’를 운영하고 있으며, 해당 심의·자문 결과(책임소재, 심의내용 등)를 토대로 공정거래위원회가 고시한 ‘소비자분쟁해결기준’에 따라 피해보상에 관한 합의를 권고할 수 있습니다. 다만, 심의·자문 결과는 당사자간 분쟁해결에 있어 근거자료로 활용되나 법적 강제력은 없습니다."
277, 기타의류·섬유, 품질_이염,1년 전 구입한 패딩 조끼를 세탁소에서 첫 세탁 하였는데 흰색 배색 원단이 검게 이염되었습니다. 구제 방법이 있나요?,"세탁(물세탁 또는 드라이클리닝)에 의해 발생하는 제품 자체의 변색 및 이염, 타제품 오염 정도를 확인하고, 섬유제품 품질 권장기준에 따라 허용 수준인지, 품질불량인지 판단이 필요합니다.   우선적으로 제조사나 구입처, 세탁소 등에 문제점을 제기하고, 하자의 원인 및 책임 소재에 대하여 분쟁이 발생한 경우에는 전문가(심의기구 등)에게 의뢰하여 의견을 구하는 것이 좋으며 품질 시험검사가 가능한 경우에는 이를 통해 보다 정확한 원인규명을 해볼 수 있습니다.    해당 제품이 원단불량 등 제품하자로 판명날 경우 공정거래위원회가 고시한 의복류 관련 ‘소비자분쟁해결기준’에 따라 제조사나 구입처에 수선이 가능한 경우에는 무상수선, 수선이 불가한 경우에는 동종 제품으로의 교환, 동종 제품이 없는 경우에는 환급을 요구할 수 있으며, 수선이 가능한 경우임에도 불구하고 소비자가 구입가의 환급을 요구하는 경우에 사업자는 이를 거부할 수 있습니다. 반면 세탁 과정에서 발생한 하자로 판명날 경우 세탁사업자에게 원상회복, 불가능할 시 손해배상을 요구할 수 있습니다.   ※ 한국소비자원에서는 섬유·세탁 품질하자 유무 및 원인 규명을 위하여 해당 분야 전문가로 구성된 ‘섬유제품심의위원회’를 운영하고 있으며, 해당 심의·자문 결과(책임소재, 심의내용 등)를 토대로 공정거래위원회가 고시한 ‘소비자분쟁해결기준’에 따라 피해보상에 관한 합의를 권고할 수 있습니다. 다만, 심의·자문 결과는 당사자간 분쟁해결에 있어 근거자료로 활용되나 법적 강제력은 없습니다."
278, 기타의류·섬유, 품질_봉제불량,조끼를 구입하여 2개월 간 착용하다가 집에서 손세탁하였는데 앞여임 부위에 구멍이 발생하였습니다. 구제 방법이 있나요?,"해당 제품의 봉제 불량 여부와 함께 잘못된 세탁 또는 사용상 부주의에 의해 발생할 수 있는 불량인지 판단이 필요합니다.   우선적으로 제조사나 구입처 등에 문제점을 제기하고, 하자의 원인 및 책임 소재에 대하여 분쟁이 발생한 경우에는 전문가(심의기구 등)에게 의뢰하여 의견을 구하는 것이 좋으며 품질 시험검사가 가능한 경우에는 이를 통해 보다 정확한 원인규명을 해볼 수 있습니다.    해당 제품이 원단불량 등 제품하자로 판명날 경우 공정거래위원회에서 고시한 의복류 관련 ‘소비자분쟁해결기준’에 따라 제조사나 구입처에 수선이 가능한 경우에는 무상수선, 수선이 불가한 경우에는 동종 제품으로의 교환, 동종 제품이 없는 경우에는 환급을 요구할 수 있으며, 수선이 가능한 경우임에도 불구하고 소비자가 구입가의 환급을 요구하는 경우에 사업자는 이를 거부할 수 있습니다.   ※ 한국소비자원에서는 섬유·세탁 품질하자 유무 및 원인 규명을 위하여 해당 분야 전문가로 구성된 ‘섬유제품심의위원회’를 운영하고 있으며, 해당 심의·자문 결과(책임소재, 심의내용 등)를 토대로 공정거래위원회가 고시한 ‘소비자분쟁해결기준’에 따라 피해보상에 관한 합의를 권고할 수 있습니다. 다만, 심의·자문 결과는 당사자간 분쟁해결에 있어 근거자료로 활용되나 법적 강제력은 없습니다."
279, 기타의류·섬유, 품질_세탁방법 부적합,조끼를 세탁한 후 바깥쪽 원단이 심하게 수축되었습니다. 구제 방법이 있나요?,"부적합한 방법으로 세탁하였을 때 섬유제품에 변색, 변형, 경화 등의 하자가 나타날 수 있습니다. 세탁방법을 지키지 않아서 발생하는 하자는 세탁한 자의 책임이 되며, 세탁취급표시대로 세탁했음에도 하자가 발생하였을 경우에는 제조판매업체의 책임으로 판단할 수 있습니다.   세탁을 의뢰한 후 인도받은 물품에 하자가 발생하였을 경우에는 우선적으로 제조사나 구입처, 세탁소에 문제점을 제기하고, 하자의 원인 및 책임 소재에 대하여 분쟁이 발생한 경우에는 전문가(심의기구 등)에게 의뢰하여 의견을 구하는 것이 좋으며 품질 시험검사가 가능한 경우에는 이를 통해 보다 정확한 원인규명을 해볼 수 있습니다.   해당 제품이 원단불량 등 제품하자로 판명된 경우 공정거래위원회에서 고시한 의복류 관련 ‘소비자분쟁해결기준’에 따라 수선이 가능한 경우에는 무상수선, 수선이 불가한 경우에는 동종 제품으로의 교환, 동종 제품이 없는 경우에는 환급을 요구할 수 있으며, 수선이 가능한 경우임에도 불구하고 소비자가 구입가의 환급을 요구하는 경우에 사업자는 이를 거부할 수 있습니다. 반면 세탁 과정에서 발생한 하자로 판명날 경우 세탁사업자에게 원상회복, 불가능할 시 손해배상을 요구할 수 있습니다.   ※ 한국소비자원에서는 섬유·세탁 품질하자 유무 및 원인 규명을 위하여 해당 분야 전문가로 구성된 ‘섬유제품심의위원회’를 운영하고 있으며, 해당 심의·자문 결과(책임소재, 심의내용 등)를 토대로 공정거래위원회가 고시한 ‘소비자분쟁해결기준’에 따라 피해보상에 관한 합의를 권고할 수 있습니다. 다만, 심의·자문 결과는 당사자간 분쟁해결에 있어 근거자료로 활용되나 법적 강제력은 없습니다."
280, 기타일반화장품, 계약해제·해지_미성년자_법정대리인 동의없이 구입,학교 근처에서 영업사원이 화장품을 싸게 판매한다고 권유해서 60만원 상당의 화장품을 12개월 할부로 계약했습니다. 이후 부모님께서 해당 사실을 알게되어 계약취소를 요청하였는데 사업자는 이미 제품을 사용하였다는 이유로 거부하고 있습니다. 계약취소가 가능한가요?,"사용한 화장품을 현존상태 그대로 사업자에게 반환하고 계약을 취소할 수 있습니다.   「민법」 제5조 제1항 및 제2항에 의하면 미성년자(만19세미만)가 법정대리인의 동의 없이 행한 법률행위는 취소할 수 있고, 「민법」 제141조에서는 미성년자가 계약을 취소한 경우 그 계약으로 인하여 받은 이익이 현존하는 한도에서 반환할 책임이 있다고 규정하고 있습니다.    따라서 사용한 화장품을 현존상태 그대로 사업자에게 반환하고 계약을 취소할 수 있습니다."
281, 기타일반화장품, 청약철회_방문판매_청약철회 기간,방문판매를 통해 구입한 화장품을 환급받고 싶은데 가능한가요?,"제품을 구입한 날(수령일)부터 14일 이내 청약철회가 가능하나, 개봉 후 일부 소비하거나 제품이 훼손되어 다시 판매하기 어려울 정도로 가치가 현저히 낮아진 경우에는 청약철회가 불가능할 수 있습니다.   「방문판매등에 관한 법률」 제8조 제1항에 따라 제품을 구입한 날(제품 수령일)로부터 14일 이내에 청약 철회가 가능하나 청약철회 등의 기간이 지났다면 단순 변심을 이유로 반품 및 환불을 요구하기 어렵습니다. 예외적으로 ‘한 달 내 무료반품’과 같이 14일보다 긴 특별 약정이 있다면 해당기간 내 계약해제 및 환급을 요구할 수 있습니다.다만, 「방문판매등에 관한 법률」 제8조 제2항에 따라 내용물을 확인하기 위하여 포장 등을 단순훼손한 경우에는 청약철회가 가능하나 물건을 개봉하여 일부 소비하거나 제품이 훼손되어 다시 판매하기 어려울 정도로 재화의 가치가 현저히 낮아진 경우에는 청약철회가 불가능 할 수 있습니다. "
282, 기타일반화장품, 청약철회_특수판매_택배비 부담,충동적으로 구매한 화장품을 사용하지 않은 채 청약철회를 요청했습니다. 판매자가 반품 택배비를 요구하는데 택배비를 누가 물어야 하는지 궁금합니다.,"전자상거래로 구입한 경우 7일이내 청약철회가 가능하며, 이때 반환에 필요한 비용은 소비자가 부담해야 합니다. 단, 영업사원(방문판매자)의 권유로 구입한 경우 14일 이내 청약철회가 가능하며, 반환에 필요한 비용은 판매자가 부담해야 합니다.   「전자상거래 등에서의 소비자보호에 관한 법률」 제17조 제1항에 따르면 소비자가 전자상거래로 물건을 구입하였을 경우 7일 이내 청약철회를 할 수 있고 재화의 반환에 필요한 비용은 소비자가 부담하도록 하고 있습니다.   이에 따라 인터넷 등 전자상거래를 통해 구입한 경우 반품 택배비는 소비자가 부담해야 합니다.    다만, 「방문판매등에 관한 법률」 제8조 제1항 및 제9조 제9항에서는 14일 이내 청약철회를 할 수 있고 공급받은 재화등의 반환에 필요한 비용은 방문판매자등이 부담하도록 규정하고 있으므로 방문판매나 전화권유로 구매한 경우는 판매자가 부담해야 합니다.   이는 소비자의 선택에 의해 구입하는 전자상거래와는 달리 방문판매의 경우는 소비자가 영업사원의 갑작스런 권유로 충동구매 했을 가능성이 커 소비자를 보호하기 위함입니다."
283, 기타일반화장품, 청약철회_연락처 미상,방문판매를 통해 화장품을 먼저 받고 대금은 판매자가 추후 청구하기로 하였습니다. 당일 청약철회를 하려 했으나 판매자의 연락처를 알지 못하는 상태입니다. 구제 방법이 있나요?,"제품을 사용하지 않은 채 보관하고 있다가 판매자로부터 연락이 오거나, 지로용지가 도착하면 주소를 확인해 내용증명 우편으로 청약철회를 요청할 수 있습니다.   「방문판매등에 관한 법률」 제8조 제1항 및 제2항에 따라 소비자가 방문판매로 물건을 구입하여 제품이 훼손되지 않았을 경우 계약일로부터 14일 이내 청약철회를 요청할 수 있고, 판매자가 연락처를 알려주지 않았을 경우 또는 판매자의 주소 변경 등의 사유로 14일 이내에 청약철회 등을 할 수 없는 경우에는 그 주소를 안 날 또는 알 수 있었던 날부터 14일이내에 서면으로 취소의사를 통보하시면 됩니다.   따라서 해당 경우 제품을 사용하지 않은 채 보관하고 있다가 판매자로부터 연락이 오거나 지로용지가 도착하면 주소를 확인하여 내용증명 우편으로 청약철회를 요청하시면 됩니다. 이때 추후 분쟁을 대비하여 가급적 서면으로 청약철회 의사표시 하는 게 좋습니다.한편, 「방문판매등에 관한 법률」 제7조 제1항 및 제2항에 따르면 방문판매업자는 재화 등의 판매에 관한 계약을 체결하기 전에 소비자가 계약의 내용을 이해할 수 있도록 방문판매업자의 상호·주소·전화번호, 재화의 명칭·종류 및 내용, 재화 등의 가격과 그 지급 방법 및 시기 등을 설명해야 하며 이러한 내용을 기재한 계약서를 소비자에게 교부하도록 규정하고 있습니다."
284, 기타일반화장품, 청약철회_배송 지연,전자상거래로 화장품을 구입한 후 몇 주가 지나도 배송이 되지 않아 청약철회를 요구하였으나 사업자는 현재 배송중이라며 이를 거부합니다. 송장번호도 확인이 안되는데 환급을 받을 수 있나요?,"사업자에게 환급을 요구할 수 있습니다.   「전자상거래 등에서의 소비자보호에 관한 법률」 제15조에 따르면 사업자는 소비자가 청약을 한 날부터 7일 이내에 재화 등의 공급에 필요한 조치를 하여야 하고, 소비자가 재화 등의 대금을 전부 또는 일부를 지급한 날부터 3영업일 이내에 재화등의 공급에 필요한 조치를 하여야 한다고 규정하고 있습니다. 또한, 청약을 받은 재화 등을 공급하기 곤란하다는 것을 알았을 때에는 지체 없이 그 사유를 소비자에게 알려야 하고, 소비자가 그 대금의 전부 또는 일부를 지급한 날부터 3 영업일 이내에 환급하거나 환급에 필요한 조치를 하도록 규정하고 있습니다.   이 사안에서는 사업자가 물품의 배송이 힘들 것으로 판단되었을 때 그에 따른 안내를 소비자에게 하여야 할 의무가 있음에도 불구하고 이를 고지하지 않고 배송중이라는 사유로 청약철회를 거부하고 있으며, 청약철회의 효과와 동일하게 대금의 환급이 이루어져야 함에도 불구하고 이를 이행하고 있지 않은 것으로 판단됩니다. 따라서 소비자는 사업자에게 환급을 요구할 수 있습니다.   통신판매업자에 대한 청약철회 의사표시 방법은 법률상 특별한 제한이 없으므로 전화, 서면, 전자문서 모두 가능합니다. 다만, 전화로 의사표시를 한 경우 간혹 판매자가 청약철회 요구를 받은 사실이 없다고 주장하는 경우가 있으므로, 쇼핑몰 게시판에 청약철회 의사를 표시하고 그 화면을 캡처하여 보관하거나 서면으로 발송하는 것이 좋습니다. 서면으로 발송한 경우에는 발송한 날에 그 효력이 발생합니다. 또한, 사업자에게 청약철회를 요청하였는데도 특별한 사유없이 이를 거부할 경우, 신용카드로 대금을 결제하였다면 신용카드사에 처리를 요구할 수 있으니 참고하시기 바랍니다."
285, 기타일반화장품, 청약철회_SNS 판매,SNS에서 화장품을 구입하고 단순변심으로 반품을 요청하였으나 이를 거부하며 SNS를 차단한 후 연락이 되지 않습니다. 청약철회가 가능한가요?,"사업자에게 청약철회를 요구할 수 있으나, 사업자정보 확인이 불가한 경우에는 청약철회를 요구하기 어렵습니다.   「전자상거래 등에서의 소비자보호에 관한 법률」 제9조의2에 따르면 전자게시판서비스 제공자의 경우 해당 게시판을 이용하여 통신판매 또는 통신판매중개가 이루어지는 경우 이로 인한 소비자피해가 발생하지 아니하도록 소비자보호조치를 이행하도록 규정하고 있으며, 이에 따른 의무를 준수하도록 안내 및 권고하고, 소비자의 피해구제신청을 대행하는 장치를 마련하고 운영하며, 기타 소비자피해를 방지하기 위한 사항을 이행함과 동시에 사업자정보 역시 제공할 의무가 있습니다.    따라서, 통신판매업자로 등록한 사업자의 경우에는 해당 지자체(사업자 소재지)를 통해 연락두절, 폐업, 폐쇄 등의 사실을 확인한 후 청약철회를 요구할 수 있겠으나, 통신판매업자로 등록하지 않은 개인이거나 또는 사업자정보(상호, 대표자명, 주소, 전화번호, 전자우편주소, 통신판매신고 번호 등) 확인이 불가한 경우에는 청약철회를 요구하기 어렵습니다."
286, 기타일반화장품, 청약철회_7일 이내 반품 미완료,전자상거래로 화장품을 구입하고 단순 변심으로 반품을 요청하였으나 사업자가 7일 이내 제품이 도착하지 않았다는 이유로 거부합니다. 청약철회가 가능한가요?,"소비자가 제품을 수령한 날로부터 7일 이내 청약철회 의사표시를 하고 반품절차를 진행했다면, 7일 이내 쇼핑몰에 도착하지 못했다고 하더라도 청약철회가 가능합니다.   「전자상거래 등에서의 소비자보호에 관한 법률」 제17조에 따르면 소비자는 단순 변심에 의한 청약철회의 경우 상품 수령일로부터 7일 이내에 청약철회를 할 수 있고, 이를 위반한 약정으로서 소비자에게 불리한 것은 효력이 없는 것으로 규정하고 있습니다.   따라서 만약 사업자가 “반품은 상품이 7일 이내 쇼핑몰에 도착해야만 환급 가능하다”고 표시하였다고 하더라도 이는 「전자상거래 등에서의 소비자보호에 관한 법률」 제17조를 위반한 약정으로 소비자에게 불리한 것이므로 효력이 없다고 보며, 소비자가 제품을 수령한 날로부터 7일 이내 청약철회 의사표시를 하고 반품절차를 진행했다면 설령 반품한 상품이 7일 이내 쇼핑몰에 도착하지 못했다고 하더라도 청약철회 권리를 제한할 수는 없습니다.   통신판매업자에 대한 청약철회 의사표시 방법은 법률상 특별한 제한이 없으므로 전화, 서면, 전자문서 모두 가능합니다. 다만, 전화로 의사표시를 한 경우 간혹 판매자가 청약철회 요구를 받은 사실이 없다고 주장하는 경우가 있으므로, 쇼핑몰 게시판에 청약철회 의사를 표시하고 그 화면을 캡처하여 보관하거나 서면으로 발송하는 것이 좋습니다. 서면으로 발송한 경우에는 발송한 날에 그 효력이 발생합니다. 또한, 사업자에게 청약철회를 요청하였는데도 특별한 사유없이 이를 거부할 경우, 신용카드로 대금을 결제하였다면 신용카드사에 처리를 요구할 수 있으니 참고하시기 바랍니다."
287, 기타일반화장품, 청약철회_반품·교환불가 사전 고지,"전자상거래로 화장품을 구입하고 수령 후 단순 변심으로 반품을 요청하였으나, 사업자는 반품, 교환, 환불이 불가하다는 문구를 쇼핑몰에 고지하였음을 근거로 거절하고 있습니다. 청약철회가 가능한가요?","재판매가 곤란할 정도의 제품 훼손이 없다면, 반품비를 소비자가 부담하고 청약철회를 요구할 수 있습니다.   「전자상거래 등에서의 소비자보호에 관한 법률」 제17조에 따르면 소비자는 계약내용에 관한 서면을 교부받은 날(서면을 교부받은 때보다 재화 등의 공급이 늦게 이루어진 경우에는 재화 등의 공급을 받거나 공급이 개시된 날)부터 7일 이내에 당해 계약에 관한 청약을 철회할 수 있으며, 「전자상거래 등에서의 소비자보호에 관한 법률」 제18조에는 색상, 디자인 혹은 사이즈 불만 등의 사유로 청약철회를 요청한 경우 반환에 소요되는 비용(반품비)은 소비자가 부담해야 한다고 규정하고 있습니다.   따라서, 홈페이지에 반품, 교환, 환급 등이 불가하다고 쓰여 있거나, 굳이 반품을 원할 경우에는 적립금으로 환급 처리된다고 고지되어 있더라도 청약철회와 관련하여 소비자에게 불리한 약정은 효력이 없기 때문에 재판매가 곤란할 정도의 제품 훼손이 없다면 반품비를 소비자가 부담하고 청약철회를 요구할 수 있습니다.   통신판매업자에 대한 청약철회 의사표시 방법은 법률상 특별한 제한이 없으므로 전화, 서면, 전자문서 모두 가능합니다. 다만, 전화로 의사표시를 한 경우 간혹 판매자가 청약철회 요구를 받은 사실이 없다고 주장하는 경우가 있으므로, 쇼핑몰 게시판에 청약철회 의사를 표시하고 그 화면을 캡처하여 보관하거나 서면으로 발송하는 것이 좋습니다. 서면으로 발송한 경우에는 발송한 날에 그 효력이 발생합니다. 또한, 사업자에게 청약철회를 요청하였는데도 특별한 사유없이 이를 거부할 경우, 신용카드로 대금을 결제하였다면 신용카드사에 처리를 요구할 수 있으니 참고하시기 바랍니다."
288, 기타일반화장품, 청약철회_제품 박스 훼손,"전자상거래로 화장품을 구입하고 수령 후 단순 변심으로 반품을 요구하였으나, 사업자는 제품 박스 훼손(제품 개봉 흔적)을 근거로 거절하고 있습니다. 청약철회가 가능한가요?","배송된 상태(제품 및 바코드 스티커 등 구성품 일체) 그대로 보존했다면, 청약철회가 가능합니다.   「전자상거래 등에서의 소비자보호에 관한 법률」 제17조에 따르면 소비자에게 책임이 있는 사유로 재화 등이 멸실되거나 훼손된 경우 청약철회를 할 수 없다고 규정하고 있습니다.   고가의 의류나 해외구매대행 제품 등은 포장지에 제품의 정보를 담고 있는 바코드 스티커와 로고가 각인되어 있는 경우가 많아 개봉 시 주의할 필요가 있으며, 이 경우 사업자가 사전에 “포장 훼손 시 청약철회 불가”를 고지했다면 청약철회가 어려울 수 있습니다.   따라서 제품 확인을 위해 포장을 개봉했다 하더라도 청약철회를 요청하기 위해서는 배송된 상태(제품 및 바코드 스티커 등 구성품 일체) 그대로 보존하여 반품해야 합니다.   통신판매업자에 대한 청약철회 의사표시 방법은 법률상 특별한 제한이 없으므로 전화, 서면, 전자문서 모두 가능합니다. 다만, 전화로 의사표시를 한 경우 간혹 판매자가 청약철회 요구를 받은 사실이 없다고 주장하는 경우가 있으므로, 쇼핑몰 게시판에 청약철회 의사를 표시하고 그 화면을 캡처하여 보관하거나 서면으로 발송하는 것이 좋습니다. 서면으로 발송한 경우에는 발송한 날에 그 효력이 발생합니다. 또한, 사업자에게 청약철회를 요청하였는데도 특별한 사유없이 이를 거부할 경우, 신용카드로 대금을 결제하였다면 신용카드사에 처리를 요구할 수 있으니 참고하시기 바랍니다."
289, 기타일반화장품, 청약철회_사은품 반환,면세점을 통해 화장품을 구입하였으나 개인적인 사유로 인해 해외에 나가지 못해 구입취소를 요구하였습니다. 사업자는 구입 당시 사은품으로 지급한 상품권을 반환해야만 취소가 가능하다고 하는데 반환하여야 할까요?,소비자의 사정으로 계약을 해지하고자 한다면 상품권을 반환해야 합니다.    「민법」 제548조 제1항에 따르면 당사자 일방이 계약을 해제한 때에는 각 당사자는 그 상대방에 대하여 원상회복의 의무가 있다고 규정하고 있습니다.    따라서 해당 경우 화장품 구입계약으로 인한 상품권을 받게 되었으므로 소비자의 사정으로 계약을 해지하고자 한다면 상품권을 반환해야 합니다. 
290, 기타일반화장품, 계약불이행_미환급,전자상거래로 화장품을 주문하고 대금을 신용카드로 결제하였습니다. 구입 후 7일 이내 청약철회를 요구하여 화장품을 반품하였는데 물품 대금을 환급해 주지 않고 있습니다. 환급받을 방법이 있나요?,소비자는 신용카드사에 사업자와의 다른 채무와의 상계를 요구할 수 있습니다.   「전자상거래 등에서의 소비자보호에 관한 법률」 제18조에 따르면 청약철회 시 사업자가 신용카드로 결제한 대금의 환급을 지연할 경우 신용카드사에 환급에 필요한 조치를 요구할 수 있도록 규정하고 있습니다. 이 경우에 신용카드사는 환급에 필요한 조치를 취해야 하며 사업자에게 지급할 대금이 있을 경우 이를 주지 않고 소비자가 결제한 대금을 상계처리한 후 소비자의 결제대금의 매출을 취소해 주어야 합니다.   따라서 소비자는 신용카드사에 사업자와의 다른 채무와의 상계를 요구할 수 있습니다.
291, 기타일반화장품, 가격·요금_추가대금 요구,전자상거래로 병행수입 화장품을 구입하고 반품을 요구하였으나 사전에 고지된 반품 배송비 이외에 ‘반품비’라는 명목으로 추가 대금 지급을 요구합니다. 제가 비용을 지급해야 하나요?,"사업자가 수입 과정에서 발생한 ‘현지 및 국제운송료와 수입세금 및 제비용’등을 입증할 수 있는 경우에는 금액을 지급해야하나, 미리고지한 반품 배송비 이외에 다른 명목의 위약금은 거부할 수 있습니다.    병행수입을 비롯한 수입제품 판매 시 발생하는 배송비는 사업자마다 수입절차 및 재고관리 방식에 따라 다를 수 있으나 소비자에게 부과되는 반품비용은 「전자상거래 등에서의 소비자보호에 관한 법률」 제17조 제2항에 규정된 소비자의 구매 여부 판단에 영향을 주는 중요한 거래조건에 해당되므로 적절한 방법으로 고지하여야 할 사항으로 볼 수 있습니다.    따라서, 사업자가 수입 과정에서 발생한 ‘현지 및 국제운송료와 수입세금 및 제비용’에 관해 입증할 수 있는 경우 소비자는 그에 대한 금액을 지급해야하며, 입증할 수 없는 경우 제품을 반품한 뒤 반품과정에서 발생한 비용을 공제한 후 환급을 요구할 수 있습니다.   반면, 「전자상거래 등에서의 소비자보호에 관한 법률」 제18조에 따라 사업자는 소비자에게 청약철회를 이유로 위약금이나 손해배상을 청구할 수 없으므로 미리 고지한 반품 배송비 이외에 다른 명목의 위약금을 추가 청구하는 것은 인정되기 어렵습니다."
292, 기타일반화장품, 가격·요금_차액 보상,타 매장에서 같은 상품을 더 싸게 파는 것을 알게 됐습니다. 같은 상품에 대해 판매가격이 다른 경우 차액만큼 보상이 가능한가요?,"판매가격 차이를 이유로 계약해제나 차액만큼 보상을 요구하기는 어렵습니다.   우리나라는 자유시장 경제질서를 기본으로 1999년 9월부터 [판매가격표시제]를 실시하여 제조업자의 표시가격에 구애받지 않고 최종 판매업자가 판매가격을 자율적으로 결정하여 표시한 후 판매하고 있으며 흔히 오픈 프라이스 제도라고 합니다.정부가 관리하는 전기, 난방비 또는 대중교통 요금 등이 아닌 경우, 가격은 계약 당시 양 당사자(소비자와 판매자)의 거래 합의에 의한 계약조건이므로 가격 차이를 이유로 계약해제나 피해보상을 요구하기 어렵습니다. 따라서 타 매장과 비교하여 차이가 있다고 하더라도 부당행위로 보기 어려워 차액만큼 보상을 요구하기 어렵습니다."
293, 기타일반화장품, 가격·요금_과도한 반품배송비 요구,전자상거래로 수입 화장품을 구입한 후 청약철회를 요구하니 사업자가 해외구매대행 상품이었다며 과도한 해외배송비 지급을 요구합니다. 제가 비용을 지급해야 하나요?,"사업자가 사전에 고지하고, 지급한 사실 등이 확인되는 경우라면 지급해야 하지만, 계약 체결과정에서 고지 없이 구입하였거나, 계약 체결과정에서 부담하지 아니한 해외배송비 요구는 거부할 수 있습니다.   소비자는 「전자상거래 등에서의 소비자보호에 관한 법률」에 제17조에 따라 청약철회 예외에 해당하지 않는 한 전자상거래를 통한 해외물품 구매계약의 경우에도 청약철회를 할 수 있으며, 광고된 내용과 다르거나 제품의 하자로 인한 청약철회의 경우 통신판매업자가 반품에 따른 배송비를 부담해야 하며, 단순변심으로 인한 청약철회의 경우 소비자가 배송비를 부담해야 합니다.    해외배송 제품을 구매하는 경우 배송비가 상당하여 소비자의 구매여부에 영향을 줄 수 있는 중요한 거래조건에 해당한다고 볼 수 있기 때문에 사업자는 사전에 해외배송비와 관련한 내용을 적절한 방법으로 소비자에게 고지해야 합니다.    따라서, 사업자가 수입과정에서 발생하는 비용(현지 및 국제운송료, 수입세금 및 제비용)을 사전에 소비자에게 고지하고, 지급한 사실 등이 확인되는 경우라면 소비자는 사업자에게 수입 과정에서 소요되는 비용을 지급해야 합니다.   다만, 계약 체결 과정에서 해외배송료에 대한 고지 없이 제품을 구입하였거나, 계약 체결과정에서 부담하지 아니한 해외배송비를 청약철회 과정에서 특별히 요구하는 경우라면 소비자는 사업자에게 제품의 수입과정에서 발생하는 비용에 대한 입증을 요구하거나, 물품의 반송 관련 정보의 제공 등을 요구할 수 있으며, 사업자가 이를 입증하지 못할 경우 해외 배송비 요구를 거부할 수 있습니다."
294, 기타일반화장품, 가격·요금_적립금 환급,전자상거래로 화장품을 구입하고 제품 수령 다음날 단순 변심으로 반품을 신청하였으나 사업자는 결제금액을 적립금으로만 돌려주겠다고 주장합니다. 카드 취소는 안되나요?,"7일이내 취소가 가능하며, 사용한 결제수단에 따른 환급 이행을 요구할 수 있습니다.   「전자상거래 등에서의 소비자보호에 관한 법률」 제17조에 따르면 소비자는 상품을 공급 받은 날로부터 7일 이내에는 소비자의 귀책사유로 인한 상품의 멸실 또는 훼손된 경우 등을 제외하고는 단순변심으로 인한 청약철회를 할 수 있다고 규정하고 있습니다. 이에 소비자가 제품을 수령한 날로부터 7일 이내 청약철회 의사표시를 명확히 하였다면 해당 쇼핑몰은 동법 제18조 제3항에 의거하여 신용카드사에게 대금 청구를 정지하거나 취소하도록 요청하여야 합니다.   다만, ‘결제대금 환급은 적립금으로만 가능하다’ 등의 안내는 청약철회 방해행위에 해당하기에 소비자가 사용한 결제수단에 따른 환급 이행을 해당 쇼핑몰에 요구할 수 있습니다. 단, 반품을 위한 배송비는 소비자가 부담해야 합니다."
295, 기타일반화장품, 표시·광고_의약품 오인,"인터넷으로 탈모 증상에 효과가 있다는 샴푸를 구매하여 2개월 동안 사용하였으나 효과를 보지 못했습니다. 광고에는 ‘발모효과, 머리 빠짐 예방, 탈모 감소’라고 나와있어 믿었는데 허위 광고로 신고하고 환급받을 수 있나요?","표시·광고의 내용과 다르거나 계약 내용과 다르게 이행된 경우, 재화를 공급받은 날부터 3개월 이내 혹은 그 사실을 안 날부터 30일 이내에 청약철회를 요구할 수 있습니다.   「화장품법」 제13조 제1항 및 제2항에서는 의약품으로 오인될 수 있는 광고, 기능성화장품의 안전성에 관한 심사 결과와 다른 내용의 광고 등을 금지하고 있는 바, ‘탈모 증상 완화’ 기능성화장품으로 심사 또는 보고 완료하였다 할지라도, ‘발모효과, 모낭강화, 모근강화, 머리 빠짐 예방, 탈모 감소’ 같은 표현을 사용하여 광고할 경우 관계 법령 위반으로 볼 수 있습니다.   따라서 「전자상거래 등에서의 소비자보호에 관한 법률」 제17조 제3항에 의하여 재화 등의 내용이 표시·광고의 내용과 다르거나 계약내용과 다르게 이행된 경우에 해당되어 재화를 공급받은 날부터 3개월 이내, 그 사실을 안 날부터 30일 이내에 청약철회를 할 수 있습니다.    다만, 부당한 광고 내용 및 표시·광고의 내용과 실제가 다르다는 입증자료를 구비하셔야 합니다. "
296, 기타일반화장품, 표시·광고_다이어트 효과 표방,"인터넷상에서 ‘지방을 태워준다’, ‘살빠지는데 도움이 된다’는 광고를 보고 바디로션을 구매하였습니다. 한달 정도 사용하였으나 효과를 보지 못하였는데, 환급발을 수 있나요? ","표시·광고의 내용과 다르거나 계약 내용과 다르게 이행된 경우, 재화를 공급받은 날부터 3개월 이내 혹은 그 사실을 안 날부터 30일 이내에 청약철회를 요구할 수 있습니다.   「화장품법」 제2조에서 ‘화장품이라 함은 인체를 청결, 미화하여 매력을 더하고 용모를 밝게 변화시키거나, 피부, 모발의 건강을 유지 또는 증진하기 위하여 사용되는 물품’으로 정의하고 있으며, ‘지방이 탄다, 혈액순환이 잘 된다, 혈류량 증가, 기초대사량 증가’ 등의 내용으로 광고할 경우 의약품 오인 우려가 있는 광고에 해당될 수 있습니다.   또한, ‘다이어트’ 등 효능을 표방하는 내용으로 광고할 경우 화장품의 범위를 벗어난 광고에 해당되므로 화장품법에 위반될 뿐만 아니라, 「전자상거래 등에서의 소비자보호에 관한 법률」 제17조 제3항에 의하여 재화 등의 내용이 표시·광고의 내용과 다르거나 계약내용과 다르게 이행된 경우에 해당되어 재화를 공급받은 날부터 3개월 이내, 그 사실을 안 날부터 30일 이내에 청약철회를 할 수 있습니다.    다만, 부당한 광고 내용 및 표시·광고의 내용과 실제가 다르다는 입증자료를 구비하셔야 합니다. "
297, 기타일반화장품, 표시·광고_천연화장품/유기농화장품 오인 광고,"인터넷에서 천연화장품 인증을 받았다고하여 화장품을 구매하였으나, 한달정도 사용 중 천연화장품이 아니라는 사실을 알게되었습니다. 환급이 가능할까요?","표시·광고의 내용과 다르거나 계약 내용과 다르게 이행된 경우, 재화를 공급받은 날부터 3개월 이내 혹은 그 사실을 안 날부터 30일 이내에 청약철회를 요구할 수 있습니다.    「천연화장품 및 유기농화장품의 기준에 관한 규정」 제8조(원료조성)에서 정하는 기준에 부합한다면 ‘천연화장품’으로 광고할 수 있으나, 동 고시에 부합되는 화장품이라 하더라도, ‘천연화장품 인증’ 등의 내용으로 광고하기 위해서는 별도로 「화장품법」 제14조의2(천연화장품 및 유기농화장품에 대한 인증)에 따라 식품의약품안전처장 인증을 획득하여야 합니다.    따라서 해당 제품이 천연화장품 인증받은 사실이 허위로 밝혀질 경우 「전자상거래 등에서의 소비자보호에 관한 법률」 제17조 제3항에 의하여 재화 등의 내용이 표시·광고의 내용과 다르거나 계약내용과 다르게 이행된 경우에 해당되어 재화를 공급받은 날부터 3개월 이내, 그 사실을 안 날부터 30일 이내에 청약철회를 할 수 있습니다. "
298, 기타일반화장품, 표시·광고_소비자 오인 광고,"Before/After를 보여주면서 블랙헤드가 없어지는 내용의 광고를 보고 팩을 구매하였습니다. 한달동안 사용 중인데도 효과를 보지 못하였는데, 환급발을 수 있나요? ","표시·광고의 내용과 다르거나 계약 내용과 다르게 이행된 경우, 재화를 공급받은 날부터 3개월 이내 혹은 그 사실을 안 날부터 30일 이내에 청약철회를 요구할 수 있습니다.   화장품 사용으로 인한 효과(블랙헤드 제거, 사용 전후 비교 효과 등)를 표방하여 광고하고자 하는 경우, 광고 내용이 사실임을 입증할 수 있는 해당 화장품으로 시험한 「화장품 표시 광고 실증에 관한 규정」 제3조 제1항에 부합하는 실증자료(인체적용시험자료 등)를 광고에 함께 제시하여야 합니다.    실증자료 없이 소비자로 하여금 잘못 알게 할 우려가 있는 거짓·과장의 표시·광고는  「표시·광고의 공정화에 관한 법률」 제3조 제1항 제1호 위반 사항에 해당됩니다.    따라서 「전자상거래 등에서의 소비자보호에 관한 법률」 제17조 제3항에 의하여 재화 등의 내용이 표시·광고의 내용과 다르거나 계약내용과 다르게 이행된 경우에 해당되어 재화를 공급받은 날부터 3개월 이내, 그 사실을 안 날부터 30일 이내에 청약철회를 할 수 있습니다.   다만, 부당한 광고 내용 및 표시·광고의 내용과 실제가 다르다는 입증자료를 구비하셔야 합니다."
299, 기타일반화장품, 표시·광고_반품비,"전자상거래 사업자가 운영하고 있는 FAQ에서 ‘모든 상품은 무료 반품 가능’이라는 문구를 확인하고 화장품을 구입하였고, 이후 7일 이내 반품을 요구하였으나 사업자가 반품비를 요구합니다. 구제 방법이 있나요?","사업자에게 반품비 부담을 요구할 수 있습니다.   우리나라 대법원에서 “FAQ 게시물은 일반 소비자가 누구나 접근할 수 있는 사업자의 인터넷 홈페이지에 게시되어 있으며, 게시 경위도 소비자들이 사업자에게 한 질문에 대해 개별적으로 답변한 것이 아니라 사업자가 일반 소비자들에게 알리고 싶은 내용을 선정하여 질문과 답변의 형식으로 게시해 놓은 것이라는 점에 비추어 보면, 사업자가 ‘널리 소비자들에게 제시하거나 알리기 위하여’ 게시해 놓은 것이라고 볼 수 있으므로 해당 FAQ 게시물은 「표시·광고의 공정화에 관한 법률」 상의 광고에 해당한다”고 판시한 바 있습니다(대법원 2009.5.28., 선고, 2009두843, 판결).   또한, 「표시·광고의 공정화에 관한 법률」 제3조 및 「부당한 표시·광고행위의 유형 및 기준 지정 고시」에 의하면 반품, 교환, 대금지급방법 등 기타 거래내용 및 거래조건 등에 관하여 표시·광고함에 있어서는 사실대로 하여야 하며, 이를 사실과 다르게 표시·광고한 행위를 부당한 표시·광고로 규정하고 있습니다.    따라서 이 사례에서는 사실과 다르게 반품비를 요구하는 것이 명확히 확인되므로 물품의 내용이 표시·광고 내용과 다른 경우에 해당하며, 「전자상거래 등에서의 소비자보호에 관한 법률」 제18조에 따라 사업자에게 반품비 부담을 요구할 수 있습니다."
300, 기타일반화장품, 품질_부작용 발생1,화장품을 구매하여 사용하는 도중 얼굴에 붉은 발진이 생겨 피부과에서 치료받고 화장품 반품을 요구하자 화장품을 바꿔 사용하여 발생된 일시적인 명현반응이라며 거부당하였습니다. 부작용을 유발한 화장품을 반품하고 치료비를 보상받을 수 있나요?,"나타난 증상이 화장품 사용으로 인한 부작용이라면 품질 불량으로 판단 가능하므로 구입가 환급이 가능합니다.   화장품 관련 「소비자분쟁해결기준」에 의하면 화장품 부작용은 '치료비, 경비 및 일실소득을 배상'하도록 규정하고 있으며, 치료비 배상은 '피부과 전문의의 진단 및 처방에 의한 질환 치료 목적의 경우로 한다'로 규정하고 있습니다.    따라서, 화장품 사용 후 부작용이 발생된 경우, 피부과 전문의로부터 화장품 사용후 발생된 부작용이라는 사실이 입증되면 보상 가능합니다.   또한, 화장품의 품질, 성능, 기능 불량 시 제품교환 또는 구입가 환급을 요구할 수 있으므로, 나타난 증상이 화장품 사용으로 인한 부작용이라면 품질 불량으로 판단 가능하므로 구입가 환급이 가능합니다.   다만, 진단서와 치료비 영수증을 제출하여야 하며, 이 경우 해당 화장품의 반품은 물론 치료비를 보상받을 수 있습니다."
301, 기타일반화장품, 품질_부작용 발생2,"길거리에서 설문 조사에 응하다 화장품을 구입하고 50,000원을 지불했습니다. 구입한 제품을 사용하고자 하였으나 테스트한 피부부위에 발진현상이 발생하여 환불을 요구하니, 행사상품이라는 이유로 거부하고 있습니다. 구제 방법이 있나요?","나타난 증상이 화장품 사용으로 인한 부작용이라면 품질 불량으로 판단 가능하므로 구입가 환급이 가능합니다.   화장품 관련 「소비자분쟁해결기준」에 의하면 화장품 부작용은 '치료비, 경비 및 일실소득을 배상'하도록 규정하고 있으며, 치료비 배상은 '피부과 전문의의 진단 및 처방에 의한 질환 치료 목적의 경우로 한다'로 규정하고 있습니다.    따라서 화장품 사용 후 부작용이 발생된 경우, 행사상품일지라도 피부과 전문의로부터 화장품 사용 후 발생된 부작용이라는 사실이 입증되면 보상 가능합니다.    또한, 화장품의 품질, 성능, 기능 불량 시 제품교환 또는 구입가 환급을 요구할 수 있으므로, 나타난 증상이 화장품 사용으로 인한 부작용이라면 품질 불량으로 판단 가능하므로 구입가 환급이 가능합니다.   다만, 진단서와 치료비 영수증을 제출하여야 하며, 이 경우 해당 화장품의 반품은 물론 치료비를 보상받을 수 있습니다."
302, 기타일반화장품, 품질_부작용 발생3,"샘플로 받은 화장품을 사용하다가 얼굴 전체가 울긋불긋해지고, 붉은 반점이 발생하였습니다. 샘플로 받은 제품으로 인한 부작용도 보상 받을 수 있나요?","샘플일지라도 피부과 전문의로부터 화장품 사용 후 발생된 부작용이라는 사실이 입증되면 보상을 요구할 수 있습니다.    화장품 관련 「소비자분쟁해결기준」에 의하면 화장품 부작용은 '치료비, 경비 및 일실소득을 배상'하도록 규정하고 있으며, 단 치료비 배상은 '피부과 전문의의 진단 및 처방에 의한 질환 치료 목적의 경우로 한다'로 규정하고 있습니다.    따라서 화장품 사용 후 부작용이 발생된 경우, 샘플일지라도 피부과 전문의로부터 화장품 사용 후 발생된 부작용이라는 사실이 입증되면 보상 가능합니다.    다만, 진단서와 치료비 영수증을 제출하여야 하며, 이 경우 해당 화장품의 반품은 물론 치료비를 보상받을 수 있습니다."
303, 기타일반화장품, 품질_개인차1,"3개월 전 여드름에 효과가 있다는 방문판매원의 설명을 듣고 화장품을 구입하였으나, 효과가 없을 뿐만 아니라 모공이 넓어지는 등의 부작용이 발생하여 반품을 요구하였지만, 사업자는 청약철회기간 경과를 이유로 거부하고 있습니다. 구제 방법이 있나요?","나타난 증상이 화장품 사용으로 인한 부작용이라는 점이 입증되면 구입가 환급 및 '치료비, 경비 및 일실소득 배상'을 요구할 수 있습니다.    화장품 사용 시 발생하는 부작용이 아닌, 화장품의 효과 유무는 개인차가 존재하고 객관적으로 입증하기 어려워 화장품의 효과가 없다는 것을 이유로 청약철회를 요구하기가 어렵습니다.    다만, 부작용이 발생하였다면 화장품 관련 「소비자분쟁해결기준」에 따라 화장품의 품질, 성능, 기능 불량 시 제품교환 또는 구입가 환급을 요구할 수 있으므로, 나타난 증상이 화장품 사용으로 인한 부작용이라면 품질 불량으로 판단 가능하므로 구입가 환급이 가능합니다. 또한 부작용 발생 시 '치료비, 경비 및 일실소득 배상'을 요구할 수 있습니다.    치료비는 '피부과 전문의의 진단 및 처방에 의한 질환 치료 목적'의 경우 받을 수 있으며, 화장품과 인과관계가 있어야 하므로 화장품 사용으로 인한 부작용이라는 점이 입증되면 질환 치료목적의 치료비를 받을 수 있습니다. "
304, 기타일반화장품, 품질_개인차2,홈쇼핑에서 화장품을 구입하여 사용해보았으나 광고와는 달리 화장이 밀리고 들뜹니다. 이에 판매자에게 이의제기를 했지만 제품의 하자가 아니므로 환급이 불가능하다고 합니다. 환급이 가능한가요?,"화장품의 효과가 없다는 것을 이유로 청약철회를 요구하기가 어렵습니다.    화장품 사용 시 발생하는 부작용이 아닌, 화장품의 효과 유무는 개인차가 존재하고 객관적으로 입증하기 어려워 화장품의 효과가 없다는 것을 이유로 청약철회를 요구하기가 어렵습니다.    다만, 부작용이 발생하였다면 화장품 관련 「소비자분쟁해결기준」에 따라 화장품의 품질, 성능, 기능 불량 시 제품교환 또는 구입가 환급을 요구할 수 있으므로, 나타난 증상이 화장품 사용으로 인한 부작용이라면 품질 불량으로 판단 가능하므로 구입가 환급과 함께 부작용 발생 시 '치료비, 경비 및 일실소득을 배상'을 요구할 수 있습니다. "
305, 기타일반화장품, 품질_특성,면세점에서 화장품을 구입하여 사용하던 중 하얀 알갱이 같은 것이 나와 사업자에게 이의를 제기하자 제품의 특성이라고 합니다. 해당 사실을 알지 못하고 구입하였는데 환급이 가능한가요?,"제품의 하자가 아닌 이상 이미 사용한 제품에 대하여 환급은 어렵습니다.   화장품 관련 「소비자분쟁해결기준」에 의하면 제품의 하자(이물혼입, 함량부적합, 변질부패, 유효기간 경과, 용량부족, 품질성능기능 불량)가 있는 경우 제품교환 또는 구입가 환급이 가능하도록 규정하고 있습니다.   해당 경우에는 제조사의 모델의 제품상 특성이기 때문에 제품상의 하자로 보기 어려우며, 제품의 하자가 아닌 이상 이미 사용한 제품에 대하여 환급은 어려울 것으로 판단됩니다. "
306, 기타일반화장품, 품질_이물혼입,크림을 구입하여 사용하던 중 플라스틱 조각이 섞여있는 것을 발견하였습니다. 정신적인 피해에 대한 위자료를 청구할 수 있나요?,"사업자에게 제품교환 또는 구입가 환급을 요구할 수 있습니다.    화장품 관련 「소비자분쟁해결기준」에 의하면 이물질 혼입의 경우 제품교환 또는 구입가 환급이 가능합니다.    따라서 크림에 이물질이 혼입되어 있는 경우 해당 제품을 구입처에 가져가 제품교환 또는 환급을 요구할 수 있습니다.   다만, 정신적 위자료는 동 제품으로 인한 신체상의 피해를 입증하여야 하므로 의사의 진단서를 받아보아야 할 것으로 판단됩니다."
307, 기타일반화장품, 품질_용기 불량으로 인한 피해사고,화장품의 용기불량으로 손을 다친 경우 치료비를 보상 받을 수 있나요?,"화장품 용기에 의해 손을 다친 사실이 입증된다면 치료비의 배상을 요구할 수 있습니다.   화장품 관련 「소비자분쟁해결기준」에 의하면 용기불량으로 인한 피해사고의 경우 치료비, 경비 및 일실소득 배상요구가 가능합니다. 치료비 배상은 '피부과 전문의의 진단 및 처방에 의한 질환 치료 목적의 경우로 한다'라고 규정되어 있으며, 화장품과의 인과관계가 있어야 하고 자의로 행한 성형, 미용관리 목적으로 인한 경우는 지급하지 아니합니다.    따라서 해당 경우 화장품 용기에 의해 손을 다친 사실이 입증된다면 치료비의 배상을 요구할 수 있습니다.   다만, 일실소득은 피해로 인하여 소득상실이 발생한 것이 입증된 때에 한하며 금액을 입증할 수 없는 경우 시중노임단가를 기준으로 합니다. "
308, 기타일반화장품," 품질_변질, 부패","인터넷으로 화장품을 구입하고 사용을 위해 개봉하였으나, 화장품이 변질되어 있는 것을 발견하였습니다. 환급이 가능한가요?","화장품 변질을 발견한 경우 해당 제품에 대해 제품교환 또는 환급을 요구할 수 있습니다.   화장품 관련 「소비자분쟁해결기준」에 의하면 화장품의 변질, 부패시 제품교환 또는 구입가 환급이 가능합니다.   따라서 화장품 변질을 발견한 경우 해당 제품에 대해 제품교환 또는 환급을 요구할 수 있습니다.   다만, 소비자의 주관적인 판단만으로는 교환 또는 환급이 어려울 수 있는 점을 인지하여 주시기 바랍니다. "
309, 기타일반화장품, 품질_용량부족,인터넷으로 화장품을 구입하고 사용을 위해 개봉하였으나 용량이 기존 제품보다 현저히 적은 것을 확인하였습니다. 환급이 가능한가요?,"화장품 용량이 기존 제품보다 현저히 적은 사실을 확인하였다면 해당 제품에 대해 제품교환 또는 환급을 요구할 수 있습니다.    화장품 관련 「소비자분쟁해결기준」에 의하면 화장품의 용량부족 시 제품교환 또는 구입가 환급이 가능합니다.   따라서 화장품 용량이 기존 제품보다 현저히 적은 사실을 확인하였다면 해당 제품에 대해 제품교환 또는 환급을 요구할 수 있습니다.    다만, 소비자의 주관적인 판단만으로는 교환 또는 환급이 어려울 수 있는 점을 인지하여 주시기 바랍니다."
310, 기타일반화장품, 품질_유효기한 경과,인터넷으로 화장품을 구입하여 배송을 받았으나 이미 사용기한이 지난 제품이였습니다. 환급이 가능한가요?,화장품 유효기간이 지난 사실을 확인하였다면 해당 제품에 대해 제품교환 또는 환급을 요구할 수 있습니다.   화장품 관련 「소비자분쟁해결기준」에 의하면 화장품의 유효기한 경과 시 제품교환 또는 구입가 환급이 가능합니다.   따라서 화장품 유효기간이 지난 사실을 확인하였다면 해당 제품에 대해 제품교환 또는 환급을 요구할 수 있습니다.
311, 기타일반화장품, 부당행위_부당한 대금 청구,"일주일 전 우연히 이벤트에 당첨되었다는 전화를 받고, 무료로 화장품을 제공해준다고 하여 화장품을 받았으나 이후 화장품 대금을 청구하는 지로용지를 받았습니다. 구제 방법이 있나요?","판매자에게 계약체결에 대한 입증을 요구하고. 계약이 체결돼 있을시 청약철회를 요구한다는 내용증명을 발송해야 합니다. 제품에 대해서는 더이상 사용하지 말고 보관하고 있다가 반품 등의 조치를 취해야 합니다.   판매자에게 내용증명을 통해 대금을 청구하게 된 이유와 계약서 사본을 제공해 달라고 요청하시기 바랍니다.「방문판매등에 관한 법률」 제7조 제1항 및 제2항에 따르면 방문판매자는 재화 등의 판매에 관한 계약을 체결하기 전에 소비자가 계약의 내용을 이해할 수 있도록 방문판매업자의 상호·주소·전화번호, 재화의 명칭·종류 및 내용, 재화 등의 가격과 그 지급 방법 및 시기 등을 설명해야 하며 이러한 내용을 기재한 계약서를 소비자에게 교부하도록 규정하고 있습니다.만약 계약이 체결된 사실 및 계약서의 교부사실 등에 대하여 다툼이 있는 경우에는 방문 판매자가 이를 입증하여야 한다고 규정하고 있습니다. 따라서 판매자에게 이 건 계약체결에 대한 입증과 만약 계약이 체결되어 있다면 청약철회를 요구한다는 내용증명을 발송하여 판매자가 제공하는 서면상의 계약내용을 확인한 후 대응하는 것이 필요하며, 제품에 대해서는 더 이상 사용하지 말고 보관하고 있다가 반품 등의 조치를 취하시기 바랍니다."
312, 기타일반화장품, 기타_가격 관련,"방문판매원에게 화장품을 구매하고 대금을 결제하였으나, 다음 날 해당 제품이 인터넷에서 훨씬 저렴한 가격으로 판매되는 사실을 알게되었습니다. 환급이 가능한가요?","계약서를 교부받은 날로부터 14일 이내에는 청약철회가 가능하나, 기간이 지난 경우라면 해당 이유만으로는 환급이 어렵습니다.    「방문판매등에 관한 법률」 제8조 제1항 및 제2항에 의하면 계약서를 교부받은 날로부터 14일 이내 청약철회 가능하므로 화장품을 개봉하는 등 제품 훼손이 없는 상태라면 청약철회가 가능합니다. "
313, 기타일반화장품, 기타_유효기간 관련,"인터넷으로 화장품을 구매했는데 제조일자를 확인해보니 2년전에 제조한 제품이였습니다. 사용기간은 1년 정도 남아 있으나, 화장품 특성상 오래된 제품이라고 생각하여 환급을 받고 싶은데 가능할까요?","제품의 하자라 판단하기 어려워 사업자에게 환급을 요구하기 어려울 수 있습니다.   해당 경우 동 제품의 하자라 판단하기 어려워 사업자에게 환급을 요구하기 어려울 수 있습니다.    다만, 전자상거래로 구입한 물품이기 때문에 「전자상거래등에서의 소비자보호에 관한 법률」 제17조 제1항 및 제2항에 의해 상품을 공급받은 날로부터 7일 이내에는 소비자의 귀책사유로 인한 상품의 멸실 또는 훼손된 경우 등을 제외하고는 단순변심으로 인한 청약철회가 가능하며, 이때 재화의 반송에 드는 비용은 소비자가 부담하여야 합니다. "
314, 기타일반화장품, 품질_안전성 관련,수입 화장품을 구입하여 사용하려고보니 유해성분이 함유된 것을 확인하였습니다. 언론에서 해당 성분의 유해성에 대해 보도한 바 해당 제품을 믿고 사용할 수 있는지 의심되어 환급을 받고 싶습니다. ,식약처에서 사용금지 제품으로 발표하지 않았다면 안전성에 의심이 된다는 이유만으로 사업자에게 제품에 대해 구입가 환급을 요구하기는 어렵습니다.    식품의약품안전처에서는 화장품의 성분검사 및 안전성에 대한 관리 감독을 하고 있습니다.     따라서 식약처에서 사용금지 제품으로 발표하지 않았다면 안전성에 의심이 된다는 이유만으로 사업자에게 제품에 대해 구입가 환급을 요구하기는 어려울 것으로 판단됩니다.      제품의 안전성에 대하여 식약처에 문의하시고 사용여부를 결정하시는 것이 필요할 것으로 보입니다. 
315, 냉장고, 청약철회_단순변심,전자상거래로 냉장고를 구입하였으나 냉장이 잘 안 되는 것 같아 판매자에게 반품을 요구하였으나 판매자는 이를 거부하는데 청약철회 가능한가요?,"냉장고의 성능에 문제가 있음을 객관적으로 입증하고, 냉장고를 사용함으로 인해 제품의 가치가 현저하게 하락했다는 점을 판매자가 입증하지 못하는 경우 청약철회를 요구할 수 있습니다.「전자상거래 등에서의 소비자보호에 관한 법률」(이하, ‘전자상거래법’) 제17조(청약철회 등) 제1항에 따르면 ‘소비자가 전자상거래로 물건을 구입하였을 경우 7일 이내에 청약철회 할 수 있다’고 규정하고 있습니다.다만, ‘전자상거래법’ 제17조(청약철회 등) 제2항에 따르면 ‘내용물을 확인하기 위하여 포장 등을 단순 훼손한 경우에는 청약철회가 가능하나 물건을 개봉하여 일부 소비하거나 제품이 훼손되어 다시 판매하기 어려울 정도로 재화의 가치가 현저히 낮아진 경우에는 청약철회가 불가능’하다고 규정하고 있습니다.따라서, 냉장고의 성능이 기대한 것에 미치지 못하더라도 정상적으로 작동하고 있으며, 냉장고를 사용함으로 인해 제품의 가치가 현저하게 하락했다는 점에 대해 판매자가 입증한 경우에는 청약철회를 요구하기는 어려울 수 있습니다."
316, 냉장고, 청약철회_배송 지연,전자상거래로 냉장고를 구입한 후 몇 주가 지나도 배송이 되지 않아 청약철회를 요구하였으나 판매자는 현재 배송 중이라며 이를 거부합니다. 청약철회 가능한가요?,"사업자가 물품의 배송이 어려울 경우 소비자에게 이를 고지하지 않고 배송중이라는 사유로 청약철회를 거부한다면 소비자는 사업자에게 환급을 요구할 수 있다고 판단됩니다.「전자상거래 등에서의 소비자보호에 관한 법률」 제15조(재화 등의 공급 등)에 따르면 ‘사업자는 소비자가 청약을 한 날부터 7일 이내에 재화 등의 공급에 필요한 조치를 하여야 하고, 소비자가 재화 등의 대금을 전부 또는 일부를 지급한 날부터 3영업일 이내에 재화 등의 공급에 필요한 조치를 하여야 한다’고 규정하고 있습니다.또한, ‘청약을 받은 재화 등급 공급하기 곤란하다는 것을 알았을 때에는 지체없이 그 사유를 소비자에게 알려야 하고, 소비자가 그 대금의 전부 또는 일부를 지급한 날부터 3영업일 이내에 환급하거나 환급에 필요한 조치를 해야한다’고 규정하고 있습니다.   ※ 통신판매업자에 대한 청약철회 의사표시 방법은 법률상 특별한 제한이 없으므로 전화, 서면, 전자문서 모두 가능합니다. 다만, 전화로 의사표시를 한 경우 간혹 판매자가 청약철회 요구를 받은 사실이 없다고 주장하는 경우가 있으므로, 쇼핑몰 게시판에 청약철회 의사를 표시하고 그 화면을 캡처하여 보관하거나 서면으로 발송하는 것이 좋습니다. 서면으로 발송한 경우에는 발송한 날에 그 효력이 발생합니다. 또한, 사업자에게 청약철회를 요청하였는데도 특별한 사유 없이 이를 거부할 경우, 「전자상거래 등에서의 소비자보호에 관한 법률」 제18조에 따라 신용카드로 대금을 결제하였다면 신용카드사에 처리를 요구할 수 있으니 참고하시기 바랍니다."
317, 냉장고, 청약철회_제품 훼손을 이유로 청약철회 거부,"청약철회 의사를 밝히고 수령한 제품을 그대로 반송하였으나, 판매자는 반송된 제품의 포장이 개봉되었고 제품이 훼손되었다며 청약철회가 불가하다고 주장하는데 청약철회 가능한가요?","판매자가 자신이 발송한 제품에 하자가 존재하지 않는다는 점을 입증하지 못하는 경우 청약철회를 요구할 수 있습니다.「전자상거래 등에서의 소비자보호에 관한 법률」 제17조(청약철회등) 제2항에 따르면 ‘소비자의 책임 있는 사유로 재화 등이 멸실되거나 훼손된 경우, 소비자의 사용 또는 일부 소비로 인해 재화 등의 가치가 현저히 감소한 경우, 복제가 가능한 재화 등의 포장을 훼손한 경우는 청약철회를 할 수 없다’고 규정하고 있습니다.따라서, 재화 등의 훼손에 대한 소비자의 책임 여부에 대하여 다툼이 있는 경우에는 사업자가 이를 입증해야 하므로, 사업자가 자신이 발송한 제품에 하자가 존재하지 않는다는 점에 대한 입증을 하지 못하는 경우 청약철회를 요구할 수 있다고 판단됩니다.   ※ 통신판매업자에 대한 청약철회 의사표시 방법은 법률상 특별한 제한이 없으므로 전화, 서면, 전자문서 모두 가능합니다. 다만, 전화로 의사표시를 한 경우 간혹 판매자가 청약철회 요구를 받은 사실이 없다고 주장하는 경우가 있으므로, 쇼핑몰 게시판에 청약철회 의사를 표시하고 그 화면을 캡처하여 보관하거나 서면으로 발송하는 것이 좋습니다. 서면으로 발송한 경우에는 발송한 날에 그 효력이 발생합니다. 또한, 사업자에게 청약철회를 요청하였는데도 특별한 사유 없이 이를 거부할 경우, 「전자상거래 등에서의 소비자보호에 관한 법률」 제18조에 따라 신용카드로 대금을 결제하였다면 신용카드사에 처리를 요구할 수 있으니 참고하시기 바랍니다."
318, 냉장고, 청약철회_설명과 다른 제품,전자상거래로 냉장고를 구입하고 7일이 경과한 후 전원을 켰는데 주문한 것과 기능이 다른 것을 알게 되었습니다. 이에 판매자에게 반품을 요구하였으나 제조사가 제공한 광고 내용을 그대로 올린 것이라며 이를 거부합니다. 청약철회 가능한가요?,"표시·광고 내용과 다른 제품을 수령한 경우 소비자는 사업자에게 30일 이내에 청약철회를 요구할 수 있습니다.「전자상거래 등에서의 소비자보호에 관한 법률」 제17조(청약철회등)에 따르면 재화 등을 공급받거나 재화 등의 공급이 시작된 날부터 7일 이내에 청약철회를 할 수 있다고 규정하고 있습니다. 다만, 재화 등의 내용이 표시·광고의 내용과 다르거나 계약 내용과 다르게 이행된 경우 그 재화 등을 공급받은 날부터 3개월 이내, 그 사실을 안 날 또는 알 수 있었던 날부터 30일 이내에 청약철회 권리를 행사할 수 있다고 규정하고 있습니다."
319, 냉장고, 계약불이행_미환급,전자상거래로 냉장고를 주문하고 대금을 신용카드로 결제하였습니다. 제품을 설치하기 전 마음이 바뀌어 청약철회를 요청했음에도 환급이 되지 않고 있습니다. 환급받을 방법이 있나요?,판매자에게 청약철회를 요청했음에도 결제취소가 되지 않고 있다면 신용카드사에 재화 등의 대금 청구를 정지하거나 취소하도록 요청할 수 있습니다.「전자상거래 등에서의 소비자보호에 관한 법률」 제18조(청약철회등의 효과) 제3항에 따르면 신용카드로 재화 등의 대금을 지급한 경우에는 지체 없이 신용카드사에게 재화 등의 대금 청구를 정지하거나 취소하도록 요청하여야 한다‘고 규정하고 있습니다.
320, 냉장고, 가격·요금_차액 보상,타 매장에서 같은 상품을 더 싸게 파는 것을 알게 됐습니다. 같은 상품에 대해 판매가격이 다른 경우 차액만큼 보상이 가능한가요?,"타 매장과 비교하여 가격의 차이가 있다는 이유로 차액만큼 보상을 요구하기는 어렵습니다.우리나라는 자유시장 경제질서를 기본으로 1999년 9월부터 ‘판매가격표시제’를 실시하여 제조업자의 표시가격에 구애받지 않고 최종 판매업자가 판매가격을 자율적으로 결정하여 표시한 후 판매하고 있으며 흔히 오픈 프라이스 제도라고 합니다.정부가 관리하는 전기요금, 난방요금 또는 대중교통 요금 등을 제외하고, 일반적으로 가격은 계약 당시 양 당사자(소비자와 판매자)의 거래 합의에 의한 계약조건이므로 타 매장과의 가격 차이를 이유로 계약해제나 피해보상을 요구하기 어렵습니다.따라서, 타 매장과 비교하여 차이가 있다고 하더라도 부당행위로 보기 어려워 차액만큼 보상을 요구하기 어렵다고 판단됩니다."
321, 냉장고, 가격·요금_환급금액 기준,구입한지 3년이 넘은 냉장고가 고장났으나 수리가 불가능하여 제조사가 구입가의 50%를 환급해주겠다고 합니다. 그러나 영수증이 없어 구입가를 알 수 없다고 하니 제조사는 출고가격을 기준으로 더 적은 가격을 보상하겠다고 하는데 어떻게 대응해야 하나요?,"실거래가격을 기준으로 보상하되 실거래가격 입증이 어려운 경우 통상적인 가격을 기준으로 삼을 수 있습니다.   「소비자기본법」 시행령 별표1 “일반적 소비자분쟁해결기준”에 따르면 환급금액은 거래 시 교부된 영수증 등에 적힌 물품 등의 가격을 기준으로 합니다.다만, 영수증 등에 적힌 가격에 대하여 다툼이 있는 경우에는 다른 금액을 기준으로 하려는 자가 그 다른 금액이 실제 거래가격임을 입증하여야 하며, 영수증이 없는 등의 사유로 실제 거래가격을 입증할 수 없는 경우에는 그 지역에서 거래되는 통상적인 가격을 기준으로 해야 합니다."
322, 냉장고, 가격·요금_설치비 추가 요구,전자상거래로 냉장고를 구입하고 반품을 요구하였으나 사전에 고지된 반품 배송비 이외에 ‘설치비’ 명목으로 추가 대금 지급을 요구합니다. 제가 비용을 지급해야 하나요?,"반품·배송비 이외에 추가 대금 지급은 거부할 수 있습니다.   「전자상거래 등에서의 소비자보호에 관한 법률」 제18조 제9항에 따르면 단순변심 등에 의한 청약철회의 경우 공급받은 재화 등의 반환에 필요한 비용은 소비자가 부담하며, 통신판매업자는 소비자에게 청약철회 등을 이유로 위약금이나 손해배상을 청구할 수 없다고 규정하고 있습니다.따라서 단순변심에 의한 청약철회일 경우 사업자는 소비자에게 청약철회를 이유로 위약금이나 손해배상을 청구할 수 없으므로 미리 고지한 반품 배송비 이외에 다른 명목의 위약금을 추가 청구하는 것은 인정되기 어렵습니다."
323, 냉장고, 품질_초기불량,"냉장고를 구입하여 한 달도 되지 않았으나 고장이 나 작동하지 않는데, 교환이나 환불받을 수 있나요?","구매 후 10일 이내에 교환 또는 환급, 1개월 이내에 교환 또는 무상 수리를 요구할 수 있습니다.   공산품 관련 「소비자분쟁해결기준」은 품질보증기간 이내에 정상적인 사용상태에서 발생한 성능 기능상의 하자 발생 시 무상수리로 규정하고 있습니다. 또한 구입 시부터 중요한 수리를 요하는 성능·기능상의 하자가 발생한 기간을 기준으로 구분하고 있는데, 구입 후 10일 이내 하자가 발생한 경우 제품교환 또는 구입가 환급, 구입 후 1개월 이내 하자가 발생한 경우 제품교환 또는 무상수리로 규정하고 있습니다.다만 「소비자분쟁해결기준」은 소비자와 사업자 사이에 발생하는 분쟁을 원활하게 해결하기 위한 합의 또는 권고의 기준을 제시한 것으로 강제력을 가지지 못합니다. 사업자 약관이나 규정 등이 존재한다면 사업자 약관 또는 규정을 적용해야 하며 분쟁해결 방법에 관한 별도의 의사표시가 없는 때에는 「소비자분쟁해결기준」을 적용할 수 있습니다."
324, 냉장고, 품질_품질보증기간,구입한 냉장고 품질보증기간이 1년으로 표시되어 있어 너무 짧다는 생각이 듭니다. 이에 대한 시정조치를 요구할 수 있나요?,"품질 보증기간을 늘리는 것은 어려우나 무상 수리 등을 요구할 수 있습니다.   「소비자분쟁해결기준」 별표3 “품목별 품질보증기간 및 부품보유기간”에 따르면 냉장고는 품질보증기간 1년, 부품보유기간 9년으로 규정하고 있습니다.「소비자기본법」 시행령 별표1 “일반적 소비자분쟁해결기준”에 따라 사업자가 정한 품질보증기간과 부품보유기간이 품목별 「소비자분쟁해결기준」에서 정한 기간보다 짧을 경우에는 품목별 「소비자분쟁해결기준」에서 정한 기간으로 보도록 하고 있습니다.   따라서, 사업자가 품질보증기간을 1년으로 운영하는 것은 「소비자분쟁해결기준」에 부합하므로 시정조치를 요구하기는 어렵습니다.다만, 「소비자분쟁해결기준」은 소비자와 사업자 사이에 발생하는 분쟁을 원활하게 해결하기 위한 합의 또는 권고의 기준을 제시한 것으로 강제력을 가지지 못합니다. 사업자 약관이나 규정 등이 존재한다면 사업자 약관 또는 규정을 적용해야 하며 분쟁해결 방법에 관한 별도의 의사표시가 없는 때에는 「소비자분쟁해결기준」을 적용할 수 있습니다."
325, 냉장고, 품질_교환받은 제품의 하자,교환받은 냉장고가 한 달도 되지 않아 또다시 고장이나 작동하지 않습니다. 어떻게 대응해야 하나요?,구입가 환급을 요구할 수 있습니다.   공산품 관련 「소비자분쟁해결기준」에서는 교환된 제품이 1개월 이내에 중요한 수리를 요할 때 구입가 환급으로 규정하고 있습니다.다만 소비자분쟁해결기준은 소비자와 사업자 사이에 발생하는 분쟁을 원활하게 해결하기 위한 합의 또는 권고의 기준을 제시한 것으로 소비자분쟁해결기준은 강제력을 가지지 못합니다. 사업자 약관이나 규정 등이 존재한다면 사업자 약관 또는 규정을 적용해야 하며 분쟁해결 방법에 관한 별도의 의사표시가 없는 때에는 소비자분쟁해결기준을 적용할 수 있습니다.
326, 냉장고, 품질_과도한 소음,6개월 전 냉장고를 구입하여 사용 중이나 소음이 과도하게 발생하고 있어 제조사에 문의했음에도 제조사에서 조치를 취하지 않고 있습니다. 어떻게 대응해야 하나요?,"초기 불량으로 판단된다면 무상수리를 요구할 수 있으며, 수리 불가능 시 제품 교환 또는 구입가 환급을 요구할 수 있습니다.   소음은 개인에 따라 받아들이는 정도가 다르고 생활환경 등에 따라 차이가 발생하므로 소음이 크다는 것만으로는 하자로 인정되기는 어렵습니다.제조사에 수리 및 원인 조사를 의뢰하고 초기 불량으로 판단된다면 무상수리를 요구하고, 수리 불가능 시 제품교환 또는 구입가 환급 등을 요구하여야 할 것으로 보입니다."
327, 냉장고, 품질_배송 중 파손,전자상거래로 구입한 냉장고가 배송 중 파손되었습니다. 판매자에게 배상을 요구하니 택배회사 측 과실이라며 택배회사에 배상을 요구하라고 하는데 누구에게 배상을 요구해야 하나요?,"판매자에게 정상적인 물품을 재배송 또는 구입가 환급을 요구할 수 있습니다.   판매자는 소비자와 구매계약을 체결하고, 판매자가 택배회사와 배송계약을 체결하였으므로 판매자는 소비자에게 정상적인 물품을 배송해야 하는 책임이 있으며 소비자에게 인도되기 전 배송과정에 대한 문제도 판매자가 관리해야 합니다.따라서 판매자는 소비자에게 정상적인 물품을 재배송 또는 구입가 환급을 해주어야 하며 택배회사의 과실이 인정되면 판매자가 택배회사에 따로 구상권을 행사하여야 합니다."
328, 냉장고, 품질_리퍼 제품의 품질보증기간,6개월 무상수리를 보증하는 판매자로부터 냉장고 리퍼상품을 구입하였습니다. 구입 후 6개월이 지난 후 고장이 나 수리를 요구하였으나 판매자는 품질보증기간 경과를 이유로 무상 수리가 아닌 유상 수리를 해야한다고 하는데 무상 수리 가능한가요?,"구매 후 1년 이내 무상 수리 등을 요구할 수 있습니다.    「소비자분쟁해결기준」 별표3 “품목별 품질보증기간 및 부품보유기간”에 따르면 냉장고는 품질보증기간 1년, 부품보유기간 9년으로 규정하고 있으며, 리퍼제품 등 중고냉장고도 「소비자기본법」 시행령 별표1 “일반적 소비자분쟁해결기준”에 따라 품질보증기간 1년, 부품보유기간 9년이 적용됩니다. 사업자가 정한 품질보증기간과 부품보유기간이 품목별 「소비자분쟁해결기준」에서 정한 기간보다 짧을 경우에는 품목별 「소비자분쟁해결기준」에서 정한 기간으로 보도록 하고 있습니다.   따라서, 소비자는 냉장고 품질보증기간을 1년으로 보고 무상수리 등을 요구할 수 있습니다.다만, 「소비자분쟁해결기준」은 소비자와 사업자 사이에 발생하는 분쟁을 원활하게 해결하기 위한 합의 또는 권고의 기준을 제시한 것으로 강제력을 가지지 못합니다. 사업자 약관이나 규정 등이 존재한다면 사업자 약관 또는 규정을 적용해야 하며 분쟁해결 방법에 관한 별도의 의사표시가 없는 때에는 「소비자분쟁해결기준」을 적용할 수 있습니다."
329, 냉장고, 품질_사은품의 하자로 인한 피해에 대한 보상,냉장고를 구입하면서 사은품으로 받은 전기매트를 사용하던 중 의자가 그을려 교체 비용이 발생했습니다. 판매자는 사은품으로 인한 피해 보상은 불가능하다고 주장합니다. 사은품이면 고장이 나도 교환을 받을 수 없는건가요?,"사은품도 소비자피해에 대해 수리·교환·환급 또는 배상을 요구할 수 있습니다.   「소비자기본법」 시행령 별표1 “일반적 소비자분쟁해결기준”에 따르면 판매자가 물품등의 거래에 부수하여 제공하는 사은품·경품의 하자·채무불이행 등으로 인한 소비자피해에 대해 수리·교환·환급 또는 배상을 하거나, 계약의 해제·해지 및 이행 등을 하여야 한다고 규정하고 있습니다.따라서 이를 근거로 소비자가 제품의 하자와 손해 발생 사실 사이의 상당인과관계를 입증한 경우에는 손해배상을 요구할 수 있습니다."
330, 냉장고, 품질_수리만 가능,냉장고를 구입한지 한 달도 되지 않아 고장나서 작동하지 않습니다. 초기불량으로 새 제품으로 교환받고 싶은데 제조사는 규정상 수리만 가능하다고 주장합니다. 수리 말고 새 제품으로 교환받을 수 있나요?,"관련 계약 내용이 없다면, 교환 또는 수리를 요구할 수 있습니다.   공산품 관련 「소비자분쟁해결기준」에 따르면 구입 시부터 중요한 수리를 요하는 성능·기능상의 하자가 발생한 기간을 기준으로 구분하고 있는데, 구입 후 10일 이내 하자가 발생한 경우 제품 교환 또는 구입가 환급, 구입 후 1개월 이내 하자가 발생한 경우 제품 교환 또는 무상수리로 규정하고 있습니다.동 규정에서 동일한 피해에 대한 분쟁해결기준을 두 가지 이상 정하고 있는 경우에는 소비자가 선택하는 분쟁해결기준에 따르도록 하고 있습니다. 따라서, 양 당사자 간에 교환 및 수리와 관련된 계약 내용이 없다면 교환 또는 수리를 요구할 수 있습니다.   다만, 「소비자분쟁해결기준」은 소비자와 사업자 사이에 발생하는 분쟁을 원활하게 해결하기 위한 합의 또는 권고의 기준을 제시한 것으로 강제력을 가지지 못합니다. 특히 해당 사안의 경우 제조사가 스스로 품질 보증을 위해 소비자들에게 약정한 내용이므로, 사업자의 해당 약관이나 품질보증 규정 등이 존재한다면 사업자 약관 또는 규정을 적용해야 하며 분쟁해결 방법에 관한 별도의 의사표시가 없는 때에는 「소비자분쟁해결기준」을 적용할 수 있습니다."
331, 냉장고, 품질_수리 불가 시 환급 요구,냉장고의 하자로 수리를 의뢰했으나 제조사 측에서 검토한 결과 자체 결함으로 인해 완벽히 수리가 되지 않는다고 합니다. 제조사에서는 다른 모델로 교환해준다고 하는데 구입가 환급받을 수 있나요?,"다른 모델로의 교환을 원하지 않는다면, 구입가 환급을 요구할 수 있습니다.   「소비자기본법」 시행령 별표1 “일반적 소비자분쟁해결기준”에 따르면 교환은 같은 종류의 물품 등으로 하되, 같은 종류의 물품 등으로 교환하는 것이 불가능한 경우에는 같은 종류의 유사물품 등으로 교환할 것을 규정하고 있습니다. 그러나 같은 종류의 물품 등으로 교환하는 것이 불가능하고 소비자가 같은 종류의 유사물품 등으로 교환하는 것을 원하지 않을 경우에는 구입가 환급하도록 규정하고 있습니다.   이때 환급금액은 거래 시 교부된 영수증 등에 적힌 물품 등의 가격을 기준으로 하는데, 영수증 등에 적힌 가격에 대하여 다툼이 있는 경우에는 다른 금액을 기준으로 하려는 자가 그 다른 금액이 실제 거래가격임을 입증하여야 하며, 영수증이 없는 등의 사유로 실제 거래가격을 입증할 수 없는 경우에는 그 지역에서 거래되는 통상적인 가격을 기준으로 해야 합니다.다만, 품질보증서는 제조사가 스스로 품질 보증을 위해 소비자들에게 약정한 내용이므로 품질보증서 규정 상 구입가 환급이 아닌 새 제품으로의 교환만 가능한 경우 구입가 환급이 어려울 수도 있습니다."
332, 냉장고, 품질_동일 하자의 2차 수리,냉장고를 사용하던 중 하자가 발생하여 1차 유상 수리를 의뢰했으나 한 달도 되지 않아 동일한 하자가 발생했습니다. 제조사는 2차 수리 역시 유상이라고 안내하고 있는데 수리를 받아도 다시 고장난 것이니 무상 수리를 요청할 수 있나요?,"무상 수리를 요구하고, 수리가 불가능할 경우 기존 수리비 환급을 요구할 수 있습니다.   「소비자기본법」 시행령 별표1 “일반적 소비자분쟁해결기준”에 따르면 물품등을 유상으로 수리한 경우 그 유상으로 수리한 날부터 2개월 이내에 소비자가 정상적으로 물품 등을 사용하는 과정에서 그 수리한 부분에 종전과 동일한 고장이 재발한 경우에는 무상으로 수리하되, 수리가 불가한 때에는 종전에 받은 수리비를 환급하여야 한다고 규정하고 있습니다."
333, 냉장고, 품질_3차례 발생한 동일 하자,냉장고를 사용하던 중 하자가 발생하여 2차례 수리를 받았으나 동일한 하자가 다시 발생했습니다. 제조사는 재수리 해주겠다고 하나 더 이상 해당 제품을 쓰고 싶지 않은데 환급받을 수 있나요?,제품 교환 또는 구입가 환급을 요구할 수 있습니다.   공산품 관련 「소비자분쟁해결기준」에 따르면 품질보증기간 이내에 동일하자에 대해 2회까지 수리하였으나 하자가 재발하는 경우 또는 여러 부위 하자에 대해 4회까지 수리하였으나 하자가 재발하는 경우는 수리 불가능한 것으로 보아 제품 교환 또는 구입가 환급으로 규정하고 있으므로 구입가 환급을 요구할 수 있습니다.다만 「소비자분쟁해결기준」은 소비자와 사업자 사이에 발생하는 분쟁을 원활하게 해결하기 위한 합의 또는 권고의 기준을 제시한 것으로 강제력을 가지지 못합니다. 사업자 약관이나 규정 등이 존재한다면 사업자 약관 또는 규정을 적용해야 하며 분쟁해결 방법에 관한 별도의 의사표시가 없는 때에는 「소비자분쟁해결기준」을 적용할 수 있습니다.
334, 냉장고, 품질_서로 다른 하자 발생으로 인한 교환,냉장고를 사용하던 중 1년 내 AS센터를 3차례 방문하였으나 최근 또 고장이 났습니다. 이에 제조사에 다른 제품으로 교환을 요구했으나 제조사는 서로 다른 하자가 발생한 것으로 교환이 어렵다고 하는데 새 제품 교환받을 수 있을까요?,"제품교환은 어려울 수 있으나, 수리를 요구할 수 있습니다.   공산품 관련 「소비자분쟁해결기준」에서는 품질보증기간 이내에 동일하자에 대해 2회까지 수리하였으나 하자가 재발하는 경우 또는 여러 부위 하자에 대해 4회까지 수리하였으나 하자가 재발하는 경우는 수리 불가능한 것으로 보아 제품 교환 또는 구입가 환급하도록 규정하고 있습니다.품질보증기간은 제조자가 품질보증서에 표시한 기간으로 볼 수 있으나, 해당 기간이 「소비자분쟁해결기준」에서 정한 기한보다 짧은 경우에는 「소비자분쟁해결기준」에서 정한 기간을 적용해야 합니다.동일부위가 아닌 여러 부위의 수리는 4회가 기준이나 공산품 관련 「소비자분쟁해결기준」에서 말하는 수리횟수는 AS센터 방문횟수가 아닌 증상 확인 후 수리·교체한 횟수를 기준으로 하는 바, 윈도우 재설치와 같은 단순 OS 세팅은 수리로 보기는 어려워 교환이 아닌 수리를  요구할 수 있습니다."
335, 냉장고, 품질_설치 도중 제품 파손,"설치기사가 냉장고를 설치하던 중 냉장고가 엎어져 제품이 파손되었는데, 어떻게 대응해야 하나요?",제품 교환을 요구할 수 있습니다.   공산품 관련 「소비자분쟁해결기준」에서는 사업자가 제품설치 중 발생된 피해에 대해 제품교환하도록 규정하고 있습니다.다만 「소비자분쟁해결기준」은 소비자와 사업자 사이에 발생하는 분쟁을 원활하게 해결하기 위한 합의 또는 권고의 기준을 제시한 것으로 소비자분쟁해결기준은 강제력을 가지지 못합니다. 사업자 약관이나 규정 등이 존재한다면 사업자 약관 또는 규정을 적용해야 하며 분쟁해결 방법에 관한 별도의 의사표시가 없는 때에는 「소비자분쟁해결기준」을 적용할 수 있습니다.
336, 냉장고, 부당행위_부품을 보유하고 있지 않아 수리 불가능,구입한지 3년 정도 된 냉장고를 사용하던 중 바닥에 떨어뜨려 고장이 나 수리를 의뢰했습니다. 그러나 제조사는 해당 모델은 단종되었고 현재 보유부품이 없어 수리가 불가능하다고 합니다. 어떻게 대응해야 하나요?,"품질보증기간이내 유상수리에 해당하는 금액 징수 후 교환을 요구할 수 있고, 품질보증기간 이후에는 정액감가상각비를 공제한 금액에 구입가 10% 가산해 환급을 요구할 수 있습니다.   공산품 관련 「소비자분쟁해결기준」에 따르면 냉장고는 품질보증기간 1년, 부품보유기간 9년으로 규정하고 있습니다. 이 때 공산품 관련 「소비자분쟁해결기준」에서는 부품의무보유기간 이내에 수리용 부품을 보유하고 있지 않아 발생한 피해에 대해서는 품질보증기간 이내인 경우 제품을 교환받거나 구입가 환급을 규정하고 있으며, 품질보증기간 이후에는 제품의 정액감가상각비를 공제한 잔여금액에 구입가의 10%를 가산하여 환급하도록 규정하고 있습니다.따라서, 품질보증기간이내 사용자 고의, 과실로 수리가 필요하나 수리부품이 없어 수리가 불가능한 경우 유상수리에 해당하는 금액 징수 후 제품교환을 요구할 수 있습니다.다만 「소비자분쟁해결기준」은 소비자와 사업자 사이에 발생하는 분쟁을 원활하게 해결하기 위한 합의 또는 권고의 기준을 제시한 것으로 「소비자분쟁해결기준」은 강제력을 가지지 못합니다. 사업자 약관이나 규정 등이 존재한다면 사업자 약관 또는 규정을 적용해야 하며 다만 분쟁해결 방법에 관한 별도의 의사표시가 없는 때에는 「소비자분쟁해결기준」을 적용할 수 있습니다."
337, 노트북컴퓨터, 청약철회_단순변심,"전자상거래로 노트북을 구입하여 사용하던 중, 너무 느리고 사양이 낮아 판매자에게 반품을 요구하였으나 판매자는 이를 거부합니다. 청약철회가 가능한가요?","노트북의 성능에 문제가 있음을 객관적으로 입증하고, 노트북을 사용함으로 인해 제품의 가치가 현저하게 하락했다는 점을 판매자가 입증하지 못하는 경우 청약철회를 요구할 수 있습니다.「전자상거래 등에서의 소비자보호에 관한 법률」(이하, ‘전자상거래법’) 제17조(청약철회 등) 제1항에 따르면 ‘소비자가 전자상거래로 물건을 구입하였을 경우 7일 이내에 청약철회 할 수 있다’고 규정하고 있습니다.다만, ‘전자상거래법’ 제17조(청약철회 등) 제2항에 따르면 ‘내용물을 확인하기 위하여 포장 등을 단순 훼손한 경우에는 청약철회가 가능하나 물건을 개봉하여 일부 소비하거나 제품이 훼손되어 다시 판매하기 어려울 정도로 재화의 가치가 현저히 낮아진 경우에는 청약철회가 불가능’하다고 규정하고 있습니다.따라서, 노트북의 성능이 기대한 것에 미치지 못하더라도 정상적으로 작동하고 있으며, 노트북을 사용함으로 인해 제품의 가치가 현저하게 하락했다는 점에 대해 판매자가 입증한 경우에는 청약철회를 요구하기는 어려울 수 있습니다."
338, 노트북컴퓨터, 청약철회_단순 개봉,전자상거래로 노트북을 구입하여 박스에 부착된 스티커만 뜯고 노트북은 켜보지 않았음에도 판매자가 가치가 감소하여 재판매가 어렵다며 반품을 거부합니다. 청약철회가 가능한가요?,"노트북을 사용함으로 인해 제품의 가치가 현저하게 하락했다는 점을 판매자가 입증하지 못하는 경우 청약철회를 요구할 수 있습니다.「전자상거래 등에서의 소비자보호에 관한 법률」(이하, ‘전자상거래법’) 제17조(청약철회 등) 제1항에 따르면 ‘소비자가 전자상거래로 물건을 구입하였을 경우 7일 이내에 청약철회 할 수 있다’고 규정하고 있습니다.다만, ‘전자상거래법’ 제17조(청약철회 등) 제2항에 따르면 ‘내용물을 확인하기 위하여 포장 등을 단순 훼손한 경우에는 청약철회가 가능하나 물건을 개봉하여 일부 소비하거나 제품이 훼손되어 다시 판매하기 어려울 정도로 재화의 가치가 현저히 낮아진 경우에는 청약철회가 불가능’하다고 규정하고 있습니다.   따라서, 노트북의 경우 현실적으로 박스가 개봉된 제품을 판매하기 어려운 경우가 많으며, 이로 인해 재화 등의 가치가 현저히 하락했다는 점에 대해 판매자가 입증한 경우에는 청약철회를 요구하기는 어려울 수 있습니다."
339, 노트북컴퓨터, 청약철회_배송 지연,전자상거래로 노트북을 구입한 후 몇 주가 지나도 배송이 되지 않아 청약철회를 요구하였으나 판매자는 현재 배송 중이라며 이를 거부합니다. 청약철회 가능한가요?,"사업자가 물품의 배송이 어려울 경우 소비자에게 이를 고지하지 않고 배송중이라는 사유로 청약철회를 거부한다면 소비자는 사업자에게 환급을 요구할 수 있다고 판단됩니다.「전자상거래 등에서의 소비자보호에 관한 법률」 제15조(재화 등의 공급 등)에 따르면 ‘사업자는 소비자가 청약을 한 날부터 7일 이내에 재화 등의 공급에 필요한 조치를 하여야 하고, 소비자가 재화 등의 대금을 전부 또는 일부를 지급한 날부터 3영업일 이내에 재화 등의 공급에 필요한 조치를 하여야 한다’고 규정하고 있습니다.또한, ‘청약을 받은 재화 등급 공급하기 곤란하다는 것을 알았을 때에는 지체없이 그 사유를 소비자에게 알려야 하고, 소비자가 그 대금의 전부 또는 일부를 지급한 날부터 3영업일 이내에 환급하거나 환급에 필요한 조치를 해야한다’고 규정하고 있습니다.   ※ 통신판매업자에 대한 청약철회 의사표시 방법은 법률상 특별한 제한이 없으므로 전화, 서면, 전자문서 모두 가능합니다. 다만, 전화로 의사표시를 한 경우 간혹 판매자가 청약철회 요구를 받은 사실이 없다고 주장하는 경우가 있으므로, 쇼핑몰 게시판에 청약철회 의사를 표시하고 그 화면을 캡처하여 보관하거나 서면으로 발송하는 것이 좋습니다. 서면으로 발송한 경우에는 발송한 날에 그 효력이 발생합니다. 또한, 사업자에게 청약철회를 요청하였는데도 특별한 사유 없이 이를 거부할 경우, 「전자상거래 등에서의 소비자보호에 관한 법률」 제18조에 따라 신용카드로 대금을 결제하였다면 신용카드사에 처리를 요구할 수 있으니 참고하시기 바랍니다."
340, 노트북컴퓨터, 청약철회_제품 훼손을 이유로 청약철회 거부,"청약철회 의사를 밝히고 수령한 제품을 그대로 반송하였으나, 판매자는 반송된 제품의 포장이 개봉되었고 제품이 훼손되었다며 청약철회가 불가하다고 주장합니다. 청약철회 가능한가요?","판매자가 자신이 발송한 제품에 하자가 존재하지 않는다는 점을 입증하지 못하는 경우 청약철회를 요구할 수 있습니다.「전자상거래 등에서의 소비자보호에 관한 법률」 제17조(청약철회등) 제2항에 따르면 ‘소비자의 책임 있는 사유로 재화 등이 멸실되거나 훼손된 경우, 소비자의 사용 또는 일부 소비로 인해 재화 등의 가치가 현저히 감소한 경우, 복제가 가능한 재화 등의 포장을 훼손한 경우는 청약철회를 할 수 없다’고 규정하고 있습니다.따라서, 재화 등의 훼손에 대한 소비자의 책임 여부에 대하여 다툼이 있는 경우에는 사업자가 이를 입증해야 하므로, 사업자가 자신이 발송한 제품에 하자가 존재하지 않는다는 점에 대한 입증을 하지 못하는 경우 청약철회를 요구할 수 있다고 판단됩니다.   ※ 통신판매업자에 대한 청약철회 의사표시 방법은 법률상 특별한 제한이 없으므로 전화, 서면, 전자문서 모두 가능합니다. 다만, 전화로 의사표시를 한 경우 간혹 판매자가 청약철회 요구를 받은 사실이 없다고 주장하는 경우가 있으므로, 쇼핑몰 게시판에 청약철회 의사를 표시하고 그 화면을 캡처하여 보관하거나 서면으로 발송하는 것이 좋습니다. 서면으로 발송한 경우에는 발송한 날에 그 효력이 발생합니다. 또한, 사업자에게 청약철회를 요청하였는데도 특별한 사유 없이 이를 거부할 경우, 「전자상거래 등에서의 소비자보호에 관한 법률」 제18조에 따라 신용카드로 대금을 결제하였다면 신용카드사에 처리를 요구할 수 있으니 참고하시기 바랍니다."
341, 노트북컴퓨터, 청약철회_7일 이내 반품 미완료,전자상거래로 노트북을 구입하고 단순 변심으로 반품을 요청하였으나 사업자가 7일 이내 제품이 도착하지 않았다는 이유로 청약철회 불가를 주장합니다. 청약철회 가능한가요?,"“반품은 상품이 7일 이내 쇼핑몰에 도착해야만 환급 가능하다”고 규정한 약관이 소비자에게 불리한 계약으로 인정되어 무효화 될 경우 청약철회를 요구할 수 있습니다.「전자상거래 등에서의 소비자보호에 관한 법률」(이하, ‘전자상거래법’) 제17조(청약철회 등) 제1항에 따르면 ‘소비자가 전자상거래로 물건을 구입하였을 경우 7일 이내에 청약철회 할 수 있다’고 규정하고 있고, ‘전자상거래법’ 제35조(소비자에게 불리한 계약의 금지)에 따르면 ‘제17조 규정을 위반한 약정으로써 소비자에게 불리한 것은 효력이 없다’고 규정하고 있습니다.   따라서, 만약 사업자가 “반품은 상품이 7일 이내 쇼핑몰에 도착해야만 환급 가능하다”고 표시하였다고 하더라도 이는 ‘전자상거래법’ 제17조를 위반한 약정으로 소비자에게 불리한 것이므로 제35조에 따라 효력이 없다고 보며, 반품한 상품이 7일 이내 쇼핑몰에 도착하지 못했다 하더라도 소비자가 제품을 수령한 날로부터 7일 이내 청약철회 의사표시를 하고 반품 절차를 진행했다면 청약철회가 이루어질 수 있습니다.   ※ 통신판매업자에 대한 청약철회 의사표시 방법은 법률상 특별한 제한이 없으므로 전화, 서면, 전자문서 모두 가능합니다. 다만, 전화로 의사표시를 한 경우 간혹 판매자가 청약철회 요구를 받은 사실이 없다고 주장하는 경우가 있으므로, 쇼핑몰 게시판에 청약철회 의사를 표시하고 그 화면을 캡처하여 보관하거나 서면으로 발송하는 것이 좋습니다. 서면으로 발송한 경우에는 발송한 날에 그 효력이 발생합니다. 또한, 사업자에게 청약철회를 요청하였는데도 특별한 사유 없이 이를 거부할 경우, 「전자상거래 등에서의 소비자보호에 관한 법률」 제18조에 따라 신용카드로 대금을 결제하였다면 신용카드사에 처리를 요구할 수 있으니 참고하시기 바랍니다."
342, 노트북컴퓨터, 청약철회_설명과 다른 제품,전자상거래로 노트북을 구입하고 7일이 경과한 후 전원을 켰는데 주문한 스펙과 다른 스펙의 제품이 도착한 것을 알게 되었습니다. 이에 판매자에게 반품을 요구하였으나 청약철회 기간인 7일이 지났다면서 이를 거부하는데 청약철회가 불가능한가요?,"표시·광고 내용과 다른 제품을 수령한 경우 소비자는 사업자에게 30일 이내에 청약철회를 요구할 수 있습니다.「전자상거래 등에서의 소비자보호에 관한 법률」 제17조(청약철회등)에 따르면 재화 등을 공급받거나 재화 등의 공급이 시작된 날부터 7일 이내에 청약철회를 할 수 있다고 규정하고 있습니다. 다만, 재화 등의 내용이 표시·광고의 내용과 다르거나 계약 내용과 다르게 이행된 경우 그 재화 등을 공급받은 날부터 3개월 이내, 그 사실을 안 날 또는 알 수 있었던 날부터 30일 이내에 청약철회 권리를 행사할 수 있다고 규정하고 있습니다."
343, 노트북컴퓨터, 계약불이행_미환급,전자상거래로 노트북을 주문하고 대금을 신용카드로 결제하였습니다. 제품을 수령하기 전 마음이 바뀌어 청약철회를 요청했음에도 결제취소가 되지 않고 있습니다. 결제취소를 요청할 수 있는 방법이 있나요?,판매자에게 청약철회를 요청했음에도 결제취소가 되지 않고 있다면 신용카드사에 재화 등의 대금 청구를 정지하거나 취소하도록 요청할 수 있습니다.「전자상거래 등에서의 소비자보호에 관한 법률」 제18조(청약철회등의 효과) 제3항에 따르면 신용카드로 재화 등의 대금을 지급한 경우에는 지체 없이 신용카드사에게 재화 등의 대금 청구를 정지하거나 취소하도록 요청하여야 한다‘고 규정하고 있습니다.
344, 노트북컴퓨터, 가격·요금_차액보상,타 매장에서 같은 상품을 더 싸게 파는 것을 알게 됐습니다. 같은 상품에 대해 판매가격이 다른 경우 차액만큼 보상이 가능한가요?,"타 매장과 비교하여 가격의 차이가 있다는 이유로 차액만큼 보상을 요구하기는 어렵습니다.우리나라는 자유시장 경제질서를 기본으로 1999년 9월부터 ‘판매가격표시제’를 실시하여 제조업자의 표시가격에 구애받지 않고 최종 판매업자가 판매가격을 자율적으로 결정하여 표시한 후 판매하고 있으며 흔히 오픈 프라이스 제도라고 합니다.정부가 관리하는 전기요금, 난방요금 또는 대중교통 요금 등을 제외하고, 일반적으로 가격은 계약 당시 양 당사자(소비자와 판매자)의 거래 합의에 의한 계약조건이므로 타 매장과의 가격 차이를 이유로 계약해제나 피해보상을 요구하기 어렵습니다.따라서, 타 매장과 비교하여 차이가 있다고 하더라도 부당행위로 보기 어려워 차액만큼 보상을 요구하기 어렵다고 판단됩니다."
345, 노트북컴퓨터, 가격·요금_반품비 추가 요구,전자상거래로 병행수입 노트북을 구입하고 반품을 요구하였으나 사전에 고지된 반품 배송비 이외에 ‘반품비’라는 명목으로 추가 대금 지급을 요구합니다. 제가 비용을 지급해야 하나요?,"사전에 고지되지 않은 ‘반품비’ 명목의 추가 대금 지급 없이 반품과정에서 발생한 비용을 공제한 금액의 환급을 요구할 수 있습니다.병행수입을 비롯한 수입 제품 판매 시 발생하는 배송비는 사업자마다 수입절차 및 재고관리 방식에 따라 다를 수 있으나 「전자상거래 등에서의 소비자보호에 관한 법률」(이하, ‘전자상거래법’) 제13조(신원 및 거래 조건에 대한 정보의 제공)에 따르면 ‘재화 등의 교환?반품?보증과 그 대금 환불 및 환불의 지연에 따른 배상금 지급의 조건?절차‘를 적절한 방법으로 표시?광고하거나 고지하여야 한다고 규정하고 있습니다.따라서, 반품 비용은 소비자의 구매 여부 판단에 영향을 주는 중요한 거래 조건으로 ’적절한 방법으로 고지’하여야 할 사항으로 볼 수 있어 사업자가 수입 과정에서 발생한 ‘현지 및 국제운송료 + 수입세금 및 제비용’에 관해 입증할 경우 소비자는 그에 대한 금액을 지급해야 하며, 입증할 수 없는 경우 제품을 반품한 뒤 반품과정에서 발생한 비용을 공제한 후 환급을 요구할 수 있다고 판단됩니다.또한 ‘전자상거래법’ 제18조(청약철회등의 효과)에 따르면 ‘사업자는 소비자에게 청약철회를 이유로 위약금이나 손해배상을 청구할 수 없다’고 규정하고 있으므로 미리 고지한 반품 배송비 이외에 다른 명목의 위약금을 추가 청구하는 것은 인정되기 어렵습니다."
346, 노트북컴퓨터, 가격·요금_과도한 반품배송비 요구,전자상거래로 노트북을 구입한 후 청약철회를 요구하니 사업자가 해외구매대행 상품이었다며 과도한 해외배송비 지급을 요구합니다. 제가 비용을 지급해야 하나요?,"사업자가 주장하는 해외 배송비 등 내역이 확인되는 경우라면 소비자는 사업자에게 수입 과정에서 소요된 비용을 지급해야 합니다.「전자상거래 등에서의 소비자보호에 관한 법률」(이하, ‘전자상거래법’) 제17조(청약철회 등)에 따르면 소비자가 전자상거래로 물건을 구입하였을 경우 7일 이내에 청약철회 할 수 있고 재화 등의 내용이 표시·광고의 내용과 다르거나 계약 내용과 다르게 이행된 경우에는 그 재화 등을 공급받은 날부터 3개월 이내, 그 사실을 안 날 또는 알 수 있었던 날부터 30일 이내에 청약철회 등을 할 수 있다고 규정하고 있습니다.또한 ‘전자상거래법’ 제13조(신원 및 거래 조건에 대한 정보의 제공)에 따르면 ‘재화 등의 교환?반품?보증과 그 대금 환불 및 환불의 지연에 따른 배상금 지급의 조건?절차‘를 적절한 방법으로 표시?광고하거나 고지하여야 한다고 규정하고 있습니다.따라서, 청약철회 예외에 해당하지 않는 한 전자상거래를 통한 해외물품 구매계약의 경우에도 청약철회를 할 수 있고 반품 비용은 소비자의 구매 여부 판단에 영향을 주는 중요한 거래 조건으로 ’적절한 방법으로 고지‘하여야 할 사항으로 볼 수 있어, 사업자가 수입 과정에서 발생하는 비용(현지 및 국제운송료, 수입세금 및 제비용)을 사전에 소비자에게 고지하고, 지급한 사실 등이 확인되는 경우라면 소비자는 사업자에게 수입 과정에서 소요되는 비용을 지급해야 한다고 판단됩니다.   다만, 계약 체결 과정에서 해외 배송료에 대한 고지 없이 제품을 구입하였거나, 계약 체결과정에서 부담하지 아니한 해외배송비를 청약철회 과정에서 특별히 요구하는 경우라면 소비자는 사업자에게 제품의 수입 과정에서 발생하는 비용에 대한 입증을 요구하거나 물품의 반송 관련 정보의 제공 등을 요구할 수 있으며, 사업자가 이를 입증하지 못할 경우 해당 비용 지급 요구를 거절할 수 있습니다."
347, 노트북컴퓨터, 가격·요금_적립금 환급,전자상거래로 노트북을 구입하고 제품 수령 다음날 단순 변심으로 반품을 신청하였으나 사업자는 결제금액을 적립금으로만 돌려주겠다고 주장합니다. 카드 취소는 안되나요?,"7일 이내 청약 철회 시 카드 취소를 요구할 수 있습니다.   「전자상거래 등에서의 소비자보호에 관한 법률」 제17조에 따르면 소비자는 상품을 공급 받은 날로부터 7일 이내에는 소비자의 귀책사유로 인한 상품의 멸실 또는 훼손된 경우 등을 제외하고는 단순변심으로 인한 청약철회를 할 수 있다고 규정하고 있습니다.이에 소비자가 제품을 수령한 날로부터 7일 이내 청약철회 의사표시를 명확히 하였다면 해당 쇼핑몰은 동법 제18조 제3항에 의거하여 신용카드사에게 대금 청구를 정지하거나 취소하도록 요청하여야 합니다.   다만, ‘결제대금 환급은 적립금으로만 가능하다’ 등의 안내는 청약철회 방해행위에 해당하기에 소비자가 사용한 결제수단에 따른 환급 이행을 해당 쇼핑몰에 요구할 수 있습니다."
348, 노트북컴퓨터, 가격·요금_환급금액 기준,구입한지 3년이 넘은 노트북이 고장났으나 수리가 불가능하여 제조사가 구입가의 50%를 환급해주겠다고 합니다. 그러나 영수증이 없어 구입가를 알 수 없다고 하니 제조사는 출고가격을 기준으로 더 적은 가격을 보상하겠다고 하는데 어떻게 대응해야 하나요?,"실거래가격을 기준으로 보상하되 실거래가격 입증이 어려운 경우 통상적인 가격을 기준으로 삼을 수 있습니다.   「소비자기본법」 시행령 별표1 “일반적 소비자분쟁해결기준”에 따르면 환급금액은 거래 시 교부된 영수증 등에 적힌 물품 등의 가격을 기준으로 합니다.다만, 영수증 등에 적힌 가격에 대하여 다툼이 있는 경우에는 다른 금액을 기준으로 하려는 자가 그 다른 금액이 실제 거래가격임을 입증하여야 하며, 영수증이 없는 등의 사유로 실제 거래가격을 입증할 수 없는 경우에는 그 지역에서 거래되는 통상적인 가격을 기준으로 해야 합니다."
349, 노트북컴퓨터, 품질_초기불량,"노트북을 구입하여 한 달도 되지 않았으나 고장이 나 작동하지 않는데, 교환이나 환불받을 수 있나요?","구매 후 10일 이내에 교환 또는 환급, 1개월 이내에 교환 또는 무상 수리를 요구할 수 있습니다.   공산품 관련 「소비자분쟁해결기준」은 품질보증기간 이내에 정상적인 사용상태에서 발생한 성능 기능상의 하자 발생 시 무상수리로 규정하고 있습니다. 또한 구입 시부터 중요한 수리를 요하는 성능·기능상의 하자가 발생한 기간을 기준으로 구분하고 있는데, 구입 후 10일 이내 하자가 발생한 경우 제품교환 또는 구입가 환급, 구입 후 1개월 이내 하자가 발생한 경우 제품교환 또는 무상수리로 규정하고 있습니다.다만 「소비자분쟁해결기준」은 소비자와 사업자 사이에 발생하는 분쟁을 원활하게 해결하기 위한 합의 또는 권고의 기준을 제시한 것으로 강제력을 가지지 못합니다. 사업자 약관이나 규정 등이 존재한다면 사업자 약관 또는 규정을 적용해야 하며 분쟁해결 방법에 관한 별도의 의사표시가 없는 때에는 「소비자분쟁해결기준」을 적용할 수 있습니다."
350, 노트북컴퓨터, 품질_품질보증기간,구입한 노트북 메인보드의 품질보증기간이 1년으로 표시되어 있어 너무 짧다는 생각이 듭니다. 이에 대한 시정조치를 요구할 수 있나요?,"품질 보증기간을 늘리는 것은 어려우나 무상 수리 등을 요구할 수 있습니다.   「소비자분쟁해결기준」 별표3 “품목별 품질보증기간 및 부품보유기간”에 따르면 노트북은 품질보증기간 1년(메인보드 2년), 부품보유기간 4년으로 규정하고 있습니다.「소비자기본법」 시행령 별표1 “일반적 소비자분쟁해결기준”에 따라 사업자가 정한 품질보증기간과 부품보유기간이 품목별 「소비자분쟁해결기준」에서 정한 기간보다 짧을 경우에는 품목별 「소비자분쟁해결기준」에서 정한 기간으로 보도록 하고 있습니다.   따라서, 소비자는 노트북 메인보드 품질보증기간을 1년에서 2년으로 늘리는 것에 대한 시정을 요구하기는 어려우나 품질보증기간을 2년으로 보고 무상수리 등을 요구할 수 있습니다.다만, 「소비자분쟁해결기준」은 소비자와 사업자 사이에 발생하는 분쟁을 원활하게 해결하기 위한 합의 또는 권고의 기준을 제시한 것으로 강제력을 가지지 못합니다. 사업자 약관이나 규정 등이 존재한다면 사업자 약관 또는 규정을 적용해야 하며 분쟁해결 방법에 관한 별도의 의사표시가 없는 때에는 「소비자분쟁해결기준」을 적용할 수 있습니다."
351, 노트북컴퓨터, 품질_교환받은 제품의 하자,교환받은 노트북이 한 달도 되지 않아 또다시 고장이나 작동하지 않습니다. 어떻게 대응해야 하나요?,구입가 환급을 요구할 수 있습니다.   공산품 관련 「소비자분쟁해결기준」은 교환된 제품이 1개월 이내에 중요한 수리를 요할 때 구입가 환급으로 규정하고 있습니다.다만 「소비자분쟁해결기준」은 소비자와 사업자 사이에 발생하는 분쟁을 원활하게 해결하기 위한 합의 또는 권고의 기준을 제시한 것으로 강제력을 가지지 못합니다. 사업자 약관이나 규정 등이 존재한다면 사업자 약관 또는 규정을 적용해야 하며 분쟁해결 방법에 관한 별도의 의사표시가 없는 때에는 「소비자분쟁해결기준」을 적용할 수 있습니다.
352, 노트북컴퓨터, 품질_배송 중 파손,전자상거래로 구입한 노트북이 배송 중 파손되었습니다. 판매자에게 배상을 요구하니 택배회사 측 과실이라며 택배업체에 배상을 요구하라고 하는데 누구에게 배상을 요구해야 하나요?,"판매자에게 정상적인 물품을 재배송 또는 구입가 환급을 요구할 수 있습니다.   판매자는 소비자와 구매계약을 체결하고, 판매자가 택배회사와 배송계약을 체결하였으므로 판매자는 소비자에게 정상적인 물품을 배송해야 하는 책임이 있으며 소비자에게 인도되기 전 배송과정에 대한 문제도 판매자가 관리해야 합니다.따라서 판매자는 소비자에게 정상적인 물품을 재배송 또는 구입가 환급을 해주어야 하며 택배회사의 과실이 인정되면 판매자가 택배회사에 따로 구상권을 행사하여야 합니다."
353, 노트북컴퓨터, 품질_택배비 부담,사용하던 제품을 수리하기 위해 판매자에게 연락하니 품질보증기간 이내에 해당하므로 무상수리 해주겠다고 합니다. 그러나 판매자가 수리를 위한 왕복 택배비를 요구하는데 택배비를 누가 물어야 하나요?,"소비자의 과실로 제품을 수리하는 경우가 아니라면 사업자가 부담해야 합니다.   공산품 관련 「소비자분쟁해결기준」에 의하면 품질보증기간 내 수리·교환·환급에 드는 비용은 사업자가 부담하나, 소비자의 취급 잘못이나 천재지변으로 고장이나 손상이 발생한 경우와 제조자 및 제조자가 지정한 수리점·설치점이 아닌 자가 수리·설치하여 물품 등이 변경되거나 손상된 경우에는 사업자가 비용을 부담하지 않는다고 규정하고 있습니다.또한 사업자의 귀책사유로 인한 소비자피해의 처리과정에서 발생되는 운반비용, 시험·검사비용 등의 경비는 사업자가 부담한다고 규정하고 있습니다.따라서 사용 중 소비자의 과실로 수리를 받는 경우라면 소비자가 부담해야 하고, 초기 하자 등 사업자의 과실로 수리를 받는 경우라면 사업자가 부담해야 합니다."
354, 노트북컴퓨터, 품질_리퍼제품의 품질보증기간,6개월 무상수리를 보증하는 판매자로부터 노트북 리퍼상품을 구입하였습니다. 구입 후 6개월이 지난 후 고장이 나 수리를 요구하였으나 판매자는 품질보증기간 경과를 이유로 무상 수리가 아닌 유상 수리를 해야한다고 합니다. 무상 수리를 받을 수 없나요?,"구매 후 1년 이내 무상 수리 등을 요구할 수 있습니다.    「소비자분쟁해결기준」 별표3 “품목별 품질보증기간 및 부품보유기간”에 따르면 노트북은 품질보증기간 1년(메인보드 2년), 부품보유기간 4년으로 규정하고 있으며, 리퍼제품 등 중고노트북도 「소비자기본법」 시행령 별표1 “일반적 소비자분쟁해결기준”에 따라 품질보증기간 1년(메인보드 2년), 부품보유기간 4년이 적용됩니다.사업자가 정한 품질보증기간과 부품보유기간이 품목별 「소비자분쟁해결기준」에서 정한 기간보다 짧을 경우에는 품목별 「소비자분쟁해결기준」에서 정한 기간으로 보도록 하고 있습니다.따라서, 소비자는 노트북 품질보증기간을 1년으로 보고 무상수리 등을 요구할 수 있습니다.다만, 「소비자분쟁해결기준」은 소비자와 사업자 사이에 발생하는 분쟁을 원활하게 해결하기 위한 합의 또는 권고의 기준을 제시한 것으로 강제력을 가지지 못합니다. 사업자 약관이나 규정 등이 존재한다면 사업자 약관 또는 규정을 적용해야 하며 분쟁해결 방법에 관한 별도의 의사표시가 없는 때에는 「소비자분쟁해결기준」을 적용할 수 있습니다."
355, 노트북컴퓨터, 품질_사은품의 하자로 인한 피해에 대한 보상,노트북을 구입하면서 사은품으로 받은 이어폰을 사용하던 중 귓구멍에 맞지 않아 외이도염이 발생하여 치료비가 발생했습니다. 판매자는 사은품으로 인한 피해 보상은 불가능하다고 주장하는데 보상을 요구할 수 있나요?,"사은품도 소비자피해에 대해 수리·교환·환급 또는 배상을 요구할 수 있습니다.   「소비자기본법」 시행령 별표1 “일반적 소비자분쟁해결기준”에 따르면 판매자가 물품등의 거래에 부수하여 제공하는 사은품·경품의 하자·채무불이행 등으로 인한 소비자피해에 대해 수리·교환·환급 또는 배상을 하거나, 계약의 해제·해지 및 이행 등을 하여야 한다고 규정하고 있습니다.따라서 소비자가 제품의 하자로 인해 외이도염이 발생했다는 상당인과관계를 입증한 경우에는 손해배상을 요구할 수 있습니다."
356, 노트북컴퓨터, 품질_수리만 가능,노트북을 구입한지 한 달도 되지 않아 고장나서 작동하지 않습니다. 새 제품으로 교환받고 싶은데 제조사는 규정상 수리만 가능하다고 주장하는데 새 제품으로 교환받을 수 있나요?,"관련 계약 내용이 없다면, 교환 또는 수리를 요구할 수 있습니다.   공산품 관련 「소비자분쟁해결기준」에 따르면 구입 시부터 중요한 수리를 요하는 성능·기능상의 하자가 발생한 기간을 기준으로 구분하고 있는데, 구입 후 10일 이내 하자가 발생한 경우 제품 교환 또는 구입가 환급, 구입 후 1개월 이내 하자가 발생한 경우 제품 교환 또는 무상수리로 규정하고 있습니다.동 규정에서 동일한 피해에 대한 분쟁해결기준을 두 가지 이상 정하고 있는 경우에는 소비자가 선택하는 분쟁해결기준에 따르도록 하고 있습니다. 따라서, 양 당사자 간에 교환 및 수리와 관련된 계약 내용이 없다면 교환 또는 수리를 요구할 수 있습니다.   다만, 「소비자분쟁해결기준」은 소비자와 사업자 사이에 발생하는 분쟁을 원활하게 해결하기 위한 합의 또는 권고의 기준을 제시한 것으로 강제력을 가지지 못합니다. 특히 해당 사안의 경우 제조사가 스스로 품질 보증을 위해 소비자들에게 약정한 내용이므로, 사업자의 해당 약관이나 품질보증 규정 등이 존재한다면 사업자 약관 또는 규정을 적용해야 하며 분쟁해결 방법에 관한 별도의 의사표시가 없는 때에는 「소비자분쟁해결기준」을 적용할 수 있습니다."
357, 노트북컴퓨터, 품질_수리 불가 시 환급 요구,노트북의 하자로 수리를 의뢰했으나 제조사 측에서 검토한 결과 자체 결함으로 인해 완벽히 수리가 되지 않는다고 합니다. 제조사에서는 다른 모델로 교환해준다고 하는데 구입가 환급을 요구할 수 있나요?,"다른 모델로의 교환을 원하지 않는다면, 구입가 환급을 요구할 수 있습니다.   「소비자기본법」 시행령 별표1 “일반적 소비자분쟁해결기준”에 따르면 교환은 같은 종류의 물품 등으로 하되, 같은 종류의 물품 등으로 교환하는 것이 불가능한 경우에는 같은 종류의 유사물품 등으로 교환할 것을 규정하고 있습니다. 그러나 같은 종류의 물품 등으로 교환하는 것이 불가능하고 소비자가 같은 종류의 유사물품 등으로 교환하는 것을 원하지 않을 경우에는 구입가 환급하도록 규정하고 있습니다.이때 환급금액은 거래 시 교부된 영수증 등에 적힌 물품 등의 가격을 기준으로 하는데, 영수증 등에 적힌 가격에 대하여 다툼이 있는 경우에는 다른 금액을 기준으로 하려는 자가 그 다른 금액이 실제 거래가격임을 입증하여야 하며, 영수증이 없는 등의 사유로 실제 거래가격을 입증할 수 없는 경우에는 그 지역에서 거래되는 통상적인 가격을 기준으로 해야 합니다.다만, 품질보증서는 제조사가 스스로 품질 보증을 위해 소비자들에게 약정한 내용이므로 품질보증서 규정 상 구입가 환급이 아닌 새 제품으로의 교환만 가능한 경우 구입가 환급이 어려울 수도 있습니다."
358, 노트북컴퓨터, 품질_동일 하자의 2차 수리,노트북을 사용하던 중 하자가 발생하여 1차 유상 수리를 의뢰했으나 한 달도 되지 않아 동일한 하자가 발생했습니다. 제조사는 2차 수리 역시 유상이라고 하는데 한 달도 되지 않아 다시 고장난 것이니 무상 수리를 요청할 수 있나요?,"무상 수리를 요구하고, 수리가 불가능할 경우 기존 수리비 환급을 요구할 수 있습니다.   「소비자기본법」 시행령 별표1 “일반적 소비자분쟁해결기준”에 따르면 물품등을 유상으로 수리한 경우 그 유상으로 수리한 날부터 2개월 이내에 소비자가 정상적으로 물품 등을 사용하는 과정에서 그 수리한 부분에 종전과 동일한 고장이 재발한 경우에는 무상으로 수리하되, 수리가 불가한 때에는 종전에 받은 수리비를 환급하여야 한다고 규정하고 있습니다."
359, 노트북컴퓨터, 품질_3차례 발생한 동일 하자,노트북을 사용하던 중 하자가 발생하여 2차례 수리를 받았으나 동일한 하자가 다시 발생했습니다. 제조사는 재수리 해주겠다고 하나 더 이상 해당 제품을 쓰고 싶지 않은데 환급받을 수 있나요?,제품 교환 또는 구입가 환급을 요구할 수 있습니다.   공산품 관련 「소비자분쟁해결기준」에 따르면 품질보증기간 이내에 동일하자에 대해 2회까지 수리하였으나 하자가 재발하는 경우 또는 여러 부위 하자에 대해 4회까지 수리하였으나 하자가 재발하는 경우는 수리 불가능한 것으로 보아 제품 교환 또는 구입가 환급으로 규정하고 있으므로 구입가 환급을 요구할 수 있습니다.다만 「소비자분쟁해결기준」은 소비자와 사업자 사이에 발생하는 분쟁을 원활하게 해결하기 위한 합의 또는 권고의 기준을 제시한 것으로 강제력을 가지지 못합니다. 사업자 약관이나 규정 등이 존재한다면 사업자 약관 또는 규정을 적용해야 하며 분쟁해결 방법에 관한 별도의 의사표시가 없는 때에는 「소비자분쟁해결기준」을 적용할 수 있습니다.
360, 노트북컴퓨터, 품질_서로 다른 하자 발생으로 인한 교환,"노트북을 사용하던 중 1년 내 키보드, 메모리, 액정 하자발생 및 OS세팅을 위해 AS센터를 4차례 방문하였으나 최근 또 고장이 발생했습니다. 다른 제품으로 교환을 요구했으나 제조사는 서로 다른 하자가 발생한 것으로 교환이 어렵다고 하는데 교환받을 수 있나요?","제품교환은 어려울 수 있으나, 수리를 요구할 수 있습니다.   공산품 관련 「소비자분쟁해결기준」에서는 품질보증기간 이내에 동일하자에 대해 2회까지 수리하였으나 하자가 재발하는 경우 또는 여러 부위 하자에 대해 4회까지 수리하였으나 하자가 재발하는 경우는 수리 불가능한 것으로 보아 제품 교환 또는 구입가 환급하도록 규정하고 있습니다.이때 품질보증기간은 제조자가 품질보증서에 표시한 기간으로 볼 수 있으나, 해당 기간이 「소비자분쟁해결기준」에서 정한 기한보다 짧은 경우에는 「소비자분쟁해결기준」에서 정한 기간을 적용해야 합니다.동일부위가 아닌 여러 부위의 수리는 4회가 기준이나 공산품 관련 「소비자분쟁해결기준」에서 말하는 수리횟수는 AS센터 방문횟수가 아닌 증상 확인 후 수리·교체한 횟수를 기준으로 하는 바, 윈도우 재설치와 같은 단순 OS 세팅은 수리로 보기는 어려워 교환이 아닌 수리를  요구할 수 있습니다."
361, 노트북컴퓨터, 품질_수리 도중 제품 분실로 인한 보상,"노트북이 고장나 사업자에게 수리를 의뢰했으나 사업자가 수리 도중 제품을 분실했다고 합니다. 사업자는 구입가의 50%를 돌려주겠다고 하는데, 어떻게 대응해야 하나요?","품질보증기간 이내에 교환 또는 환급을 요구할 수 있으며, 이후에는 정액감가상각한 금액에 10% 가산해 환급을 요구할 수 있습니다.   공산품 관련 「소비자분쟁해결기준」은 소비자가 수리 의뢰한 제품을 사업자가 분실한 경우 품질보증기간 이내면 제품 교환 또는 구입가 환급으로 규정하고 있고, 품질보증기간이 경과한 경우 정액감가상각한 금액에 10%를 가산하여 환급(최고한도 :구입가격)하도록 규정하고 있습니다.다만 「소비자분쟁해결기준」은 소비자와 사업자 사이에 발생하는 분쟁을 원활하게 해결하기 위한 합의 또는 권고의 기준을 제시한 것으로 강제력을 가지지 못합니다. 사업자 약관이나 규정 등이 존재한다면 사업자 약관 또는 규정을 적용해야 하며 분쟁해결 방법에 관한 별도의 의사표시가 없는 때에는 「소비자분쟁해결기준」을 적용할 수 있습니다."
362, 노트북컴퓨터, 부당행위_부품을 보유하고 있지 않아 수리 불가능,구입한지 3년 정도 된 노트북을 사용하던 중 바닥에 떨어뜨려 고장이 나 수리를 의뢰했습니다. 그러나 제조사는 해당 모델은 단종되었고 현재 부품을 보유하고 있지 않아 수리가 불가하다고 하는데 어떻게 대응해야 하나요?,"품질보증기간이내 유상수리에 해당하는 금액 징수 후 교환을 요구할 수 있고, 품질보증기간 이후에는 정액감가상각비를 공제한 금액에 구입가 10% 가산해 환급을 요구할 수 있습니다.   공산품 관련 「소비자분쟁해결기준」에 따르면 노트북은 품질보증기간 1년(메인보드 2년), 부품보유기간 4년으로 규정하고 있습니다. 이때 공산품 관련 「소비자분쟁해결기준」에서는 부품 의무보유기간 이내에 수리용 부품을 보유하고 있지 않아 발생한 피해에 대해서는 품질보증기간 이내인 경우 제품을 교환받거나 구입가 환급을 규정하고 있으며, 품질보증기간 이후에는 제품의 정액감가상각비를 공제한 잔여금액에 구입가의 10%를 가산하여 환급하도록 규정하고 있습니다.따라서, 품질보증기간이내 사용자 고의, 과실로 수리가 필요하나 수리부품이 없어 수리가 불가능한 경우 유상수리에 해당하는 금액 징수 후 제품 교환을 요구할 수 있습니다.다만 「소비자분쟁해결기준」은 소비자와 사업자 사이에 발생하는 분쟁을 원활하게 해결하기 위한 합의 또는 권고의 기준을 제시한 것으로 강제력을 가지지 못합니다. 사업자 약관이나 규정 등이 존재한다면 사업자 약관 또는 규정을 적용해야 하며 다만 분쟁해결 방법에 관한 별도의 의사표시가 없는 때에는 「소비자분쟁해결기준」을 적용할 수 있습니다."
363, 대형승용자동차, 계약해제.해지_보증기간이내_구입후 1개월이내_중대결함,그랜져 차량을 신차로 구입 후 2주만에 주행 중 제동장치(브레이크) 작동불량으로 부품교환을 받았으나 일주일만에 동일현상이 발생되었습니다. 차량 교환이 가능한가요?,"차량 교환 또는 필수제비용을 포함한 구입가환급을 요구할 수 있습니다.   공정거래위원회가 고시한 자동차 관련 「소비자분쟁해결기준」에 따르면 차량인도일로부터 1개월 이내에 주행 및 안전도 등과 관련한 중대한 결함이 2회 이상 발생하였을 경우 차량 교환 또는 필수제비용을 포함한 구입가 환급으로 명시되어 있습니다.   따라서 차량 구입 후 2주만에 제동장치(브레이크) 작동불량으로 수리를 받으신 상태에서 일주일만에 동일 현상이 발생된 경우라면 차량 교환또는 구입가 환급을 요구해 볼 수 있습니다.   다만, 중대결함이란 원동기(엔진) 및 동력전달장치, 제동장치, 조향장치, 기타 이에 준하는 주행 및 안전도와 관련된 결함을 말하며, 하자의 정도, 하자의 치유 가능성, 하자 수선의 용이성 등 여러 사정에 비추어 차량 교환 또는 구입가 환급이 제한될 수도 있습니다. "
364, 대형승용자동차, 계약해제.해지_보증기간이내_인도일로부터 12개월이내_하자,벤츠S클래스 차량을 신차로 구입 후 2개월만에 계기판 불량으로 3회 이상 부품 교환 받았으나 하자 개선되지 않아 해당 차량에 대한 구입가 환급을 요구하니 이를 거부합니다. 차량 교환이나 환급이 가능한가요?,"차량 교환 또는 필수제비용을 포함한 구입가환급을 요구할 수 있습니다.    공정거래위원회가 고시한 자동차 관련 「소비자분쟁해결기준」에 따르면 차량 인도일로부터 12개월 이내 동일하자에 대해 3회까지 수리하였으나 재발하였을 경우 차량교환 또는 필수제비용을 포함한 구입가 환급으로 명시되어 있습니다.   따라서 계기판 불량으로 3회 이상 부품교환 등의 수리를 받았으나 하자 개선되지 않은 경우라면 차량 교환 또는 필수제비용을 포함한 구입가환급을 요구할 수 있을 것으로 보입니다.   다만, 하자란 기계적 기능적 결함으로 인한 차량의 사용, 가치, 안전을 실질적으로 손상시키는 하자로서 외관 및 내장재 마감 등의 단순 하자가 아닌 수리가 필요한 하자를 말하며, 하자의 정도, 하자의 치유 가능성, 하자 수선의 용이성 등 여러 사정에 비추어 차량 교환 또는 구입가 환급이 제한될 수도 있습니다. "
365, 대형승용자동차, 계약해제.해지_보증기간이내_인도일로부터12개월이내_결함,8개월전 아우디A8 차량을 신차로 구입하여 주행 중 엔진경고등 점등되며 시동이 꺼지는 현상으로 2회 이상 부품교환 등의 수리를 받았으나 또다시 동일하자 발생되어 현재 견인 입고된 상태입니다. 이런 경우 차량 교환이나 구입가 환급이 가능한가요?,"차량 교환을 요구할 수 있습니다.   공정거래위원회가 고시한 자동차 관련 「소비자분쟁해결기준」에 따르면 차량 인도일로부터 12개월 이내 주행 및 안전도 등과 관련한 중대한 결함이 발생하여 동일 하자에 대해 2회까지 수리하였으나 재발하였을 경우 차량 교환 또는 필수제비용을 포함한 구입가 환급으로 명시되어 있습니다.    따라서 주행 중 엔진경고등 점등되며 시동이 꺼지는 현상으로 2회 이상 부품교환 등의 수리를 받았으나 하자 개선되지 않고 동일 하자가 발생된 경우라면 차량 교환을 요구하실 수 있을 것으로 보입니다.   다만, 중대결함이란 원동기(엔진) 및 동력전달장치, 제동장치, 조향장치, 기타 이에 준하는 주행 및 안전도와 관련된 결함을 말하며, 하자의 정도, 하자의 치유 가능성, 하자 수선의 용이성 등 여러 사정에 비추어 차량 교환 또는 구입가 환급이 제한될 수도 있습니다."
366, 대형승용자동차, 계약해제.해지_보증기간이내_인도일로부터12개월 이내_결함->피해구제 사례(한국소비자원 홈페이지) 인용//33번사례,"신차 구입 후 두차례　비정상적인 엔진오일 감소 증상으로 엔진결함이 의심되어 약 6개월 사이에 2회 수리(두번째 수리 시에는 엔진 교체)를 받았는데, 약 1개월 후 주행 중 엔진 과열로 경고등이 점등되고 실제 타는 냄새까지 확인한 상태로 차량 교환이 가능한가요?","차량 교환 또는 필수제비용을 포함한 구입가 환급을 요구할 수 있습니다.   공정거래위원회가 고시한 자동차 관련 「소비자분쟁해결기준」에 따르면 차량 인도일로부터 12개월 이내 주행 및 안전도 등과 관련한 중대한 결함이 발생하여 동일 하자에 대해 2회까지 수리하였으나 재발하였을 경우 차량 교환 또는 필수제비용을 포함한 구입가 환급으로 명시되어 있습니다.   따라서 엔진 등 중대결함으로 2회 이상 부품교환 등의 수리를 받았으나 하자가 재발하였을 경우 차량 교환 또는 필수제비용을 포함한 구입가 환급을 요구하실 수 있을 것으로 보입니다.   다만, 중대결함이란 원동기(엔진) 및 동력전달장치, 제동장치, 조향장치, 기타 이에 준하는 주행 및 안전도와 관련된 결함을 말하며, 하자의 정도, 하자의 치유 가능성, 하자 수선의 용이성 등 여러 사정에 비추어 차량 교환 또는 구입가 환급이 제한될 수도 있습니다."
367, 대형승용자동차, 계약해제.해지_구입가 환급 시 등록비용 환급 요구,"7개월전 K9차량을 구입하여 운행 중 변속 불량으로 6회 이상 입고하여 수리를 받았으나 하자 개선되지 않아 제조사로부터 구입가 환급을 약속받았습니다. 이 경우 차량 등록할 때 발생된 등록세, 취득세 등에 대해서도 환급받을 수 있나요?","사업자에게 환급요구가 가능하나, 할부부대비용, 공증료 등을 포함 차량 임의 장착비용은 제외됩니다.   공정거래위원회가 고시한 자동차 관련 「소비자분쟁해결기준」에 따르면 신차 구입 후 1년 이내에 중대한 결함으로 구입가 환급 결정이 내려진 경우 임의비용(종합보험료, 할부부대비용, 공증료 등)을 제외한 제비용(필수비용：등록세, 취득세, 교육세, 번호판대 등)은 사업자가 부담한다고 명시되어 있습니다.   따라서, 신차 구입 후 7개월만에 변속 불량 등 중대 결함으로 구입가 환급이 결정된 경우라면 필수비용(등록세, 취득세, 교육세, 번호판대 등)은 사업자측에 요구해 볼 수 있습니다.   다만, 할부부대비용, 공증료 등을 포함 차량 임의 장착비용은 제외됩니다."
368, 대형승용자동차, AS불만_보증기간이내＿하자＿수리 ,18개월전 포드 익스페디션 차량을 구입하여 운행중에 있습니다. 변속 시 “딱딱“거리는 이음이 발생되어 미션 교환을 받고자 하는데 보상기준이 어떻게 되나요? ,"부품교환을 요구할 수 있습니다.   공정거래위원회가 고시한 자동차 관련 「소비자분쟁해결기준」에 따르면 품질보증기간 이내 재질이나 제조상의 결함으로 고장 발생 시 일차적으로 부품교환을 원칙으로 하되 결함 잔존시 관련 기능장치 교환(원동기, 동력전달장치 등)으로 명시되어 있습니다.    따라서 구입 후 18개월만에 정상적인 사용상태에서 재질이나 제조상의 결함으로 하자 발생된 경우라면 상기 기준을 근거하여 부품교환(부품교환 후 결함 잔존 시 관련 기능장치 교환)을 요구해 볼 수 있습니다."
369, 대형승용자동차, AS불만_보증기간이내_12개월 이내_수리기간_수리지연,9개월전 출고된 카니발 차량을 운행 중 전기장치 불량으로 3회이상 입고하여 차량 점검 및 정비를 받았으며 이로 인해 약 3개월 이상 차량을 이용하지 못했습니다. 이에 대한 손해배상을 받을 수 있나요?,"차량 하자로 인한 수리기간이(실제 작업에 소요된 작업일수 기준) 누계 30일을 초과한 경우라면 차량교환을 요구할 수 있습니다.   공정거래위원회가 고시한 자동차 관련 「소비자분쟁해결기준」에 따르면 차량인도일로부터 12개월 이내 하자에 대한 수리기간이 누계30일(작업일수 기준)을 초과할 경우 차량교환 또는 필수제비용을 포함한 구입가 환급으로 명시되어 있습니다.    따라서 차량 인도일로부터 9개월만에 차량 하자로 인한 수리기간이(실제 작업에 소요된 작업일수 기준) 누계 30일을 초과한 경우라면 차량교환을 요구해 볼 수 있습니다.   참고로 수리 소요기간 계산은 아래와 같습니다.   ①수리기간은 실제 작업에 소요된 작업일수를 기준으로 함.   ②소비자가 서면으로 제조자, 판매자 또는 그 대리인에게 하자수리신청을 한 경우에만 누계일수에 포함(제조자, 판매자 및 그 대리인은 수리신청서를 비치 교부하여야 함)   ③당일로 수리가 될 때는 수리 소요기간을 1일로 계산하고 1일 이상 수리 기간이 소요될 때는 초일을 산입하여 수리 소요기간을 계산   다만, 공휴일 및 파업, 천재지변 등에 의해 수리가 불가능한 경우는 누계일수에서 제외됩니다."
370, 대형승용자동차, AS불만_부품미보유_보증기간이내_12개월이내_하자또는결함,신차 구입 후 11개월만에 차량 결함으로 하자 발생되어 제조사에 수리를 요구한 바 해당 차량이 단종되어 부품을 구할 수 없다는 이유로 수리가 불가능하다고 합니다. 이런 경우 차량 교환이 가능한가요?,"차량 교환을 요구할 수 있습니다.   공정거래위원회가 고시한 자동차 관련 「소비자분쟁해결기준」에 따르면 차량 인도일로부터 12개월 이내 정상적인 사용상태에서 하자 발생된 차량에 대해 제조사가 수리용 부품을 보유하지 않아(부품보유기간 이내) 수리가 불가능한 경우 필수제비용을 포함한 구입가 환급 또는 차량 교환으로 명시되어 있습니다.    따라서, 신차 구입 후 11개월만에 정상적인 사용상태에서 제조상의 결함으로 하자 발생된 상태에서 부품이 없어(단종 등) 수리 불가능한 경우라면 차량 교환을 요구해 볼 수 있습니다. 단, 성능 및 품질상 하자가 없는 범위 내에서 유사 부품 사용이 가능합니다."
371, 대형승용자동차, AS불만_부품미보유_보증기간이내_12개월초과_하자또는결함,"19개월전 알페온 차량을 구입하여 주행 중 변속충격 및 시동이 꺼지는 현상으로 2회 수리 받았으나 하자 개선되지 않고 동일현상 발생되었습니다. 제조사로부터 부품이 없어 수리가 불가하다는 연락을 받았는데, 이런 경우 보상기준이 어떻게 되나요?","필수제비용을 포함한 구입가에서 정액감가상각비를 공제한 금액에 10%를 가산하여 환급 또는 차량교환을 요구할 수 있습니다.   공정거래위원회가 고시한 자동차 관련 「소비자분쟁해결기준」에 따르면 품질보증기간 이내(차량 인도일로부터 12개월 초과) 정상적인 사용상태에서 하자 발생된 차량에 대해 제조사에서 수리용 부품을 보유하지 않아(부품보유기간이내) 수리가 불가능한 경우라면 필수제비용을 포함한 구입가에서 정액감가상각비를 공제한 금액에 10%를 가산하여 환급 또는 차량교환으로 명시되어 있습니다.    따라서, 차량 구입 후 19개월만에 변속충격 및 시동꺼짐으로 입고된 차량에 대해 부품이 없어 수리가 불가한 경우라면 필수제비용을 포함한 구입가에서 정액감가상각비를 공제한 금액에 10%를 가산하여 환급 또는 차량교환을 요구해 볼 수 있습니다..   이 경우 감가상각 후 보상액의 계산은 아래와 같습니다.(이 차량의 구입가는 5천만원, 취득세·등록세·교육세, 번호판 대금 등 필수비용 500만원 지출됨) ※ 보상액 = 구입가(필수비용 포함)×[{내용연수(8년, 월계산)-사용연수(월계산)}/내용연수(월계산)]×1.1              = (5,000만원+500만원)×[{96개월-19개월}/96개월]×1.1              = 5,500만원×(77개월/96개월)×1.1              = 5,500만원×(0.8021)×1.1 ≒ 4,852.7만원   "
372, 대형승용자동차, AS불만_부품 미보유_품질보증기간 경과 후,5년전 그랜져 차량을 구입하여 이용 중 제동 불량으로 제조사측에 유상수리를 요구하였으나 부품이 단종되었다는 이유로 수리 불가능하다고 합니다. 이런 경우 손해배상을 받을 수 있나요?,"필수제비용을 포함한 구입가에서 정액감가상각비를 공제한 금액에 10%를 가산하여 환급을 요구할 수 있습니다.   공정거래위원회가 고시한 자동차 관련 「소비자분쟁해결기준」에 따르면 품질보증기간 경과 후 하자 발생된 차량에 대해 부품보유기간 이내임에도 제조사에서 수리용 부품을 보유하지 않아 수리가 불가능한 경우라면 필수제비용을 포함한 구입가에서 정액감가상각비를 공제한 금액에 10%를 가산하여 환급하도록 명시되어 있습니다.    따라서, 품질 보증기간은 경과 되었으나 부품 보유기간 이내인 차량에 대해 부품이 없어 수리가 불가능한 경우라면 필수제비용을 포함한 구입가에서 정액감가상각비를 공제한 금액에 10%를 가산하여 환급을 요구해 볼 수 있습니다.   단, 성능 및 품질 상 하자가 없는 범위 내에서 유사 부품 사용이 가능합니다."
373, 대형승용자동차, AS불만_차량인도시 이미 하자,"신차 구입 후 인도받아보니 본넷 주위 유격이 심하고, 운전석 도어 흠집이 확인되었습니다. 이런 경우 보상을 받을 수 있나요?","경중에 따라 무상 수리, 차량 교환, 구입가 환급 또는 보상을 구할 수 있습니다.   공정거래위원회가 고시한 자동차 관련 「소비자분쟁해결기준」에 따르면 차량 인도 시 이미 하자가 있는 경우(탁송과정 중 발생한 차량하자 포함) 보상 또는 무상수리, 차량 교환, 구입가 환급으로 명시되어 있습니다.   따라서 차량 인도 당일 본넷 유격, 도어 흠집 등 불량이 확인된 경우라면 경중에 따라 무상 수리, 차량 교환, 구입가 환급 또는 보상을 요구해 볼 수 있습니다.(판금·도장 등 육안으로 식별 가능한 하자의 경우에는 차량 인수 후 7일 이내에 이의를 제기하여야 합니다.)   다만, 「민법」 제581조 제1항, 제2항, 제580조 제1항, 제575조 제1항의 각 규정에 의하면, 목적물에 하자가 있는 경우, 매수인은 그 하자로 인하여 계약의 목적을 달성할 수 없는 때에는 계약을 해제할 수 있고, 그 하자로 인하여 계약의 목적을 달할 수 없는 정도에 이르지 아니한 때에는 손해배상만을 청구할 수 있으며, 또한 이러한 계약의 해제 또는 손해배상의 청구 대신 하자 없는 물건을 청구할 수 있는 권리(완전물급부청구권)를 갖는다 할 것이나, 매매목적물의 하자가 경미하여 수선 등의 방법으로도 계약의 목적을 달성하는 데 별다른 지장이 없는 반면 매도인에게 하자 없는 물건의 급부의무를 지우면 다른 구제방법에 비하여 지나치게 큰 불이익이 매도인에게 발생되는 경우와 같이 하자담보의무의 이행이 오히려 공평의 원칙에 반하는 경우에는 위 완전물급부청구권의 행사가 제한될 수 있습니다(대법원 2014. 5. 16. 선고 2012다72582판결 등 참조).   따라서 앞선 판례 내용에 따라 하자의 정도, 하자 수선의 용이성, 하자의 치유 가능성 등 여러 사정에 비추어 신차 교환(완전물급부청구권 행사)이 제한되거나 대금 환급이 불가할 수도 있습니다."
374, 대형승용자동차, AS불만_자동차 옵션용품 하자_출고 시 장착된 옵션,"차량 구입 시 옵션 장착한 원격시동경보기 작동 불량으로 차량 제조사로 보상을 요구하였으나, 원격시동경보기 제조업체로 책임회피하며 보상을 거부합니다. 이런 경우 차량 제조사를 통해 보상받을 수 없나요?","품질보증기간 이내라면 무상수리, 구입가 환급 또는 교환을 품질보증기간 이후라면 유상수리 등의 보상을 요구할 수 있습니다.   공정거래위원회가 고시한 자동차 관련 「소비자분쟁해결기준」에 따르면 차량 출고 시 이미 장착된 옵션 용품의 경우 하자에 대한 보상 책임을 자동차회사로 규정하고 있습니다.   따라서 당해옵션용품인 원격시동경보기가 1)품질보증기간 이내라면 무상수리, 구입가 환급 또는 교환을 2)품질보증기간 이후라면 유상수리 등의 보상을 자동차회사로 요구해 볼 수 있습니다."
375, 대형승용자동차, AS불만_자동차 옵션용품 하자_차량 출고 후 장착된 옵션,"9개월전 출고된 차량을 지난달 중고로 구입하여 이용 중 차량에 장착된 블랙박스 및 하이패스 단말기 하자로 차량 제조사에 보상을 요구하였으나, 해당 제품은 차량 출고 후 사제로 장착된 옵션이라며 보상을 거부합니다. 이런 경우 누구에게 보상을 청구해야 하나요? ","용품제조업자 또는 판매자 측으로 보상을 요구할 수 있습니다.   공정거래위원회가 고시한 자동차 관련 「소비자분쟁해결기준」에 따르면 자동차옵션용품(ARS,원격시동경보기, 차량용내비게이션, 블랙박스, 하이패스 단말기 등)의 하자 보상책임자를 1)차량 출고 시 장착된 옵션 용품의 경우 자동차회사로 2)차량 출고 후 장착된 옵션 용품의 경우 용품 제조업자, 판매자, 장착사업자 중 책임있는 사업자로 규정하고 있습니다.   따라서 차량 출고 후 장착된 블랙박스 및 하이패스 단말기 하자에 대해서는 용품제조업자 또는 판매자 측으로 보상을 요구해 볼 수 있습니다."
376, 대형승용자동차, AS불만_배출가스,2017년식 모하비 경유 차량 운전자로 2022년 11월 주행 중 출력 저하로 주행이 불가하여 정비업체 입고하여 점검한 결과 배출가스 관련 부품인 정화용촉매로 확인되었습니다. 배출가스 관련 부품은 보증기간이 어떻게 되나요?,"배출가스 관련 부품인 정화용 촉매의 보증기간은 2년 또는 160,000km이며, 보증기간이 경과한 상태라면 무상수리를 요구하기는 어렵습니다.   「대기환경보전법」 제46조 제3항, 동법 시행규칙 제63조(별표18)에 의하면 자동차의 배출가스 자체의 보증기간과 배출가스 관련 부품의 보증기간에 대해 다르게 규정하고 있습니다.   이 규정에 따르면 대형승용차인 모하비 차량(경유)의 경우(2016년 1월 1일 이후 2023년 12월 31일까지 제작된 차량에 해당) 배출가스 보증기간은 6년(또는 300,000km)으로 규정되어 있는 반면(별표18 제8호), 배출가스 관련 모든 부품에 대한 보증기간은 2년(또는 160,000km)로 규정되어 있습니다.(별표18 제8호 비고 제8호)   보증기간의 만료는 기간 또는 주행거리 중 먼저 도달하는 것을 기준으로 적용됩니다.    따라서 현행 규정상 배출가스 관련 부품인 정화용 촉매의 보증기간(2년 또는 160,000km) 이 경과한 상태라면 무상수리를 요구하기는 어렵습니다.    이는 자동차 배출가스 관련 부품이 운행자의 다양한 운전조건(운전습관, 주행패턴, 노면상태 등)에 따라 영향을 받을 수 있어 별도로 정하고 있으며, 이 기간은 제작차배출허용기준 초과 여부와 무관하게 부품의 이상이 있을 시 무상수리를 받을 수 있는 기간입니다."
377, 대형승용자동차, AS불만_전기자동차_2022.12.28.일 이후 구입 차량,신청인은 2023.1월 벤츠 EQB300 전기자동차를 구입하여 이용 중 배터리 하자 발생 되었습니다. 보증기간이 어떻게 되나요?,"전기자동차의 고전원전기장치(배터리 등)에 대해서는 보증기간 3년(주행거리 6만km이내)을 주장해 볼 수 있습니다.   「자동차관리법 시행규칙」 제49조의3 및 자동차 관련 「소비자분쟁해결기준」에 따르면 전기자동차 및 수소자동차의 고전원전기장치(배터리 등)에 대한 보증기간을 3년(주행거리 6만km이내)으로 규정하고 있습니다.   따라서, 전기자동차의 고전원전기장치(배터리 등)에 대해서는 보증기간 3년(주행거리 6만km이내)을 주장해 볼 수 있습니다.    다만, 제작사가 위 법에서 정한 기준 이상으로 별도의 보증기간을 정하고 있는 경우에는 자체 기준이 우선합니다."
378, 대형승용자동차, 안전(제품/시설)_급발진,비포장도로에 서행 중 굉음과 함께 갑자기 빠른 속도로 급발진되어 순간 브레이크를 밟았으나 전혀 제동되지 않고 앞 차량과 부딪힐 것 같아 핸들을 돌려 가드레일과 충돌하는 사고가 발생되었습니다. 이에 급발진이 의심되어 차량 결함신고를 하고자 하는데 신고할 수 있는 기관이 없나요?,"자동차 제작업체에 사고 기록장치에 기록된 내용, 분석 결과보고서, 사고기록의 기록내용 등을 요구할 수 있으며, 국토교통부 산하 교통안전공단 자동차리콜센터의 도움을 받을 수 있습니다.   「자동차관리법」 제29조의3 제2항 및 동법 시행규칙 제30조의3에 따르면 자동차 제작·조립 또는 수입하는 자는 사고기록장치(EDR)가 장착된 자동차를 판매하는 경우   동법 제29조의3 제3항 및 동법 시행규칙 제30조의3 제2항에 해당하는 자(자동차 소유자, 자동차 소유자의 배우자·직계존속 또는 직계비속, 사고 자동차의 운전자, 사고 자동차의 운전자의 배우자·직계존속 또는 직계비속, 국토교통부장관, 성능시험대행자)의 요청이 있을 경우 해당 자동차의 사고 기록장치에 기록된 내용(또는 이 법 또는 관계 법령에 따라 사고기록장치 내용을 분석한 경우 그 결과보고서)을 제공하도록 되어 있습니다.   또한, 동법 시행규칙 제30조의3 제3항에 따르면 사고기록장치 기록내용의 제공을 요구받으면 그 날부터 15일 이내에 사고기록의 기록내용을 직접 교부하거나 우편으로 송달하여야 한다고 되어 있으니 이를 참고하시어 자동차 제작업체에 요구해 보시기 바랍니다.   더하여, 자동차 급발진 피해가 의심되는 경우라면 국토교통부 산하 교통안전공단 자동차리콜센터 (0http\://www.car.go.kr)을;1;0;0;http://www.car.go.kr)을HWPHYPERLINK_TYPE_URLHWPHYPERLINK_TARGET_BOOKMARKHWPHYPERLINK_JUMP_CURRENTTABhttp://www.car.go.kr)로  신고하시어 도움 받으시기 바랍니다."
379, 대형승용자동차, 안전(제품/시설)_리콜 신고 ,5년전 출고된 그랜져 차량 소유자로 현재 동일차종에 시동 꺼짐이 다발하고 있어 결함 신고를 하고자 합니다. 어떻게 해야 하나요? ,"자동차리콜센터에 제보가 가능합니다.   국토교통부장관은 「자동차관리법」 시행규칙 제44조 및 동법 제33조의4에 따른 자동차결함정보시스템을 이용하여 제작 결함 정보를 수집하고 있으며, 관리·분석기관인 자동차리콜센터(http://www.car.go.kr, 080-357-2500)로 제보하실 수 있으니 이점 참고하시어 도움받으시기 바랍니다."
380, 대형승용자동차, 안전(제품/시설)_리콜 대상 확인 ,본인 소유 차량이 리콜대상 차량인지 알 수 있나요?,"자동차리콜센터 혹은 국토교통부 누리집(홈페이지)에서 조회가 가능합니다.   국토교통부는 「자동차관리법 시행규칙」 제44조에 따라 자동차의 제작결함정보를 수집 · 분석하는 자동차리콜센터(http://www.car.go.kr, 080-357-2500)를 운영하고 있으며, 누리집(홈페이지)에서 차량번호 및 차대번호를 입력하면 언제든지 해당 차량의 리콜대상 여부와 구체적인 제작결함 사항을 확인할 수 있습니다."
381, 대형승용자동차, 안전(제품/시설)_리콜 소유자 자비 수리,시동불량으로 10개월전 유상 수리한 부분에 대해 리콜조치 되었으니 무상 교체 받으라는 통지문을 받았습니다. 이런 경우 수리비를 배상 받을 수 있나요?,"제작사에 수리한 비용에 대한 보상을 요구할 수 있습니다.   「자동차관리법」 제31조의2에 따르면 자동차제작자나 부품제작자는 결함 사실을 공개하기 전 1년이 되는 날과 결함조사를 시작한 날 중 빠른 날 이후에 그 결함을 시정한 자동차 소유자(자동차 소유자였던 자로서 소유 기간 중에 그 결함을 시정한 자를 포함한다) 및 결함 사실을 공개한 이후에 그 결함을 시정한 자동차 소유자에게 자체 시정한 비용을 보상하도록 규정하고 있습니다.   따라서 결함시정 전(10개월전)에 그 결함 내용을 자비로 수리한 경우, 제작사에 수리한 비용에 대한 보상을 요구해 볼 수 있습니다."
382, 대형승용자동차, 안전(제품/시설)_침수_전손처리 폐차,본인은 약 4년전 카니발 차량을 구입하여 운행 중 이번 폭우로 인해 차량이 침수되어 보험사를 통해 전손처리를 하였습니다. 보험사로부터 해 차량에 대해 폐차해야 한다고 들었는데 반드시 폐차해야 하나요?,"해당 차량에 대해 침수로 전손처리 결정된 경우, 30일 이내 자동차해체재활용업자에게 폐차를 요청하셔야 합니다.   「자동차관리법」 제26조의2 및 동법 시행규칙 제25조의2에 따르면 침수로 인한 전손처리 자동차의 소유자는 국토교통부령으로 정하는 기간 내에 해당 자동차를 자동차해체재활용업자에게 폐차 요청하여야 한다고 규정하고 있으며 이때 국토교통부령으로 정하는 기간은 해당 자동차가 침수로 인하여 전손(全損)처리 결정된 사실을 안 날부터 30일을 말합니다.   따라서 해당 차량에 대해 침수로 전손처리 결정된 경우, 30일 이내 자동차해체재활용업자에게 폐차를 요청하셔야 합니다."
383, 룸에어컨, 청약철회_단순변심,전자상거래로 에어컨을 구입하였으나 냉방이 잘 안 되는 것 같아 판매자에게 반품을 요구하였으나 판매자는 이를 거부합니다. 청약철회 가능한가요?,"에어컨의 성능에 문제가 있음을 객관적으로 입증하고, 에어컨을 사용함으로 인해 제품의 가치가 현저하게 하락했다는 점을 판매자가 입증하지 못하는 경우 청약철회를 요구할 수 있습니다.「전자상거래 등에서의 소비자보호에 관한 법률」(이하, ‘전자상거래법’) 제17조(청약철회 등) 제1항에 따르면 ‘소비자가 전자상거래로 물건을 구입하였을 경우 7일 이내에 청약철회 할 수 있다’고 규정하고 있습니다.다만, ‘전자상거래법’ 제17조(청약철회 등) 제2항에 따르면 ‘내용물을 확인하기 위하여 포장 등을 단순 훼손한 경우에는 청약철회가 가능하나 물건을 개봉하여 일부 소비하거나 제품이 훼손되어 다시 판매하기 어려울 정도로 재화의 가치가 현저히 낮아진 경우에는 청약철회가 불가능’하다고 규정하고 있습니다.   따라서 에어컨의 냉방성능이 기대보다 낮더라도 냉방기능이 작동되고 있고, 설치하여 사용한 상태라면 냉방성능을 이유로 청약철회를 요구하기는 어렵습니다."
384, 룸에어컨, 청약철회_배송 지연,전자상거래로 에어컨을 구입한 후 몇 주가 지나도 배송이 되지 않아 청약철회를 요구하였으나 판매자는 현재 배송 중이라며 이를 거부합니다. 청약철회 가능한가요?,"사업자가 물품의 배송이 어려울 경우 소비자에게 이를 고지하지 않고 배송중이라는 사유로 청약철회를 거부한다면 소비자는 사업자에게 환급을 요구할 수 있다고 판단됩니다.「전자상거래 등에서의 소비자보호에 관한 법률」 제15조(재화 등의 공급 등)에 따르면 ‘사업자는 소비자가 청약을 한 날부터 7일 이내에 재화 등의 공급에 필요한 조치를 하여야 하고, 소비자가 재화 등의 대금을 전부 또는 일부를 지급한 날부터 3영업일 이내에 재화 등의 공급에 필요한 조치를 하여야 한다’고 규정하고 있습니다.또한, ‘청약을 받은 재화 등급 공급하기 곤란하다는 것을 알았을 때에는 지체없이 그 사유를 소비자에게 알려야 하고, 소비자가 그 대금의 전부 또는 일부를 지급한 날부터 3영업일 이내에 환급하거나 환급에 필요한 조치를 해야한다’고 규정하고 있습니다.   ※ 통신판매업자에 대한 청약철회 의사표시 방법은 법률상 특별한 제한이 없으므로 전화, 서면, 전자문서 모두 가능합니다. 다만, 전화로 의사표시를 한 경우 간혹 판매자가 청약철회 요구를 받은 사실이 없다고 주장하는 경우가 있으므로, 쇼핑몰 게시판에 청약철회 의사를 표시하고 그 화면을 캡처하여 보관하거나 서면으로 발송하는 것이 좋습니다. 서면으로 발송한 경우에는 발송한 날에 그 효력이 발생합니다. 또한, 사업자에게 청약철회를 요청하였는데도 특별한 사유 없이 이를 거부할 경우, 「전자상거래 등에서의 소비자보호에 관한 법률」 제18조에 따라 신용카드로 대금을 결제하였다면 신용카드사에 처리를 요구할 수 있으니 참고하시기 바랍니다."
385, 룸에어컨, 청약철회_제품 훼손을 이유로 청약철회 거부,"청약철회 의사를 밝히고 수령한 제품을 그대로 반송하였으나, 판매자는 반송된 제품이 이미 설치되었고 제품을 사용했다며 청약철회가 불가하다고 주장하는데 청약철회 가능한가요?","판매자가 자신이 발송한 제품에 하자가 존재하지 않는다는 점을 입증하지 못하는 경우 청약철회를 요구할 수 있습니다.「전자상거래 등에서의 소비자보호에 관한 법률」 제17조(청약철회등) 제2항에 따르면 ‘소비자의 책임 있는 사유로 재화 등이 멸실되거나 훼손된 경우, 소비자의 사용 또는 일부 소비로 인해 재화 등의 가치가 현저히 감소한 경우, 복제가 가능한 재화 등의 포장을 훼손한 경우는 청약철회를 할 수 없다’고 규정하고 있습니다.따라서, 재화 등의 훼손에 대한 소비자의 책임 여부에 대하여 다툼이 있는 경우에는 사업자가 이를 입증해야 하므로, 사업자가 자신이 발송한 제품에 하자가 존재하지 않는다는 점에 대한 입증을 하지 못하는 경우 청약철회를 요구할 수 있다고 판단됩니다.   ※ 통신판매업자에 대한 청약철회 의사표시 방법은 법률상 특별한 제한이 없으므로 전화, 서면, 전자문서 모두 가능합니다. 다만, 전화로 의사표시를 한 경우 간혹 판매자가 청약철회 요구를 받은 사실이 없다고 주장하는 경우가 있으므로, 쇼핑몰 게시판에 청약철회 의사를 표시하고 그 화면을 캡처하여 보관하거나 서면으로 발송하는 것이 좋습니다. 서면으로 발송한 경우에는 발송한 날에 그 효력이 발생합니다. 또한, 사업자에게 청약철회를 요청하였는데도 특별한 사유 없이 이를 거부할 경우, 「전자상거래 등에서의 소비자보호에 관한 법률」 제18조에 따라 신용카드로 대금을 결제하였다면 신용카드사에 처리를 요구할 수 있으니 참고하시기 바랍니다."
386, 룸에어컨, 청약철회_설명과 다른 제품,전자상거래로 에어컨을 구입하고 7일이 경과한 후 전원을 켰는데 주문한 것과 다른 모델의 제품이 도착한 것을 알게 되었습니다. 이에 판매자에게 반품을 요구하였으나 청약철회 기간인 7일이 지났다면서 이를 거부합니다. 청약철회 가능한가요?,"표시·광고 내용과 다른 제품을 수령한 경우 소비자는 사업자에게 30일 이내에 청약철회를 요구할 수 있습니다.「전자상거래 등에서의 소비자보호에 관한 법률」 제17조(청약철회등)에 따르면 재화 등을 공급받거나 재화 등의 공급이 시작된 날부터 7일 이내에 청약철회를 할 수 있다고 규정하고 있습니다. 다만, 재화 등의 내용이 표시·광고의 내용과 다르거나 계약 내용과 다르게 이행된 경우 그 재화 등을 공급받은 날부터 3개월 이내, 그 사실을 안 날 또는 알 수 있었던 날부터 30일 이내에 청약철회 권리를 행사할 수 있다고 규정하고 있습니다."
387, 룸에어컨, 계약불이행_미환급,전자상거래로 에어컨을 주문하고 대금을 신용카드로 결제하였습니다. 제품을 설치하기 전 마음이 바뀌어 청약철회를 요청했음에도 환급이 되지 않고 있습니다. 환급받을 방법이 있나요?,판매자에게 청약철회를 요청했음에도 결제취소가 되지 않고 있다면 신용카드사에 재화 등의 대금 청구를 정지하거나 취소하도록 요청할 수 있습니다.「전자상거래 등에서의 소비자보호에 관한 법률」 제18조(청약철회등의 효과) 제3항에 따르면 신용카드로 재화 등의 대금을 지급한 경우에는 지체 없이 신용카드사에게 재화 등의 대금 청구를 정지하거나 취소하도록 요청하여야 한다‘고 규정하고 있습니다.
388, 룸에어컨, 가격·요금_차액 보상,타 매장에서 같은 상품을 더 싸게 파는 것을 알게 됐습니다. 같은 상품에 대해 판매가격이 다른 경우 차액만큼 보상이 가능한가요?,"타 매장과 비교하여 가격의 차이가 있다는 이유로 차액만큼 보상을 요구하기는 어렵습니다.우리나라는 자유시장 경제질서를 기본으로 1999년 9월부터 ‘판매가격표시제’를 실시하여 제조업자의 표시가격에 구애받지 않고 최종 판매업자가 판매가격을 자율적으로 결정하여 표시한 후 판매하고 있으며 흔히 오픈 프라이스 제도라고 합니다.정부가 관리하는 전기요금, 난방요금 또는 대중교통 요금 등을 제외하고, 일반적으로 가격은 계약 당시 양 당사자(소비자와 판매자)의 거래 합의에 의한 계약조건이므로 타 매장과의 가격 차이를 이유로 계약해제나 피해보상을 요구하기 어렵습니다.따라서, 타 매장과 비교하여 차이가 있다고 하더라도 부당행위로 보기 어려워 차액만큼 보상을 요구하기 어렵다고 판단됩니다."
389, 룸에어컨, 가격·요금_환급금액 기준,구입한지 3년이 넘은 에어컨이 고장났으나 수리가 불가능하여 제조사가 구입가의 50%를 환급해주겠다고 합니다. 그러나 영수증이 없어 구입가를 알 수 없다고 하니 제조사는 출고가격을 기준으로 더 적은 가격을 보상하겠다고 하는데 어떻게 대응해야 하나요?,"실거래가격을 기준으로 보상하되 실거래가격 입증이 어려운 경우 통상적인 가격을 기준으로 삼을 수 있습니다.   「소비자기본법」 시행령 별표1 “일반적 소비자분쟁해결기준”에 따르면 환급금액은 거래 시 교부된 영수증 등에 적힌 물품 등의 가격을 기준으로 합니다.다만, 영수증 등에 적힌 가격에 대하여 다툼이 있는 경우에는 다른 금액을 기준으로 하려는 자가 그 다른 금액이 실제 거래가격임을 입증하여야 하며, 영수증이 없는 등의 사유로 실제 거래가격을 입증할 수 없는 경우에는 그 지역에서 거래되는 통상적인 가격을 기준으로 해야 합니다."
390, 룸에어컨, 가격·요금_설치비 추가 요구,전자상거래로 에어컨을 구입하고 반품을 요구하였으나 사전에 고지된 반품 배송비 이외에 ‘설치비’ 명목으로 추가 대금 지급을 요구합니다. 제가 비용을 지급해야 하나요?,"반품·배송비 이외에 추가 대금 지급은 거부할 수 있습니다.   「전자상거래 등에서의 소비자보호에 관한 법률」 제18조 제9항에 따르면 단순변심 등에 의한 청약철회의 경우 공급받은 재화 등의 반환에 필요한 비용은 소비자가 부담하며, 통신판매업자는 소비자에게 청약철회 등을 이유로 위약금이나 손해배상을 청구할 수 없다고 규정하고 있습니다.따라서 단순변심에 의한 청약철회일 경우 사업자는 소비자에게 청약철회를 이유로 위약금이나 손해배상을 청구할 수 없으므로 미리 고지한 반품 배송비 이외에 다른 명목의 위약금을 추가 청구하는 것은 인정되기 어렵습니다."
391, 룸에어컨, 청약철회_설명과 다른 제품,전자상거래로 에어컨을 구입하고 설치하는 과정에서 구조상 에어컨 받침대 설치가 필수라며 추가 요금을 내지 않으면 설치가 불가하다고 합니다. 이에 판매자에게 설명과 다름을 이유로 반품을 요구하였으나 출장비를 요구하는데 제가 내야 하나요?,"표시·광고 내용과 다른 제품을 수령한 경우 30일 이내에 청약철회를 요구할 수 있습니다.   일반적으로 「전자상거래 등에서의 소비자보호에 관한 법률」 제17조에 따르면 재화 등을 공급받거나 재화 등의 공급이 시작된 날부터 7일 이내에 청약철회를 할 수 있습니다. 다만, 재화 등의 내용이 표시·광고의 내용과 다르거나 계약내용과 다르게 이행된 경우에는 그 재화 등을 공급받은 날부터 3개월 이내, 그 사실을 안 날 또는 알 수 있었던 날부터 30일 이내에 청약철회 권리를 행사할 수 있다고 규정하고 있습니다."
392, 룸에어컨, 품질_초기불량,"에어컨을 구입하여 한 달도 되지 않았으나 고장이 나 작동하지 않는데, 교환이나 환불받을 수 있나요?","구매 후 10일 이내에 교환 또는 환급, 1개월 이내에 교환 또는 무상 수리를 요구할 수 있습니다.   공산품 관련 「소비자분쟁해결기준」은 품질보증기간 이내에 정상적인 사용상태에서 발생한 성능 기능상의 하자 발생 시 무상수리로 규정하고 있습니다. 또한 구입 시부터 중요한 수리를 요하는 성능·기능상의 하자가 발생한 기간을 기준으로 구분하고 있는데, 구입 후 10일 이내 하자가 발생한 경우 제품교환 또는 구입가 환급, 구입 후 1개월 이내 하자가 발생한 경우 제품교환 또는 무상수리로 규정하고 있습니다.다만 「소비자분쟁해결기준」은 소비자와 사업자 사이에 발생하는 분쟁을 원활하게 해결하기 위한 합의 또는 권고의 기준을 제시한 것으로 강제력을 가지지 못합니다. 사업자 약관이나 규정 등이 존재한다면 사업자 약관 또는 규정을 적용해야 하며 분쟁해결 방법에 관한 별도의 의사표시가 없는 때에는 「소비자분쟁해결기준」을 적용할 수 있습니다."
393, 룸에어컨, 품질_품질보증기간,구입한 에어컨의 품질보증기간이 1년으로 표시되어 있어 너무 짧다는 생각이 듭니다. 이에 대한 시정조치를 요구할 수 있나요?,"품질 보증기간을 늘리는 것은 어려우나 무상 수리 등을 요구할 수 있습니다.   「소비자분쟁해결기준」 별표3 “품목별 품질보증기간 및 부품보유기간”에 따르면 에어컨은 품질보증기간 2년, 부품보유기간 8년으로 규정하고 있습니다.「소비자기본법」 시행령 별표1 “일반적 소비자분쟁해결기준”에 따라 사업자가 정한 품질보증기간과 부품보유기간이 품목별 「소비자분쟁해결기준」에서 정한 기간보다 짧을 경우에는 품목별 「소비자분쟁해결기준」에서 정한 기간으로 보도록 하고 있습니다.   따라서, 소비자는 에어컨 품질보증기간을 1년에서 2년으로 늘리는 것에 대한 시정조치를 요구하기는 어려우나 품질보증기간을 2년으로 보고 무상수리 등을 요구할 수 있습니다.   다만, 「소비자분쟁해결기준」은 소비자와 사업자 사이에 발생하는 분쟁을 원활하게 해결하기 위한 합의 또는 권고의 기준을 제시한 것으로 강제력을 가지지 못합니다. 사업자 약관이나 규정 등이 존재한다면 사업자 약관 또는 규정을 적용해야 하며 분쟁해결 방법에 관한 별도의 의사표시가 없는 때에는 「소비자분쟁해결기준」을 적용할 수 있습니다."
394, 룸에어컨, 품질_교환받은 제품의 하자,교환받은 에어컨이 한 달도 되지 않아 또다시 고장이나 작동하지 않습니다. 어떻게 대응해야 하나요?,구입가 환급을 요구할 수 있습니다.   공산품 관련 「소비자분쟁해결기준」은 교환된 제품이 1개월 이내에 중요한 수리를 요할 때 구입가 환급으로 규정하고 있습니다.다만 「소비자분쟁해결기준」은 소비자와 사업자 사이에 발생하는 분쟁을 원활하게 해결하기 위한 합의 또는 권고의 기준을 제시한 것으로 강제력을 가지지 못합니다. 사업자 약관이나 규정 등이 존재한다면 사업자 약관 또는 규정을 적용해야 하며 분쟁해결 방법에 관한 별도의 의사표시가 없는 때에는 「소비자분쟁해결기준」을 적용할 수 있습니다.
395, 룸에어컨, 품질_과도한 소음,2개월 전 에어컨을 구입하여 사용 중이나 소음이 과도하게 발생하고 있음에도 제조사에서 조치를 취하지 않고 있습니다. 어떻게 대응해야 하나요?,"제조사에 수리 및 원인조사를 의뢰하고 초기 불량으로 판단된다면 무상수리를 요구하고, 수리 불가능 시 제품교환 또는 구입가 환급을 요구할 수 있습니다.   소음은 개인에 따라 받아들이는 정도가 다르고 생활환경 등에 따라 차이가 발생하므로 소음이 크다는 것만으로는 하자로 인정되기는 어렵습니다.제조사에 수리 및 원인조사를 의뢰하고 초기 불량으로 판단된다면 무상수리를 요구하고, 수리 불가능 시 제품교환 또는 구입가 환급 등을 요구하여야 할 것으로 보입니다."
396, 룸에어컨, 품질_배송 중 파손,전자상거래로 구입한 에어컨이 배송 중 파손되었습니다. 판매자에게 배상을 요구하니 택배회사 측 과실이라며 택배업체에 배상을 요구하라고 하는데 누구에게 배상을 요구해야 하나요?,"판매자에게 정상적인 물품을 재배송 또는 구입가 환급을 요구할 수 있습니다.   판매자는 소비자와 구매계약을 체결하고, 판매자가 택배회사와 배송계약을 체결하였으므로 판매자는 소비자에게 정상적인 물품을 배송해야 하는 책임이 있으며 소비자에게 인도되기 전 배송과정에 대한 문제도 판매자가 관리해야 합니다.따라서 판매자는 소비자에게 정상적인 물품을 재배송 또는 구입가 환급을 해주어야 하며 택배회사의 과실이 인정되면 판매자가 택배회사에 따로 구상권을 행사하여야 합니다."
397, 룸에어컨, 품질_리퍼 제품의 품질보증기간,6개월 무상수리를 보증하는 판매자로부터 에어컨 리퍼상품을 구입하였습니다. 구입 후 6개월이 지난 후 고장이 나 수리를 요구하였으나 판매자는 품질보증기간 경과를 이유로 무상 수리가 아닌 유상 수리를 해야한다고 하는데 무상 수리 가능한가요?,"2년 이내 고장이 난 경우 사업자에게 무상수리를 요구할 수 있습니다.    「소비자분쟁해결기준」 별표3 “품목별 품질보증기간 및 부품보유기간”에 따르면 에어컨은 품질보증기간 2년, 부품보유기간 8년으로 규정하고 있으며, 리퍼제품 등 중고에어컨도 「소비자기본법」 시행령 별표1 “일반적 소비자분쟁해결기준”에 따라 품질보증기간 2년, 부품보유기간 8년이 적용됩니다. 사업자가 정한 품질보증기간과 부품보유기간이 품목별 「소비자분쟁해결기준」에서 정한 기간보다 짧을 경우에는 품목별 「소비자분쟁해결기준」에서 정한 기간으로 보도록 하고 있습니다.   따라서, 소비자는 에어컨 품질보증기간을 2년으로 보고 무상수리 등을 요구할 수 있습니다.다만, 「소비자분쟁해결기준」은 소비자와 사업자 사이에 발생하는 분쟁을 원활하게 해결하기 위한 합의 또는 권고의 기준을 제시한 것으로 강제력을 가지지 못합니다. 사업자 약관이나 규정 등이 존재한다면 사업자 약관 또는 규정을 적용해야 하며 분쟁해결 방법에 관한 별도의 의사표시가 없는 때에는 「소비자분쟁해결기준」을 적용할 수 있습니다."
398, 룸에어컨, 품질_사은품의 하자로 인한 피해에 대한 보상,에어컨을 구입하면서 사은품으로 받은 전기매트를 사용하던 중 의자가 그을려 교체 비용이 발생했습니다. 판매자는 사은품으로 인한 피해 보상은 불가능하다고 주장합니다. 사은품이면 피해가 발생해도 보상을 받을 수 없는 건가요?,"사은품도 소비자피해에 대해 수리·교환·환급 또는 배상을 요구할 수 있습니다.   「소비자기본법」 시행령 별표1 “일반적 소비자분쟁해결기준”에 따르면 판매자가 물품등의 거래에 부수하여 제공하는 사은품·경품의 하자·채무불이행 등으로 인한 소비자피해에 대해 수리·교환·환급 또는 배상을 하거나, 계약의 해제·해지 및 이행 등을 하여야 한다고 규정하고 있습니다.따라서 이를 근거로 소비자가 제품의 하자와 손해 발생 사실 사이의 상당인과관계를 입증한 경우에는 손해배상을 요구할 수 있습니다."
399, 룸에어컨, 품질_수리만 가능,에어컨을 구입한 지 한 달도 되지 않아 고장나서 작동하지 않습니다. 초기불량으로 새 제품으로 교환하고 싶은데 제조사는 규정상 수리만 가능하다고 주장합니다. 수리 말고 새 제품으로 교환받을 수 있나요?,"관련 계약 내용이 없다면, 교환 또는 수리를 요구할 수 있습니다.   공산품 관련 「소비자분쟁해결기준」에 따르면 구입 시부터 중요한 수리를 요하는 성능·기능상의 하자가 발생한 기간을 기준으로 구분하고 있는데, 구입 후 10일 이내 하자가 발생한 경우 제품교환 또는 구입가 환급, 구입 후 1개월 이내 하자가 발생한 경우 제품교환 또는 무상수리로 규정하고 있습니다.동 규정에서 동일한 피해에 대한 분쟁해결기준을 두 가지 이상 정하고 있는 경우에는 소비자가 선택하는 분쟁해결기준에 따르도록 하고 있습니다.   다만, 「소비자분쟁해결기준」은 소비자와 사업자 사이에 발생하는 분쟁을 원활하게 해결하기 위한 합의 또는 권고의 기준을 제시한 것으로 강제력을 가지지 못합니다. 특히 해당 사안의 경우 제조사가 스스로 품질 보증을 위해 소비자들에게 약정한 내용이므로, 사업자의 해당 약관이나 품질보증 규정 등이 존재한다면 사업자 약관 또는 규정을 적용해야 하며 분쟁해결 방법에 관한 별도의 의사표시가 없는 때에는 「소비자분쟁해결기준」을 적용할 수 있습니다."
400, 룸에어컨, 품질_수리 불가 시 환급 요구,에어컨의 하자로 수리를 의뢰했으나 제조사 측에서 검토한 결과 자체 결함으로 인해 완벽히 수리가 되지 않는다고 합니다. 제조사에서는 다른 모델로 교환해준다고 하는데 구입가 환급받을 수 있나요?,"다른 모델로의 교환을 원하지 않는다면, 구입가 환급을 요구할 수 있습니다.   「소비자기본법」 시행령 별표1 “일반적 소비자분쟁해결기준”에 따르면 교환은 같은 종류의 물품 등으로 하되, 같은 종류의 물품 등으로 교환하는 것이 불가능한 경우에는 같은 종류의 유사물품 등으로 교환할 것을 규정하고 있습니다. 그러나 같은 종류의 물품 등으로 교환하는 것이 불가능하고 소비자가 같은 종류의 유사물품 등으로 교환하는 것을 원하지 않을 경우에는 구입가 환급하도록 규정하고 있습니다.   이때 환급금액은 거래 시 교부된 영수증 등에 적힌 물품 등의 가격을 기준으로 하는데, 영수증 등에 적힌 가격에 대하여 다툼이 있는 경우에는 다른 금액을 기준으로 하려는 자가 그 다른 금액이 실제 거래가격임을 입증하여야 하며, 영수증이 없는 등의 사유로 실제 거래가격을 입증할 수 없는 경우에는 그 지역에서 거래되는 통상적인 가격을 기준으로 해야 합니다.다만, 품질보증서는 제조사가 스스로 품질 보증을 위해 소비자들에게 약정한 내용이므로 품질보증서 규정 상 구입가 환급이 아닌 새 제품으로의 교환만 가능한 경우 구입가 환급이 어려울 수도 있습니다."
401, 룸에어컨, 품질_동일 하자의 2차 수리,에어컨을 사용하던 중 하자가 발생하여 1차 유상 수리를 의뢰했으나 한 달도 되지 않아 동일한 하자가 발생했습니다. 제조사는 2차 수리 역시 유상이라고 안내하고 있는데 수리를 받아도 다시 고장난 것이니 무상 수리를 요청할 수 있나요?,"무상 수리를 요구하고, 수리가 불가능할 경우 기존 수리비 환급을 요구할 수 있습니다.   「소비자기본법」 시행령 별표1 “일반적 소비자분쟁해결기준”에 따르면 물품등을 유상으로 수리한 경우 그 유상으로 수리한 날부터 2개월 이내에 소비자가 정상적으로 물품 등을 사용하는 과정에서 그 수리한 부분에 종전과 동일한 고장이 재발한 경우에는 무상으로 수리하되, 수리가 불가한 때에는 종전에 받은 수리비를 환급하여야 한다고 규정하고 있습니다."
402, 룸에어컨, 품질_3차례 발생한 동일 하자,에어컨을 사용하던 중 하자가 발생하여 2차례 수리를 받았으나 동일한 하자가 다시 발생했습니다. 제조사는 재수리 해주겠다고 하나 더 이상 해당 제품을 쓰고 싶지 않은데 환급받을 수 있나요?,제품 교환 또는 구입가 환급을 요구할 수 있습니다.   공산품 관련 「소비자분쟁해결기준」에 따르면 품질보증기간 이내에 동일하자에 대해 2회까지 수리하였으나 하자가 재발하는 경우 또는 여러 부위 하자에 대해 4회까지 수리하였으나 하자가 재발하는 경우는 수리 불가능한 것으로 보아 제품 교환 또는 구입가 환급으로 규정하고 있으므로 구입가 환급을 요구할 수 있습니다.다만 「소비자분쟁해결기준」은 소비자와 사업자 사이에 발생하는 분쟁을 원활하게 해결하기 위한 합의 또는 권고의 기준을 제시한 것으로 강제력을 가지지 못합니다. 사업자 약관이나 규정 등이 존재한다면 사업자 약관 또는 규정을 적용해야 하며 분쟁해결 방법에 관한 별도의 의사표시가 없는 때에는 「소비자분쟁해결기준」을 적용할 수 있습니다.
403, 룸에어컨, 품질_서로 다른 하자 발생으로 인한 교환,에어컨을 사용하던 중 1년 내 AS센터를 3차례 방문하였으나 최근 또 고장이 났습니다. 이에 제조사에 다른 제품으로 교환을 요구했으나 제조사는 서로 다른 하자가 발생한 것으로 교환이 어렵다고 하는데 새 제품 교환받을 수 있을까요?,"제품교환은 어려울 수 있으나, 수리를 요구할 수 있습니다.   공산품 관련 「소비자분쟁해결기준」에서는 품질보증기간 이내에 동일하자에 대해 2회까지 수리하였으나 하자가 재발하는 경우 또는 여러 부위 하자에 대해 4회까지 수리하였으나 하자가 재발하는 경우는 수리 불가능한 것으로 보아 제품 교환 또는 구입가 환급하도록 규정하고 있습니다.품질보증기간은 제조자가 품질보증서에 표시한 기간으로 볼 수 있으나, 해당 기간이 「소비자분쟁해결기준」에서 정한 기한보다 짧은 경우에는 「소비자분쟁해결기준」에서 정한 기간을 적용해야 합니다.동일부위가 아닌 여러 부위의 수리는 4회가 기준이나 공산품 관련 「소비자분쟁해결기준」에서 말하는 수리횟수는 AS센터 방문횟수가 아닌 증상 확인 후 수리·교체한 횟수를 기준으로 하는 바, 윈도우 재설치와 같은 단순 OS 세팅은 수리로 보기는 어려워 교환이 아닌 수리를  요구할 수 있습니다."
404, 룸에어컨, 품질_설치 도중 제품 파손,"설치기사가 에어컨을 설치하던 중 에어컨이 엎어져 제품이 파손되었는데, 어떻게 대응해야 하나요?",사업자에게 제품교환을 요구할 수 있습니다.   공산품 관련 「소비자분쟁해결기준」은 사업자가 제품설치 중 발생된 피해에 대해 제품교환 해주도록 규정하고 있습니다.다만 「소비자분쟁해결기준」은 소비자와 사업자 사이에 발생하는 분쟁을 원활하게 해결하기 위한 합의 또는 권고의 기준을 제시한 것으로 강제력을 가지지 못합니다. 사업자 약관이나 규정 등이 존재한다면 사업자 약관 또는 규정을 적용해야 하며 분쟁해결 방법에 관한 별도의 의사표시가 없는 때에는 「소비자분쟁해결기준」을 적용할 수 있습니다.
405, 룸에어컨, 부당행위_부품을 보유하고 있지 않아 수리 불가능,구입한 지 3년 정도 된 에어컨을 사용하던 중 바닥에 떨어뜨려 고장이 나 수리를 의뢰했습니다. 그러나 제조사는 해당 모델은 단종되었고 현재 보유부품이 없어 수리가 불가능하다고 합니다. 어떻게 대응해야 하나요?,"품질보증기간이내 유상수리에 해당하는 금액 징수 후 교환을 요구할 수 있고, 품질보증기간 이후에는 정액감가상각비를 공제한 금액에 구입가 10% 가산해 환급을 요구할 수 있습니다.   공산품 관련 「소비자분쟁해결기준」에 따르면 에어컨은 품질보증기간 2년, 부품보유기간 8년으로 규정하고 있습니다.이 때 공산품 관련 「소비자분쟁해결기준」에서는 부품의무보유기간 이내에 수리용 부품을 보유하고 있지 않아 발생한 피해에 대해서는 품질보증기간 이내인 경우 제품을 교환받거나 구입가 환급을 규정하고 있으며, 품질보증기간 이후에는 제품의 정액감가상각비를 공제한 잔여금액에 구입가의 10%를 가산하여 환급하도록 규정하고 있습니다.따라서, 품질보증기간이내 사용자 고의, 과실로 수리가 필요하나 수리부품이 없어 수리가 불가능한 경우 유상수리에 해당하는 금액 징수 후 제품교환을 요구할 수 있습니다.다만 「소비자분쟁해결기준」은 소비자와 사업자 사이에 발생하는 분쟁을 원활하게 해결하기 위한 합의 또는 권고의 기준을 제시한 것으로 강제력을 가지지 못합니다. 사업자 약관이나 규정 등이 존재한다면 사업자 약관 또는 규정을 적용해야 하며 다만 분쟁해결 방법에 관한 별도의 의사표시가 없는 때에는 「소비자분쟁해결기준」을 적용할 수 있습니다."
406, 모바일게임서비스, 계약해지_기간제 월정액의 계약해지,한 달에 약 2만원 상당의 월정액을 결제하여 게임을 즐기던 중에 잔여기간에 대해 환급을 신청했는데 게임사는 환급을 거부합니다. 환급받을 수 없나요?,"소비자분쟁해결기준에 의거하여 잔여기간에 대해 환급을 요구할 수 있습니다.   「전자상거래 등에서의 소비자보호에 관한 법률」 제17조에 따르면 소비자가 전자상거래로 물건을 구입하였을 경우 7일 이내 청약철회를 할 수 있으나 디지털콘텐츠의 제공이 개시된 경우는 청약철회가 불가능하다고 규정하고 있습니다.모바일콘텐츠업 관련 「소비자분쟁해결기준」에 따르면 해지일까지의 이용일수에 해당하는 금액과 잔여기간 이용요금의 10% 공제 후 환급할 것을 규정하고 있고 월정액 시작일로부터 7일 이내에 중도해지하는 경우, 위약금 없이 이용 일수에 해당하는 금액만 공제하고 환급하도록 규정하고 있습니다.따라서 해지일까지의 이용일수에 해당하는 금액과 잔여기간 이용요금의 10% 공제 후 환급을 요구할 수 있으며, 월정액 시작일로부터 7일 이내에 중도해지하는 경우 위약금 없이 이용 일수에 해당하는 금액만 공제하고 환급을 요구할 수 있습니다. 그러나 위약금을 공제하고 남은 금액이 0원보다 작을 경우 환급금이 없을 수 있습니다.다만 「소비자분쟁해결기준」은 소비자와 사업자 사이에 발생하는 분쟁을 원활하게 해결하기 위한 합의 또는 권고의 기준을 제시한 것으로 강제력을 가지지 못합니다. 사업자 약관이나 규정 등이 존재한다면 사업자 약관 또는 규정을 적용해야 하며 분쟁해결 방법에 관한 별도의 의사표시가 없는 때에는 「소비자분쟁해결기준」을 적용할 수 있습니다."
407, 모바일게임서비스, 계약해지_서비스 종료 시 환급 요구,평소 즐겨하던 게임이 90일 이후 서비스를 종료하겠다고 공지하였습니다. 여태 결제한 금액이 많은데 갑자기 서비스 종료를 하면서 입은 손해에 대해 보상을 요구하고 싶습니다. 손해에 대한 보상을 요구할 수 있나요?,"사용하지 않았거나 사용기간이 남아 있는 유료 아이템은 환급을 요구할 수 있으나, 구입하여 사용한 아이템에 대해서는 환급을 요구하기는 어렵습니다.    「전자상거래 등에서의 소비자보호에 관한 법률」 제17조에 따르면 소비자가 전자상거래로 물건을 구입하였을 경우 7일 이내 청약철회를 할 수 있으나 디지털콘텐츠의 제공이 개시된 경우는 청약철회가 불가능하다고 규정하고 있습니다.모바일게임 표준약관 상 게임사는 경영상의 중대한 사유로 인해 게임서비스를 지속하기 어려운 경우에는 서비스 전부를 중단할 수 있다고 규정하고 있으며 이 경우 중단일자 30일 이전까지 중단일자, 중단사유, 보상조건 등을 회원에게 통지해야 합니다.다만, 표준약관은 각 게임사가 약관을 제정할 때 기준이 되는 약관일 뿐 법적인 강제력을 갖는 것은 아니고 각 게임사의 약관이 우선하므로 약관의 내용을 우선 검토해보아야 합니다."
408, 모바일게임서비스, 청약철회_확률형 아이템의 청약철회,"게임 내 확률형 아이템을 100만원 구매하였으나 원하는 아이템을 얻지 못했습니다. 저 말고도 수백명의 이용자가 저와 같은 피해를 봤는데, 청약철회가 가능한가요?","고지된 확률과 실제 확률이 다르다는 점을 입증하지 못할 경우, 배상을 요구하기 어려울 수 있습니다.   확률형 아이템은 일반적으로 이용자가 게임 플레이상의 유리함을 위해 구입하는 아이템으로, 구매 이전에 그 효능을 알 수 없는 것을 말합니다. 현재 사행성 게임에 대하여는 「사행행위 등 규제 및 처벌 특례법」, 「게임산업진흥에 관한 법률」, 「형법」 등이 적용되는데, 이러한 법률에서 게임 확률형 아이템에 대한 구체적인 규제 규정을 두고 있지는 않습니다.그러므로 아주 낮은 확률을 설정한 것을 법률위반으로 보기는 어렵습니다.게임 내 아이템은 일반적으로 법률에서 인정하는 재산상 이익으로 인정될 수 있고, 확률형 아이템의 고지된 확률이 실제 확률과 다름을 입증할 수 있다면 사기죄가 성립될 수 있으나, 고지된 확률과 실제 확률이 다름을 일반 소비자가 입증하기 어려워 민·형사상 소송 등을 통해 조사해야 하는 어려움이 있습니다.따라서 「전자상거래 등에서의 소비자보호에 관한 법률」 제17조 제2항 및 제6항 등에 따라 적법한 절차가 이뤄진 경우 청약철회 및 환급이 어려울 수 있고, 고지된 확률과 실제 확률이 다르다는 점을 입증하지 못할 경우 배상을 요구하기 어려울 수도 있습니다.※ 해당 답변은 질의 내용을 기반으로 작성된 것으로, 사건의 구체적 사실과 정황 등에 따라 법령 해석이나 적용이 달라질 수 있습니다."
409, 모바일게임서비스, 청약철회_일부 소비한 아이템의 환급 요구,"여러 아이템을 묶어 파는 꾸러미 상품을 구입했습니다. 그 중 아이템 일부만 사용하고 나머지는 사용하지 않았는데, 사용하지 않은 아이템에 대해서 환급을 요구할 수 있나요?","디지털콘텐츠의 제공이 개시된 경우 청약철회를 요구하기 어렵습니다.   「전자상거래 등에서의 소비자보호에 관한 법률」 제17조에 따르면 소비자가 전자상거래로 물건을 구입하였을 경우 7일 이내 청약철회를 할 수 있으나 디지털콘텐츠의 제공이 개시된 경우는 청약철회가 불가능하다고 규정하고 있습니다.구입한 꾸러미가 ‘우편함’(게임에 따라 ‘알림함’, ‘편지함’ 등 명칭이 다를 수 있음)으로 지급되었고 해당 우편을 열어 ‘인벤토리’(게임에 따라 ‘보관함’, ‘창고’ 등 명칭이 다를 수 있음)로 수령했다면 이는 디지털콘텐츠의 제공이 개시된 것으로 보아 청약철회가 불가능합니다.다만, 가분적인 디지털콘텐츠로 이루어진 경우에는 제공이 개시되지 않은 부분에 대해 청약철회가 가능하고(전자상거래법 제17조 제2항 제5호 단서), 같은 법 제17조 제6항 및 같은 법 시행령 제21조의2에 따른 시험 사용 상품 등의 제공이 이루어지지 않은 경우에는 청약철회가 가능할 수 있습니다."
410, 모바일게임서비스, 계약불이행_오픈마켓의 환급 거절,"게임 내 유료 아이템을 사용하던 중 단순변심으로 게임사에게 환급을 요구하였고 게임사가 환급해준다고 합니다. 그러나 오픈마켓 사업자(구글, 애플) 측에서 환급이 불가능하다고 통보하였는데 청약철회가 가능한가요?",게임사가 청약철회에 동의하였다고 해도 오픈마켓 사업자가 청약철회를 거부할 경우 청약철회가 어려울 수 있습니다.   「전자상거래 등에서의 소비자보호에 관한 법률」 제17조에 따르면 소비자가 전자상거래로 물건을 구입하였을 경우 7일 이내 청약철회를 할 수 있으나 디지털콘텐츠의 제공이 개시된 경우는 청약철회가 불가능하다고 규정하고 있습니다.그러나 디지털콘텐츠 제공이 개시되어 청약철회가 불가능함에도 불구하고 게임사가 도의적 차원에서 이용자의 청약철회 요구를 수용하기도 합니다. 다만 모바일게임의 이용자는 오픈마켓 사업자가 제공하는 결제 시스템을 통해 대금을 지급하고 오픈마켓 사업자가 게임사에 대금을 전달하는 구조입니다.따라서 결제 관련은 게임사가 아닌 오픈마켓 사업자와 논의해야 하는 문제이므로 게임사가 청약철회에 동의하였다고 해도 오픈마켓 사업자가 청약철회를 거부할 경우 사실상 청약철회가 어려울 수 있습니다.만약 디지털콘텐츠의 제공이 개시되지 않아 청약철회 가능한 사유임이 명확함에도 오픈마켓 사업자가 환급을 거부하는 경우라면 우리 원으로 상담 접수 및 피해구제 신청해주시기 바랍니다.
411, 모바일게임서비스, 계약불이행_게임사의 환급 거절,"게임 내 유료 아이템을 사용하던 중 단순변심으로 오픈마켓 사업자(구글, 애플)에게 환급을 요구하였습니다. 오픈마켓 사업자는 자체 심사결과 청약철회가 불가능하다며, 게임사에 직접 문의하여 청약철회를 요구하라고 하는데 어떻게 청약철회 해야 하나요?",오픈마켓 사업자에게 청약철회를 요구할 수 있습니다.   「전자상거래 등에서의 소비자보호에 관한 법률」 제17조에 따르면 소비자가 전자상거래로 물건을 구입하였을 경우 7일 이내 청약철회를 할 수 있으나 디지털콘텐츠의 제공이 개시된 경우는 청약철회가 불가능하다고 규정하고 있습니다.모바일게임의 이용자는 오픈마켓 사업자가 제공하는 결제 시스템을 통해 대금을 지급하고 오픈마켓 사업자가 게임사에 대금을 전달하는 구조입니다.오픈마켓 사업자는 게임 아이템 등 디지털콘텐츠의 제공이 개시되었는지 여부를 직접 확인할 수 없기 때문에 청약철회 여부를 결정하기 어려워 게임사 측에 청약철회 의사를 수용할 것인지 확인하기 위해 게임사 측에 문의하는 절차를 거칩니다.따라서 게임사를 통해 디지털콘텐츠가 개시되지 않았음이 확인될 경우 오픈마켓 사업자에게 청약철회를 요청하시기 바랍니다.
412, 모바일게임서비스, 계약불이행_중복 결제된 내역의 환급 거절,"게임내 유료 아이템을 구입하고 3만원을 결제하였으나, 중복되어 두 번 결제가 되었고 아이템은 한 개만 수령하였습니다. 이에 게임사에 이의제기를 하며 환급을 요구하였으나 게임사는 책임이 없어 오픈마켓 사업자에게 따지라고 합니다. 구제 방법이 있나요?","오픈마켓 사업자에게 청약철회를 요구할 수 있습니다.   「전자상거래 등에서의 소비자보호에 관한 법률」 제17조에 따르면 소비자가 전자상거래로 물건을 구입하였을 경우 7일 이내 청약철회를 할 수 있으나 디지털콘텐츠의 제공이 개시된 경우는 청약철회가 불가능하다고 규정하고 있습니다.대금이 두 번 청구되었고 아이템은 한 번만 수령하였다면, 부당하게 중복결제된 거래에 대해 아직 디지털콘텐츠의 제공이 개시되지 않은 것으로 볼 수 있어 청약철회를 요구할 수 있습니다.모바일게임의 이용자는 오픈마켓 사업자가 제공하는 결제 시스템을 통해 대금을 지급하고 오픈마켓 사업자가 게임사에 대금을 전달하는 구조입니다. 따라서 결제 관련은 게임사가 아닌 오픈마켓 사업자를 통해 해결해야 하는 문제이므로 사용하는 스마트폰의 OS에 따라 구글 또는 애플 등 오픈마켓 사업자에 이의제기하여야 합니다. "
413, 모바일게임서비스, 가격·요금_늦게 제공한 아이템의 가치하락분 보상,"게임사 이벤트를 통해 아이템을 수령하기로 했으나 게임사 측 오류로 지급이 6개월이 늦어졌습니다. 그러나 6개월 사이에 더 좋은 아이템들이 많이 나와 해당 아이템의 가치가 많이 하락했고, 지급받지 못한 6개월 간 겪은 고생에 대해 보상 받을 수 있나요?",아이템이 지연되어 지급되었더라도 그에 대한 보상을 법적으로 강제하기 어렵습니다.   게임사의 오류로 인해 아이템 수령이 늦어진 점에 대해서는 게임사의 책임이 인정되나 해당 아이템을 뒤늦게 수령한 사실이 게임 서비스를 이용하는 목적성을 상실할 만큼의 중대한 장애를 일으킨 것으로 인정되기 어렵고 이벤트로 수령한 아이템은 유료로 결제한 재화가 아니므로 해당 아이템이 지연되어 지급되었더라도 그에 대한 보상을 법적으로 강제하기는 어렵습니다.다만 해당 아이템이 게임 서비스를 이용하는 데 필수적인 요소로서 게임 서비스 이용이 더 이상 불가한 경우라면 보상을 요구할 수 있을 것으로 판단됩니다.
414, 모바일게임서비스, 가격·요금_게임머니로 환급,게임 내 화폐 기능을 하는 다이아를 결제하고 다이아를 통해 유료 아이템을 구입하였습니다. 그러나 아이템을 수령하지 않은 채 이에 대한 환급을 요구하자 게임사는 다이아로 환급해줄 뿐 현금으로의 환급은 어렵다고 합니다. 현금으로 환급받을 수 있나요?,통신판매업자에게 대금의 환급을 요구할 수 있습니다.   「전자상거래 등에서의 소비자보호에 관한 법률」에 따르면 소비자는 상품을 공급받은 날로부터 7일 이내에는 소비자의 귀책사유로 인한 상품의 멸실 또는 훼손된 경우 등을 제외하고는 청약철회를 할 수 있다고 규정하고 있습니다.청약철회란 소비자가 일정기간 안에 구매 의사를 철회한 경우 그 계약의 효력이 소멸하도록 하는 것을 의미하므로 통신판매업자는 같은 법 제18조 제2항에 따라 이미 지급받은 대금을 환급해야 합니다.사업자가 결제대금 환급을 적립금으로만 가능하도록 규정하는 것은 위와 같은 대금 환급(원상회복) 의무를 위반하여 소비자에게 불리하므로 같은 법 제35조에 따라 그 효력이 인정될 수 없습니다.다만 디지털콘텐츠의 제공이 개시되어 청약철회가 제한된다고 판단되는 경우에는 청약철회가 불가하여 청약철회가 제한될 수 있습니다.
415, 모바일게임서비스, 표시·광고_공지와 다르게 업데이트 되지 않음,게임사에서 올해 안에 10개의 캐릭터를 추가하는 업데이트를 진행할 예정이라고 공지하여 이를 믿고 유료 결제를 하였습니다. 그러나 연말이 되도록 추가된 캐릭터는 4개에 불과하여 약속을 지키지 않은 게임사에 대해 환급을 요구할 수 있나요?,"현재 콘텐츠만으로도 충분히 게임을 이용하는 목적이 달성될 수 있는 정도라면 보상을 요구하기는 어렵습니다.   게임사가 신규 콘텐츠의 추가 여부를 결정하는 것은 해당 게임에 대한 지식재산권 등을 가지고 있는 게임사의 고유한 권한으로, 게임을 이용하는 과정에서 부수적인 업데이트에 해당하고 현재 콘텐츠만으로도 충분히 게임을 이용하는 목적이 달성될 수 있는 정도라면 보상을 요구하기는 어렵습니다.업데이트 내용 및 시기가 변경 가능하다고 사전고지 하였거나 단순 연기된 것에 불과하다면 이에 대해 유료 결제분의 환급을 요구하기는 어려울 것으로 보입니다.다만, 업데이트 예정 콘텐츠가 게임을 이용하는 주요 목적으로 인정되는 경우라면 보상을 요구할 수 있으나, 이는 사실조사 및 법적 판단이 필요한 영역으로 우리 원 중재가 어려워 민사소송 등을 통해 해결해야 합니다.또한 사실과 다르거나 거짓 광고를 하는 경우라면 공정거래위원회, 부여받은 연령 등급과 다른 내용을 광고하는 경우라면 게임물관리위원회에 신고할 수 있습니다."
416, 모바일게임서비스, 품질_잦은 접속장애로 인한 환급 요구,잦은 접속불가로 인해 게임 접속이 어려워 게임을 제대로 즐길 수 없음에도 게임사에서 이를 개선하거나 조치를 취하지 않고 있습니다. 여태 결제한 유료 아이템에 대해 환급을 요구할 수 있나요?,"게임사에게 이미 사용한 유료아이템의 환급을 요구하기 어려울 수 있습니다.   게임의 내용이나 운영기준은 게임사가 자율적으로 운영하고 결정하는 영역으로 사행성, 선정성 등 사회에 미치는 악영향에 대해 규제하는 것 외에는 법률적·행정적으로 게임 운영에 대해 관여하기는 어렵습니다. 다만 버그 및 접속오류 등이 지속되어 정상적인 게임 진행이 어려울 만큼 서비스가 중지되는 경우라면 이에 대한 보상을 요구할 수 있습니다.모바일콘텐츠업 관련 「소비자분쟁해결기준」에서는 사전 고지 없이 3일 이상 서비스가 연속해서 중지되거나 장애가 발생한 경우 또는 1개월 동안의 서비스 중지·장애발생 누적시간이 72시간을 초과한 경우 계약해지 및 잔여기간에 대한 이용료를 환급하도록 규정하고 있고, 1일 누적 4시간 이상 서비스 중지 또는 장애로 인한 피해의 경우 서비스 중지·장애시간의 3배를 무료로 연장하도록 규정하고 있습니다.따라서, 상기 기준에 따라 보상을 요구할 수 있으나 접속장애는 게임 자체 오류 및 접속한 기기, 네트워크 환경 불안정 등 원인이 다양할 수 있고, 접속이 원활하지 않았다는 사실만으로는 게임사가 서버 관리를 소홀히 했다고 보기 어려워 게임사에게 이미 사용한 유료아이템의 환급을 요구하기 어려울 수 있습니다."
417, 모바일게임서비스, 품질_미흡한 운영으로 인한 환급 요구,게임사가 게임 밸런스 관리를 제대로 하지 못함에도 이용자들과 소통하지 않고 미숙한 운영을 하고 있습니다. 게임 서비스 제공사로서 의무를 다하지 못하고 있음을 이유로 결제한 금액의 환급을 요구할 수 있나요?,"게임사에 게임 운영의 미흡함을 이유로 보상이나 유료결제하여 사용한 아이템의 환급을 요구하기는 어려울 수 있습니다.   게임의 내용이나 운영기준은 게임사가 자율적으로 운영하고 결정하는 영역으로 사행성, 선정성 등 사회에 미치는 악영향에 대해 규제하는 것 외에는 법률적·행정적으로 게임 운영에 대해 관여하기는 어렵습니다.미흡한 운영을 하여 게임에 지장이 있을지라도 다른 게임과 비교하여 현저히 버그가 많거나 게임을 이용하기 어려운 수준이 아니라면 보상 의무가 없다고 볼 여지가 있습니다.특히 게임사가 뒤늦게라도 운영을 개선하고 공정성을 위해 여러 가지 패치 등 개선을 시도하였다면 서비스 제공자로서 게임사의 의무를 다하지 않았다고 보기는 어렵습니다."
418, 모바일게임서비스, 부당행위_버그 악용으로 인한 계정정지,게임 내 버그가 있다는 사실을 알게 되어 이를 이용하게 되었고 게임사로부터 계정정지를 당했습니다. 게임 내 버그는 게임사의 잘못인데 이용한 사람들을 제재하는 것은 부당하다고 생각이 드는데 계정정지의 해제를 요구할 수 있나요?,"사용자가 버그를 인지했음에도 이를 고의적으로 이용한 경우에는 사업자의 계정정지 조치에 대한 해제를 요구하기 어려울 수 있습니다.모바일게임 표준약관에서는 이용자의 알려지거나 알려지지 않은 버그를 악용하여 서비스를 이용하는 행위를 금지하고 있고 이를 위반할 경우 캐릭터·계정의 이용을 제한할 수 있도록 규정하고 있습니다.   게임 내 버그는 기본적으로 서비스 제공자인 게임사가 책임져야 하는 범위에 해당하나 버그를 인지한 상태에서 이를 악용하였다면 이용자의 책임이 인정될 수 있습니다.만약 이용자가 버그임을 인지하고도 이를 악용하여 게임 전체의 밸런스가 무너지고 다른 이용자들의 게임 이용에 방해가 된다고 인정된다면 게임사는 서비스 제공자로서 이를 제재할 수 있으며, 심할 경우 손해배상의 대상이 되기도 합니다.다만, 이용자가 법령이나 약관에서 정한 금지 행위를 한 적이 없음에도 불구하고 계정이 정지되어 이에 불복할 경우에는 제재사유에 대해 이의신청이 가능하며, 사업자는 이의신청 답변 내용에 따라 상응하는 조치를 취하여야 합니다."
419, 모바일게임서비스, 부당행위_버그를 방치한 게임 운영에 대한 보상,게임 내 버그로 인해 부당이득을 취하는 이용자들이 많음에도 게임사는 뒤늦게 버그를 수정하였고 버그를 부당 이용한 이용자들 역시 뒤늦게 제재하였습니다. 그 간 게임 운영이 공정하지 않아 이용자 간 격차가 발생한 부분에 대한 보상을 요구할 수 있나요?,"게임사에 게임 운영의 공정성 저해를 이유로 보상을 요구하기는 어렵습니다.   게임의 내용이나 운영기준은 게임사가 자율적으로 운영하고 결정하는 영역으로 사행성, 선정성 등 사회에 미치는 악영향에 대해 규제하는 것 외에는 법률적·행정적으로 게임 운영에 대해 관여하기는 어렵습니다.게임사가 뒤늦게라도 버그를 수정하였고 버그를 부당 이용한 이용자들의 계정을 정지하는 등 제재한 사실이 인정된다면 서비스 제공자로서 게임사의 의무를 다하지 않았다고 보기는 어렵습니다.버그를 악용하여 이용자 간 격차가 발생한 점에 대해서도 구매한 아이템에 대한 주관적·상대적 효용이 감소하였을 뿐 객관적인 장애가 초래된 것으로 보기는 어렵다고 볼 여지가 있어 일반적으로 게임사에 게임 운영의 공정성 저해를 이유로 보상을 요구하기는 어려울 것으로 보입니다."
420, 모바일게임서비스, 부당행위_부당한 계정정지의 해제 요구,매크로를 사용하지 않았는데도 게임사로부터 매크로 사용을 이유로 부당하게 계정정지를 당했습니다. 게임사에 이의제기했지만 조사 중이라는 이유로 계정정지가 풀리지 않고 있습니다. 어떻게 대응해야 하나요?,"게임사에 이의제기 및 사실관계의 재확인을 요청할 수 있고 게임사에서 사실조사 후 계정정지를 해제할 수 있습니다.모바일게임 표준약관에서는 이용자의 알려지거나 알려지지 않은 버그를 악용하여 서비스를 이용하는 행위를 금지하고 있고 이를 위반할 경우 캐릭터·계정의 이용을 제한할 수 있고 조사가 완료될 때까지 해당 계정의 서비스 이용을 정지할 수 있도록 규정하고 있습니다.만약 이용자가 매크로·핵을 악용하여 게임 전체의 질서가 무너지고 다른 이용자들이 박탈감을 느껴 게임을 이탈하는 등 게임사에게 직접적인 손해를 끼칠 경우 게임사는 서비스 제공자로서 이를 제재할 수 있으며, 약관에 근거하여 계정정지를 할 수 있습니다.그러나, 이용자가 불법프로그램을 이용하지 않았음에도 게임사가 오인하여 계정정지를 당한 경우라면, 게임사에 이의제기 및 사실관계의 재확인을 요청할 수 있고 게임사에서 사실조사 후 계정정지를 해제할 수 있습니다.부당하게 계정정지를 당한 사실이 인정된다면 게임사는 정지된 시간만큼 회원의 이용 시간을 연장하거나 그에 상당하는 유료서비스 또는 캐쉬 등으로 보상하도록 표준약관에서 규정하고 있습니다.다만 표준약관은 각 게임사가 약관을 제정할 때 기준이 되는 약관일 뿐 법적인 강제력을 갖는 것이 아니고 각 게임사의 약관이 우선하므로 약관의 내용을 우선 검토해보아야 합니다."
421, 모바일게임서비스, 부당행위_해킹으로 인한 피해의 복구,해킹을 당해 가지고 있던 아이템과 게임 머니가 다른 사람에게 이동되었음을 알게 되었습니다. 부당하게 피해를 본 아이템과 게임 머니의 복구를 요구할 수 있나요?,"해킹을 막아 안전한 게임 이용 환경을 제공하지 못해 발생한 피해라면 게임사에게 책임을 물을 수 있으나, 아이디와 비밀번호 관리 소홀로 인한 해킹의 경우, 게임 이용자가 회사에 대해 배상을 요구하기는 어렵습니다.   해킹을 막아 안전한 게임 이용 환경을 제공하는 것은 게임사의 책임에 해당하고, 이러한 환경을 제공하지 못해 발생한 피해라면 게임사에게 책임을 물을 수 있습니다.다만, 게임사가 해킹 피해를 막기 위해 제공한 여러 가지 장치들을 마련했음에도 불구하고 이용자가 이를 이용하지 않았거나, 이용자의 부주의로 인해 계정 정보가 유출되어 발생한 피해에 대해서는 이용자의 책임 역시 인정될 수 있습니다.일반적으로 게임사는 약관에서 아이디와 비밀번호에 대한 관리의무를 이용자에게 부과하고, 이로 인하여 발생하는 손해는 이용자가 부담해야 한다는 규정을 두고 있습니다. 그러므로 아이디와 비밀번호 관리 소홀로 인한 해킹의 경우, 게임 이용자가 회사에 대해 배상을 받을 수 없을 확률이 높습니다.다만, 게임사 서버 자체가 해킹당하여 이용자가 피해를 입었을 시에는 「민법」 상 일반원칙에 의하여 손해배상책임 여부를 정할 수 있을 것으로 판단됩니다.해킹 피해는 피해 사실 입증 및 피의자를 특정하기 어려워 보상받기 어려운바 평상시 OTP 등 2차 비밀번호를 이용하는 것이 좋고, 컴퓨터에 보안프로그램 등을 설치하여 주기적으로 악성 프로그램 여부를 확인하여야 합니다."
422, 모바일게임서비스, 부당행위_미성년자의 계약,미성년자인 자녀가 몰래 스마트폰에 게임을 설치하고 유료 아이템을 수차례 구입하여 약 300만원 가량 결제한 것을 뒤늦게 알게 되었습니다. 이미 아이템을 사용하였음에도 300만원 모두 환급받을 수 있나요?,"자녀 명의로 개통된 핸드폰에서 부모 명의의 신용카드를 이용하여 게임 아이템을 구입한 경우 환급을 요구할 수 있으나, 부모 명의로 개통된 핸드폰이거나 자녀 명의의 체크카드를 사용한 경우라면 환급을 받기 어려울 수 있습니다.   대법원 판례에 따르면 계약을 체결하는 행위자가 타인의 이름으로 법률행위를 한 경우에 행위자 또는 명의인 가운데 누구를 계약의 당사자로 볼 것인가에 관하여는, 우선 행위자와 상대방의 의사가 일치한 경우에는 그 일치한 의사대로 행위자 또는 명의인을 계약의 당사자로 확정해야 하고, 행위자와 상대방의 의사가 일치하지 않을 경우에는 그 계약의 성질·내용·목적·체결 경위 등 그 계약 체결 전후의 구체적인 제반 사정을 토대로 상대방이 합리적인 사람이라면 행위자와 명의자 중 누구를 계약 당사자로 이해할 것인가에 의하여 당사자를 결정하여야 합니다(대법원 2010다83119 판결).자녀 명의로 개통된 핸드폰에서 부모 명의의 신용카드를 이용하여 게임 아이템을 구입한 경우라면 입증이 상대적으로 수월하나, 부모 명의로 개통된 핸드폰이거나 자녀 명의의 체크카드를 사용한 경우라면 「민법」상 보호를 받기 어려울 것으로 보입니다.일반적으로 미성년자의 결제임을 입증하는 절차가 복잡하고 미성년자의 결제로 인정받기로 어려운 편이므로 평상시 자녀가 쉽게 결제할 수 없도록 스마트폰에서 자녀 보호 모드를 설정하거나, 결제 비밀번호 등을 설정하여 미성년자의 동의 없는 아이템 구매를 예방하는 것이 가장 좋은 방법입니다.만약 미성년자의 법률행위를 입증할 수 있는 경우라면 게임사, 오픈마켓 사업자에게 계약무효로 인한 환불 요구 및 입증자료를 송부하시기 바랍니다."
423, 모바일정보이용서비스, 약관_디지털콘텐츠_유료서비스 중도해지 제한,"무료서비스라는 광고배너를 보고 콘텐츠사이트에 회원가입하였는데 서비스 요금이 출금되었습니다. 사업자는 일정기간 서비스를 사용한 후 해지가 가능하고 서비스이용료가 있음을 고지했다며 환급이 불가하다고 하는데, 환급을 받을 수 있을까요?","계약체결 당시 사업자로부터 유료전환에 대해  설명도 듣지 못했고, 유료전환 시 어떠한 고지나 동의요구도 받지 못하였다면 출금된 금액의 환급을 요구할 수 있습니다.    문화체육관광부 고시 「콘텐츠이용자보호지침」에 따르면 사업자는 무료이용기간이 경과하여 유료로 전환할 경우 사전에 이용자의 유료전환에 대해 동의를 받아야 하며, 이용자의 동의를 받지 못한 경우에는 해당 콘텐츠이용 계약은 무료이용기간의 경과 또는 계약기간의 만료로 소멸하도록 규정하고 있습니다. 이용자 동의 여부에 대하여 다툼이 있는 경우에는 사업자가 증명해야 합니다.    일정기간 서비스를 이용한 후 해지가 가능하다는 조항도 고객의 계약해지권을 실질적으로 제한할 소지가 있으며 계약해지에 따른 사업자의 원상회복 의무를 부당하게 경감하는 조항으로 볼 수 있습니다.   또한 모바일콘텐츠업 관련 「소비자분쟁해결기준」에 따르면 소비자의 동의 없이 무료이용기간이 경과한 후 유료로 전환한 경우 유료청구 금액 전액을 환급하도록 정하고 있습니다.   따라서, 계약체결 당시 사업자로부터 유료전환에 대해 어떠한 설명도 듣지 못했고, 유료전환 시 어떠한 고지나 동의요구도 받지 못하였다면 유료전환 계약취소를 주장하고 이미 청구받은 금액에 대해 환급을 요구할 수 있습니다. "
424, 모바일정보이용서비스, 계약해제·해지_로또_할인가 적용,"전화권유판매로 로또 당첨번호제공서비스 18개월 이용 계약을 해지하고 환급을 요구하자 사업자가 약관에 따라 할인금액이 아닌 정상가를 기준으로 위약금을 공제한다고 하는데, 정상가 공제가 맞나요?","해지일까지의 이용일수에 해당하는 할인 적용 금액과 잔여기간 이용요금의 10% 공제 후 환급을 요구할 수 있습니다.   1개월 이상에 걸쳐 로또당첨번호 예측서비스를 제공받되 중도해지 시 대금환급에 제한이 있는 계약  내용이므로 「방문판매 등에 관한 법률, 이하 `방문판매법`」에 따른 계속거래에 해당하므로 소비자는 계약기간 중 언제든지 계약을 해지할 수 있습니다(법 제31조).   또한 약관에 할인된 금액이 아닌 정상 이용료를 기준으로 환급 범위를 산정하도록 되어 있는 경우  원상회복의무를 상당한 이유 없이 고객에게 과중하게 부담시키거나 고객의 원상회복 청구권을 부당하게 포기하도록 하는 것이어서 「약관의 규제에 관한 법률」에 따라 무효이며(법 제9조 제4호), 소비자에게 해지 또는 해제로 발생하는 손실을 현저하게 초과하는 위약금을 청구하여서는 안된다는 「방문판매법」 규정에 반하는 것으로서 효력이 없습니다(법 제52조).    따라서 분쟁당사자 사이에 분쟁해결 방안에 관한 별도의 의사표시가 없는 경우에 모바일콘텐츠업 관련 「소비자분쟁해결기준」에 따라 해지일까지의 이용일수에 해당하는 할인 적용 금액과 잔여기간 이용요금의 10% 공제 후 환급을 요구할 수 있습니다.   보상범위는 구체적인 약관에 따라 달라질 수 있으며, 분쟁예방을 위해 계약내용 외에 사업자가 추가로 제안한 내용은 계약서 작성, 녹취 등 입증자료를 확보해야 합니다. "
425, 모바일정보이용서비스, 계약불이행_로또_중요정보 미고지,"전화권유판매로 로로또당첨번호 예측서비스 계약을 체결하고 전자계약서에 서명하였으며, 계약당시 3등 이내에 당첨되지 않으면 100% 환급된다는 보증조건을 안내받았습니다. 계약기간 동안 3등에 당첨되지 않아 환급을 요구하자 사업자는 약관에 따라 그동안 구입한 로또 영수증을 제출하지 않으면 환급이 불가능하다고 하는데, 환급을 받을 수 없나요? ","사업자가 3등 이내에 당첨되지 않으면 어떠한 조건없이 100% 계약대금 전액을 받환받을 수 있는 것처럼 이해하도록 설명하여 소비자가 특정 조건에 의해 환급을 받지 못할 수 있다는 약관이 존재한 사실을 알지 못하였고, 계약 체결 여부 판단에 영향을 주는 환급조건을 제대로 고지 및 설명하지 않았다면, 계약대금에 대해 환급을 요구할 수 있습니다.    「방문판매 등에 관한 법률」에 따르면 방문판매자등은 소비자의 구매 여부 판단에 영향을 주는 거래조건 등을 계약 체결 전 소비자에게 충분히 설명하여야 하고 이를 위반한 계약은 효력이 없도록 규정하고 있습니다(법 제7조, 제52조).   따라서, 사업자가 3등 이내에 당첨되지 않으면 어떠한 조건없이 100% 계약대금 전액을 받환받을 수 있는 것처럼 이해하도록 설명하여 소비자가 특정 조건에 의해 환급을 받지 못할 수 있다는 약관이 존재한 사실을 알지 못하였고, 계약 체결 여부 판단에 영향을 주는 환급조건을 제대로 고지 및 설명하지 않았다면, 계약대금에 대해 환급을 요구할 수 있습니다.    다만, 소비자 또한 전자계약서를 받은 후 보증조건 등의 내용을 확인하지 않은 책임이 인정된다면 환급 금액이 감면될 수 있습니다. "
426, 모바일정보이용서비스, 계약불이행_로또_미당첨시 환금 약정,"1, 2등 미당첨 시 계약대금 전액 환급 조건으로 로또 당첨번호제공서비스 1년 계약을 체결하였습니다. 1, 2등에 당첨되지 않아 사업자에게 환급을 요구하였으나 거부하는데, 환급을 받을 수 있을까요?","이용일수에 해당하는 금액과 잔여기간 이용요금의 10% 공제 후 나머지 금액에 대해 환급을 요구할 수 있습니다. 또한 사업자가 계약 시 계약기간 중 로또 1, 2등에 당첨되지 않을 경우 계약대금 전액 환급해 주겠다고 약속하였다면 및 위약금의 공제 없이 계약대금 전액에 대해 환급을 요구할 수 있습니다.   1년 동안 로또당첨번호 예측서비스를 제공받되 중도해지 시 대금환급에 제한이 있는 계약내용이므로 「방문판매 등에 관한 법률」에 따른 계속거래에 해당하므로 소비자는 계약기간 중 언제든지 계약을 해지할 수 있으며, 모바일콘텐츠업 관련 「소비자분쟁해결기준」에 따라 해지일까지의 이용일수에 해당하는 금액과 잔여기간 이용요금의 10% 공제 후 나머지 금액에 대해 환급을 요구할 수 있습니다.   그러나 사업자가 계약 시 계약기간 중 로또 1, 2등에 당첨되지 않을 경우 계약대금 전액 환급해 주겠다고 약속하였고, 실제 1년의 계약기간 동안 1, 2등에 당첨된 일이 없다면 당초 약정대로 이용대금 및 위약금의 공제 없이 계약대금 전액에 대해 환급을 요구할 수 있습니다.   보상범위는 구체적인 약관에 따라 달라질 수 있으며, 분쟁예방을 위해 계약내용 외에 사업자가 추가로 제안한 내용은 계약서 작성, 녹취 등 입증자료를 확보해야 합니다. "
427, 모바일정보이용서비스, 계약해지_로또_양도양수,3년 동안 1~2등 미당첨 시 계약대금 환급받는 조건으로 계약한 로또 당첨번호제공서비스 업체가 현재 이용하고 있는 업체로 인수합병되었습니다. 그런데 양수받은 업체가 양도한 업체의 계약내용을 이행할 수 없다고 합니다. 양수받은 업체에 환급을 요구할 수 있나요?,"실제 3년 동안 1, 2등에 당첨된 사실이 없다면 채무를 승계한 양수받은 사업자에게 위약금 없이 약속한 계약대금 전액에 대해 환급을 요구할 수 있습니다.   양수받은 업체가 소비자에게 서비스를 제공하였고 1~2등 미당첨시 계약대금을 환급하기로 약정이 되어 있었다면 계약관련 채무도 새로운 사업자가 인수한 것으로 보는 것이 타당하므로 「상법」 에 따라 새로운 사업자에게 계약대금을 환급할 책임이 있습니다(법 제42조, 제44조).    따라서 양도한 사업자가 소비자에게 계약 시 3년의 계약 기간 중에 1, 2등에 당첨되지 않을 경우 계약 대금 전액을 환급해 주겠다고 약속하였으므로 실제 3년 동안 1, 2등에 당첨된 사실이 없다면 채무를 승계한 양수받은 사업자에게 위약금 없이 약속한 계약대금 전액에 대해 환급을 요구할 수 있습니다.다만, 양도양수계약서 확인 등 구체적 사실관계의 확인이 필요하며 이에 따라 환급이 제한될 수 있습니다."
428, 모바일정보이용서비스, 청약철회_주식자동매매 프로그램_전화권유판매/14일이내,"사업자로부터 고수익을 올릴 수 있다는 전화안내를 받고 주식추천 프로그램 구매계약을 했는데, 계약 당시 설명한 내용과 다른 점이 많아 사용 전에 청약철회를 요구하였으나 사업자가 환급 불가 상품이라며 환급을 거절합니다. 계약대금을 환급받을 수 있을까요?","청약철회 기간이 도과하지 않았고(청약철회 초일 불산입) 적법하게 청약철회가 되었다면, 이미 지급한 계약대금에 대해 환급을 요구할 수 있습니다.   「방문판매 등에 관한 법률」에 따르면 전화권유판매의 방법으로 재화 등의 구매에 관한 계약을 체결한 소비자는??계약서를?받은?날부터?14일?이내(다만 계약서를 받은 날보다 재화등이 늦게 공급된 경우에는 재화등을 공급받거나 공급이 시작된 날)에?그?계약에?관한?청약철회 등을?할?수?있고, 청약철회 등을 한 경우에는 공급받은 재화 등을 반환하도록 규정하고 있습니다(법 제2조, 제7조, 제8조, 제9조). 또한, 방문판매자 등은 청약철회등을?할?수?없는?재화등의?경우에는?그?사실을?재화등의?포장이나?그?밖에?소비자가?쉽게?알?수?있는?곳에?분명하게?표시하거나?시용(試用)?상품을?제공하는?등의?방법으로?청약철회 등의?권리행사가?방해받지?않도록?조치하여야 합니다(법 제8조 제5항).   따라서 사업자는 청약철회 등을 이유로 소비자에게 위약금 또는 손해배상을 청구할 수 없으므로 청약철회 기간이 도과하지 않았고(청약철회 초일 불산입) 적법하게 청약철회가 되었다면 소비자는 이미 지급한 계약대금에 대해 환급을 요구할 수 있습니다."
429, 모바일정보이용서비스, 계약해지_주식자동매매 정보서비스_투자손실,안내받은 내용과 달리 3개월 만에 투자손실이 발생하여 주식자동매매 정보서비스 대금 환급을 요구하였는데 사업자가 계약의 내용이 모두 이행되었다며 환급을 거부합니다. 사업자에게 계약대금 전액 및 투자손실 금액을 요구할 수 있을까요?,"해지일까지의 이용일수에 해당하는 금액과 잔여기간 이용요금의 10%를 공제한 나머지 계약대금 금액을 요구할 수 있습니다. 그러나, 사업자에게 투자손실 금액을 요구하기는 어렵습니다.   「민법」에 따르면 사업자의 배상책임이 인정되기 위해서는 계약내용, 계약과정, 계약 후 그 내용의 이행에 있어 고의 또는 과실이 있어야 하며, 또한 한국소비자원 소비자분쟁조정위원회는 일반적으로 투자 손실에 대한 책임은 투자자에게 귀속되므로 단순히 주식투자 정보서비스를 이용하였는데 손실이 발생하였다는 이유로 투자손실에 대한 배상을 요구할 수는 없다고 조정 결정한 바가 있습니다(소비자분쟁조정위원회 조정례 2014일가471 참고).    그러나 1개월 이상의 기간에 걸쳐 계속적 또는 부정기적으로 프로그램 이용서비스를 제공받는 것이므로 「방문판매 등에 관한 법률」에서 정한 계속거래에 해당하므로 계속거래 계약을 체결한 소비자는 계약기간 중 언제든지 계약을 해지할 수 있습니다(법 제31조).   따라서 분쟁당사자 사이에 분쟁해결 방안에 관한 별도의 의사표시가 없는 경우에 그 범위는 인터넷콘텐츠업 관련 「소비자분쟁해결기준」에 따라 해지일까지의 이용일수에 해당하는 금액과 잔여기간 이용요금의 10%를 공제한 나머지 금액을 요구할 수 있으나, 수익이 보장되지 않고 위험성이 있는 주식시장이라는 점을 고려할 때 사업자에게 투자손실 금액을 요구하기는 어렵습니다.   다만, 중도해지 시 프로그램 이용을 위한 것으로 제공된 노트북 등은 전기기기의 사용이익으로 볼 수 있어 일부 금액이 감면될 수 있습니다."
430, 모바일정보이용서비스, 약관_주식자동매매정보서비스_중도해지 금지,"주식이용 및 매매프로그램 이용 계약을 해지하려고 하는데, 사업자가 계약서 상 ‘oo주식 카페 리포트 이용 시 플랫폼 이용으로 간주하여 환불불가’ 조항을 근거로 계약해지를 거부하고 있습니다. 보상받을 수 없나요?",사업자에게 취소일까지의 이용 일수에 해당하는 금액 및 잔여기간 이용요금의 10% 공제 후 환급을 요구할 수 있습니다.   1개월 이상에 걸쳐 계속적으로 서비스를 제공받는 바 「방문판매 등에 관한 법률」에 따른 ‘계속거래’에 해당하므로 소비자는 계약기간 중 언제든지 해지할 수 있습니다(법 제31조). 또한 「약관의 규제에 관한 법률」 에 따르면 계약의 해제 또는 해지로 인한 사업자의 원상회복의무나 손해배상 의무를 부당하게 경감하는 조항은 무효로 규정하고 있습니다.   따라서 사업자가 ‘oo주식 카페리포트 이용시 플랫폼 이용으로 간주하여 환불불가’ 약관을 사유로 중도해지를 거부하는 경우 무효에 해당되므로 모바일콘텐츠업 관련 「소비자분쟁해결기준」에 따라 취소일까지의 이용일수에 해당하는 금액 및 잔여기간 이용요금의 10% 공제 후 환급을 요구할 수 있습니다.
431, 모바일정보이용서비스, 부당행위_주식자동매매정보서비스_환급 거부,1년 동안 주식투자 정보를 제공받고 프로그램 설치받았으나 개인사정으로 계약해지 및 잔여 이용료 환급을 요구하자 사업자가 전자상거래법상 청약철회 기간이 지났다며 환급을 거부합니다. 환급을 받을 수 없나요?,"이용일수에 해당하는 금액과 잔여기간 이용요금의 10%를 공제한 나머지 금액에 대해 환급을 요구할 수 있습니다.   프로그램 설치는 약정기간 내에 사업자가 제공하는 주식투자 관련 정보를 받아 주식을 매매하기 위해 사용되는 부수적인 수단으로 볼 수 있고, 사업자와 1년동안 주식정보를 제공받기로 하는 계약을 체결하였으므로 「방문판매 등에 관한 법률, 이하 `방문판매법`」 에서 정한 계속거래 계약에 해당하므로 소비자는 계약기간 중 언제든지 해지할 수 있습니다(법 제31조).   또한 사업자가 주장하는 「전자상거래 등에서의 소비자보호에 관한 법률」 에 따른 청약철회권과 「방문판매 등에 관한 법률」에 따른 계약 해지권은 각 독립된 별개의 권리이고, 「전자상거래 등에서의 소비자보호에 관한 법률」 제4조 단서에 따라 다른 법률을 적용하는 것이 소비자에게 유리한 경우 다른 법률이 우선 적용되므로 소비자는 「방문판매법」에 따라 계약기간 중 언제든지 계약을 해지할 수 있습니다.   따라서 분쟁당사자 사이에 분쟁해결 방안에 관한 별도의 의사표시가 없는 경우에 소비자는 계약을 해지하고 모바일콘텐츠업 관련 「소비자분쟁해결기준」에 따라 해지일까지의 이용일수에 해당하는 금액과 잔여기간 이용요금의 10%를 공제한 나머지 금액에 대해 환급을 요구할 수 있습니다.   다만, 프로그램 이용을 위한 것으로 제공된 PC 등 전기기기 등을 훼손 및 사용하지 않고 반환해야 합니다."
432, 모바일정보이용서비스, 청약철회_소개팅앱_결제당일,소개팅 어플리케이션을 설치하고 인앱결제로 유료서비스 이용계약을 체결한 직후 1년 서비스 이용요금이 결제된 사실을 확인하고 즉시 앱마켓 사업자 등에게 계약취소 및 환급을 요구하였으나 거절되었습니다. 오인으로 잘못 결제한 금액을 환급받을 수 있을까요?,"7일 이내에 청약철회가 가능하며, 잘못 결제한 금액에 대해 환급을 요구할 수 있습니다.   「전자상거래 등에서의 소비자보호에 관한 법률」에 따르면 통신판매업자와 디지털콘텐츠의 구매계약을 체결한 소비자는 디지털콘텐츠를 공급받은 날로부터 7일 이내에 청약철회가 가능하도록 규정하고 있습니다(법 제17조).     따라서 7일 이내에 적법하게 청약철회가 되었다면, 소비자는 모바일콘텐츠업 관련 「소비자분쟁해결기준」에 따라 오인하여 잘못 결제한 금액을 환급받을 수 있습니다.    다만, 디지털콘텐츠의 제공이 개시되었고 통신사업자 등이 청약철회가 불가능하다는 사실의 표시와 함께 시험사용 상품을 제공하는 등의 방법으로 청약철회 등의 권리행사가 방해받지 않도록 조치를 했다면 통신판매업자의 의사에 반하여 청약철회를 할 수 없습니다."
433, 모바일정보이용서비스, 부당약관_소개팅앱_중도해지불가 규정,소개팅앱 서비스 3개월 정기이용권을 구입하였으나 서비스가 정상적으로 진행되지 않아 8일 만에 해지를 요청하자 사업자가 서비스를 이용했다며 환급이 불가하다고 합니다. 계약해지 및 환급을 받을 수 있을까요?,"해지일까지의 이용일수에 해당하는 금액과 잔여기간 이용요금의 10%를 공제한 나머지 금액에 대해 환급을 요구할 수 있습니다.   「방문판매 등에 관한 법률, 이하 `방문판매법`」에 따르면, 위 서비스는 소비자가 1개월 이상에 걸쳐 계속적으로 사업자로부터 모바일 소개팅 서비스를 제공받기로 하되 중도해지 시 대금환급에 제한이 있는 계속거래 계약이므로 계약기간 중 언제든지 계약을 해지할 수 있습니다(법 제2조, 제31조).   또한, 구매시점 8일 이후에는 환급이 불가하다는 약관은 소비자의 계약 해지로 인한 사업자의 원상회복의무를 부당하게 경감하는 것으로 「약관의 규제에 관한 법률」에 따라 무효일 뿐만 아니라, 소비자에게 계약해지로 발생하는 손실을 현저하게 초과하는 위약금을 청구하는 것에 해당하여 「방문판매 법」 제32조를 위반하는 것으로 무효입니다(법 제52조).   따라서, 분쟁당사자 사이에 분쟁해결 방안에 관한 별도의 의사표시가 없는 경우에 계약해지에 따른 환급 금액은 모바일콘텐츠업 관련 「소비자분쟁해결기준」에 따라 해지일까지의 이용일수에 해당하는 금액과 잔여기간 이용요금의 10%를 공제한 나머지 금액에 대해 환급을 요구할 수 있습니다. "
434, 모바일정보이용서비스, 부당행위_동영상콘텐츠_미동의 소액결제,구입 및 이용한 적 없는 유튜브 콘텐츠 서비스 이용요금이 2년 동안 소액결제 되고 있음을 뒤늦게 확인하였습니다. 동의 없이 부당하게 결제된 금액에 대해 환급을 받을 수 있나요? ,"대금 자동 결제 시 사업자로부터 고지를 받지 못했고 동의하지 않았다면, 청구금액에 대해 환급을 요구할 수 있습니다.   문화체육관광부 고시 「콘텐츠이용자보호지침」 및 모바일콘텐츠업 관련 「소비자분쟁해결기준」에 따르면 콘텐츠 계약이 1개월 이상이고  자동으로 매월 또는 일정 시기에 대금을 결제하기로 한 경우 사업자는 소비자에게 결제 내역에 대하여 전자우편 또는 문자 메시지 등으로 고지하여야 하고, 고지하지 않은 경우 자동으로 청구한 금액을 환급할 수 있도록 규정하고 있습니다.   따라서 대금 자동 결제 시 사업자로부터 고지를 받지 못했고 동의를 하지 않았다면 모바일콘텐츠업 관련 「소비자분쟁해결기준」에 따라 청구금액에 대해 환급을 요구할 수 있습니다.   다만, 해당 결제 정보 조사 결과에 따라 사용 내역 확인이 필요하며, 콘텐츠이용서비스 구입 또는 이용하지 않았다고 하더라도 장기간 요금이 청구되고 있음을 확인하거나 사업자에게 청약철회 또는 계약해지 등을 요청하지 않고 매월 이용요금을 납부한 소비자에게도 일부 부주의가 있다고 판단될 경우 환급 금액 요구가 제한될 수 있습니다."
435, 모바일정보이용서비스, 계약해지_모바일앱_중도해지 불가,자녀의 스마트폰 관리 및 모니터링 앱 1년 이용권 구입계약을 체결하여 이용하다가 계약을 해지하고 잔여대금을 환급해 달라고 했으나 사업자가 이용요금 결제 후 48시간 이내에 취소한 경우에만 전액 환급이 가능하다고 합니다. 잔여대금을 환급받을 수 있을까요?,"해지일까지의 이용일수에 해당하는 금액과 잔여기간 이용요금의 10% 공제 후 나머지 금액에 대해 환급을 요구할 수 있습니다.   「방문판매 등에 관한 법률, 이하 `방문판매법`」에 따르면 계속거래업자 등과 계속거래 등의 계약을 체결한 소비자는 계약기간 중 언제든지 계약을 해지할 수 있으며, 중도 환급 불가 약관은 계약해지로 인한 소비자의 원상회복 청구권을 부당하게 포기하도록 하는 조항으로 「약관의 규제에 관한 법률」 제9조에 따라 무효일 뿐만 아니라, 소비자에게 계약해지로 발생하는 손실을 현저하게 초과하는 위약금을 청구하는 것에 해당하여 「방문판매법」 제32조를 위반하는 것으로 무효입니다(법 제52조).   따라서, 1개월 이상에 걸쳐 계속적으로 또는 부정기적으로 모바일 정보이용서비스를 제공받기로 한 계약이므로 소비자는 언제든지 해당 콘텐츠 계약을 해지할 수 있어 계약이 적법하게 해지되었다면 모바일콘텐츠업 관련 「소비자분쟁해결기준」에 따라 해지일까지의 이용일수에 해당하는 금액과 잔여기간 이용요금의 10% 공제 후 나머지 금액에 대해 환급을 요구할 수 있습니다."
436, 모바일정보이용서비스, 부당행위_스미싱_소액결제,"성명불상자로부터 명의가 도용되어 휴대폰으로 총 3건의 소액결제가 되었으나 통신사와 결제대행사, 상품 구매처 모두 환급을 거부하고 있습니다. 부당하게 결제된 금액은 어디서 환급받을 수 있나요?","개인정보 누출이나 결제과정에서 본인 확인 절차 소홀 등 사업자의 업무상 과실이 확인되면 결제금액에 대해 환급을 요구할 수 있습니다.   스미싱 등으로 인해 소액결제 피해가 발생한 경우에는 이동통신사 고객센터를 통해 피해 신고를 하고 소액결제확인서를 발급받아 경찰청(https://www.police.go.kr) 또는 사이버범죄신고시스템(ecrm.cyber.go.kr)나 금감원(1332)에 피해사실을 신고하여 도움을 요청하시고, 경찰서에서 사건사고사실확인서를 발급받아 이동통신사에 명의도용 신고서를 제출한 후 이동통신사와 결제대행사, 상품 구매처 등에  명의도용 신고서를 제출한 후 위 사업자 간의 상호 협의를 통해 스미싱 인한 피해 사실이 확인되면 청구금액의 청구 취소 또는 지급된 경우에는 환급을 요구할 수도 있습니다.   다만 스미싱 관련 피해는 불법행위를 한 자를 검거하거나 경찰수사 결과, 이동통신사업자들의 개인 정보 유출이나 결제과정중 관리소홀 등의 책임이 있는 것으로 드러난 경우에는 사업자(결제대행사, 통신사 등)에게 그 책임을 물을 수 있을 것이나, 소비자가 인증번호 및 신분증 사진을 전송하여 피해가 발생한 경우에는 환급받기 어려울 수 있습니다."
437, 모바일정보이용서비스, 청약철회_OTT동영상콘텐츠_7일이내,"온라인 동영상 콘텐츠 이용계약을 체결했다가 단순변심으로 다음 날 청약철회를 요구했는데, 사업자가 약관에 따라 콘텐츠에 문제가 있을 경우에만 환불이 가능하다고 합니다. 대금 환급이 불가능한가요? ","소비자는 구매 후 시청이력이 없는 경우라면 단순변심의 경우라도 청약철회기간 내 대금 환급(취소)이 가능합니다.    「전자상거래 등에서의 소비자보호에 관한 법률, 이하 `전자상거래법`」 및 「콘텐츠이용자보호지침」에 따르면 소비자는 온라인동영상과 같은 디지털콘텐츠를 구매하고 이를 시청하지 않은 경우, 구매한 날로부터 7일 이내에 언제든지 그 구매를 취소(청약철회)하고 구매금액을 전액 환불받을 수 있도록 규정하고 있습니다(법 제17조 및 18조). 만약 사업자가 소비자의 청약철회 권리에 관한 사항들을 사실과 다르게 알림에 따라 법정 기간 내에 정당하게 계약해지 등을 할 수 없었다면 이는 `거짓 또는 과장된 사실을 알려 청약철회를 방해한 행위`에 해당하여 「전자상거래법」 위반으로 봅니다(제21조 제1항 제1호).     따라서 소비자의 청약철회권은  「전자상거래법」 상 소비자의 권리이므로 사업자들이 청약철회 제한사실을 표시하였다고 하더라도 소비자는 구매 후 시청이력이 없는 경우라면 단순변심의 경우라도 모바일콘텐츠업 관련 「소비자분쟁해결기준」에 따라 청약철회기간 내 대금 환급(취소)이 가능합니다.   단, 소비자에게 책임있는 사유로 콘텐츠가 멸실 또는 훼손된 경우에는 청약철회가 제한되며, 콘텐츠의 훼손에 대하여 소비자의 책임이 있는지 여부, 콘텐츠 구매에 관한 계약이 체결된 사실 및 그 시기, 콘텐츠 제공사실 및 그 시기 등에 관하여 다툼이 있는 경우에는 사업자가 이를 증명하여야 합니다.   한편, 디지털콘텐츠의 제공이 개시되었다고 인정되고 통신판매업자가 청약철회 등이 불가능하다는 사실의 표시와 함께 시험사용 상품을 제공하는 등의 방법으로 청약철회 등의 권리행사가 방해받지 않도록 조치를 했다면 통신판매업자의 의사에 반하여 청약철회가 불가할 수도 있습니다."
438, 모바일정보이용서비스, 부당가입_모바일 앱 유료결제_미성년자 계약,미성년 자녀가 부모의 휴대폰을 통해 앱스토어에 등록된 신용카드로 소셜방송서비스 아이템을 구입하였습니다. 아이템 구입비를 돌려받을 수 있을까요? ,"아이템 구입이 미성년자의 행위임이 입증된 경우라면 계약을 취소하고 결제금액을 환급받을 수 있으나, 부모 명의로 개통된 핸드폰이거나 자녀 명의의 체크카드를 사용한 경우라면 계약취소가 어려울 수 있습니다.     「민법」 제5조에 의하면 미성년자가 법률행위를 함에는 법정대리인의 동의를 얻어야 하고, 「정보통신망 이용촉진 및 정보보호 등에 관한 법률」에 따르면 정보통신서비스 제공자등이 만 14세 미만의 아동으로부터 개인정보 수집?이용?제공 등의 동의를 받으려면 그 법정대리인의 동의를 받아야 함을 규정하고 있습니다(법 제31조 제1항). 또한, 「전자상거래 등에서의 소비자보호에 관한 법률」에 따르면 통신판매업자는 미성년자와 재화등의 거래에 관한 계약을 체결할 때에는 법정대리인이 그 계약에 동의하지 아니하면 미성년자 본인 또는 법정대리인이 그 계약을 취소할 수 있다는 내용을 미성년자에게 고지하도록 규정하고 있습니다(제13조 3항).   하지만 대법원 판례에 따르면 계약을 체결하는 행위자가 타인의 이름으로 법률행위를 한 경우에 행위자 또는 명의인 가운데 누구를 계약의 당사자로 볼 것인가에 관하여는, 우선 행위자와 상대방의 의사가 일치한 경우에는 그 일치한 의사대로 행위자 또는 명의인을 계약의 당사자로 확정해야 하고, 행위자와 상대방의 의사가 일치하지 않을 경우에는 그 계약의 성질·내용·목적·체결 경위 등 그 계약 체결 전후의 구체적인 제반 사정을 토대로 상대방이 합리적인 사람이라면 행위자와 명의자 중 누구를 계약 당사자로 이해할 것인가에 의하여 당사자를 결정하여야 합니다(대법원 2010다83119 판결).   따라서 아이템 구입이 미성년자의 행위임이 입증된 경우라면 앱스토어 인앱결제를 통해 이루어진 아이템 구입과정에서 서비스 판매업자와 모바일 유료결제 시스템을 제공한 앱마켓 사업자가 법정대리인의 동의를 얻지 않았으므로 원칙적으로 계약을 취소하고 결제금액을 환급받을 수 있으나 부모 명의로 개통된 핸드폰이거나 자녀 명의의 체크카드를 사용한 경우라면 「민법」상 보호를 받기 어려울 것으로 보입니다.   즉, 온라인 거래의 특성상 거래의 당사자 확정과정에서 미성년자가 아닌 계정 명의자(부모)가 계약 당사자가 되어 계약취소가 불가할 수 있습니다.일반적으로, 미성년자의 결제임을 입증하는 절차가 복잡하고 미성년자의 결제로 인정받기도 어려운 편이므로 평상시 자녀가 쉽게 결제할 수 없도록 스마트폰에서 자녀 보호 모드를 설정하거나, 결제 비밀번호 등을 설정하여 미성년자의 동의 없는 결제를 예방하는 것이 가장 좋은 방법입니다. "
439, 모바일정보이용서비스, 부당행위_모바일앱_유료결제,ㅇㅇ앱 무료 구독 후 유료결제 되었다는 문자를 받고 이메일로 결제취소를 요구했으나 사업자가 자사 환급 정책에 부합하지 않다며 환급이 불가하다고 합니다. 환급을 받을 수 있을까요?,"계약체결 당시 사업자로부터 유료전환에 대해 어떠한 설명도 듣지 못했고, 유료전환 시 어떠한 고지나 동의요구도 받지 못하였다면, 이미 청구받은 금액에 대해 환급을 요구할 수 있습니다.   「약관의 규제에 관한 법률」에서는 계속적인 채권관계의 발생을 목적으로 하는 계약에서 묵시적인 기간의 연장 또는 갱신이 가능하도록 정하여 고객에게 부당하게 불이익을 줄 우려가 있는 조항을 무효로 한다고 규정하고 있습니다(법 제9조 제6호).   또한 문화체육관광부 고시 「콘텐츠이용자보호지침」에 따르면 사업자는 무료이용기간이 경과하여 유료로 전환할 경우 사전에 이용자의 유료전환에 대해 동의를 받아야 하고, 이용자의 동의를 받지 못한 경우에는 당해 콘텐츠이용 계약은 무료이용기간의 경과 또는 계약기간의 만료로 소멸한다고 규정하고 있으며, 모바일콘텐츠업 관련 「소비자분쟁해결기준」에서도 소비자의 동의가 없는 상태에서의 결제된 경우 계약을 취소할 수 있습니다.    따라서, 계약체결 당시 사업자로부터 유료전환에 대해 어떠한 설명도 듣지 못했고, 유료전환 시 어떠한 고지나 동의요구도 받지 못하였다면  이미 청구받은 금액에 대해 환급을 요구할 수 있습니다.   다만, 이용자의 동의여부 등에 다툼이 있는 경우에는 사업자가 이를 증명해야 하며, .소비자의 과실로 해당 서비스의 무료이용 가능기간 이나 사용시 주의사항, 요금 결제 내역 등을 인지하지 못함으로 인해 계약해지가 지연되었다면 환급이 제한될 수 있습니다. "
440, 모바일정보이용서비스, 청약철회_동영상앱서비스,ㅇㅇ앱으로 매월 1일 자동결제되는 음악감상 정기 이용권을 구매하고 당일 해지신청을 요구하였으나 다음 달 결제부터 해지가 적용된다고 합니다. 이용권 결제금액을 환급받을 수 있을까요?,"유료콘텐츠를 구입하고 7일 이내에 청약철회를 요구한 경우라면, 구입가 환급을 요구할 수 있습니다.   「전자상거래 등에서의 소비자보호에 관한 법률」 및 문화체육관광부 고시 「콘텐츠이용자보호지침」에 따르면 소비자는 온라인동영상과 같은 디지털콘텐츠를 구매하고 이를 시청하지 않은 경우 구매한 날로부터 7일 이내에 언제든지 그 구매를 취소(청약철회)하고 구매금액을 전액 환불받을 수 있으며(법 제17조 및 18조), 청약철회 또는 계약의 해지를 방해한 행위를 금지하도록 규정하고 있습니다(법 제21조 제1항).   따라서, 사업자가 판매하는 유료콘텐츠를 구입하고 7일 이내에 청약철회를 요구한 경우라면 유료 콘텐츠 구입가 환급을 요구할 수 있습니다.   다만, 디지털콘텐츠의 제공이 개시된 것으로 인정되고 통신판매업자가 청약철회 등이 불가능하다는 사실의 표시와 함께 시험사용 상품을 제공하는 등의 방법으로 청약철회 등의 권리행사가 방해받지 않도록 조치를 했다면 통신판매업자의 의사에 반하여 청약철회가 불가할 수도 있습니다."
441, 모바일정보이용서비스, 약관_계약불이행_약관변경,사업자가 포인트적립 앱 운영정책을 변경하여 현금전환 최소 금액을 상향하여 1년이 지나 보유하던 적립금이 소멸되었습니다. 약관 변경으로 인해 소멸된 포인트 복구나 현금으로 지급해 줄 것을 요구할 수 있을까요? ,"관련한 충분한 공지가 없었다면 소멸된 적립금과 잔여 적립금 지급을 요구할 수 있습니다.   「약관의 규제에 관한 법률」에 따르면 상당한 이유 없이 급부의 내용을 사업자가 일방적으로 결정하거나 변경할 수 있도록 권한을 부여하는 조항은 무효로 규정하고 있으며(제10조 제1항), 문화체육관광부 고시 「콘텐츠이용자보호지침」에 따르면 사업자가 이용자에게 불리하거나 중대한 사항의 약관을 변경할 경우에는 최소한 30일 이전부터 공지해야 하고 변경약관의 적용에 대한 이용자의 동의여부를 확인해야 합니다.    따라서 적립금은 해당 앱 운영 및 이용하는 주된 목적에 해당하고 약관변경이 불가피하다거나 상당한 이유가 있다고 보기 어렵고 이에 대한 충분한 공지가 없었다면, 사업자에게 소멸된 적립금과 잔여 적립금 지급을 요구할 수 있습니다."
442, 모바일정보이용서비스, 약관_동영상콘텐츠_유료서비스 자동 전환,7일간 무료체험이벤트에 참가하여 7일 이후에는 자동해지되는 것으로 알았습니다. 그런데 회원으로 가입되고 요금이 결제되었다는 문자를 받고 환급을 요청하자 사업자는 무료체험기간 동안 해지 신청을 하지 않을 경우 자동으로 회원에 가입된다는 안내했다며 환급을 거부하는데 결제금액을 환급받을 수 있을까요?,"결제금액 변경에 대해 소비자의 동의절차 없이 자동결제되었다면, 해당 금액에 대해 환급을 요구할 수 있습니다.   「전자상거래등에서의 소비자보호에 관한 법률」 에 따르면 전자상거래를 행하는 사업자는 기만적 방법을 사용해 소비자를 유인 또는 거래하거나, 소비자의 청약없이 일방적으로 재화를 공급하고 대금을 청구하여서는 안되며(법 제21조), 무료체험이벤트 기간 후 자동으로 유료회원으로 전환되는 조항은 고객을 기만하는 것으로 볼 수 있고 예상하기 어려운 기습조항으로 불공정성이 인정되기 때문에 「약관의 규제에 관한 법률」상 무효로 볼 수 있습니다(법 제6조)   또한 모바일콘텐츠업 관련 「소비자분쟁해결기준」에 따르면 소비자의 동의 없이 무료이용기간이 경과한 후 유료로 전환한 경우 유료청구 금액을 환급하도록 정하고 있습니다.   따라서 결제금액 변경에 대해 소비자의 동의절차 없이 자동결제되었다면 계약관계가 종료된 것으로 보기 때문에 청구한 사업자 또는 결제대행업체를 통해 해당 금액에 대해 환급을 요구할 수 있습니다.   다만, 사업자의 약관에 따라 자동결제 대금 환급이 어려울 수 있으며, 이러한 피해를 예방하기 위해서는 가입 전 자동결제의 여부, 의무사용 기간 등의 약관 내용을 확인하는 것이 중요합니다. "
443, 미용서비스, 계약해제·해지_위약금 공제_소비자 귀책_개시일 이전,"미용실 회원권 30만원권 구입 후 이용하지 않은 상태에서 환급 요청을 했는데, 사업자가 거부합니다. 환급을 받을 수 있나요?","총이용금액의 10% 공제 후 환급을 요구할 수 있습니다.   공정거래위원회에서 고시한 미용업 관련 「소비자분쟁해결기준」에 의하면 소비자 귀책 사유로 계약해지 시 소비자는 총 이용금액의 10%를 부담하도록 명시하고 있습니다.    따라서, 소비자의 개인 사정으로 미용서비스 정액권 개시일 이전 계약해지 시 총이용금액의 10% 공제 후 환급을 요구할 수 있습니다."
444, 미용서비스, 계약해제·해지_위약금 공제_소비자 귀책_개시일 이후,약 한달 전 네일아트 회원권 30만원 구입 후 이용하고 남아있는 잔액에 대해 환급을 요구하였으나 사업자가 정상금액으로 공제시 잔여금액이 없다는 사유로 환급을 거부합니다. 환급을 요구할 수 있나요?,"이용한 금액과 총이용금액의 10% 공제 후 환급을 요구할 수 있습니다.   「약관의 규제에 관한 법률」 제9조 및 「방문판매 등에 관한 법률」 제31조, 제32조 제1항에서는 소비자의 계약해지권 행사를 제한하는 조항은 무효로 볼 수 있으며 계약 해지시 해지로 인해 발생하는 손실을 현저하게 초과하는 위약금을 청구해서는 아니한다고 규정하고 있습니다.    또한, 공정거래위원회에서 고시한 미용업 관련 「소비자분쟁해결기준」에 의하면 소비자 귀책 사유로 계약해지 시 소비자는 해지일까지의 이용일수에 해당하는 금액과 총 이용금액의 10%를 부담하도록 명시하고 있습니다.    따라서, 소비자의 개인 사정으로 미용서비스 정액권 개시일 이후 계약해지 시 이용한 금액과 총이용금액의 10% 공제 후 환급을 요구할 수 있습니다."
445, 미용서비스, 계약해제·해지_위약금 공제_사업자 귀책_개시일 이전,미용실 VIP서비스 가입을 권유받고 50만원을 현금으로 지급했습니다. 그러나 안내받은 내용과는 다르게 원하는 시간에 시술을 받을 수 없어 사실상 사용이 불가합니다. 환급을 요구할 수 있을까요?,"계약금 전액 환급 및 총 이용금액의 10% 배상을 요구할 수 있습니다. 단, 계약서상 명시된 약정내용 등 중대한 사유가 아닌 경우 사업자의 귀책을 주장하기 어려울 수 있습니다.   공정거래위원회에서 고시한 미용업 관련 「소비자분쟁해결기준」에 의하면 사업자 귀책 사유로 계약해지 시 사업자는 계약금 전액 환급 및 총 이용금액의 10%를 배상하도록 명시하고 있습니다.    따라서, 사업자의 귀책으로 미용서비스 개시일 이전 계약해지 시 계약금 전액 환급 및 총 이용금액의 10% 배상을 요구할 수 있습니다.   다만, 계약서상 명시된 약정내용 등 중대한 사유가 아닌 경우 사업자의 귀책을 주장하기 어려울 수 있습니다."
446, 미용서비스, 계약해제·해지_위약금 공제_사업자 귀책_개시일 이후,네일아트 샵에서 30만원 금액권을 구입하고 자유롭게 이용하던 중 사업자가 패키지가 변경되어 더 이상 속눈썹펌을 시술할 수 없다고 합니다. 저는 속눈썹펌을 시술받기 위해 선불권을 구입했는데 이런 경우에도 환급을 받을 수 있나요?,"해지일까지의 이용일수에 해당하는 금액 공제 후 환급 및 총이용금액의 10% 배상을 요구할 수 있습니다. 단, 계약서상 명시된 약정내용 등의 중대한 사유가 아닌 경우 사업자의 귀책을 주장하기 어려울 수 있습니다.   공정거래위원회에서 고시한 미용업 관련 「소비자분쟁해결기준」에 의하면 사업자 귀책 사유로 개시일 이후 계약해지 시 사업자는 해지일까지의 이용일수에 해당하는 금액 공제 후 환급 및 총 이용금액의 10%를 배상하도록 명시하고 있습니다.    따라서, 사업자의 귀책으로 미용서비스 개시일 이후 계약해지 시 해지일까지의 이용일수에 해당하는 금액 공제 후 환급 및 총이용금액의 10% 배상을 요구할 수 있습니다.   다만, 계약서상 명시된 약정내용 등의 중대한 사유가 아닌 경우 사업자의 귀책을 주장하기 어려울 수 있습니다."
447, 미용서비스, 계약해제·해지_할인 이벤트로 계약거부시,"미용실 선불회원 가입 후 65만원에 상당하는 금액을 50만원으로 할인 이벤트 가격으로 계약하였고, 이 후 개인 사정으로 계약해지를 요구하였습니다. 그러나 사업장에서 이벤트 기간 중 구매한 서비스는 해지가 불가하다는데 환급을 받을 수 없나요?","해지일까지의 이용 일수에 해당하는 금액과 총이용금액의 10% 공제 후 환급을 요구할 수 있습니다.    「약관의 규제에 관한 법률」 제9조 및 「방문판매 등에 관한 법률」 제31조, 제32조 제1항에서는 소비자의 계약해지권 행사를 제한하는 조항은 무효로 볼 수 있으며 계약 해지시 해지로 인해 발생하는 손실을 현저하게 초과하는 위약금을 청구해서는 아니한다고 규정하고 있습니다.    또한 공정거래위원회에서 고시한 미용업 관련 「소비자분쟁해결기준」에 의하면 소비자 귀책 사유로 계약해지 시 소비자는 해지일까지의 이용일수에 해당하는 금액과 총 이용금액의 10%를 부담하도록 명시하고 있습니다.    따라서, 소비자 귀책사유로 미용서비스 계약해지를 한다면 해지일까지의 이용 일수에 해당하는 금액과 총이용금액의 10% 공제 후 환급을 요구할 수 있습니다."
448, 미용서비스, 계약해제·해지_대표자 변경 후 계약해지,사업장을 양도받은 사업자(양수인)에게 계약해지 및 환급을 요청하였으나 대표자가  변경되었다는 이유로 회원권에 대한 환급을 거부합니다. 환급을 받을 수 있나요?,"미용서비스 해지일까지의 이용일수에 해당하는 금액과 총 이용금액의 10% 공제 후 환급을 요구할 수 있습니다.   「상법」 제42조에 따르면 상호를 그대로 사용하는 경우 양도인의 영업으로 인한 제3자의 채권에 대하여 양수인도 변제할 책임이 있다고 규정하고 있습니다.   공정거래위원회에서 고시한 미용업 관련 「소비자분쟁해결기준」 에 의하면 소비자 귀책 사유로 계약해지 시 소비자는 해지일까지의 이용일수에 해당하는 금액과 총 이용금액의 10%를 부담하도록 명시하고 있습니다.   따라서, 대표자가 변경되었다고 하더라도 소비자 귀책으로 계약해지시 공정거래위원회에서 고시한 미용업 관련 「소비자분쟁해결기준」에 따라 소비자는 미용서비스 해지일까지의 이용일수에 해당하는 금액과 총 이용금액의 10% 공제 후 환급을 요구할 수 있습니다."
449, 미용서비스, 계약해제·해지_양도 받은 회원권의 계약해지,친구에게 네일아트 회원권을 양도 받은 후 사업자에게 계약해지 및 환급을 요청하였으나 양도 받은 회원권에 대해 환급을 거부합니다. 환급을 받을 수 있나요?,"미용서비스 해지일까지의 이용일수에 해당하는 금액과 총이용금액의 10% 공제 후 환급을 요구할 수 있습니다.   이용권이란, 이용권에 기명된 자가 해당시설을 이용할 수 있도록 하는 권리증서로 기명식 채권의 일종으로 볼 수 있으며 「민법」 제449조에 따르면 채권의 성질이 양도를 허용하지 아니하는 사정이 없는 한 채권은 양도가 가능하다고 규정하고 있습니다.   공정거래위원회에서 고시한 미용업 관련 「소비자분쟁해결기준」에 의하면 소비자 귀책 사유로 계약해지 시 소비자는 해지일까지의 이용일수에 해당하는 금액과 총 이용금액의 10%를 부담하도록 명시하고 있습니다.   따라서, 양도 회원권을 이용하던 중 소비자의 귀책으로 중도해지시 공정거래위원회에서 고시한 미용업 관련 「소비자분쟁해결기준」에 따라 소비자는 미용서비스 해지일까지의 이용일수에 해당하는 금액과 총이용금액의 10% 공제 후 환급을 요구할 수 있습니다."
450, 미용서비스, 청약철회_신용카드 할부거래_7일 이내 취소,30만원 이상 미용서비스를 신용카드로 할부 결제 후 계약하였는데 개인적인 사유로 7일 이내 사업장을 방문하여 할부계약 청약철회를 요구하였습니다. 그러나 사업장에서 이를 거부하는데 환급이 가능할까요?,"7일 이내이므로 위약금 없이 총 계약대금 전액 환급을 요구할 수 있습니다. 단, 청약철회 의사는 내용증명 우편 등 서면으로 의사표시를 해야 합니다.    「할부거래에 관한 법률」 제8조에 따르면 재화를 공급받은 날부터 7일 이내에는 단순변심이라도 위약금 없이 총 대금 전액 환급이 가능하도록 규정하고 있습니다.    따라서, 소비자의 개인사정으로 인한 청약철회의 경우에도 7일 이내이므로 위약금 없이 총 계약대금 전액 환급을 요구할 수 있습니다.    다만, 「할부거래에 관한 법률」 제8조 제3항에 따라 청약철회 의사는 서면으로 의사표시를 하여야 하므로 사업자에게 서면으로 발송하되, 신용제공자가 있는 경우에 「할부거래법」 제9조 제1항에 의거하여 소비자는 동일한 기간 내에 신용제공자(신용카드회사)에도 철회의 의사표시가 적힌 서면을 발송해야 합니다. 서면은 사후 입증이 가능한 내용증명우편 등을 이용하는 것이 좋으며, 서면으로 발송한 경우에는 발송한 날에 그 효력이 발생합니다."
451, 미용서비스, 청약철회_방문판매_14일 이내 취소,웨딩박람회에서 메이크업 서비스 계약을 체결하였습니다. 그러나 개인적인 사유로 14일 이내 사업장을 방문하여 할부계약 청약철회를 요구하였습니다. 그러나 사업장에서 이를 거부하는데 환급이 가능할까요?,"14일 이내이므로 위약금 없이 총 계약대금 전액 환급을 요구할 수 있습니다.   사업자가 영업장소 외 전시장 등을 단기(3개월 미만) 임차하여 판매하는 경우 방문판매에 해당합니다. 「방문판매등에 관한 법률」 제8조에 따르면 재화를 공급받은 날부터 14일 이내에는 단순변심이라도 위약금 없이 총금액대금 전액 환급이 가능하도록 규정하고 있습니다.   따라서, 소비자의 개인사정으로 인한 청약철회의 경우에도 14일 이내이므로 위약금 없이 총 계약대금 전액 환급을 요구할 수 있습니다.   참고로, 청약철회의 통보는 전화나 우편, 팩스, 이메일 등 모두 가능하지만, 철회기간 내에 청약 철회한 사실을 사업자가 부인하고 소비자가 입증하지 못하면 청약철회를 인정받을 수 없으므로 가능하면 사후입증이 가능한 방법(내용증명 우편 등)으로 하는 것이 좋습니다."
452, 미용서비스, 청약철회_전자상거래_7일 이내 취소,"통신판매중개업체를 통해 미용서비스 선불권을 구입하고 150,000원을 결제하였습니다. 이후 개인적인 사유로 7일 이내 업체에 연락하여 환급을 요구하였습니다. 그러나 사업장에서 이를 거부하는데 환급이 가능할까요?","7일 이내이므로 위약금 없이 총 계약대금 전액 환급을 요구할 수 있습니다.   「전자상거래등에서의 소비자보호에 관한 법률」 제17조에 따르면 통신판매업자와 재화등의 구매에 관한 계약을 체결한 소비자는 계약내용에 관한 서면을 교부받은 날부터 7일, 다만 그 서면을 교부받은 때보다 재화등의 공급이 늦게 이루어진 경우에는 재화등의 공급을 받거나 공급이 개시된 날부터 7일이내 서면에 의해 청약철회를 할 수 있다고 규정하고 있습니다.    따라서, 소비자의 개인사정으로 인한 청약철회의 경우에도 7일 이내이므로 위약금 없이 총 계약대금 전액 환급을 요구할 수 있습니다.   참고로, 청약철회의 통보는 전화나 우편, 팩스, 이메일 등 모두 가능하지만, 철회기간 내에 청약 철회한 사실을 사업자가 부인하고 소비자가 입증하지 못하면 청약철회를 인정받을 수 없으므로 가능하면 사후입증이 가능한 방법(내용증명 우편 등)으로 하는 것이 좋습니다."
453, 미용서비스, 계약불이행_위약금 공제_사업자 귀책_개시일 이전,미용실 VIP서비스 가입을 권유받고 50만원을 현금으로 지급했습니다. 그러나 안내받은 내용과는 다르게 원하는 시간에 시술을 받을 수 없어 사실상 사용이 불가합니다. 환급을 요구할 수 있을까요?,"계약금 전액 환급 및 총 이용금액의 10% 배상을 요구할 수 있습니다. 단, 계약서상 명시된 약정내용 등 중대한 사유가 아닌 경우 사업자의 귀책을 주장하기 어려울 수 있습니다.   공정거래위원회에서 고시한 미용업 관련 「소비자분쟁해결기준」에 의하면 사업자 귀책 사유로 계약해지 시 사업자는 계약금 전액 환급 및 총 이용금액의 10%를 배상하도록 명시하고 있습니다.    따라서, 사업자의 귀책사유로 미용서비스 개시일 이전 계약해지 시 계약금 전액 환급 및 총 이용금액의 10% 배상을 요구할 수 있습니다.   다만, 계약서상 명시된 약정내용 등 중대한 사유가 아닌 경우 사업자의 귀책을 주장하기 어려울 수 있습니다."
454, 미용서비스, 계약불이행_위약금 공제_사업자 귀책_개시일 이후,네일아트 샵에서 30만원 금액권을 구입하고 자유롭게 이용하던 중 사업자가 패키지가 변경되어 더 이상 속눈썹펌을 시술할 수 없다고 합니다. 저는 속눈썹펌을 시술받기 위해 선불권을 구입했는데 해당 경우에도 환급을 요구할 수 있을까요?,"해지일까지의 이용일수에 해당하는 금액 공제 후 환급 및 총이용금액의 10% 배상을 요구할 수 있습니다. 단, 계약서상 명시된 약정내용 등의 중대한 사유가 아닌 경우 사업자의 귀책을 주장하기 어려울 수 있습니다.   공정거래위원회에서 고시한 미용업 관련 「소비자분쟁해결기준」에 의하면 사업자 귀책 사유로 개시일 이후 계약해지 시 사업자는 해지일까지의 이용일수에 해당하는 금액 공제 후 환급 및 총 이용금액의 10%를 배상하도록 명시하고 있습니다.    따라서, 사업자의 귀책으로 미용서비스 개시일 이후 계약해지 시 해지일까지의 이용일수에 해당하는 금액 공제 후 환급 및 총이용금액의 10% 배상을 요구할 수 있습니다.   다만, 계약서상 명시된 약정내용 등의 중대한 사유가 아닌 경우 사업자의 귀책을 주장하기 어려울 수 있습니다."
455, 미용서비스, 계약불이행_사업자 폐업,회원권을 결제하고 이용중이던 네일아트 샵이 폐업한 경우 해결방안이 있나요?,"사업자의 부도·폐업 등으로 연락이 불가능하거나 소재파악이 안 되는 경우 한국소비자원에서 처리가 어렵습니다.   한국소비자원 「소비자불만처리 및 피해구제업무처리규정」에 따르면 피해구제 처리 도중 당사자의 연락불능 등으로 그 처리가 불가능한 것으로 판명된 경우에는 처리절차를 종료하도록 규정하고 있습니다. 따라서 사업자의 부도·폐업 등으로 연락이 불가능하거나 소재파악이 안 되는 경우 한국소비자원에서 처리가 불가합니다.   다만, 신용카드사에 잔여할부금이 남아 있는 경우에는 잔여할부금 지급 거절 내용증명을 우편으로 신용카드사에 발송하는 등 할부항변권을 행사할 수 있으며, 할부항변권 행사가 불가능한 경우에는 사업자 대표 등을 대상으로 민사소송을 제기하여 구제받을 수 있습니다.   할부항변권 행사는 신용카드 할부(20만원, 3회 이상)로 결제한 경우에 한합니다."
456, 미용서비스, 계약불이행_제공된 용역이 계약내용과 다른 경우,뿌리염색 5회를 시술받기로 하고 10만원을 지불했습니다. 2회 이용 후 실제 머리와 다르게 염색되었습니다. 사업자는 다시 염색을 해준다고 하지만 신뢰를 잃어 환급을 받고 싶은데 환급이 가능한가요?,"계약해지를 요구할 수 있으며, 이용횟수에 해당하는 금액을 공제하고 환급을 요구할 수 있습니다.    공정거래위원회에서 고시한 미용업 관련 「소비자분쟁해결기준」에 의하면 제공된 용역이 계약내용과 다른 경우 계약해지(해지일까지의 이용일수 해당금액을 공제한 후 환급)하도록 명시되어 있습니다.    따라서, 약정한 내용과 다르게 이행되었다면 계약해지를 요구할 수 있으며, 이용횟수에 해당하는 금액을 공제하고 환급을 요구할 수 있습니다."
457, 미용서비스, 계약불이행_제공된 용역이 계약내용과 다른 경우,"요청한 미용 시술(염색, 펌, 네일아트 등)과 다르게 시술되었습니다. 또한, 시술 후 상처가 나는 등 신체상 피해가 발생하였습니다. 시술비용 환급과 보상을 받을 수 있나요?","계약해지와 함께 원상회복 및 손해배상을 요구할 수 있습니다. 단, 전문가의 소견 등을 통한 과실 입증이 필요할 수도 있습니다.    공정거래위원회에서 고시한 미용업 관련 「소비자분쟁해결기준」에 의하면 사업자의 제공된 용역이 계약내용과 다른 경우 계약해지(해지일까지의 이용일수 해당금액을 공제한 후 환급)로 명시되어 있으며 또한, 사업자의 과실로 신체상의 피해가 발생한 경우 사업자의 책임하에(사업자가 비용부담) 원상회복하고, 원상회복이 불가능한 경우에는 손해배상하도록 명시되어 있습니다.    따라서, 요청한 내용과 다르게 시술되었으나 사업자의 과실로 신체상의 피해가 발생한 경우 계약해지와 함께 원상회복 및 손해배상을 요구할 수 있습니다.    다만, 미용시술은 시술전 모발상태 등을 고려해야 하므로 사업자가 시술상 과실을 인정하지 않을 경우 시술 전후 자료나 전문가의 소견 등을 통한 과실 입증이 필요합니다."
458, 미용서비스, 가격·요금_할인 이벤트로 계약 후 계약해지 거부,"미용실 선불회원 가입 후 65만원에 상당하는 금액을 50만원으로 할인 이벤트 가격으로 계약하였고, 이 후 개인 사정으로 계약해지를 요구하였습니다. 그러나 사업장에서 이벤트 기간 중 구매한 서비스는 해지가 불가하다는데 환급을 받을 수 없나요?","취소일까지의 이용 일수에 해당하는 금액과 총이용금액의 10% 공제 후 환급을 요구할 수 있습니다.   「약관의 규제에 관한 법률」 제9조 및 「방문판매 등에 관한 법률」 제31조, 제32조제1항에서는 소비자의 계약해지권 행사를 제한하는 조항은 무효로 볼 수 있으며 계약 해지시 해지로 인해 발생하는 손실을 현저하게 초과하는 위약금을 청구해서는 아니한다고 규정하고 있습니다.   따라서, 공정거래위원회에서 고시한 미용업 관련 「소비자분쟁해결기준」에 따라 소비자 귀책으로 계약해지를 한다면 취소일까지의 이용 일수에 해당하는 금액과 총이용금액의 10% 공제 후 환급을 요구할 수 있습니다."
459, 미용서비스, 안전(제품/시설)_부작용,"미용 시술(염색, 펌 등) 후 부작용(모발 손상, 탈모, 두피염, 화상)발생시 손해배상 규정이 어떻게 되나요?","사업자에게 원상회복 및 손해배상을 요구할 수 있습니다. 단. 전문가의 소견 등을 통한 과실 입증이 필요할 수도 있습니다.    공정거래위원회에서 고시한 미용업 관련 「소비자분쟁해결기준」에 의하면 사업자의 과실로 신체상의 피해가 발생한 경우 사업자의 책임하에(사업자가 비용부담) 원상회복하고, 원상회복이 불가능한 경우에는 손해배상 하도록 명시되어 있습니다.    따라서, 사업자의 과실로 신체상의 피해가 발생한 경우 사업자에게 원상회복 및 손해배상을 요구할 수 있습니다.    다만, 미용시술은 시술전 모발상태 등을 고려해야 하므로 사업자가 시술상 과실을 인정하지 않을 경우 시술 전후 자료나 전문가의 소견 등을 통한 과실 입증이 필요합니다."
460, 미용서비스, 약관_할인 이벤트로 계약 후 계약해지 거부,"미용실 선불회원 가입 후 65만원에 상당하는 금액을 50만원으로 할인 이벤트 가격으로 계약하였고, 이 후 개인 사정으로 계약해지를 요구하였습니다. 그러나 사업장에서 이벤트 기간 중 구매한 서비스는 해지가 불가하다는데 환급을 받을 수 없나요?","취소일까지의 이용 일수에 해당하는 금액과 총이용금액의 10% 공제 후 환급을 요구할 수 있습니다.   「약관의 규제에 관한 법률」 제9조 및 「방문판매 등에 관한 법률」 제31조, 제32조제1항에서는 소비자의 계약해지권 행사를 제한하는 조항은 무효로 볼 수 있으며 계약 해지시 해지로 인해 발생하는 손실을 현저하게 초과하는 위약금을 청구해서는 아니한다고 규정하고 있습니다.   따라서, 공정거래위원회에서 고시한 미용업 관련 「소비자분쟁해결기준」에 따라 소비자 귀책으로 계약해지를 한다면 취소일까지의 이용 일수에 해당하는 금액과 총이용금액의 10% 공제 후 환급을 요구할 수 있습니다."
461, 미용서비스, 약관_계약해지 금지 규정,사업자가 계약서 상 ‘회원권 중도해지 불가’ 조항을 근거로 계약해지를 거부하고 있습니다. 계약해지를 할 수 있나요?,"취소일까지의 이용 일수에 해당하는 금액과 총이용금액의 10% 공제 후 환급을 요구할 수 있습니다.   「약관의 규제에 관한 법률」 제9조 및 「방문판매 등에 관한 법률」 제31조, 제32조제1항에서는 소비자의 계약해지권 행사를 제한하는 조항은 무효로 볼 수 있으며 계약 해지시 해지로 인해 발생하는 손실을 현저하게 초과하는 위약금을 청구해서는 아니한다고 규정하고 있습니다.   따라서, 공정거래위원회에서 고시한 미용업 관련 「소비자분쟁해결기준」에 따라 소비자 귀책으로 계약해지를 한다면 취소일까지의 이용 일수에 해당하는 금액과 총이용금액의 10% 공제 후 환급을 요구할 수 있습니다."
462, 방문판매법, 청약철회_전문 판매점 앞 판촉 장소에서 구입한 경우,가전제품 전문 판매점 앞을 지나다가 판매점 앞 인도에 개설된 판촉용 간이 판매대에서 신상품 설명과 시연하는 것을 보고 전기밥솥을 구입하였습니다. 그 후 마음이 변하여 청약철회를 하고자 하는데 가능한가요?,"방문판매 거래에 해당되지 않아 청약철회는 불가할 수 있습니다.   간이 판매대는 판매점(고정된 영업장소)의 부속 판매대로서 판매점에 있는 상품을 판매하기 위한 판촉 장소이고, 판촉활동에 의하여 구매 유인을 받은 소비자는 판매점에서 계약을 체결하여 상품을 구입하는 것입니다. 따라서, 이 경우 「방문판매 등에 관한 법률」 제2조(정의) 제1호에 따라 소비자가 고정된 영업장소 외의 장소에서 청약을 하여 계약한 것으로 볼 수 없으므로 방문판매 거래에 해당되지 않아 청약철회는 불가할 수 있다고 판단됩니다."
463, 방문판매법, 청약철회_별도 판촉행사장에서 구입한 경우,마을회관에 임시 개설된 판촉행사장에서 온풍기를 구입하였는데 필요하지 않아 반품하고자 하니 행사장이 철수한 상태입니다. 반품이 가능한가요?,"해당 물품을 구입한 지 14일 이내라면 사업자에게 청약철회 의사를 통지하면 반품이 가능할 수 있습니다.   물품을 구입한 마을회관의 판촉행사장은 고정된 영업장소가 아니므로 이 사건은 「방문판매 등에 관한 법률」 제2조(정의) 제1호에 따른 방문판매 거래에 해당됩니다.   따라서, 소비자가 해당 물품을 구입한 지 14일 이내라면 사업자에게 청약철회 의사를 통지하면 반품이 가능할 수 있다고 판단됩니다."
464, 방문판매법, 청약철회_광고지를 보고 전화하여 판매원이 방문한 경우,"신문에 끼워온 정수기 광고지를 보고 판매업체에 전화하자 판매원이 집으로 찾아왔습니다. 제품 기능별 가격조건, 서비스 내용, 제품의 장점 등에 대한 설명을 하고 구입을 권유하여 구입계약을 체결하였는데, 그 후 마음이 변하여 청약을 철회하고자 하는데 이런 경우, 청약철회가 가능한가요?","광고에 의해 사업자의 유인을 받은 소비자는 단순히 광고 내용에 대한 문의를 하였는데 사업자가 만나서 자세한 설명을 하겠다면서 소비자를 방문하여 상품을 설명하고 구입을 권유하여 계약을 체결한 것이라면 「방문판매 등에 관한 법률」(이하, ‘방문판매법’) 제2조(정의) 제1호에 따른 방문판매에 해당한다고 볼 수 있으며, ‘방문판매법’ 제8조(청약철회등)에 따른 청약 철회가 가능할 수 있습니다.   반면, 광고지 내용이 단순히 상품 주문을 받기 위한 것으로서 판매업체에 전화하여 광고 내용을 확인한 후 계약체결 의사를 밝히고 상품을 주문하였다면 직원이 집으로 방문하여 계약서를 작성하였다고 하더라도 직원의 방문은 단순히 계약서 작성을 위한 것으로서 이는 통신판매에 해당하여 「전자상거래 등에서 소비자보호에 관한 법률」(이하, ‘전자상거래법’)에 따른 7일의 청약철회 기간이 적용될 수 있습니다.   따라서, 이 사례에서는 ‘전자상거래법’ 제17조(청약철회등)에 따라 계약 내용에 관한 서면을 받은 날부터 7일 이내에 청약 철회가 가능합니다. 다만, 그 서면을 받은 때보다 재화 등의 공급이 늦게 된 경우 재화 등을 공급받거나 재화 등의 공급이 시작된 날부터 7일 이내에 가능할 수 있다고 판단됩니다.   그러나, 만약 소비자에게 책임 있는 사유로 재화 등이 멸실 되거나 훼손된 경우(재화 등의 내용을 확인하기 위하여 포장 등을 훼손한 경우 제외), 소비자의 사용 또는 일부 소비로 재화 등의 가치가 현저히 감소한 경우, 시간이 지나 다시 판매하기 곤란할 정도로 재화 등의 가치가 현저히 감소한 경우 등에는 청약철회 등이 불가할 수 있습니다."
465, 방문판매법, 청약철회_전화를 통해 계약조건 협의 후 직원이 방문하여 계약서 작성한 경우,"케이블 방송사에 전화하여 케이블 TV 시청을 위한 기본 계약기간, 시청료 등 계약조건을 합의한 후 집을 방문한 직원과 계약서를 작성하였습니다. 이 경우 청약철회가 가능한가요?","사업자의 광고 또는 판매원 등에 의한 유인행위 없이 소비자가 자진하여 사업자에게 전화하여 문의하고 계약 의사를 밝혀 계약을 체결하였고, 방송사 직원은 단순히 계약서 작성 및 장비 설치를 위한 방문을 한 것이므로 「방문판매 등에 관한 법률」 제2조(정의) 제1호에 따른 청약철회 등이 가능한 방문판매에 해당한다고 할 수 없어 청약철회 등이 불가할 수 있습니다.   청약철회 등이 가능한 방문판매 또는 전화권유판매 방식의 거래에 해당하는지 여부의 판단기준은 판매자의 상품에 관한 정보제공(청약의 유인) 또는 소비자의 청약이 어디에서 어떤 방식으로 이루어졌는지에 있습니다.   소비자가 고정된 영업장소 외의 장소에서 또는 전화로 청약을 하고 계약을 체결하기로 하였다고 하더라도 이 같은 과정이 사업자의 유인행위 또는 권유 없이 소비자의 자진 의사에 의해 이루어졌다면 설사 계약서 작성이 영업장 외의 장소에서 이루어졌다고 하더라도 이는 방문판매로 보기 어려울 수 있습니다."
466, 방문판매법, 청약철회_경품 당첨 문자를 받고 전화로 계약한 경우,"“경품 당첨! 확인하세요, OOO-OOOO”라는 핸드폰 문자를 받고 안내된 번호로 전화하였습니다. 회원에 가입하면 다양한 서비스를 제공받을 수 있다는 안내를 받고 회원가입 계약을 체결하였는데, 청약철회가 가능한가요?","경품 당첨을 알리면서 전화번호를 안내한 것은 소비자의 전화를 유인한 행위에 해당하며, 소비자가 전화를 하였을 때 회원가입 시의 서비스 내용을 설명하면서 회원가입을 권유한  것은 「방문판매 등에 관한 법률」(이하, ‘방문판매법’) 제2조(정의) 제3호에 따른 청약의 유인 및 구입의 권유에 해당하여 ‘방문판매법’ 상의 청약철회 규정에 의한 철회가 가능할 수 있습니다."
467, 방문판매법, 청약철회_문자메시지를 보고 전화로 계약한 경우,"핸드폰에 문자로 들어온 콘도이용권 광고를 보고 안내된 전화번호로 연락하여 ‘계약체결 즉시 콘도 이용이 가능하다’는 광고 내용을 확인한 후 계약을 체결하였고, 이후 충동구매라고 생각되어 해약을 하고자 하니 이미 10일이 경과하였습니다. 청약철회가 가능한가요?","이 사안에서 계약 방법은 ‘통신판매’ 거래여서 계약서를 받은 날부터 7일(통신판매의 청약철회 기간)이 경과하지 않았다면 청약철회가 가능할 수 있습니다.   「방문판매 등에 관한 법률」 제2조(정의) 제3호에 따르면 전화권유판매란 판매자가 소비자에게 전화를 걸거나 소비자의 전화를 유인하여 전화로 상품정보를 제공하면서 적극적으로 청약을 유인하여 계약을 체결하게 하는 판매행위를 말하며, 통신판매란 청약을 유인하는 내용의 광고를 TV·신문·잡지·핸드폰 문자 등의 방법으로 소비자에게 제공하여 청약을 받는 형태의 판매행위를 말합니다.    따라서, 이 사안에서 계약 방법은 전화권유판매 거래가 아니라 ‘통신판매’ 거래여서 계약서를 받은 날부터 7일(통신판매의 청약철회 기간)이 경과하지 않았다면 청약철회가 가능할 수 있다고 판단됩니다."
468, 방문판매법, 청약철회_농·수·축산물 행상 트럭에서 구입한 경우,아파트 단지에 들어온 차량에서 파와 마늘 등을 구입하였으나 인근 슈퍼보다 가격이 상당히 비싼 것을 확인하여 다음날 반품을 요청하니 이를 거부하고 있는데 이 경우 청약철회가 가능한가요?,"청약철회는 어렵습니다.   「방문판매 등에 관한 법률」(이하, ‘방문판매법’) 제3조(정의) 제3호 및 ‘방문판매법’ 시행령 제6조(법 적용에서 제외되는 거래) 제1호에 따라 판매원이 없는 방문판매업자가 가공되지 아니한 농·수·축·임산물을 판매할 경우는 적용 대상에서 제외하고 있는데, 이는 농어민이 직접 방문판매 하거나 트럭 등으로 여러 곳을 돌아다니면서 과일·채소 등을 판매하는 것까지 규제하는 것은 과도하다는 판단에 따른 것입니다.   따라서, 이 사례에서 청약철회는 어려울 것으로 판단됩니다.   다만, 전문 방문판매업자가 농?수?축?임산물을 포장 등 가공하여 판매하는 경우 방문판매법의 적용이 가능할 수 있습니다."
469, 방문판매법, 청약철회_제과점 운영하는 사업자가 방문판매원으로부터 구입한 경우,제과점을 운영하는 사람이 가게 청소에 쓸 목적으로 방문판매원으로부터 청소기를 구입한 경우 「방문판매 등에 관한 법률」에 따라 청약철회가 가능한가요?,"제과점 사업자가 업소 청소용으로 청소기를 구입한 것은 최종 소비목적은 아닌 것으로 보아야 하나, 「방문판매 등에 관한 법률」(이하, ‘방문판매법’) 제3조(적용 범위) 제1호에 따라 일반 소비자와 같은 조건으로 청소기를 구입하였다면, 소비자와 동등하게 ‘방문판매법’의 보호를 받게 되므로 구입 후 14일 이내에는 청약철회가 가능할 수 있습니다."
470, 방문판매법, 청약철회_부업목적의 자격증 교재를 방문판매로 구입한 경우,부업목적의 자격증 교재(번역사 자격증 취득용 교재 등)를 방문판매로 구입한 경우 청약철회가 가능한가요?,"교재 자체의 용도는 부업목적이 아니라 자격증 취득을 위한 학습용이고, 번역이라는 부업의 업무에 있어서 교재를 이용하는 것이 아니기 때문에 교재 구입자는 최종 소비자에 해당되어 청약철회를 요구할 수 있습니다.   다만, 「방문판매 등에 관한 법률」 제3조(적용 범위) 제1항에 따라 교재에 이익을 붙여 재판매를 하거나 교재를 이용하여 수익 활동을 하는 경우(학원에서 학습교재로 사용하기 위해 교재 대량 구입) 등에 한하여 청약철회가 불가할 수 있습니다."
471, 방문판매법, 청약철회_방문판매로 구입 후 설치 불가능한 제품 반품 요구,"방문판매원의 권유로 고추건조기 구매계약을 체결하고 제품 대금 220만원 중 계약금 30만원을 지급하였으며, 잔액 190만원은 12개월 할부로 납부하기로 하였습니다. 4일 후 제품을 설치하기 위해 사업자가 방문했으나 전기시설 등의 문제로 설치하지 못하였고, 계약체결 6일째에 사업자에게 서면을 발송하여 청약철회 및 계약금 반환을 요청하였는데 대금 환급이 가능한가요?","계약금 환급이 가능할 수 있습니다.   사업자가 그의 영업소 외의 장소에서 소비자에게 권유하여 구매계약의 청약을 받거나 구매계약을 체결하여 고추건조기를 판매한 거래로서 「방문판매 등에 관한 법률」(이하, ‘방문판매법’) 제2호 제1호에 따른 방문판매의 방법으로 체결된 계약에 해당합니다.   ‘방문판매법’ 시행령 제4조(소비자의 범위) 제5호에서는 재화 등을 농업 및 어업활동을 위하여 구입하는 자도 소비자로 규정하고 있으므로 사업자가 제품구매계약을 체결한 후 6일째에 내용증명을 발송한 것은 ‘방문판매법’ 제8조(청약철회등) 제1항 제1호에 따른 신청인의 적법한 청약철회 의사표시로 볼 수 있어 계약금 환급이 가능할 수 있습니다."
472, 방문판매법, 청약철회_판매자와 대금수령자가 다른 경우,"방문판매원과 상품 구매계약을 체결하고 신용카드로 결제하였습니다. 충동구매로 후회가 되어 판매업체와 카드회사에 청약철회를 통보하였으나, 카드회사는 판매업체 상호가 가맹점으로 등록되어 있지 않아 결제 내역을 확인할 수 없다고 하고, 판매자와는 연락이 되지 않습니다. 1개월 후 신용카드대금 청구서를 받아보니 상기 거래와 동일 날짜에 동일 거래금액이 거래 사실이 없는 업체를 가맹점으로 하여 청구되어 있습니다. 처리할 수 있는 방안은 무엇입니까?","「방문판매 등에 관한 법률」 제9조(청약철회등의 효과) 제10항에 따라 판매자와 연락이 안 되면 거래 사실이 없음을 이유로 가맹점과 카드회사에 결제취소를 요구할 수 있으며, 판매자와 상품대금 수령자가 동일인이 아닌 경우 판매자와 대금 수령자가 연대하여 청약철회에 따른 원상회복책임을 져야 하기 때문에 판매자와 연락이 안되는 경우라도 가맹점에 환급을 요구할 수 있습니다.    신용카드가맹점이 신용카드가맹점의 명의를 타인에게 빌려주는 것은 「여신전문금융업법」 제19조(가맹점의 준수사항) 제5항 제4호에서 규정하고 있는 ‘가맹점의 준수사항’을 위반하는 것으로서 1년 이하의 징역 또는 1천만원 이하의 벌금에 처할 수 있으므로 판매자와 가맹점이 환급 의무를 이행하지 않으면 한국소비자원 등의 피해구제기관에 도움을 요청하고, 동시에 형사고발을 진행할 수도 있습니다."
473, 방문판매법, 청약철회_판매자와 대금수령자가 다른 경우,"전화 권유를 받아 콘도이용권 구매계약을 체결하고, 대금은 신용카드로 결제하였습니다. 계약서와 대금결제 영수증을 받은 후 인터넷 해당 업체 사이트에 가보니 소비자들의 불만이 많아 청약을 철회하고자 합니다. 계약서에 기재된 판매자 상호와 대금결제 영수증에 기재된 판매자 상호가 다른데, 어느 업체에 청약철회를 통보하여야 하나요?","판매자와 판매대금을 지급받은 자가 다른 경우 「방문판매 등에 관한 법률」 제9조(청약철회등의 효과) 제10항에 따라 청약철회에 따른 원상회복은 두 개의 업체가 연대하여 책임을 져야 합니다.   따라서, 두 개의 업체에 동시에 요청해도 무방하나, 카드회사에 등록된 가맹점이 대금을 지급받은 자(대금 결제 영수증에 기재된 사업자)이므로 대금을 지급받은 자에게는 반드시 통보하는 것이 환급 업무의 신속한 이행에 도움이 될 수 있습니다."
474, 방문판매법, 청약철회_계약서상 철약철회 기간이 법 규정보다 길 경우,"건강보조식품을 구입하고 받은 계약서에 청약철회 기간이 20일로 규정되어 있어 상품 수령 후 16일째에 청약철회 의사를 통지하였으나 판매업체는 방문판매법상 철회기간 14일이 경과되어 청약철회를 인정할 수 없다고 하는데, 청약철회가 불가능한가요?","당사자 간에 약정한 기간이 법정 철회 기간보다 긴 경우에는 당사자 간 약정한 철회 기간이 적용됩니다.   「방문판매 등에 관한 법률」(이하, ‘방문판매법’) 제8조(청약철회등)에 따른 청약철회 기간은 청약철회가 가능한 최소한의 기간으로서 법정 철회 기간입니다.   따라서, 당사자 간에 별도로 약정한 청약철회 기간이 법정 철회 기간보다 짧은 경우에는 법정 철회 기간이 적용되지만, 당사자간에 약정한 기간이 법정 철회 기간보다 긴 경우는 ‘방문판매법’ 제8조 제1항에 따라 당사자 간 약정한 철회 기간이 적용됩니다."
475, 방문판매법, 청약철회_사업자의 주소 변경으로 청약철회서 반송 시,"방문판매원으로부터 도서를 구입한 다음 날 계약서에 기재된 판매자 주소지로 청약철회서와 도서를 발송하였으나 ‘수신자 이사’를 사유로 반송되었습니다. 시일이 지나 대금납부용 지로용지를 받고 사업자에게 전화하여 청약철회 사실을 들어 반품을 요구하였으나, 사업자는 자신은 청약철회서를 받지 못하였고 현재는 철회 기간이 경과하였음을 들어 대금납부를 요구하고 있습니다. 대금을 납부해야 하는가요?","확인된 주소로 물품을 보내고 대금은 납부하지 않아도 됩니다.   「방문판매 등에 관한 법률」 제8조(청약철회등) 제1항 제2호 다목에 따라 방문판매자 등의 주소 변경 등의 사유로 계약서를 받은 날부터 14일 이내에 청약철회 등을 할 수 없는 경우에 방문판매자 등의 주소를 안 날 또는 알 수 있었던 날부터 14일 이내에 청약철회를 할 수 있으므로, 지로용지 수령일로부터 14일 이내에 청약철회를 할 수 있습니다.   따라서, 확인된 주소로 물품을 보내고 대금은 납부하지 않아도 된다고 판단됩니다."
476, 방문판매법, 청약철회_전화로 반품 요청하던 중 청약철회 기간 경과,방문판매원으로부터 구입한 상품에 대해 수차례 전화로 반품을 요구하였으나 응하지 않다가 청약철회 기간이 경과하자 기간 경과를 이유로 반품을 거부하고 있는데 전화에 의한 청약철회는 효과가 없나요?,"전화로 반품 요청한 사실을 입증할 수 있는 녹취록(파일) 등이 있으면 청약철회가 가능할 수 있습니다.   청약철회의 통보는 전화나 우편, 팩스, 이메일 등 모두 가능하지만, 철회 기간 내에 청약 철회한 사실을 사업자가 부인하고 소비자가 입증하지 못하면 청약철회를 인정받을 수 없으므로 가능하면 사후 입증이 가능한 방법(내용증명 우편 등)으로 하는 것이 필요합니다.   ※ 청약철회 기간 내에는 반품 요구, 환급 요구, 계약취소 요구, 해약 요구 등도 청약철회의 의사표시로 인정될 수 있으며, 내용증명 우편 등 서면에 의해 청약철회를 하는 경우에는  「방문판매 등에 관한 법률」 제8조(청약철회등) 제4항에 따라 서면을 발송한 날에 철회의 효력이 발생합니다.   따라서, 전화로 반품 요청한 사실을 입증할 수 있는 녹취록(파일) 등이 있으면 청약철회가 가능할 수 있다고 판단됩니다."
477, 방문판매법, 청약철회_청약철회 기간 내 발송하였으나 기간 경과 후 배달,"방문판매업자와 가스레인지 구입계약을 체결하고, 대금 중 일부를 지급하였습니다. 제품을 신뢰하기 어려워 계약일로부터 14일째 되는 날 반품 의사를 서면으로 통지하였으나 판매업체는 철회 기간이 경과한 후 도착되어 철회를 해줄 수 없다고 하는데 어떻게 해야 하나요?","청약철회가 가능한 기간 내에 청약철회서를 발송하였다면 청약철회를 인정받을 수 있습니다.   「방문판매 등에 관한 법률」 제8조(청약철회등) 제4항에 따르면 청약철회권 행사는 일반 민사 원칙과는 달리 발신주의를 택하고 있습니다.   따라서, 청약철회가 가능한 기간 내에 청약철회서를 발송하였다면 청약철회를 인정받을 수 있다고 판단됩니다."
478, 방문판매법, 청약철회_내용물 확인 위해 포장 훼손 시,"방문판매원이 최신 디지털 음반을 값싸게 판매한다면서 들려주는 샘플음반을 듣고 구입하였습니다. 그러나 계약서와 함께 음반 박스를 받아 포장을 뜯어 보니 몇개를 제외하고는 대부분 흘러간 노래로 포장을 원상회복한 후 사업자에게 청약철회를 통보하였으나, 사업자는 포장 개봉을 이유로 청약철회를 인정할 수 없다고 하는데 청약철회가 불가능한가요?","포장 박스만 개봉하였을 뿐 낱개 포장을 개봉하지 아니하였다면 음반의 복제가 불가능하였으므로, 청약철회를 요구할 수 있습니다.   「방문판매 등에 관한 법률」(이하, ‘방문판매법’) 제8조(청약철회등) 제2항 제4호에 따르면 흔적 없이 복제가 가능한 음반이나 소프트웨어 등에 대하여 포장이 훼손된 상태에서의 청약철회를 인정하면 복제 후 반품할 위험이 있기 때문에 복제가 가능한 상태로 개봉되면 청약철회를 인정하지 않습니다.   다만, 포장 박스만 개봉하였을 뿐 낱개 포장을 개봉하지 아니하였다면 음반의 복제가 불가능하였으므로, ‘방문판매법’ 제8조 제2항 제4호의 복제할 수 있는 재화 등의 포장을 훼손한 경우에 해당하지 않는다고 할 수 있어 청약철회를 할 수 있습니다.    또한, 낱개 포장을 개봉하였더라도 ‘방문판매법’ 제8조 제5항에 따라 방문판매원이 음반의 포장을 훼손한 경우에는 청약철회를 할 수 없다는 사실을 재화 등의 포장이나 그 밖에 소비자가 쉽게 알 수 있는 곳에 분명하게 표시하는 등의 방법으로 청약철회의 권리행사가 방해받지 아니하도록 조치를 하지 않은 경우에는 청약철회를 할 수 있습니다."
479, 방문판매법, 청약철회_소비자의 과실로 물품 일부 훼손 시,방문판매원으로부터 구입한 도서에 대하여 실수로 박스에 쏟은 물이 안쪽으로 스며들어 책의 일부가 물에 젖었으나 표시가 크게 나지 않아 사업자에게 반송하였으나 훼손되어 반품을 받을 수 없다고 하는데 청약철회가 불가능한가요?,"「방문판매 등에 관한 법률」 제8조(청약철회등) 제2항에 제1호에 따라 소비자에게 책임 있는 사유로 물품이 멸실 또는 훼손된 경우에 해당하여 사업자가 인정하지 않으면 청약철회를 요구할 수 없습니다.   그러나, 세트를 구성하고 있는 일부 부분품만 훼손되고, 그 훼손된 부분만 교체하면 재판매가 가능한 상태로 복원이 가능한 경우에는 훼손된 부분의 비용을 소비자가 부담하는 조건으로 반품할 수 있도록 사업자와 협의가 가능하다고 판단됩니다."
480, 방문판매법, 청약철회_판매자의 권유로 물품 훼손 시,방문판매원이 살충제를 판매하면서 사용해볼 것을 권유하여 사용해보았습니다. 이후 청약철회 의사를 밝혔으나 판매원이 제품 훼손을 이유로 거부하고 있는데 사업자의 청약철회 거부가 정당한가요?,"청약철회 요구가 가능합니다.   판매원이 소비자에게 적극적으로 살충제를 사용해볼 것을 권유하였거나, 판매원이 직접 개봉하여 사용하였다면 포장을 뜯어 살충제를 사용하였다는 사실만으로 「방문판매 등에 관한 법률」(이하, ‘방문판매법’) 제8조(청약철회등) 제2항 제1호의 재화 등이 멸실 또는 훼손된 경우에 해당한다고 볼 수 없고, ‘방문판매법’ 제8조 제2항 제2호의 재화 등의 가치가 현저하게 낮아진 경우에 해당한다고 볼 수 없으며, 또한 살충제는 ‘방문판매법’ 제8조 제2항 제4호의 복제할 수 있는 재화 등에 해당한다고 볼 수도 없으므로 청약철회가 가능합니다.    판매원이 소비자에게 살충제를 사용해 볼 것을 권유하였음에도 제품 훼손을 이유로 청약 철회를 거부하는 것은 ‘방문판매법’ 제11조(금지행위) 제1항 제2호에 따른 기만적 방법을 사용하여 청약철회를 방해하는 행위에 해당되어 2년 이하의 징역 또는 5천만원 이하의 벌금에 처할 수 있습니다."
481, 방문판매법, 청약철회_1회 사용한 청소기 반품 시,"방문판매원이 소파나 카펫에 있는 진드기까지 말끔히 빨아들인다는 청소기를 보여줘 판매원의 시험용 제품을 사용해보고 제품을 구입하였습니다. 판매원이 돌아간 후 구입한 제품이 시험용 제품과 같은 성능일까 의문이 들어 포장을 뜯어 사용해 보았으나 성능에 비하여 가격이 너무 비싸다는 생각이 들어 반품하고 싶은데, 한번 사용한 제품도 반품이 가능한가요?","「방문판매 등에 관한 법률」(이하, ‘방문판매법’) 제8조(청약철회등) 제2항 제1호에 따르면 소비자가 재화 등을 사용하거나 일부 소비하여 그 가치가 현저하게 낮아진 경우 방문판매자 등의 의사와 다르게 청약철회를 할 수 없다고 규정되어 있으며, 가치가 낮아지는 경우에 대한 판단은 개별 사안에 따라 판단되어야 합니다.   다만, ‘방문판매법’ 제8조 제5항에 따라 방문판매자 등이 제품의 1회 사용만으로도 제품의 가치가 현저히 낮아지므로 청약철회 등을 할 수 없다는 사실을 재화 등의 포장이나 그 밖에 소비자가 쉽게 알 수 있는 곳에 분명하게 표시하는 등의 방법으로 청약철회의 권리행사가 방해받지 않도록 조치를 하지 아니한 경우에는 소비자가 청약철회를 할 수 있습니다."
482, 방문판매법, 청약철회_미성년자가 사용한 음반 세트,미성년자가 방문판매원의 권유로 보호자의 동의 없이 음악 CD를 구입하고 구입 후 CD 몇개를 개봉한 경우에 청약철회가 가능한가요?,"「방문판매 등에 관한 법률」 제8조(청약철회등) 제2항 제4호에 따라 복제가 가능한 음반은 방문판매로 구입한 경우라도 낱개 포장이 개봉된 상태에서는 청약의 철회가 제한되지만, 「민법」 제5조(미성년자의 능력)에 따라 미성년자가 보호자의 동의 없이 구입한 경우는 본인 또는 법정대리인 등에 의해 계약취소가 가능하고, 「민법」 제141조(취소의 효과)에 따라 CD세트는 현 상태로 반품하면 됩니다."
483, 방문판매법, 청약철회_주문 제작한 커튼,이사할 아파트 청소 작업 중 집으로 방문한 판매사원이 커튼의 종류와 디자인 샘플을 제시하면서 제작을 권유하였습니다. 마음에 드는 샘플을 선택하여 제작을 주문하였다가 마음이 변하여 다음 날 해약을 요청하였더니 사업자는 주문 제작이고 이미 제작이 시작되었다는 이유로 해약요청을 거절하였습니다. 계약 시 해약이 되지 않는다는 설명도 없었는데 청약철회가 가능한가요?,"주문 제작 계약의 청약철회 또는 계약해제가 가능한지 여부는 「방문판매 등에 관한 법률」(이하, ‘방문판매법’) 제8조(청약철회등) 제2항 및 ‘방문판매법’ 시행령 제12조(청약철회등의 제한)에 따라   ① 청약의 철회 또는 계약의 해제를 인정하는 경우 사업자에게 회복할 수 없는 중대한 피해가 예상되는지   ② ①의 경우에 사전에 당해 거래에 대하여 청약철회 또는 계약해제가 제한된다는 사실을 고지하고 소비자의 서면(전자문서포함) 동의를 받았는지에 따라 판단합니다.   이 사례에서 커튼의 종류와 디자인을 전적으로 소비자가 선택한 것이 아니라 판매자가 제시한 샘플 중에서 선택한 것이어서 완전 주문 제작으로 볼 수 없고, 설사 계약이 해제된다고 하더라도 제작품의 판매가 불가능한 것으로 볼 수 없어 사업자에게 회복할 수 없는 중대한 피해가 예상된다고 보기 어렵습니다.   또한, 계약 시 판매원이 청약철회나 계약해제가 제한된다는 사실을 소비자에게 고지하여 동의를 받은 것도 아니어서 사업자의 해약 거절은 정당하다고 할 수 없습니다."
484, 방문판매법, 청약철회_방문판매 사업자의 책임 회피,"방문판매원의 권유로 심야전기보일러를 597만원에 구입하기로 계약하고 계약금 50만원을 현금으로 지급하였습니다. 충동구매가 후회되어 계약 다음날 계약을 취소하고자 했으나 판매원과 연결되지 않아 청약철회 및 계약금 환급요구서를 판매업체에 보냈습니다. 판매업체는 판매원과 해결하라고만 하고 판매원과는 계속하여 연락이 되지 않는데, 어떻게 해야 하나요?","방문판매 또는 전화 권유 판매의 방법으로 재화 등의 구매에 관한 계약을 체결한 소비자는  청약철회를 할 수 있는데, 청약철회의 권리는 원칙적으로 계약의 당사자인 판매업체를 상대로 행사하여야 합니다.   「방문판매 등에 관한 법률」 제9조(청약철회등의 효과) 제10항에 따라 판매업체 및 방문판매원은 청약철회에 따른 재화 등의 대금 환급과 관련한 의무의 이행에 있어서 연대하여 책임을 집니다."
485, 방문판매법, 청약철회_원상회복 비용,"방문판매원과 스포츠센터 6개월 이용계약을 체결하면서 사은품으로 골프화와 골프장갑, 운동복 등을 받았습니다. 10일 정도 이용 후 해약을 요청하자 스포츠센터는 사은품을 이미 사용하였으니 이용 잔액에서 사은품 가격과 위약금을 공제하겠다고 합니다. 스포츠센터의 주장에 따르면 사은품 가격과 위약금 및 해약시까지의 이용료 합계가 이용 잔액과 같아 사실상 환급받을 금액이 거의 없는데, 스포츠센터의 주장이 정당한가요?","스포츠센터 이용개시 약정일은 재화 등의 공급이 시작된 날이므로 「방문판매등에 관한 법률」(이하, ‘방문판매법’) 제8조(청약철회등) 제1항에 따라 위 약정일로부터 14일 이내에 청약철회를 할 수 있고, ‘방문판매법’ 제8조 제1항에 따른 청약철회에 해당하므로 스포츠센터는 소비자에게 청약철회를 이유로 위약금 또는 손해배상을 청구할 수 없습니다.   이 사은품은 스포츠센터 이용계약에 따라 소비자가 스포츠센터로부터 공급받은 재화이므로, ‘방문판매법’ 제9조(청약철회등의 효과) 제1항에 따라 소비자는 스포츠센터에게 사은품을 반환해야 하고, ‘방문판매법’ 제9조 제8항, ‘방문판매법’ 시행령 제16조(재화등이 일부 소비된 경우의 비용 청구 범위) 제1항 제1호에 따라 스포츠센터는 이미 위 사은품이 사용 또는 일부 소비된 경우에는 그 사은품의 사용 또는 일부 소비에 의하여 소비자가 얻은 이익 또는 위 사은품의 재판매가 곤란하거나 재판매가격이 현저히 하락하는 경우에는 위 사은품의 공급에 든 비용의 지급을 소비자에게 청구할 수 있습니다."
486, 방문판매법, 청약철회_원상회복 비용,"방문판매원과 정수기 임차계약을 계약기간 1년으로 체결하고 사용한지 일주일만에 정수기의 물이 넘쳐 나와 온돌마루 일부가 손상되었습니다. 즉시 판매업체에 상황을 알리고 손상된 온돌마루에 대한 손해배상 요구 및 계약취소를 통보하였으나 판매업체는 계약을 취소하는 경우 계약취소까지의 임차료 및 위약금이 발생하여 손해배상 여지가 없다고 하는데, 판매업체의 주장이 정당한가요?","계약취소 통보 시점이 청약철회 기간(14일) 이내로 이 경우의 「방문판매 등에 관한 법률」(이하, ‘방문판매법’) 제9조(청약철회등의 효과) 제9항에 따라 계약취소는 청약철회의 의사표시로 볼 수 있어 소비자는 위약금을 지급할 필요가 없지만, ‘방문판매법’ 제9조 제8항에 따라 판매업체는 소비자가 청약철회 전 사용에 의하여 얻은 이익에 상당하는 대가 (임차료)를 소비자에게 청구할 수 있습니다.   따라서, 손상된 온돌마루 복구 비용이 판매업체가 청구하는 임차료(청약철회일까지의 임차료)보다 많으면 온돌마루 복구 비용에서 임차료를 감액한 금액을 사업자에게 청구할 수 있다고 판단됩니다. 청약철회일까지의 임차료는 월 임차료를 사용일수만큼 일할 계산한 금액이고, 손상된 온돌마루에 대한 손해배상 금액은 원상회복에 소요되는 실손해액입니다."
487, 방문판매법, 청약철회_방문판매 계약서 교부사실의 입증책임,"학교 강의실에서 선배라며 자격증에 대한 안내와 함께 교재 구입을 권유하여 구입 신청을 하였습니다. 그런데 나중에 학교 선배가 아님을 알고 교재에 대한 신뢰감도 잃게 되어 계약을 철회하고 싶었습니다. 그러나, 계약서를 받지 않아 판매처의 주소를 알 수 없어 철회하지 못하고 있던 중 한 달 정도 지나서 판매처에서 교재 대금이 청구 되었습니다. 대금청구서를 받고 바로 내용증명으로 사업자에게 통보하자 계약 당시 계약서를 교부하였다고 주장합니다. 계약서를 받은 기억이 없는데, 어떻게 해야 하나요?","「방문판매 등에 관한 법률」(이하, ‘방문판매법’) 제36조(특수판매업자의 입증책임) 제1항에 따라 방문·전화권유·다단계판매·계속거래·사업권유거래에서 계약의 체결 여부 또는 계약서 교부 여부 등에 대한 다툼이 있는 경우 사업자가 계약체결 사실 또는 계약서 교부사실을 입증하여야 합니다.   따라서, 사업자에게 계약서 교부사실의 입증을 요구하고, 입증하지 못하면 ‘방문판매법’ 제8조(청약철회등) 제1항 및 제17조 제1항의 규정에 의거 주소를 안 날 또는 알 수 있었던 날(이 사례의 경우 대금청구서 수령일)부터 14일 이내에 청약철회를 하고 반품이 가능합니다."
488, 방문판매법, 청약철회_물품 배송 사실의 입증,"방문판매원과 정기간행물 1년 구독 계약을 체결하고 구독료는 매월 간행물에 동봉된 지로용지로 납부하기로 하였습니다. 간행물이 첫 달부터 오지 않아 잊고 있던 중 4개월이 지나서야 간행물이 지로용지와 함께 배달되었는데, 지로용지는 4개월 간행물 대금과 연체료를 청구하는 것이었습니다. 사업자는 지로용지가 동봉된 간행물을 매월 빠지지 않고 보냈다고 주장하면서 연체료를 포함한 미납구독료의 납부를 요구하고 있는데 청약철회가 가능한가요?","「방문판매 등에 관한 법률」 제36조(특수판매업자의 입증책임) 제1항에 따라 판매자는 간행물을 구독자가 정상적으로 수령할 수 있게 배달하고, 배달 사실을 증명하여야 합니다.   따라서, 사업자가 지로용지가 동봉된 간행물을 매월 빠지지 않고 보냈다는 주장을 증명하지 못하면, 간행물이 4개월이 지난 시점에서야 공급된 것으로 인정할 수밖에 없으므로 소비자는 간행물을 공급받은 날로부터 14일 이내에 청약철회를 할 수 있습니다."
489, 방문판매법, 청약철회_전화로 신청한 무료체험 제품,제품을 1주일 무료 사용 후 구입 여부를 결정할 수 있는 이벤트에 참여하라는 전화를 받고 참여를 신청하여 제품을 수령하였습니다. 포장을 뜯지 않고 보관하던 중 제품가격을 송금하지 않으면 연 33%의 연체료를 부과한다는 문자를 받았습니다. 구입 의사가 없음을 통보하고자 문자를 보낸 핸드폰 번호로 수차례 연락을 시도했으나 연결이 안되던 중 판매자가 대금청구서를 보내왔는데 제품가격을 지급해야 하나요?,"이 사례의 계약은 「방문판매 등에 관한 법률」(이하, ‘방문판매법’) 제2조(정의) 제3호에서 규정하고 있는 전화권유판매에 해당하는 것으로 보입니다.   전화권유판매 방법을 통해 재화를 구매한 소비자는 ‘방문판매법’ 제8조(청약철회등) 제1항에 근거하여 재화 등을 공급받은 날부터 14일 이내에 사업자에게 청약철회를 요구할 수 있습니다. 따라서, 이 경우 소비자가 동법에서 규정하는 기간 내에 사업자에게 청약철회 의사를 표시하였다면 사업자의 대금 청구를 거절할 수 있습니다. "
490, 방문판매법, 청약철회_인터넷교육서비스 의무 수강기간으로 환급 거부한 계약 건 청약철회 요구,"자녀의 인터넷교육서비스 1년 계약을 체결하였지만, 수강 시작 전 개인적인 사정으로 해지를 요청했더니 사업자가 6개월은 수강 의무 사용기간이라며 위약금을 청구합니다. 위약금 공제 없이 환급은 어려운가요?","위약금 없는 계약해지를 요구할 수 있습니다.   이 사례의 계약은 「방문판매 등에 관한 법률」(이하, ‘방문판매법’) 제2조(정의) 제10호에 따른 ‘계속거래(1개월 이상에 걸쳐 계속적으로 또는 부정기적으로 재화 등을 ‘공급’하는 계약으로써 중도에 해지할 경우 대금 환급의 제한 또는 위약금에 관한 약정이 있는 거래)’에 해당되어 ‘방문판매법’ 제31조(계약의 해지)에 따라 언제든지 중도해지가 가능합니다.   또한, 의무 사용기간 동안 환불이 불가하다는 것은 「약관의 규제에 관한 법률」 제9조(계약의 해제·해지) 제1호에 따라 무효로 볼 수 있어 의무 사용기간 동안 계약해지 및 환급 불가라는 점은 인정되지 않습니다.   따라서, 이 경우 청약철회 기간 내 해지 의사를 밝혔으므로 위약금 없는 계약해지를 요구할 수 있다고 판단됩니다."
491, 방문판매법, 청약철회_판매 목적으로 구입한 상품,친구의 권유로 다단계 판매업체 교육을 받은 후 판매업체로부터 500만원 상당의 물품을 구입하였습니다. 판매가 쉽지 않고 물품 대금상환 부담이 커서 반품하고 싶은데 반품이 가능한가요?,"다단계판매업자로부터 상품을 최초로 구입한 자는 소비자로 인정되어 14일 이내에 청약철회가 가능할 것으로 보입니다.   「소비자기본법」과 「방문판매 등에 관한 법률」(이하, ‘방문판매법’)에서 ‘소비자’를 ‘사업자가 제공하는 물품 또는 용역(시설물 포함)을 소비생활을 위하여 사용 또는 이용하는 자’로 규정하고 있어서 다단계판매원은 이러한 소비자의 범주에 포함되지 않지만, ‘방문판매법’ 시행령 제4조(소비자의 범위) 제3호에서는 예외적으로 ‘다단계판매원이 되고자 다단계판매업자로부터 재화 등을 최초로 구매한 자’에게도 소비자의 지위를 부여하고 있습니다.    ‘방문판매법’ 제4조(다른 법률과의 관계) 제1항에 따르면 ‘방문판매법’과 다른 법률의 적용이 경합하는 경우에는 ‘방문판매법’을 우선 적용하도록 규정하고 있어 한국소비자원의 피해구제 서비스 등 소비자로서의 보호를 받을 수 있습니다.    따라서, 다단계판매업자로부터 상품을 최초로 구입한 자는 소비자로 인정되어 14일 이내에 청약철회가 가능할 것으로 판단됩니다.   다만, ‘방문판매법’ 제17조(청약철회등) 제2항에 따르면 ‘다단계판매원으로 등록한 자가 다단계판매의 방법으로 판매 목적의 상품을 구입한 경우(다단계판매원 등록을 위한 최초 구매가 아닌) 다단계판매원의 청약철회 기간 3개월이 적용되며, 소비자의 지위가 아니어서 한국소비자원의 피해구제 서비스 등 소비자로서의 보호를 받을 수 없습니다."
492, 방문판매법, 계약해지_헬스장 이용권 계약해지 요구,헬스장을 이용하던 중 개인 사정으로 사업자에게 이용권 환급을 요구했습니다. 사업자는 계약 당시 납부하지 않은 입회금과 부가가치세를 공제하겠다고 주장하는데 어떻게 해야 하나요?,"‘계속거래 등의 해지·해제에 따른 위약금 및 대금의 환급에 관한 산정기준’ 제4조 내지 제6조에 근거하여 산정된 금액의 환급을 요구할 수 있습니다.   이 사례의 계약은 「방문판매 등에 관한 법률」(이하, ‘방문판매법’) 제2조(정의) 제10호에 따른 ‘계속거래(1개월 이상에 걸쳐 계속적으로 또는 부정기적으로 재화 등을 ‘공급’하는 계약으로써 중도에 해지할 경우 대금 환급의 제한 또는 위약금에 관한 약정이 있는 거래)’에 해당하고, ‘방문판매법’ 제32조(계약해지 또는 해제의 효과와 위약금 등) 제1항에 따르면 계속거래업자 등은 자신의 책임이 없는 사유로 계속거래 등의 계약이 해지 또는 해제된 경우 소비자에게 해지 또는 해제로 발생하는 손실을 현저하게 초과하는 위약금을 청구하여서는 아니 되고, 가입비나 그 밖에 명칭에 상관없이 실제 공급된 재화 등의 대가를 초과하여 수령한 대금의 환급을 부당하게 거부하여서는 아니 된다고 규정하고 있습니다.   따라서, 공정거래위원회가 고시한 ‘계속거래 등의 해지·해제에 따른 위약금 및 대금의 환급에 관한 산정기준’ 제4조 내지 제6조에 근거하여 산정된 금액 환급을 요구할 수 있다고 판단됩니다."
493, 방문판매법, 계약해지_요가 중도 계약 해지 시 환급 불가하다고 계약서에 명시한 경우,"요가 6개월 이용권을 계약 후 414,000원을 결제하였습니다. 7일 후 개인 사정으로 사업자에게 계약해지 및 잔여 대금 환급을 요구하였으나 사업자는 계약 당시 환급이 불가하다고 계약서에 명시하였으므로 환급이 불가하다고 합니다. 이 경우 환급을 받지 못하나요?","‘계속거래 등의 해지·해제에 따른 위약금 및 대금의 환급에 관한 산정기준’ 제4조 내지 제6조에 근거하여 산정된 금액의 환급을 요구할 수 있습니다.   이 사례의 계약은 「방문판매 등에 관한 법률」(이하, ‘방문판매법’) 제2조(정의) 제10호에 따른 ‘계속거래(1개월 이상에 걸쳐 계속적으로 또는 부정기적으로 재화 등을 ‘공급’하는 계약으로써 중도에 해지할 경우 대금 환급의 제한 또는 위약금에 관한 약정이 있는 거래)’에 해당하고, ‘방문판매법’ 제31조(계약의 해지)에 따라 소비자는 계약 기간 중 언제든지 계약을 해지할 권리가 있으며, 이 경우 사업자는 ‘방문판매법’ 제32조(계약 해지 또는 해제의 효과와 위약금 등)에 따라 계약 해지에 따른 환급의 의무가 있습니다. 또한, 당사자 간 작성한 계약서 약관에 해당 내용이 기재되어 있고, 소비자가 동의한 사실이 있었더라도 ‘방문판매법’ 제52조(소비자 등에게 불리한 계약의 금지)에 의해 효력이 없습니다.   따라서, 공정거래위원회가 고시한 ‘계속거래 등의 해지·해제에 따른 위약금 및 대금의 환급에 관한 산정기준’ 제4조 내지 제6조에 근거하여 산정된 금액 환급을 요구할 수 있다고 판단됩니다."
494, 방문판매법, 계약해지_방문판매로 구입한 콘도회원권(리조트회원권),소비자는 방문판매 영업사원을 통해 추가 비용과 별도의 입회비 없이 향후 20년간 이용할 수 있는 콘도회원권을 계약하며 298만원 신용카드 10개월 할부로 결제하였습니다. 이후 소비자는 사업자에게 계약의 내용이 다르다는 이유로 계약해지 및 환급을 요구하였으나 사업자는 환급을 거절하고 있습니다. 환급을 받을 수 있나요?,"위약금 10%와 계약해지 요구일까지의 이용료를 공제한 잔여금액의 환급을 요구할 수 있습니다.   이 사례의 계약은 「방문판매 등에 관한 법률」(이하, ‘방문판매법’) 제2조(정의) 제10호에 따른 ‘계속거래(1개월 이상에 걸쳐 계속적으로 또는 부정기적으로 재화 등을 ‘공급’하는 계약으로써 중도에 해지할 경우 대금 환급의 제한 또는 위약금에 관한 약정이 있는 거래)’에 해당하고, ‘방문판매법’ 제31조(계약의 해지)에 따라 소비자는 계약 기간 중 언제든지 계약을 해지할 권리가 있으며, 이 경우 사업자는 ‘방문판매법’ 제32조(계약 해지 또는 해제의 효과와 위약금 등)에 따라 계약 해지에 따른 환급의 의무가 있습니다. 또한, 당사자 간 작성한 계약서 약관에 해당 내용이 기재되어 있고, 소비자가 동의한 사실이 있었더라도 ‘방문판매법’ 제52조(소비자 등에게 불리한 계약의 금지)에 의해 효력이 없습니다.   또한, 공정거래위원회가 고시한 체육시설업, 레저용역업 및 할인회원권업 관련 ‘소비자분쟁해결기준’에 따르면 다음과 같이 환급 규칙을 규정하고 있습니다.   ㅇ 소비자의 귀책 사유로 인한 계약해제    - 개시일 이전 : 총이용금액의 10% 공제 후 환급    - 개시일 이후 : 취소일까지의 이용 일수에 해당하는 금액과 총이용금액의 10% 공제 후 환급   따라서, 위약금 10%인 298,000원과 계약해지 요구일까지의 이용료(1일 이용료 408원)를 공제한 잔여금액의 환급을 요구할 수 있다고 판단됩니다."
495, 방문판매법, 다단계판매업 후원수당_후원수당 항목 구성,"다단계판매원을 준사원으로 대우하고, 영업활동과 관련하여 발생하는 교통범칙금 및 과태료의 일부를 지원하며, 체력단련비, 가족수당 등 복리비용을 지급하는 경우 이 지원금이 후원수당에 포함되나요?","영업활동 결과(하위판매원들에 대한 조직관리 및 교육훈련실적, 다단계판매원 자신 및 하위 판매원들의 상품 판매 실적 등)에 따라 또는 영업활동을 장려하거나 보상하기 위한 것으로 볼 수 있어 후원수당에 포함됩니다.   보다 구체적인 사항은 직접판매공제조합(02-566-1202) 또는 한국특수판매공제조합(02-2058-0831~8)을 통해 문의 가능합니다."
496, 방문판매법, 다단계판매업_강연회 참가비 징수에 대한 법 적용 여부,다단계판매회사와 직접적인 관련이 없는 자가 다단계판매기법을 소개하는 강연회를 개최하면서 참가비로 5만원을 징수하였을 경우 방문판매법상 “부담을 지게 하는 행위”에 해당하나요?,"강연회의 주최자 혹은 참가비 징수자가 다단계판매자가 아니라면 ‘방문판매법’이 직접 적용되지 않습니다.   단, 다단계판매자가 판매원들에게 해당 강연회에 강제적으로 참석하도록 했다면 ‘방문판매법’ 위반의 소지가 있습니다.   보다 구체적인 사항은 직접판매공제조합(02-566-1202) 또는 한국특수판매공제조합(02-2058-0831~8)을 통해 문의 가능합니다."
497, 사진촬영, 계약해제_1회이상_개시전_사업자귀책,웨딩스냅사진을 계약하고 전액을 신용카드로 결제하였습니다. 갑자기 사업자 사정으로 전날 계약해제를 통보받았는데 손해배상을 받을 수 있을까요? ,"결제대금 환급 및 총 요금의 10%의 금액 배상을 요구할 수 있습니다. 단,?당사자 간?체결한 약정에?계약불이행에?따른?손해배상에?대해?규정하고?있는?경우?당사자 간?약정에?따릅니다.   사진현상 및 촬영업 관련 「소비자분쟁해결기준」에 따라 1회 이상 촬영하는 기념사진의   사업자 귀책 사유로 계약해지를 할 때, 사진 촬영 개시 이전 계약해제를 통보한다면    사업자는 계약금 환급 및 총 요금의 10%를 배상하도록 규정되어 있습니다.   따라서 결제대금 환급 및 총 요금의 10%의 금액 배상을 요구해 볼 수 있습니다.   단,?당사자간?체결한?약정에?계약불이행에?따른?손해배상에?대해?규정하고?있는?경우?당사자 간?약정에?따릅니다."
498, 사진촬영, 계약해제_1회이상_개시후_사업자귀책,"웨딩스튜디오 촬영과 야외촬영, 예식 스냅사진을 계약하고 전액을 신용카드로 결제하였습니다. 스튜디오 촬영을 완료하고, 사업자 사정으로 남은 계약은 이행이 어렵다며 계약해제를 통보받았는데 어떻게 해야 하나요?","결제 대금 환급 및 촬영한 사진의 원판을 요구할 수 있습니다. 단,?당사자 간?체결한 약정에계약불이행에?따른?손해배상에?대해?규정하고?있는?경우?당사자 간?약정에?따릅니다.   사진현상 및 촬영업 관련 「소비자분쟁해결기준」에 따르면 사업자 귀책 사유로 계약해지를 할 때, 사진 촬영 개시 이후 계약해제 통보한다면 사업자는 계약금 환급 및 촬영한 사진 원판을 제공한다고 규정되어 있습니다.   따라서 결제 대금 환급 및 촬영한 사진의 원판을 요구해 볼 수 있습니다.   단,?당사자간?체결한?약정에?계약불이행에?따른?손해배상에?대해?규정하고?있는?경우?당사자 간?약정에?따릅니다.※ 디지털 방식의 사진 원판은 보정된 최종 수정 파일을 원판이라고 합니다."
499, 사진촬영, 계약해제_1회이상_개시전_소비자귀책,"산후조리원 제휴업체에서 50일 기념사진을 무료로 촬영해준다고 하여 스튜디오에서 사진을 촬영하고 성장앨범(100일, 6개월, 돌사진)을 계약하였습니다. 50일 사진 원판을 보니 사진이 맘에 들지 않아 성장앨범 계약해지를 요구하였더니 계약서에 있는 과도한 위약금을 요구합니다. 위약금을 지급해야 하나요?","총 요금의 10% 내에서 사업자에게 위약금액 조정을 요구할 수 있습니다.   「약관의 규제에 관한 법률」 제8조에 따르면 고객에게 부당하게 과중한 손해배상의 의무를 부담시키는 약관조항은 무효로 규정하고 있습니다.현재 50일 기념사진은 무료로 진행되었고, 100일 사진부터 시작되는 성장앨범은 개시 이전으로 볼 수 있습니다. 사진현상 및 촬영업 관련 「소비자분쟁해결기준」에 따라 1회 이상 촬영하는 기념사진의  소비자 귀책 사유로 계약해제 할 때, 사진 촬영 개시 이전 계약해제 통보한다면 소비자는 총 요금의 10%를 부담하도록 규정되어 있습니다. 따라서 사업자에게 위약금액 조정을 요구해 볼 수 있습니다.※ 비용을 이미 수수한 경우에는 사업자가 이미 수수한 비용에서 소비자 부담액을 공제한 나머지 금액을 소비자에게 환급하여야 합니다."
500, 사진촬영, 계약해제_1회이상_개시후_소비자귀책,성장앨범 패키지 계약하고 만삭 사진을 찍었습니다. 사진 퀄리티가 맘에 들지 않아 계약해지를 요구하였으나 만삭 사진을 찍었으니 계약서대로 계약해지가 불가하다고 주장합니다. 환급을 받을 수 있을까요?,"계약서의 약관조항이 무효라고 판단된다면, 해지가 가능하며, 총금액의 10% 내에서 사업자에게 위약금액 조정을 요구해 볼 수 있습니다.   원칙적으로는 당사자 사이에 체결된 계약의 내용에 따라야 하기에, 우선 당사자 간 체결한 계약서 검토가 필요합니다.   「약관의 규제에 관한 법률」 제8조에 따르면 고객에게 부당하게 과중한 손해배상의 의무를 부담시키는 약관조항은 무효로 규정하고 있는 바, 개별 사정에 대한 검토가 필요합니다.   당사자 간 체결한 계약서에 따라 사업자의 요구가 과중하다 볼 수 없고, 이를 근거로 위약금을 청구한다면 부당하다고만 단정하기는 어렵습니다.   계약서의 약관조항이 무효라고 판단된다면, 사진현상 및 촬영업 관련 「소비자분쟁해결기준」을 권고의 기준으로 적용해 볼 수 있습니다.   현재 만삭 사진을 촬영하였기에 성장앨범은 개시 후로 볼 수 있습니다.   사진현상 및 촬영업 관련 「소비자분쟁해결기준」에 따라 1회 이상 촬영하는 기념사진 계약을 소비자 귀책 사유로 계약해지를 할 때, 사진 촬영 개시 이후 계약해지 통보한다면 소비자는 기 촬영된 단계 비용 및 잔금의 10%를 부담하도록 규정되어 있습니다. 단, 미제작된 앨범 가격은 소비자 부담 대상이 아닙니다. 따라서 사업자에게 위약금액 조정을 요구해 볼 수 있습니다※ 계약서상 단계별 촬영 비용이 기재되어 있지 않은 경우에는 아래와 같이 비용을 산정합니다.환급금 : 기 촬영단계 횟수 / 총 단계 횟수 × 총 요금 "
501, 사진촬영, 계약해제_이벤트당첨_촬영 전,페이스북으로 가족사진 무료 촬영 이벤트 당첨을 알려와 촬영노쇼비용 예약금으로 3만원을 송금했습니다. 사정상 취소를 요구했는데 예약금 환급을 거부하고 있습니다. 예약금을 환급받을 수 있나요?,"총 요금의 10% 내에서 사업자에게 위약금액 조정을 요구할 수 있습니다.   원칙적으로는 당사자 사이에 체결된 계약의 내용에 따라야 하기에, 우선 당사자 간 체결한 계약서 검토가 필요합니다.   「약관의 규제에 관한 법률」 제8조에 따르면 고객에게 부당하게 과중한 손해배상의 의무를 부담시키는 약관조항은 무효로 규정하고 있는 바, 개별 사정에 대한 검토가 필요합니다.   당사자 간 체결한 계약서에 따라 사업자의 요구가 과중하다 볼 수 없고, 이를 근거로 위약금을 청구한다면 부당하다고만 단정하기는 어렵습니다.   계약서의 약관조항이 무효라고 판단된다면, 사진현상 및 촬영업 관련 「소비자분쟁해결기준」을 권고의 기준으로 적용해 볼 수 있습니다.   사진현상 및 촬영업 관련 「소비자분쟁해결기준」에 따라 1회 이상 촬영하는 기념사진의 소비자 귀책 사유로 촬영 전에 계약해지를 할 때, 소비자는 총 요금의 10% 부담으로 규정되어 있으므로 위약금 조정을 요구해 볼 수 있습니다."
502, 사진촬영, 계약해제_이벤트당첨_촬영 후,SNS를 통해 가족사진 무료 촬영이 당첨되어 촬영 후 사업자가 고액의 앨범 및 액자 계약을 해야지만 원본 제공이 가능하며 그렇지 않으면 바로 원본을 삭제한다고 하여 계약서를 작성하였습니다. 이후 사업자에게 앨범과 액자 제작 계약해제를 요구하니 거절당했습니다. 계약해제가 가능한가요?,"총 요금의 10% 내에서 사업자에게 위약금액 조정을 요구할 수 있습니다.   원칙적으로는 당사자 사이에 체결된 계약의 내용에 따라야 하기에, 우선 당사자 간 체결한 계약서 검토가 필요합니다.   「약관의 규제에 관한 법률」 제6조에 따르면 신의성실의 원칙을 위반하여 공정성을 잃은 약관 조항은 무효이며, 고객에게 부당하게 불리한 조항, 고객의 계약의 거래 형태 등 관련된 모든 사정에 비추어 예상하기 어려운 조항은 공정성을 잃은 것으로 추정한다고 규정하고 있는 바, 개별 사정에 대한 검토가 필요합니다.   당사자 간 체결한 계약서에 따라 사업자의 요구가 과중하다 볼 수 없고, 이를 근거로 위약금을 청구한다면 부당하다고만 단정하기는 어렵습니다.   계약서의 약관조항이 무효라고 판단된다면, 사진현상 및 촬영업 관련 「소비자분쟁해결기준」을 권고의 기준으로 적용해 볼 수 있습니다.사진현상 및 촬영업 관련 「소비자분쟁해결기준」에 따라 1회 이상 촬영하는 기념사진의 소비자 귀책 사유로 촬영 후 계약해지를 할 때, 소비자는 기 촬영된 단계의 비용과 총 요금의 10% 부담으로 규정되어 있습니다. 단, 미제작된 앨범가격은 소비자 부담 대상이 아닙니다.   따라서 사업자에게 위약금 조정을 요구해 볼 수 있습니다."
503, 사진촬영, 청약철회_방문판매_박람회계약_14일이내,박람회에서 스튜디오 촬영 계약하고 예약금 40만원을 결제했습니다. 다른 더 좋은 업체를 찾아서 계약해지를 요구하니 7일이 지났다며 계약해제를 거부합니다. 예약금을 환급받을 수 있나요?,"위약금 없이 총 계약대금 전액 환급을 요구할 수 있습니다.   「방문판매 등에 관한 법률」 제2조에 따르면 사업장 외 장소에서 소비자에게 권유하여 계약을 체결하여 판매하는 경우 방문판매로 규정하고 있습니다. 따라서 박람회에서 체결된 계약은 「방문판매법」을 적용할 수 있습니다. 동법 제8조에 따르면 계약서 공급받은 날부터 14일 이내에는 청약철회가 가능합니다.   따라서, 소비자의 개인사정으로 인한 청약철회의 경우에도 14일 이내이므로 위약금 없이 총 계약대금 전액 환급을 요구할 수 있습니다.참고로, 청약철회의 통보는 전화나 우편, 팩스, 이메일 등 모두 가능하지만, 철회기간 내에 청약 철회한 사실을 사업자가 부인하고 소비자가 입증하지 못하면 청약철회를 인정받을 수 없으므로 가능하면 입증이 가능한 방법(내용증명 우편 등)으로 하는 것이 좋습니다."
504, 사진촬영, 청약철회_할부거래_7일이내,산후조리원과 제휴된 업체에서 할인 적용을 받아 성장앨범 150만원을 카드 할부 결제하였습니다. 성급하게 결정한 것 같아 다음날 취소를 요구하였더니 거부당했습니다. 계약해제가 가능한가요?,"위약금 없이 총 계약대금 전액 환급을 요구할 수 있습니다.   「할부거래에 관한 법률」 제8조에 따르면 소비자는 계약서를 받은 날부터 7일, 계약서를 받은 날보다 재화 공급이 늦어진 경우에는 재화등을 공급받은 날부터 7일이내 청약철회를 할 수 있다고 규정되어 있습니다.   따라서, 소비자의 개인사정으로 인한 청약철회의 경우에도 7일 이내이므로 위약금 없이 총 계약대금 전액 환급을 요구할 수 있습니다.「할부거래법」 제8조 제3항에 따라 청약철회 의사는 서면으로 의사표시를 하여야 하므로 사업자에게 서면으로 발송하되, 신용제공자가 있는 경우에 「할부거래법」 제9조 제1항에 의하면 소비자는 동일한 기간 내에 신용제공자(신용카드회사)에도 철회의 의사표시가 적힌 서면을 발송해야 합니다. 서면은 입증이 가능한 내용증명우편 등을 이용하는 것이 좋으며, 서면으로 발송한 경우에는 발송한 날에 그 효력이 발생합니다.   단, 할부거래란 신용카드로 20만원 이상 3개월 이상으로 나누어 결제하는 경우에 한합니다."
505, 사진촬영, 청약철회_전화권유판매_14일이내,00시에서 지원하는 무료 가족사진 촬영 이벤트 당첨이 되었다고 전화 연락을 받고 예약금 3만원을 요구받아 입금하였습니다. 온라인으로 검색하니 촬영 후 과도한 비용을 요구하는 사기임을 확인하고 당일 바로 취소요청을 했으나 예약금은 환급이 안 된다고 합니다. 환급을 받을 수 있나요?,"계약서를 공급받은 날부터 14일 이내에 청약철회가 가능하며, 예약금 환급을 요구할 수 있습니다.   「방문판매 등에 관한 법률」 제2조에 따르면 전화를 이용하여 소비자에게 권유하거나 전화 회신을 유도하는 방법으로 재화 등을 판매하는 것을 전화권유판매라고 규정하고 있습니다. 따라서 전화 권유로 체결된 계약은 「방문판매법」을 적용할 수 있습니다. 동법 제8조에 따르면 계약서 공급받은 날부터 14일 이내에는 청약철회가 가능하며 예약금 환급을 요구할 수 있습니다.   참고로, 청약철회의 통보는 전화나 우편, 팩스, 이메일 등 모두 가능하지만, 철회기간 내에 청약 철회한 사실을 사업자가 부인하고 소비자가 입증하지 못하면 청약철회를 인정받을 수 없으므로 가능하면 입증이 가능한 방법(내용증명 우편 등)으로 하는 것이 좋습니다."
506, 사진촬영, 청약철회_전자상거래_7일이내,온라인으로 제주도 스냅사진을 예약 후 전액을 결제하였습니다. 스냅촬영예정일에 날씨가 흐린 것을 확인 후 예약취소를 요청했는데요. 사업자가 환급이 안된다고 공지했기 때문에 취소를 거부당했습니다. 환급이 가능한가요?,"결제 후 7일이 지나지 않았다면, 사업자에게 청약철회를 요구할 수 있습니다.   「전자상거래 등에서의 소비자보호에 관한 법률」 제17조에 따르면 소비자는 계약서를 받은 날부터 7일, 계약서를 받은 날보다 재화 공급이 늦어진 경우에는 재화등을 공급받은 날부터 7일이내 청약철회를 할 수 있다고 규정되어 있습니다.따라서 결제 후 7일이 지나지 않았다면 사업자에게 청약철회를 요구해 보실 수 있습니다.참고로, 청약철회의 통보는 전화나 우편, 팩스, 이메일 등 모두 가능하지만, 철회기간 내에 청약 철회한 사실을 사업자가 부인하고 소비자가 입증하지 못하면 청약철회를 인정받을 수 없으므로 가능하면 입증이 가능한 방법(내용증명 우편 등)으로 하는 것이 좋습니다."
507, 사진촬영, 계약불이행_현상 과정 하자,필름 인화를 의뢰하였는데 인화중 필름이 망가져 인화할 수 없어졌습니다. 손해배상을 요구할 수 있나요?,영수증 등 촬영에 든 비용에 대한 증빙자료를 확보하시어 사업자에게 손해배상을 요구할 수 있습니다.   사진현상 및 촬영업 관련 「소비자분쟁해결기준」에 따르면 하자 없이 촬영한 필름 인화 의뢰 시 현상 과정에서의 하자로 정상적인 사진 인화가 불가하면 사진 촬영 시 소요된 비용 및 손해배상으로 규정되어 있습니다.   따라서 영수증 등 촬영에 든 비용에 대한 증빙자료를 확보하시어 사업자에게 손해배상을 요구해 볼 수 있습니다.
508, 사진촬영, 계약불이행_멸실,하와이 신혼여행에서 찍은 스냅사진이 사업자의 잘못으로 사진이 소실되었습니다. 손해배상을 받을 수 있을까요?,"사업자에게 계약금 환급 및 손해배상 등을 요구할 수 있습니다.   「민법」 ?제 390조에 따르면 채무자가 채무의 내용에 좇은 이행을 하지 않을 때는 채권자는 손해배상을 청구할 수 있다고 규정되어 있습니다. 또한 사진현상 및 촬영업 관련 「소비자분쟁해결기준」에 따르면 촬영 의뢰한 사진 및 비디오의 멸실 또는 상태가 불량할 경우, 계약금 환급 및 손해배상을 청구할 수 있습니다.   따라서 사업자에게 손해배상을 요구해 볼 수 있습니다. "
509, 사진촬영, 계약불이행_예식사진_상태불량,예식장 스냅 촬영 수정본 및 원본을 받아서 확인하던 중 촬영물 초점이 맞지 않는 사진이 다량 발견되는 등 품질이 매우 떨어져 이의제기하였으나 사업자는 보정을 해주겠다고 합니다. 이미 원본이 문제가 있어 보정으로 해결하기 어려워 보이는데 환급을 받을 수 있나요?,"계약금 환급 및 손해배상을 청구할 수 있습니다.   사진현상 및 촬영업 관련 「소비자분쟁해결기준」에 따르면 촬영 의뢰한 사진 및 비디오의 멸실 또는 상태가 불량할 경우, 계약금 환급 및 손해배상을 청구할 수 있습니다.   또한 예식업 관련 「소비자분쟁해결기준」에 의하면, 촬영 의뢰한 사진이 멸실 또는 상태 불량일 경우 소비자가 주요 사진의 전부 또는 일부의 재촬영을 원하는 경우에는 사업자 자신의 비용부담으로 재촬영하되 전부를 재촬영하는 경우에는 이에 추가하여 촬영요금 (이하 계약에서 정한 촬영 요금)을 소비자에게 지급하며, 주요 사진의 일부만을 재촬영하는 경우에는 촬영요금의 배액을 지급하라고 되어 있습니다. 또한 소비자가 주요 사진의 재촬영을 원하지 않는 경우에는 사업자는 촬영요금의 3배액을 소비자에게 지급하라고 되어 있기에 배상을 요구할 수 있습니다.   ※ 단, 주요 사진이라 함은 주례 사진, 신랑 · 신부 양인 사진, 신부 독사진, 양가 부모 사진, 가족사진, 친구 사진을 의미함."
510, 사진촬영, 계약불이행_카메라 수리,캠코더를 대여하여 쓰던 중 떨어뜨려 고장이 났습니다. 사업자에게 이를 알리고 반납하니 수리 비용에 수리 중 대여를 하지 못하는 비용까지 청구받았습니다. 비용을 지급해야 하나요?,"비용 조정을 요구해 볼 수 있습니다. 단, 당사자 간?별도로 체결한?약정에 손해배상을 규정하고?있는?경우 조정이 어려울 수 있습니다.  사진현상 및 촬영업 관련 「소비자분쟁해결기준」에 따르면 사업자의 카메라 대여 시 소비자의 과실로 인한 카메라 손상 부분에 대한 수리 비용 과다 청구 시 손상된 부분의 부품대 및 원자재 비용만 부담으로 규정되어 있습니다.  따라서 과도한 비용을 요구받았다면 위 규정대로 비용 조정을 요구해 볼 수 있습니다.   단,?당사자 간?별도로 체결한?약정에 손해배상을 ?규정하고?있는?경우?당사자 간?약정이 우선 적용될 수 있으므로, 사업자가 약관에 근거하여 위약금을 청구한다면, 이를 부당하다고 단정하기는 어려움이 있습니다."
511, 사진촬영, 계약불이행_원판 인도 요구,사진관에서 여권 사진을 촬영하였습니다. 인화된 사진을 받았으나 나중에 다시 뽑을 수 있도록 필름 또는 이메일로 사진 파일을 요구하였으나 원래 제공하지 않는다며 거부당했습니다. 사진 파일을 받을 수 있나요?,"사전에 계약된 내용이 없다면 인도를 요구해 볼 수 있습니다.   사진현상 및 촬영업 관련 「소비자분쟁해결기준」에 따르면 사업자가 소비자의 촉탁에 의해 대가를 받고 촬영한 증명사진 및 기념사진 백일, 돌, 입학, 졸업, 회갑 등)의 원판 (광학방식의 필름원판, 디지털방식의 사진 파일 포함)의 인도를 요구한 경우에는 사전 계약에 의하되, 계약이 없는 경우에는 아래와 같이 규정되어 있습니다.    1. 광학 방식의 필름 원판은 소비자에게 인도   2. 디지털 방식의 파일을 소비자에게 인도하되, 인도에 소요되는 재료비(공CD, 공디스켓 등) 등 실비는 소비자 부담으로 할 수 있음.   따라서 사전에 계약된 내용이 없다면 인도를 요구해 볼 수 있습니다.   단, 사진 원판의 인도 시 저작권은 양도되지 않으며, 사업자의 사진 원판 보관 시 보관기간은 1년에 한합니다. "
512, 사진촬영, 계약불이행_촬영 인원 시간 불이행,"예식 스냅 촬영을 별도로 계약을 하였습니다. 계약 시 촬영기사 2명이 와서 영상과 사진을 담기로 했으나 1명이 왔고, 그마저도 40분이 늦어져 일부 과정은 스냅을 찍지도 못하였습니다. 사업자는 계약을 이행했다며 환급을 거부하는데 전액 환급이 가능한가요?","전액 환급을 요구하기는 어려우나, 약정했던 계약상 주요 사항을 사업자의 과실로 이행하지 않은 서비스에 대하여 일부 환급을 요구할 수 있습니다.   「민법」?제390조에 따르면 채무자가 채무의 내용에 좇은 이행을 하지 않을 때는 채권자는 손해배상을 청구할 수 있다고 규정되어 있습니다. 단, 채무자의?고의나?과실 없이?이행할?수?없게?된?때에는?그러하지?아니합니다. 또한, 동법 제393조에 따라 채무불이행으로 인한 손해배상은 통상의 손해를 그 한도로 한다고 규정되어 있습니다.계약이 불완전 이행되었다고 하더라도 계약 일부는 이행되었기에 전액 환급을 요구하기는 어려워 보입니다. 단, 약정했던 계약상 주요 사항을 사업자의 과실로 이행하지 않은 서비스에 대하여 일부 환급을 요구해 볼 수 있습니다.   먼저, 계약서상에 촬영기사 인원 및 촬영 시작 시각이 명시되었는지 확인하시고, 사업자의 과실을 증빙할 수 있는 자료를 모아 일부 환급을 요구해 보시기 바랍니다."
513, 사진촬영, 계약불이행_제품 미제공,결혼식 DVD 촬영상품을 계약하고 촬영을 마쳤습니다. 영상편집은 3개월정도 걸린다고 하였으나 5개월이 지난 지금도 받지 못하고 있습니다. 손해배상을 요구할 수 있을까요? ,"사업자에게 손해배상을 요구할 수 있습니다.    「민법」?제390조에 따르면 채무자가 채무의 내용에 좇은 이행을 하지 않을 때는 채권자는 손해배상을 청구할 수 있고, 동법 제393조에 따라 채무불이행으로 인한 손해배상은 통상의 손해를 그 한도로 한다고 규정되어 있습니다.    또한 사진현상 및 촬영업 관련 「소비자분쟁해결기준」에 따르면 촬영 의뢰한 사진 및 비디오의 멸실 또는 상태가 불량할 경우, 계약금 환급 및 손해배상을 청구할 수 있습니다. 따라서 계약당시 작업 기간 또는 계약이행 기간을 정하였음에도 불구하고 정한 기한 안에 사업자가 이행하지 않는 경우 손해배상을 요구해 보실 수 있습니다. "
514, 사진촬영, 계약불이행_사업자 폐업,온라인으로 계약한 여행 스냅 회사가 폐업하였습니다. 해결방안이 있나요?,"사업자의 부도·폐업 등으로 연락이 불가능하거나, 소재파악이 안 되는 경우 한국소비자원에서 처리가 어렵습니다.   한국소비자원 「소비자불만처리 및 피해구제업무처리규정」에 따르면 피해구제 처리 도중 당사자의 연락불능 등으로 그 처리가 불가능한 것으로 판명된 경우에는 처리절차를 종료하도록 규정하고 있습니다. 따라서 사업자의 부도·폐업 등으로 연락이 불가능하거나 소재파악이 안 되는 경우 한국소비자원에서 처리가 불가합니다.   만약 신용카드사에 잔여할부금이 남아 있는 경우에는 잔여할부금 지급 거절 내용증명을 우편으로 신용카드사에 발송하는 등 할부항변권을 행사할 수 있으며, 할부항변권 행사가 불가능한 경우에는 사업자 대표 등을 대상으로 민사소송을 제기하여 구제받을 수 있습니다.   단, 할부항변권은 신용카드 할부(20만원, 3회 이상)로 결제한 경우에 한합니다."
515, 사진촬영, 품질_촬영미흡,"바디프로필 사진을 찍었으나 촬영 중 포즈 디렉팅도 받지 못하고, 촬영본을 받아보니 소품도 정리되지 않은 채 사진이 찍혀 전체적으로 사진 촬영 품질도 만족스럽지 않습니다. 손해배상을 요구할 수 있나요?","품질이 만족스럽지 않다는 것은 주관적인 내용이므로 손해배상 및 전액 환급은 어려우나, 사업자에게 계약이행(재촬영 또는 재보정) 또는 일부 환급을 요구해볼 수 있습니다.   사진현상 및 촬영업 관련 「소비자분쟁해결기준」에 따르면 촬영 의뢰한 사진 및 비디오의 멸실 또는 상태가 불량할 경우, 계약금 환급 및 손해배상을 청구할 수 있습니다.   이 건의 경우 먼저 포즈 디렉팅이 계약된 내용에 제공되는 서비스였는지 확인이 필요합니다.   또한 품질이 만족스럽지 않다는 것은 주관적인 내용이므로 이를 근거로 손해배상을 청구하기는 어려움이 있습니다.   계약이 불완전 이행되었다고 하더라도 계약 일부는 이행되었기에 전액 환급을 요구하기는 어려워 보이며, 사업자에게 계약이행(재촬영 또는 재보정) 또는 불완전 이행으로 일부 환급을 요구해 보시기 바랍니다."
516, 사진촬영, 품질_예식사진_품질미흡,예식장 스냅 촬영 수정본 및 원본을 받아서 확인하던 중 촬영물 초점이 맞지 않는 사진이 다량 발견되는 등 품질이 매우 떨어져 이의제기하였으나 사업자는 보정을 해주겠다고 합니다. 이미 원본이 문제가 있어 보정으로 해결하기 어려워 보이는데 환급을 받을 수 있나요?,"계약금 환급 및 손해배상을 청구할 수 있습니다.   사진현상 및 촬영업 관련 「소비자분쟁해결기준」에 따르면 촬영 의뢰한 사진 및 비디오의 멸실 또는 상태가 불량할 경우, 계약금 환급 및 손해배상을 청구할 수 있습니다.   또한 예식업 관련 「소비자분쟁해결기준」에 의하면, 촬영 의뢰한 사진이 멸실 또는 상태 불량일 경우 소비자가 주요 사진의 전부 또는 일부의 재촬영을 원하는 경우에는 사업자 자신의 비용부담으로 재촬영하되 전부를 재촬영하는 경우에는 이에 추가하여 촬영요금 (이하 계약에서 정한 촬영 요금)을 소비자에게 지급하며, 주요 사진의 일부만을 재촬영하는 경우에는 촬영요금의 배액을 지급하라고 되어 있습니다. 또한 소비자가 주요 사진의 재촬영을 원하지 않는 경우에는 사업자는 촬영요금의 3배액을 소비자에게 지급하라고 되어 있기에 배상을 요구할 수 있습니다.   ※ 단, 주요 사진이라 함은 주례 사진, 신랑 · 신부 양인 사진, 신부 독사진, 양가 부모 사진, 가족사진, 친구 사진을 의미함."
517, 사진촬영, 품질_촬영보정 미흡,증명사진을 찍었는데 증명사진 파일을 받아보니 머리카락이 흰 셔츠 옷깃에 붙어있는 것을 발견하였습니다. 사업자는 보정작업에 제가 발견하지 못하였다며 환급을 거부합니다. 환급을 받을 수 있나요?,"전액 환급을 요구하기는 어려우나, 계약이행(재촬영 또는 재보정)을 요구할 수 있습니다.    정상적으로 촬영되었으나 보정작업 문제라 수정할 수 있다면, 사업자가 계약을 일부 이행했기에 전액 환급을 요구하기는 어려워 보입니다.   따라서 사업자에게 계약이행(재촬영 또는 재보정)을 요구해보시기 바랍니다. "
518, 사진촬영, 품질_잘못된 규격 인화,비자와 영주권용 사진 촬영 후 인화된 사진을 봤는데 보정을 이상하게 하고 영주권용 사진은 규격과 다른 크기로 인화해서 사용할 수가 없습니다. 손해배상 가능한가요?,"의뢰한 규격에 맞게 재인화를 하거나 계약금 환급을 요구할 수 있습니다. 단, 보정이 이상하다는 것은 주관적인 내용이므로 손해배상 청구는 어렵습니다.   사진현상 및 촬영업 관련 「소비자분쟁해결기준」에 따르면 촬영 의뢰한 사진 및 비디오의 멸실 또는 상태가 불량할 경우, 계약금 환급 및 손해배상을 청구할 수 있습니다. 따라서 영주권용 사진으로 촬영을 의뢰했음에도 규격을 맞지 않게 인화를 했다면 의뢰한 규격에 맞게 재인화를 하거나 계약금 환급을 요구할 수 있습니다.단, 보정이 이상하다는 것은 주관적인 내용이므로 이를 근거로 손해배상을 청구하기는 어려움이 있습니다."
519, 사진촬영, 약관_계약해제 금지 규정,성장앨범 패키지 계약을 하고 만삭사진을 찍었습니다. 사진 퀄리티가 맘에 들지 않아 계약해지를 요구하였으나 만삭사진을 찍었으니 계약서대로 계약해지가 불가하다고 주장합니다. 계약해지가 가능한가요?,"계약서의 약관조항이 무효라고 판단된다면, 해지가 가능하며, 총금액의 10% 내에서 사업자에게 위약금액 조정을 요구해 볼 수 있습니다.   원칙적으로는 당사자 사이에 체결된 계약의 내용에 따라야 하기에, 우선 당사자 간 체결한 계약서 검토가 필요합니다.   「약관의 규제에 관한 법률」 제8조에 따르면 고객에게 부당하게 과중한 손해배상의 의무를 부담시키는 약관조항은 무효로 규정하고 있는 바, 개별 사정에 대한 검토가 필요합니다.   당사자 간 체결한 계약서에 따라 사업자의 요구가 과중하다 볼 수 없고, 이를 근거로 위약금을 청구한다면 부당하다고만 단정하기는 어렵습니다.   계약서의 약관조항이 무효라고 판단된다면, 사진현상 및 촬영업 관련 「소비자분쟁해결기준」을 권고의 기준으로 적용해 볼 수 있습니다.   현재 만삭 사진을 촬영하였기에 성장앨범은 개시 후로 볼 수 있습니다.    사진현상 및 촬영업 관련 「소비자분쟁해결기준」에 따라 소비자 귀책 사유로 계약해지를 할 때, 사진 촬영 개시 이후 계약해제 통보한다면 소비자는 기 촬영된 단계 비용 및 잔금의 10%를 부담하도록 규정되어 있습니다. 단, 미제작된 앨범 가격은 소비자가 부담하지 아니하며, 앨범 가격은 사업자가 입증해야합니다.    따라서 해지가 가능하며, 사업자에게 위약금액 조정을 요구해 볼 수 있습니다.    ※ 계약서상 단계별 촬영 비용이 기재되어 있지 않은 경우에는 아래와 같이 비용을 산정합니다.    환급금 : 기 촬영단계 횟수 / 총 단계 횟수 × 총 요금 "
520, 사진촬영, 약관_과도한 위약금,"산후조리원 제휴업체에서 50일 기념사진을 무료로 촬영해준다고 하여 스튜디오에서 사진을 촬영하고 성장앨범(100일, 6개월, 돌사진)을 계약하였습니다. 50일 사진 원판을 보니 사진이 맘에 들지 않아 성장앨범 계약해지를 요구하였더니 계약서에 있는 과도한 위약금을 요구합니다. 계약서상 위약금을 지급해야 하나요?","계약서의 약관조항이 무효라고 판단된다면, 총금액의 10% 내에서 사업자에게 위약금액 조정을 요구해 볼 수 있습니다.   원칙적으로는 당사자 사이에 체결된 계약의 내용에 따라야 하기에, 우선 당사자 간 체결한 계약서 검토가 필요합니다.   「약관의 규제에 관한 법률」 제8조에 따르면 고객에게 부당하게 과중한 손해배상의 의무를 부담시키는 약관조항은 무효로 규정하고 있는 바, 개별 사정에 대한 검토가 필요합니다.   당사자 간 체결한 계약서에 따라 사업자의 요구가 과중하다 볼 수 없고, 이를 근거로 위약금을 청구한다면 부당하다고만 단정하기는 어렵습니다.   계약서의 약관조항이 무효라고 판단된다면, 사진현상 및 촬영업 관련 「소비자분쟁해결기준」을 권고의 기준으로 적용해 볼 수 있습니다.   현재 50일 기념사진은 무료로 진행되었고, 100일 사진부터 시작되는 성장앨범은 개시 이전으로 볼 수 있습니다.    사진현상 및 촬영업 관련 「소비자분쟁해결기준」에 따라 소비자 귀책 사유로 계약해지를 할 때, 사진 촬영 개시 이전 계약해제 통보한다면 소비자는 총 요금의 10%를 부담하도록 규정되어 있습니다. 따라서 사업자에게 위약금 조정을 요구할 수 있습니다.    ※ 비용을 이미 수수한 경우에는 사업자가 이미 수수한 비용에서 소비자 부담액을 공제한 나머지 금액을 소비자에게 환급합니다."
521, 사진촬영, 표시·광고_가격 상이,온라인으로 금액을 확인하고 핸드폰으로 찍은 사진 인화를 신청했습니다. 인화된 사진을 직접 찾으러 가니 안내된 요금에서 추가 요금을 요구합니다. 허위광고로 신고가 가능한가요?,"사업자에게 추가 비용에 대한 환급을 요구할 수 있습니다.    「전자상거래 등에서의 소비자 보호에 관한 법률」 제20조에는 거짓 또는 과장된 사실을 알리거나 기만적 방법을 사용하여 소비자를 유인 또는 소비자와 거래하는 행위를 하여서는 아니된다 라고 규정되어 있습니다.   따라서 사업자에게 추가 비용에 대한 환급을 요구할 수 있습니다.    그러나 한국소비자원은 합의 권고 기관으로 사업자의 부당행위에 대해 시정 및 제재를 할 수 있는 행정적, 사법적 권한이 없는바, 사업자가 통신판매업을 신고한 관할 지자체에 시정 요구 민원을 접수하시기 바랍니다. "
522, 소비자 관련 민법, 계약불이행_카탈로그 및 견본주택과 다르게 시공된 아파트,"아파트 분양 전 카탈로그에 나온 단지 내 시설물이 실제와 다르고, 세대별 실내 시설물의 자재도 카탈로그 및 견본주택과 다른데 차이가 나는 부분에 대한 배상 요구가 가능한가요?","실제 시공 상태가 분양 카탈로그나 견본주택에 제시된 것과 내용 또는 재질면에서 차이가 있고, 그 차이가 분양가격의 차이를 발생시킬 수 있는 정도라면 광고나 견본주택과 같은 내용 및 재질로 재시공을 요구하거나 가격 차이에 상당하는 배상을 요구할 수 있습니다.   일반적으로 광고는 청약의 유인에 해당할 뿐 계약 내용으로서의 성질을 갖는다고 보기는 어렵지만, 분양계약의 목적물인 아파트 및 그 부대시설의 외형·재질·구조·실내장식 등은 분양사업자에 의해 이행되고, 이들 모두 분양가격 산정에 포함될 수 있어서 이들의 시공에 대한 내용이 분양 카탈로그나 견본주택에 구체적으로 제시되어 있다면 계약서에는 기재되지 않았다고 하더라도 계약내용의 일부로 인정될 수 있습니다.   따라서, 실제 시공 상태가 분양 카탈로그나 견본주택에 제시된 것과 내용 또는 재질 면에서 차이가 있고, 그 차이가 분양가격의 차이를 발생시킬 수 있는 정도라면 광고나 견본주택과 같은 내용 및 재질로 재시공을 요구하거나 가격 차이에 상당하는 배상을 요구할 수 있다고 판단됩니다.   다만, 카탈로그나 견본주택에 ‘자재의 품귀 등 특별한 사정이 있는 경우 동급 동가의 자재로 대체할 수 있다’는 취지의 내용이 표시되어 있는 경우는 실제 사용된 자재의 등급과 가격에 대한 검증에서 카탈로그나 견본주택에 표시된 것과 차이가 없는 것으로 밝혀지면 자재의 차이로 인한 배상은 어려울 수 있습니다."
523, 소비자 관련 민법, 계약불이행_당초 설명과 다른 경품 제공,주유소에서 주유 후 받은 경품응모권으로 응모하여 냉온정수기가 당첨되었는데 실제 경품은 냉온정수기가 아닌 일반정수기로 지급하겠다고 합니다. 냉온정수기로 받을 수 있나요?,"주유소가 지급하겠다고 하는 일반정수기가 광고된 냉온정수기와 가격이나 품질 면에서 크게 차이가 난다면 소비자는 광고된 냉온정수기로 지급을 요구할 수 있습니다.   경품 지급 광고는 민법 제675조(현상광고의 의의)에 따라 ‘현상광고’에 해당하며, 그 자체가 경품응모자와의 계약 내용이라고 할 수 있습니다. 따라서, 경품행사 주최자는 당첨자에게 당연히 광고에서 약속한 것과 동일한 경품을 제공하여야 하며, 불가피하게 다른 경품으로 대체 제공하는 경우라도 광고에서 약속한 것과 동급 동가의 유사 제품으로 제공해야 합니다.   따라서 주유소가 지급하겠다고 하는 일반정수기가 광고된 냉온정수기와 가격이나 품질 면에서 크게 차이가 난다면 소비자는 광고된 냉온정수기로 지급을 요구할 수 있다고 판단됩니다."
524, 소비자 관련 민법, 계약해제·해지_미성년자가 구입한 물건 반품,"고등학교 2학년(만17세)인 자녀가 다이어트 식품을 550,000원에 구입했다면서 집으로 가지고 왔습니다. 구입대금은 계약금 3만원을 지급하고 잔금 520,000원은 6개월 할부로 지불하기로 했다고 하지만 가격이 너무 비싼 것 같고 실제 효능도 의심스러워 반품하고 싶은데 가능한가요?","계약을 취소하면 상품을 반환하고 이미 지불한 금액의 환급을 요구할 수 있으며, 상품의 반환은 손상되거나 일부 소비한 상태라도 현재의 상태로 반환하면 됩니다.   「민법」 제5조(미성년자의 능력)에 따르면 만 19세에 도달하지 않은 자는 미성년자로서 그 계약행위에 보호자(법정대리인)의 동의가 필요하며, 동의하지 않은 미성년자의 계약체결에 대해서는 미성년자 본인 또는 법정대리인에 의한 취소가 가능하다고 규정하고 있습니다. 따라서, 「민법」 제141조(취소의 효과)에 따라 계약을 취소하면 상품을 반환하고 이미 지불한 금액의 환급을 요구할 수 있으며, 상품의 반환은 손상되거나 일부 소비한 상태라도 현재의 상태로 반환하면 됩니다.   또한 「민법」 제145조(법정추인)에 따라 취소 통보 전에 가격의 일부라도 보호자의 명의로 지불하면 미성년자가 체결한 계약을 인정(추인)하는 것이 되어 취소권이 소멸되므로 주의가 필요하지만, 지급하지 않으면 불이익이 예상되는 등 불가피한 경우는 지급하기 전에 ‘나중에 취소하겠다는 의사표시(이의의 보류)’를 입증이 가능한 방법(내용증명 우편 등)으로 통보해두면 대금을 지급 후에도 취소권을 인정받을 수 있습니다."
525, 소비자 관련 민법, 계약해제·해지_미성년자가 계약 취소 의사를 통지하였으나 지급명령이 신청된 경우,"미성년자가 상품을 할부로 구입하고 한 달 후 서면으로 계약취소를 통지하였습니다. 취소 통지 후 법원에서 지급명령서가 송달되었는데, 어떻게 대응해야 하나요?","취소에 의해 계약이 이미 소급하여 무효가 된 상태이므로 상품의 반환 후 법원의 지급 명령 청구에 대하여 취소 통보 증빙자료를 첨부하여 이의제기 기간(지급명령을 송달받은 다음 날로부터 14일) 안에 이의 신청을 해야 합니다.   다만, 기간 내에 이의 신청하지 않으면 지급명령이 확정되어 동일한 사안에 대해 다시 다툴 수 없고 강제 집행력이 주어지므로 주의해야 합니다."
526, 소비자 관련 민법, 계약해제·해지_다른 사업자와의 가격 차이 발생,분양받은 아파트에 새시를 270만원에 시공한다는 안내 팸플릿을 보고 계약금 30만원을 송금하여 계약을 체결하였습니다. 입주에 임박하자 다른 업자들이 동일 평형의 새시를 200만원에 시공한다는 광고를 하고 있는데 다른 업체들에 비하여 새시 가격이 너무 고가이므로 취소할 수 있나요?,"가격 차이를 이유로 한 취소는 인정받기 어려우며, 소비자는 사업자가 이행을 제공하기 전이라면 계약금 포기 조건으로 해제가 가능할 수 있습니다.   동종 상품이라도 판매가격은 거래장소나 시기 등 여러 가지 요인에 의해 차이가 발생할 수 있기 때문에 거래 상대방의 궁박, 무경험, 경솔 등을 이용하여 사회 통념상 터무니없는 폭리를 취했다고 볼 수 있는 경우가 아니면 거래가격의 차이를 사유로 계약 취소는 불가할 수 있습니다.   따라서, 가격 차이를 이유로 한 취소는 인정받기 어려우며, 소비자는 사업자가 이행을 제공하기 전이라면 계약금 포기 조건으로 해제가 가능하다고 판단됩니다."
527, 소비자 관련 민법, 계약해제·해지_계약 후 가격 인상에 따른 추가대금 요구,계약금을 지급하고 세탁기 구입계약을 체결하여 제품을 배송받기로 하였습니다. 이후 판매자가 배송을 계속 지연하다가 특별소비세가 인상되자 가격 인상이 불가피하다면서 제품가격의 10%를 추가 요구하고 있습니다. 추가 요금을 지급해야 하나요?,"소비자는 사업자에게 본래 계약 내용대로 이행할 것을 청구할 수 있습니다.   계약은 일단 체결되면 당사자 상호 이행의무가 발생하며, 일방에서 상대방의 의사에 반하여 이행을 거부하거나 계약내용을 변경하고자 하면 상대방은 본래 계약의 내용대로 이행을 청구하거나 「민법」 제544조(이행지체와 해제)의 이행지체 내지 이행 거절을 이유로 계약을 해제하고 「민법」 제551조(해지, 해제와 손해배상)에 따라 손해배상을 청구할 수 있습니다.   따라서, 소비자는 사업자에게 본래 계약 내용대로 이행할 것을 청구할 수 있다고 판단됩니다."
528, 소비자 관련 민법, 계약해제·해지_가격 인상에 따른 추가대금 요구,"백화점 세일기간 중 20% 할인가격으로 에어컨을 주문하고 계약금을 지급하고 1주일 내에 배송받기로 하였습니다. 백화점은 제품의 품귀를 이유로 1개월 이상 배송을 지연하다가 세일기간이 종료되자, 정상가격을 지급해야 제품을 공급하겠다고 하여 계약금 반환을 요구하였으나 거부하고 있습니다. 계약금을 환급받을 수 있나요?","계약금을 환급받을 수 있습니다.   판매자가 이행지체 후 일방적인 계약 내용의 변경을 요구한 것은 계약의 불이행 의사를 밝힌 것으로 볼 수 있어 「민법」 제544조(이행지체와 해제)에 따라 소비자는 최고절차 없이 계약해제가 가능하다고 규정하고 있습니다.   또한, 「민법」 제548조(해제의 효과, 원상회복의무) 제1항에 따라 계약의 불이행 또는 이행지체에 따른 계약의 해제 시 양 당사자는 원상회복의 의무가 있으므로, 계약금을 수령한 사업자는 이를 소비자에게 반환하여야 하고, 제548조 제2항 및 제551조(해지, 해제와 손해배상)에 따라 계약금에 지급일로부터의 이자를 가산한 금액의 반환을 요구할 수 있으며, 손해가 있다면 손해배상을 요구할 수 있습니다."
529, 소비자 관련 민법, 계약해제·해지_렌탈 정수기 관리 미이행,"렌탈 정수기를 사용하고 있으며, 렌탈계약 내용에는 정기적인 필터 교체 등 관리서비스 제공도 포함되어 있습니다. 렌탈 업체가 제때 필터를 교체하지 않는 등 관리서비스를 소홀히 하여 정수기의 물을 안심하고 마실 수 없는 상태입니다. 계약해지를 요구하자 사업자는 위약금을 요구하고 있는데, 이와 같은 경우에 위약금 없이 계약해지가 가능한가요?","계약해지를 요구할 수 있습니다.   계약 내용에 정기적인 필터 교체 등 관리서비스도 포함되어 있다면 렌탈업자는 계약 내용에 의거하여 성실하게 관리서비스를 제공할 의무가 있습니다. 따라서, 소비자의 최고에도 불구하고 사업자가 관리서비스의 이행을 계속 소홀히 하면 계약을 해지할 수 있고, 사업자의 관리서비스 소홀에 의해 발생한 손해가 있으면 배상 청구도 가능할 수 있습니다."
530, 소비자 관련 민법, 계약의 대리_판매원의 과실로 계약 불이행 시 판매업체의 책임 여부,"판매원과 계약하여 설치·시공한 농산물건조기의 모델이 계약 제품과 달라 교환이나 환급을 요구하였으나 판매원은 책임을 회피하고, 계약서상의 판매업체는 판매의 편의상 계약서에 자기 상호를 사용하게 하였을 뿐 판매원은 사실상 자사 소속이 아니라면서 책임을 회피하고 있습니다. 판매업체에는 책임을 물을 수 없나요?","판매업체에 책임을 물을 수 있습니다.   자사 소속이 아닌 판매원으로 하여금 판매계약서에 자사의 상호를 사용하게 한 행위는 외견상 그 판매원으로 하여금 자사 상품의 판매를 대리(표현대리)하게 한 것입니다.   따라서, 「민법」 제125조(대리권수여의 표시에 의한 표현대리)에 따라 그 판매원의 행위에 의해 소비자에게 손해가 발생하면 이에 대한 배상책임을 질 수 있습니다."
531, 소비자 관련 민법, 매도인의 담보책임_아파트 공급 면적 차이에 따른 손해배상 여부,"공동주택 분양 계약서에는 전용면적 59㎡, 공용면적16㎡, 서비스면적13㎡로 기재되어 있는데, 등기 후 건축물 관리대장에는 전용면적 55㎡, 공용면적 14㎡로 기재되어 있습니다. 사업자는 서비스면적이 계약서의 13㎡에서 실제 19㎡로 증가하여 전체 면적은 차이가 없으니 문제가 없다고 주장하는데, 사업자의 주장이 타당한가요?","서비스 면적 증가를 이유로 전용면적과 공용면적의 감소가 문제없다는 사업자의 주장은 타당하지 않으며, 전용면적과 공용면적의 차이에 대해서는 차액 배상의 청구가 가능할 것으로 보입니다.   분양가격 산정에 포함되는 면적은 전용면적과 공용면적이며, 서비스면적은 말 그대로 서비스에 해당하여 분양가격 산정에서 제외되고, 등기면적에도 포함되지 않습니다.    따라서, 서비스면적 증가를 이유로 전용면적과 공용면적의 감소가 문제없다는 사업자의 주장은 타당하지 않으며, 전용면적과 공용면적의 차이에 대해서는 차액 배상의 청구가 가능할 것으로 보입니다.   주택 분양계약은 분양면적을 구체적으로 약정한 계약이므로 인도된 주택의 면적 부족은 「민법」 제574조(수량부족, 일부멸실의 경우와 매도인의 담보책임)에 따라 면적 부족 사실을 안 날부터 1년간 손해배상청구권을 행사할 수 있습니다."
532, 소비자 관련 민법, 매도인의 담보책임_도배 공사 불량에 따른 손해배상 여부,"소비자가 구입한 벽지로 도배업자에게 의뢰하여 집 전체의 도배 공사를 하였는데 벽지의 불량으로 5일 만에 벽지 색상이 변색되었습니다. 벽지 판매업자에게 시공비용 배상을 요구하였으나, 하자를 인정하면서도 벽지만 교환해주겠다 하는데 시공비용을 배상받을 수 있습니까?","시공비 배상을 요구할 수 있습니다.   「민법」 제581조(종류매매와 매도인의 담보책임), 제580조(매도인의 하자담보책임), 제575조(제한물권있는 경우와 매도인의 담보책임) 제1항에 따라 벽지 판매업자는 물건(벽지)의 하자로 인한 손해를 배상할 책임이 있으므로, 소비자는 벽지의 교환과 시공비의 배상을 모두 요구할 수 있다고 판단됩니다.   다만, 소비자가 직접 선택한 벽지로 도배업자가 시공한 경우 「민법」 제669조(동전-하자가 도급인의 제공한 재료 또는 지시에 기인한 경우의 면책)에 따라 도배업자에 대해서는 재시공 혹은 손해배상을 청구할 수 없습니다.    이와 달리, 도배업자에게 벽지의 선택과 도배 일체를 의뢰하였다면 도배업자에게 재시공을 요구할 수 있습니다."
533, 소비자 관련 민법, 매도인의 담보책임_아파트 하자 보수 관련 보증금 청구,"입주 1년된 신축 아파트에서 균열, 누수 등 각종 하자가 발생되어 수십 차례 보수하였음에도 개선되지 않습니다. 시행사의 하자보수를 더 이상 신뢰할 수 없어 보증기관에 예치된 하자보수보증금으로 보수하고자 시행사와 공동으로 하자 보수 비용을 산정해 본 결과 예치된 하자보수보증금을 초과합니다. 시행사는 하자보수보증금을 사용하여 알아서 보수하라면서 초과하는 비용에 대한 책임을 회피하고 있는데 어떻게 처리해야 합니까?","보증기관에 예치된 하자보수보증금은 시행사가 하자 보수를 거절하거나 하자보수책임을 이행할 수 없게 되는 경우에 대비한 일종의 보증보험 성격이지만, 보증 한도를 초과하는 비용은 시행사에 별도의 손해배상을 청구할 수 있습니다."
534, 소비자 관련 민법, 소멸시효_물품 대금 납부 여부,"6년 전 구입한 건강기능식품 대금 550,000원을 납부하라고 통보서를 보내온 바, 생각해 보니 당시 이미 대금을 완납한 것으로 기억되는데 현재 완납 영수증을 보관하고 있지 못합니다. 이런 경우 어떻게 해야 하나요?","대금 납부를 거절할 수 있습니다.   「민법」 제 163조(3년의 단기소멸시효)에 따라 생산자 및 상인이 판매한 상품 대가에 대한 청구권은 이를 행사할 수 있는 때로부터 3년간 행사하지 않으면 소멸시효가 완성되어 소비자는 상품 대금의 납부를 거절할 수 있다고 판단됩니다.   또한, 사업자가 소멸시효 완성에 의한 채무의 실효를 인정하지 않고 계속 대금 납부를 독촉하는 경우에는 ‘채무부존재 확인소송’을 통하여 채무 없음을 확인받을 수 있습니다."
535, 소비자 관련 민법, 소멸시효_소멸시효 기간,채권별 소멸시효 기간은 어떻게 다른가요?,"채권의 성격에 따라 최소 1년, 최대 10년의 소멸시효 기간을 적용합니다.   o 일반 채권 : 10년(「민법」 제162조)  o 상사 채권 : 5년(「상법」 제54조)  o 3년의 단기 소멸시효 채권(「민법」 제163조)    - 이자, 부양료, 급료, 사용료 기타 1년 이내의 기간으로 정한 금전 또는 물건의 지급 목적 채권     - 의사, 조산사, 간호사 및 약사의 치료, 근로 및 조제에 관한 채권     - 도급받은 자, 기사 기타 공사의 설계 또는 감독에 종사하는 자의 공사에 관한 채권     - 변호사, 변리사, 공증인, 공인회계사 및 법무사에 대한 직무상 보관한 서류의 반환을 청구 하는 채권     - 변호사, 변리사, 공증인, 공인회계사 및 법무사의 직무에 관한 채권     - 생산자 및 상인이 판매한 생산물 및 상품의 대가     - 수공업자 및 제조자의 업무에 관한 채권   o 1년의 단기 소멸시효 채권(「민법」 제164조)    - 여관, 음식점, 대석, 오락장의 숙박료, 음식료, 대석료, 입장료, 소비물의 대가 및 체당 금의 채권     - 의복, 침구, 장구 기타 동산의 사용료채권     - 노역인, 연예인의 임금 및 그에 공급한 물건의 대금채권     - 학생?수업자의 교육, 의식 및 유숙에 관한 교주?숙주?교사의 채권"
536, 소비자 관련 민법, 소멸시효_소멸시효의 중단,소멸시효 중단의 요건은 무엇인가요?,"「민법」 제168조(소멸시효의 중단사유), 제169조(시효중단의 효력), 제178조(중단후에 시효진행) 제1항에 규정하고 있습니다.  o 권리자의 청구, 압류 또는 가압류, 가처분, 채무자의 승인이 있으면 소멸시효의 진행이 중단(제168조)  o 시효가 중단된 때에는 중단사유가 종료된 때로부터 시효기간을 새로 기산(제178조 제1항)  o 시효의 중단은 당사자 및 그 승계인 간에만 효력 발생(제169조)"
537, 소비자 관련 민법, 기간의 계산 방법 ,민법에서 규정하고 있는 기간의 계산 방법은 어떻게 되나요?,"「민법」 제156조(기간의 기산점)~제161조(공휴일 등과 기간의 만료점)에 규정하고 있습니다.□ 시?분?초를 단위로 하는 계산   o 즉시로부터 기산하여 만료점으로 정하여진 시·분·초에 기간이 종료(제156조) □ 일·주·월·년을 단위로 하는 계산   o 기간의 초일 다음날부터 기산, 기간이 오전 0시로부터 시작되는 경우는 초일부터 기산(제157조)    ※ 청약철회기간 ‘계약을 체결한 날로부터 14일’ 이라는 기간의 계산은 계약 다음날부터 기산   o 기간 말일의 종료로 기간이 만료(제159조)   o 연령 계산에는 출생일 산입(제158조)   o 주?월?년의 처음으로부터 기간을 기산하지 않을 때는 기간 최후의 주·월·년에서 그 기산일에 해당하는 날의 전일로 기간이 만료(제160조 제2항)   o 기간을 월 또는 년으로 정한 경우 최종 월에 해당일이 없으면 그 월의 말일로 기간 이 만료(제160조 제3항)   o 기간의 말일이 토요일 또는 공휴일에 해당하는 경우는 그 익일로 기간이 만료(제161조)<예시>? 2014. 5. 2. 10시부터 11시간이라고 하는 경우 만료점은 2014. 5. 2. 21시 ? 2014. 8. 1. 10시부터 7일간이라고 하는 경우, 기산점은 2014. 8. 2. 0시이고, 만료점은 2014. 8. 8. 24시 ? 2014. 8. 1. 10시부터 14일간이라고 하는 경우, 기산점은 2014. 8. 2. 0시이고, 만료점은 2014. 8. 18. 24시(2014. 8. 15. 은 광복절로 공휴일, 같은 달 16. 은 토요일, 같은 달 17. 은 일요일임) ? 1996. 1. 30. 10시에 출생한 자는 2015. 1. 30. 0시에 성년(만19세)"
538, 소파, 계약해제·해지_소비자 귀책사유_배달 1일 전,가구 매장에서 선금을 지급하고 소파 배송 1일 전 계약해제를 요구하였으나 사업자가 선금을 돌려주지 않고 있습니다. 돌려받을 수 있나요?,"지급한 선금에서 10%를 공제한 후 환급을 요구할 수 있습니다.   가구 관련 「소비자분쟁해결기준」에 따르면 주문제작형 이외의 가구를 구입한 후 소비자의 귀책사유로 인하여 계약해제할 경우 시점에 따라 사업자가 소비자에게 요구할 수 있는 위약금에 차이가 있으며, 소비자는 해당 위약금을 지급하도록 규정하고 있습니다.     - 배달 3일 전까지: 선금에서 물품대금의 5% 공제 후 환급    - 배달 1일 전까지: 선금에서 물품대금의 10% 공제 후 환급   따라서, 소비자의 귀책사유로 가구 배송 1일 전에 해제를 요구하였으므로 기 지급한 선금에서 물품대금 10%를 공제한 후 환급을 요구할 수 있습니다.   다만 주문(맞춤) 제작 가구인 경우에는 제품 제작 착수 여부에 따라 위약금(물품대금의 10%)을 배상하거나 실 손해액을 배상하여야 하며, 주문 제작 가구임에 대한 입증 책임은 사업자에게 있습니다."
539, 소파, 계약해제·해지_소비자 귀책사유_배달 4일 전,가구 매장에서 선금을 지급하고 소파 배송 4일 전 계약해제를 요구하였으나 사업자가 선금을 돌려주지 않고 있습니다. 돌려받을 수 있나요?,"지급한 선금에서 5%를 공제한 후 환급을 요구할 수 있습니다.   가구 관련 「소비자분쟁해결기준」에 따르면 주문제작형 이외의 가구를 구입한 후 소비자의 귀책사유로 인하여 계약해제할 경우 시점에 따라 사업자가 소비자에게 요구할 수 있는 위약금에 차이가 있으며, 소비자는 해당 위약금을 지급하도록 규정하고 있습니다.     - 배달 3일 전까지: 선금에서 물품대금의 5% 공제 후 환급    - 배달 1일 전까지: 선금에서 물품대금의 10% 공제 후 환급   따라서, 소비자의 귀책사유로 가구 배송 4일 전에 해제를 요구하였으므로 기 지급한 선금에서 물품대금 5%를 공제한 후 환급을 요구할 수 있습니다.   다만, 주문(맞춤) 제작 가구인 경우에는 제품 제작 착수 여부에 따라 위약금(물품대금의 10%)을 배상하거나 실 손해액을 배상하여야 하며, 주문 제작 가구임에 대한 입증 책임은 사업자에게 있습니다."
540, 소파, 계약해제·해지_소비자 귀책사유_주문제작 착수 전,가구 매장에서 선금을 지급하고 소파 제작 작업 착수 3일 전에 계약해제를 요구하였으나 사업자가 주문제작형 가구를 이유로 소파 전체 금액 지급을 요구합니다. 이에 응해야 하나요?,"총 제품 금액의 10%를 위약금으로 지급해야 합니다.    가구 관련 「소비자분쟁해결기준」에 따르면 주문제작형 가구를 구입한 후 소비자의 귀책사유로 인하여 계약해제할 경우 시점에 따라 사업자가 소비자에게 요구할 수 있는 위약금에 차이가 있으며, 소비자는 해당 위약금을 지급하도록 규정하고 있습니다.     - 가구 제작 작업 착수 이전: 총 제품금액의 10%를 위약금으로 함.    - 가구 제작 작업 착수 이후: 실손해배상   따라서, 소비자의 귀책사유로 소파 제작 작업 착수 이전에 계약해제를 요구하였으므로 총 제품 금액의 10%를 위약금으로 지급하여야 합니다.   다만, 소파가 주문제작형 가구인지에 대해 소비자와 사업자 간의 다툼이 있는 경우 이에 대한 입증 책임은 사업자에게 있습니다."
541, 소파, 계약해제·해지_소비자 귀책사유_주문제작 착수 후,가구 매장에서 선금을 지급하고 소파 제작 작업 착수 후 계약해제를 요구하였으나 사업자가 주문제작형 가구를 이유로 소파 전체 금액 지급을 요구합니다. 이에 응해야 하나요?,"선금 이외에도 실제 발생한 손해에 대해 배상을 해야 합니다.   가구 관련 「소비자분쟁해결기준」에 따르면 주문제작형 가구를 구입한 후 소비자의 귀책사유로 인하여 계약해제할 경우 시점에 따라 사업자가 소비자에게 요구할 수 있는 위약금에 차이가 있으며, 소비자는 해당 위약금을 지급하도록 규정하고 있습니다.     - 가구 제작 작업 착수 이전: 총 제품금액의 10%를 위약금으로 함.    - 가구 제작 작업 착수 이후: 실손해배상   따라서, 소비자의 귀책사유로 소파 제작 작업 착수 이후에 계약해제를 요구하였으므로 선금 이외에도 실제 발생한 손해에 대해 배상을 해야 합니다.   다만, 소파가 주문제작형 가구인지에 대해 소비자와 사업자 간의 다툼이 있는 경우 이에 대한 입증 책임은 사업자에게 있습니다."
542, 소파, 계약해제·해지_사업자 귀책사유_선금이 물품대금의 10% 이하,"가구 매장에서 100만원 중 선금으로 5만원을 지급하고 5일 후 소파를 배송받기로 하였으나, 이후 사업자의 귀책으로 소파를 받지 못하였습니다. 구제 방법이 있나요?","선급 환급과 함께 선금의 배액(5만원)을 사업자에게 추가로 요구할 수 있습니다.   가구 관련 「소비자분쟁해결기준」에 따르면 사업자의 귀책사유로 인하여 계약해제할 경우  물품대금 대비 선금의 비율에 따라 소비자가 요구할 수 있는 배상액에 차이가 있으며, 사업자가 선금 이외에 해당 배상액을 지급하도록 규정하고 있습니다.    - 선금이 물품대금의 10% 이하인 경우: 선금의 배액    - 선금이 물품대금의 10%를 초과하는 경우: 선금에서 물품대금의 10%를 가산하여 환급   따라서, 사업자의 귀책사유로 계약을 해제하고 선금이 물품대금의 10% 이하인 경우에 해당하므로 소비자는 선금 환급과 함께 선금의 배액인 5만원을 추가로 요구할 수 있습니다.   다만, 선금 이외의 금액을 추가로 요구하지 않는다는 양 당사자 간의 별도의 특약이 있는 경우에는 적용되지 않을 수 있습니다."
543, 소파, 계약해제·해지_사업자 귀책사유_선금이 물품대금의 10% 초과,"가구 매장에서 100만원 중 선금으로 60만원을 지급하고 5일 후 소파를 배송받기로 하였으나, 이후 사업자의 귀책으로 소파를 받지 못하였습니다. 구제 방법이 있나요?","선급 환급과 함께 물품대금의 10%(10만원)를 사업자에게 추가로 요구할 수 있습니다.   가구 관련 「소비자분쟁해결기준」에 따르면 사업자의 귀책사유로 인하여 계약해제할 경우  물품대금 대비 선금의 비율에 따라 소비자가 요구할 수 있는 배상액에 차이가 있으며, 사업자가 선금 이외에 해당 배상액을 지급하도록 규정하고 있습니다.    - 선금이 물품대금의 10% 이하인 경우: 선금의 배액    - 선금이 물품대금의 10%를 초과하는 경우: 선금에서 물품대금의 10%를 가산하여 환급   따라서, 사업자의 귀책사유로 계약을 해제하고 선금이 물품대금의 10%를 초과하는 경우에 해당하므로 소비자는 선금 환급과 함께 물품대금의 10%인 10만원을 추가로 요구할 수 있습니다.   다만, 선금 이외의 금액을 추가로 요구하지 않는다는 양 당사자 간의 별도의 특약이 있는 경우에는 적용되지 않을 수 있습니다."
544, 소파, 청약철회_반품비,전자상거래로 소파를 구입한 후 단순변심으로 청약철회를 요구하니 과도한 반품 배송비를 요구합니다. 이에 응해야 하나요?,"소비자가 배송비를 부담해야 하나, 미리 고지한 반품 배송비 이외에 다른 명목의 위약금은 지급을 거부할 수 있습니다   소비자는 「전자상거래 등에서의 소비자보호에 관한 법률」에 제17조에 따라 청약철회 예외에 해당하지 않는 한 전자상거래를 통한 해외물품 구매계약의 경우에도 청약철회를 할 수 있으며, 광고된 내용과 다르거나 제품의 하자로 인한 청약철회의 경우 통신판매업자가 반품에 따른 배송비를 부담해야 하며, 단순변심으로 인한 청약철회의 경우 소비자가 배송비를 부담해야 합니다.   가구를 구매하는 경우 관련비용(인건비. 사다리차 비용, 트럭운송료 등)가 상당하여 소비자의 구매여부에 영향을 줄 수 있는 중요한 거래조건에 해당한다고 볼 수 있기 때문에 사업자는 사전에 반품 배송비와 관련한 내용을 적절한 방법으로 소비자에게 고지해야 합니다.    따라서, 사업자가 제품 배송과정에서 발생하는 비용(해외물품 구매계약인 경우, 현지 및 국제운송료, 수입세금 및 제비용)을 사전에 소비자에게 고지하고, 해당 비용을 지급한 사실 등이 확인되는 경우라면 소비자는 사업자에게 해당 비용을 지급해야 합니다.   다만, 「전자상거래 등에서의 소비자보호에 관한 법률」 제19조에 따라 사업자는 소비자에게 청약철회를 이유로 위약금이나 손해배상을 청구할 수 없으므로 미리 고지한 반품 배송비 이외에 다른 명목의 위약금을 추가로 청구하는 것은 인정되기 어렵습니다."
545, 소파, 청약철회_청약철회 거부,전자상거래로 소파를 구입하고 수령한 다음 날 단순변심으로 청약철회를 요구하였으나 사업자는 조립 및 포장 훼손 제품은 청약철회 제한사유에 해당된다며 이를 거부합니다. 청약철회가 가능한가요?,"소비자가 반품에 따른 비용을 부담하면서 청약철회를 요구할 수 있습니다.   「전자상거래 등에서의 소비자보호에 관한 법률」 제17조에 따르면 소비자에게 책임있는 사유로 재화등이 멸실되거나 훼손된 경우, 소비자의 사용 또는 일부 소비로 재화등의 가치가 현저히 감소한 경우 등에는 청약철회가 제한됨을 규정하고 있습니다.   사업자는 조립 후에는 상품의 가치가 현저히 감소해 재판매가 불가하다고 주장하나, 제품 수령 다음날 청약철회 의사를 밝힌 사정을 고려하면 단순히 조립한 것만으로 상품의 가치가 현저히 감소했다고 보기는 어렵습니다. 또한, 사업자는 포장 등이 없다며 환급 불가를 주장하지만 동법에서는 ‘재화 등의 내용을 확인하기 위해 포장등을 훼손한 경우’는 청약철회 제한 사유에서 제외됨을 규정하고 있습니다.   따라서, 소비자가 반품에 따른 비용을 부담하면서 청약철회를 요구할 수 있습니다.   다만, 고가의 제품의 경우에는 포장지에 제품의 정보를 담고 있는 바코드 스티커와 로고가 각인되어 있는 경우가 많아 개봉 시 주의할 필요가 있으며, 이 경우 사업자가 사전에 “포장 훼손 시 청약철회 불가”를 고지했다면 청약철회가 어려울 수 있습니다."
546, 소파, 품질_동일하자 발생,소파를 구입한 후 품질보증기간 1년 내에 소파 가죽이 심하게 벗겨지는 하자가 발생하여 2회 수리를 받았으나 재발하였습니다. 구제 방법이 있나요?,"사업자에게 제품교환 또는 구입가 환급을 요구할 수 있습니다.    가구 관련 「소비자분쟁해결기준」에 따르면 품질보증기간 이내에 동일하자에 대해 2회까지 수리하였으나 하자가 재발하는 경우 수리가 불가능한 것으로 판단하기 때문에 제품교환 또는 구입가 환급을 하도록 규정하고 있습니다.   따라서, 소비자가 본인의 과실이 아닌 정상적인 사용상태에서 품질보증기간 이내에 동일 증상으로 2회 이상 수리하고 다시 같은 증상으로 인한 하자가 발생했다면 사업자에게 제품교환 또는 구입가 환급을 요구할 수 있습니다.   만약 소비자가 제품교환을 요구하는 경우에는 같은 종류의 물품등으로 교환하되, 같은 종류의 물품등으로 교환하는 것이 불가능한 경우에는 같은 종류의 유사물품등으로 교환을 요구할 수 있습니다. 다만, 같은 종류의 물품등으로 교환하는 것이 불가능하고 소비자가 같은 종류의 유사물품등으로 교환하는 것을 원하지 않을 경우에는 환급을 요구할 수 있습니다."
547, 소파, 품질_수리불가_품질보증기간 이내_정상적인 사용 상태,소파를 구입한 후 정상적으로 사용하던 중 품질보증기간 1년 내에 소파 가죽이 심하게 벗겨지는 현상이 발생하여 수차례 수리를 받았으나 수리 불가 판정을 받았습니다. 구제 방법이 있나요?,"사업자에게 제품교환 또는 구입가 환급을 요구할 수 있습니다.   가구 관련 「소비자분쟁해결기준」에 따르면 품질보증기간 이내에 수리가 불가능하여 발생한 피해에 대해 소비자 과실 여부에 따라 소비자가 요구할 수 있는 사항을 규정하고 있습니다    - 정상적인 사용상태에서 발생한 경우: 제품교환 또는 구입가 환급    - 소비자의 과실로 인하여 발생한 경우: 구입가에서 정액감가상각비 공제 후 환급 또는 제품 교환   따라서, 정상적인 사용상태에서 품질보증기간 이내에 수리 불가 판정을 받았다면 사업자에게 제품교환 또는 구입가 환급을 요구할 수 있습니다.   다만, 정상적 사용상태가 아닌 소비자의 과실로 발생한 하자의 경우에는 구입가에서 정액감가상각비 공제 후 환급 또는 제품 교환을 요구할 수 있습니다.   * 감가상각비=(사용연수/내용연수)×구입가   만약 소비자가 제품교환을 요구하는 경우에는 같은 종류의 물품등으로 교환하되, 같은 종류의 물품등으로 교환하는 것이 불가능한 경우에는 같은 종류의 유사물품등으로 교환을 요구할 수 있습니다. 다만, 같은 종류의 물품등으로 교환하는 것이 불가능하고 소비자가 같은 종류의 유사물품등으로 교환하는 것을 원하지 않을 경우에는 환급을 요구할 수 있습니다."
548, 소파, 품질_수리불가_품질보증기간 이내_소비자 과실,소파를 구입한 후 품질보증기간 1년 내에 소비자 과실로 소파 가죽이 심하게 벗겨지는 현상이 발생하여 2회 수리를 받았으나 수리 불가 판정을 받았습니다. 구제 방법이 있나요?,"사업자에게 구입가에서 정액감가상각비 공제 후 환급 또는 제품 교환을 요구할 수 있습니다.   가구 관련 「소비자분쟁해결기준」에 따르면 품질보증기간 이내에 수리가 불가능하여 발생한 피해에 대해 소비자 과실 여부에 따라 소비자가 요구할 수 있는 사항을 규정하고 있습니다    - 정상적인 사용상태에서 발생한 경우: 제품교환 또는 구입가 환급    - 소비자의 과실로 인하여 발생한 경우: 구입가에서 정액감가상각비 공제 후 환급 또는 제품 교환   따라서, 소비자의 과실로 품질보증기간 이내에 수리 불가 판정을 받았다면 사업자에게 구입가에서 정액감가상각비 공제 후 환급 또는 제품교환을 요구할 수 있습니다.   다만, 소비자의 과실이 아닌 정상적인 사용상태에서 발생한 하자의 경우에는 제품교환 또는 구입가 환급을 요구할 수 있습니다.   * 감가상각비=(사용연수/내용연수)×구입가   만약 소비자가 제품교환을 요구하는 경우에는 같은 종류의 물품등으로 교환하되, 같은 종류의 물품등으로 교환하는 것이 불가능한 경우에는 같은 종류의 유사물품등으로 교환을 요구할 수 있습니다. 다만, 같은 종류의 물품등으로 교환하는 것이 불가능하고 소비자가 같은 종류의 유사물품등으로 교환하는 것을 원하지 않을 경우에는 환급을 요구할 수 있습니다."
549, 소파, 품질_수리불가_품질보증기간 경과,소파를 구입하고 품질보증기간 경과 후 소파 가죽이 심하게 벗겨지는 현상이 발생하여 수차례 수리를 받았으나 수리 불가 판정을 받았습니다. 구제 방법이 있나요?,"정액 감가 상각한 잔여금액에 구입가 5%를 가산해 환급을 요구할 수 있습니다.   가구 관련 「소비자분쟁해결기준」에 따르면 품질보증기간 경과 후 수리가 불가능한 것으로 판정된 경우 정액 감가 상각한 잔여금액에 구입가의 5%를 가산하여 환급하도록 규정하고 있습니다.   따라서, 소비자는 사업자에게 정액 감가 상각한 잔여금액에 구입가의 5%를 가산하여 환급할 것을 요구할 수 있습니다.   * 정액 감가 상각한 잔여금액= 구입가 ? 감가상각비   ** 감가상각비=(사용연수/내용연수)×구입가"
550, 소파, 품질_품질불량_10일 이내,소파를 구입하고 5일 후에 소파 스프링 불량으로 반품을 요구하였으나 사업자는 하자가 아니라고 주장하며 반품을 거부합니다. 구제 방법이 있나요?,"사업자에게 제품교환 또는 구입가 환급을 요구할 수 있습니다.   가구 관련 「소비자분쟁해결기준」에 따르면 재료의 변색, 찢어짐, 균열, 스프링불량 등 소파품질불량의 경우 구입 시점에 따라 소비자가 요구할 수 있는 사항을 규정하고 있습니다    - 구입일로부터 10일 이내: 제품교환 또는 구입가 환급    - 구입일로부터 1년 이내: 무상수리 또는 부품교환    - 구입일로부터 1년 이후: 유상수리   따라서, 구입일로부터 10일 이내 품질불량임이 확인된 경우에는 제품교환 또는 구입가 환급을 요구할 수 있습니다.   만약 소비자가 제품교환을 요구하는 경우에는 같은 종류의 물품등으로 교환하되, 같은 종류의 물품등으로 교환하는 것이 불가능한 경우에는 같은 종류의 유사물품등으로 교환을 요구할 수 있습니다. 다만, 같은 종류의 물품등으로 교환하는 것이 불가능하고 소비자가 같은 종류의 유사물품등으로 교환하는 것을 원하지 않을 경우에는 환급을 요구할 수 있습니다."
551, 소파, 품질_품질불량_1년 이내,소파를 구입하고 10개월 후에 소파 스프링 불량으로 수리를 요구하였으나 사업자는 하자가 아니라고 주장하며 수리를 거부합니다. 구제 방법이 있나요?,"사업자에게 무상수리 또는 부품교환을 요구할 수 있습니다.   가구 관련 「소비자분쟁해결기준」에 따르면 재료의 변색, 찢어짐, 균열, 스프링불량 등 소파품질불량의 경우 구입 시점에 따라 소비자가 요구할 수 있는 사항을 규정하고 있습니다    - 구입일로부터 10일 이내: 제품교환 또는 구입가 환급    - 구입일로부터 1년 이내: 무상수리 또는 부품교환    - 구입일로부터 1년 이후: 유상수리   따라서, 구입일로부터 1년 이내 품질불량임이 확인된 경우에는 무상수리 또는 부품교환을 요구할 수 있습니다.   만약 소비자가 사업자에게 무상수리를 의뢰한 경우에는 지체없이 하되, 수리가 지체되는 불가피한 사유가 있을 때는 소비자에게 알려야 합니다. 소비자가 수리를 의뢰한 날부터 1개월이 지난 후에도 사업자가 수리된 물품등을 소비자에게 인도하지 못할 경우 제품교환, 환급 등의 조치를 취해야합니다."
552, 소파, 품질_품질불량_1년 초과,소파를 구입하고 2년 후에 소파 스프링 불량으로 수리를 요구하였으나 사업자는 하자가 아니라고 주장하며 수리를 거부합니다. 구제 방법이 있나요?,"사업자에게 유상수리를 요구할 수 있습니다.   가구 관련 「소비자분쟁해결기준」에 따르면 재료의 변색, 찢어짐, 균열, 스프링불량 등 소파품질불량의 경우 구입 시점에 따라 소비자가 요구할 수 있는 사항을 규정하고 있습니다    - 구입일로부터 10일 이내: 제품교환 또는 구입가 환급    - 구입일로부터 1년 이내: 무상수리 또는 부품교환    - 구입일로부터 1년 이후: 유상수리   따라서, 구입일로부터 1년 이후 품질불량임이 확인된 경우에는 유상수리를 요구할 수 있습니다.   만약 물품등을 유상으로 수리한 경우 그 유상으로 수리한 날부터 2개월 이내에 소비자가 정상적으로 물품등을 사용하는 과정에서 그 수리한 부분에 종전과 동일한 고장이 재발한 경우에는 무상으로 수리하되, 수리가 불가능한 때에는 종전에 받은 수리비를 환급하여야 합니다."
553, 소파, 품질_제조과정 또는 인도 시 하자 발생,"소파를 구입한 후 청소를 하다가 뒤편 보이지 않는 부분에서 흠집을 발견하여 교환을 요구하였으나, 사업자는 흠집 원인을 알 수 없어 수리만 가능하다고 주장합니다. 구제 방법이 있나요?","제품 흠집 발생의 원인과 일자가 확인이 되어 구입일로부터 15일 이내이거나, 구입일과 관계없이 소비자가 흠집이 제조상 결함 또는 배송 시 발생한 하자임을 입증한 경우에는 제품교환을 요구할 수 있습니다.   가구 관련 「소비자분쟁해결기준」에 따르면 제조 과정이나 신제품을 인도하면서 생긴 흠집의 경우 구입일로부터 15일 이내에는 제품을 교환을 요구할 수 있도록 규정하고 있습니다.   단, 소비자가 제조 및 신제품 인도 시 생긴 흠집임을 입증하는 경우는 제외합니다.   따라서, 제품 흠집 발생의 원인과 일자가 확인이 되어 구입일로부터 15일 이내이거나, 구입일과 관계없이 소비자가 흠집이 제조상 결함 또는 배송 시 발생한 하자임을 입증한 경우에는 제품교환을 요구할 수 있습니다.   만약 소비자가 제품교환을 요구하는 경우에는 같은 종류의 물품등으로 교환하되, 같은 종류의 물품등으로 교환하는 것이 불가능한 경우에는 같은 종류의 유사물품등으로 교환을 요구할 수 있습니다. 다만, 같은 종류의 물품등으로 교환하는 것이 불가능하고 소비자가 같은 종류의 유사물품등으로 교환하는 것을 원하지 않을 경우에는 환급을 요구할 수 있습니다."
554, 소파, 품질_색상 차이,가구매장에서 3인 소파 세트를 구입하였으나 사용하던 중 서로 색상이 다르다는 것을 알게되어 교환을 요구하였으나 사업자는 약간의 색상 차이는 있을 수 있다는 거부합니다. 구제 방법이 있나요?,"1개월 이내 제품교환을 요구할 수 있으며, 동일한 색상이 없는 경우 구입가 환급을 요구할 수 있습니다.   가구 관련 「소비자분쟁해결기준」에 따르면 세트단위 가구의 색상차이는 구입일로부터 1개월 이내 제품교환이 가능합니다.   따라서, 1개월 이내 3인 소파 세트 색상이 다른 사실을 알게된 경우 제품교환을 요구할 수 있습니다.   다만, 동일한 색상이 없는 경우 구입가 환급을 요구할 수 있습니다.   만약 소비자가 제품교환을 요구하는 경우에는 같은 종류의 물품등으로 교환하되, 같은 종류의 물품등으로 교환하는 것이 불가능한 경우에는 같은 종류의 유사물품등으로 교환을 요구할 수 있습니다. 다만, 같은 종류의 물품등으로 교환하는 것이 불가능하고 소비자가 같은 종류의 유사물품등으로 교환하는 것을 원하지 않을 경우에는 환급을 요구할 수 있습니다."
555, 소파, 품질_도장불량_10일 이내,소파를 구입하고 8일 후에 소파 프레임 팔걸이 부분에서 변색현상이 발생하여 환급을 요구하였으나 사업자는 품질하자를 인정하면서도 제품 교환만 가능하다고 주장합니다. 구제 방법이 있나요?,"사업자에게 제품교환 또는 구입가 환급을 요구할 수 있습니다.   가구 관련 「소비자분쟁해결기준」에 따르면 소파 백화현상 및 도장불량의 경우 구입 시점에 따라 소비자가 요구할 수 있는 사항을 규정하고 있습니다    - 구입일로부터 10일 이내: 제품교환 또는 구입가 환급    - 구입일로부터 6개월 이내: 제품교환    - 구입일로부터 3년 이내: 무상수리 또는 부품교환    - 수리 후 동일하자 발생: 제품교환   따라서, 구입일로부터 10일 이내 소파 도장불량이 확인된 경우에는 제품교환 또는 구입가 환급을 요구할 수 있습니다.   만약 소비자가 제품교환을 요구하는 경우에는 같은 종류의 물품등으로 교환하되, 같은 종류의 물품등으로 교환하는 것이 불가능한 경우에는 같은 종류의 유사물품등으로 교환을 요구할 수 있습니다. 다만, 같은 종류의 물품등으로 교환하는 것이 불가능하고 소비자가 같은 종류의 유사물품등으로 교환하는 것을 원하지 않을 경우에는 환급을 요구할 수 있습니다."
556, 소파, 품질_도장불량_6개월 이내,소파를 구입하고 5개월 후에 소파 프레임 팔걸이 부분에서 변색현상이 발생하여 교환을 요구하였으나 사업자는 품질하자를 인정하면서도 무상 수리만 가능하다고 주장합니다. 구제 방법이 있나요?,"사업자에게 제품교환을 요구할 수 있습니다.   가구 관련 「소비자분쟁해결기준」에 따르면 소파 백화현상 및 도장불량의 경우 구입 시점에 따라 소비자가 요구할 수 있는 사항을 규정하고 있습니다    - 구입일로부터 10일 이내: 제품교환 또는 구입가 환급    - 구입일로부터 6개월 이내: 제품교환    - 구입일로부터 3년 이내: 무상수리 또는 부품교환    - 수리 후 동일하자 발생: 제품교환   따라서, 구입일로부터 6개월 이내 소파 도장불량이 확인된 경우에는 제품교환을 요구할 수 있습니다.   만약 소비자가 제품교환을 요구하는 경우에는 같은 종류의 물품등으로 교환하되, 같은 종류의 물품등으로 교환하는 것이 불가능한 경우에는 같은 종류의 유사물품등으로 교환을 요구할 수 있습니다. 다만, 같은 종류의 물품등으로 교환하는 것이 불가능하고 소비자가 같은 종류의 유사물품등으로 교환하는 것을 원하지 않을 경우에는 환급을 요구할 수 있습니다."
557, 소파, 품질_도장불량_3년 이내,소파를 구입하고 2년 후에 소파 프레임 팔걸이 부분에서 변색현상이 발생하여 수리를 요구하였으나 사업자는 품질하자를 인정하면서도 수리를 거부합니다. 구제 방법이 있나요?,"사업자에게 무상수리 또는 부품교환을 요구할 수 있습니다.   가구 관련 「소비자분쟁해결기준」에 따르면 소파 백화현상 및 도장불량의 경우 구입 시점에 따라 소비자가 요구할 수 있는 사항을 규정하고 있습니다    - 구입일로부터 10일 이내: 제품교환 또는 구입가 환급    - 구입일로부터 6개월 이내: 제품교환    - 구입일로부터 3년 이내: 무상수리 또는 부품교환    - 수리 후 동일하자 발생: 제품교환   따라서, 구입일로부터 3년 이내 소파 도장불량이 확인된 경우에는 무상수리 또는 부품교환을 요구할 수 있습니다.    만약 소비자가 사업자에게 무상수리를 의뢰한 경우에는 지체없이 하되, 수리가 지체되는 불가피한 사유가 있을 때는 소비자에게 알려야 합니다. 소비자가 수리를 의뢰한 날부터 1개월이 지난 후에도 사업자가 수리된 물품등을 소비자에게 인도하지 못할 경우 제품교환, 환급 등의 조치를 취해야합니다."
558, 소파, 품질_벌레 발생_10일 이내,소파를 구입하고 8일 후에 소파 프레임과 방석부분에서 벌레가 발생하여 환급을 요구하였으나 사업자는 벌레가 발생한 사실을 인정하면서도 교환만 가능하다고 주장합니다. 구제 방법이 있나요?,"사업자에게 제품교환 또는 구입가 환급을 요구할 수 있습니다.   가구 관련 「소비자분쟁해결기준」에 따르면 소파에 좀 등 벌레가 발생한 경우 구입 시점에 따라 소비자가 요구할 수 있는 사항을 규정하고 있습니다    - 구입일로부터 10일 이내: 제품교환 또는 구입가 환급    - 구입일로부터 2년 이내: 무상수리 또는 부품교환    - 부품교환 후 하자 재발생: 제품교환   따라서, 구입일로부터 10일 이내 좀 등 벌레 발생이 확인된 경우에는 제품교환 또는 구입가 환급을 요구할 수 있습니다.    다만, 소파를 수립, 설치한 이후 설치 장소의 환경적 요인에 의해서도 벌레가 발생할 수 있습니다.   만약 소비자가 제품교환을 요구하는 경우에는 같은 종류의 물품등으로 교환하되, 같은 종류의 물품등으로 교환하는 것이 불가능한 경우에는 같은 종류의 유사물품등으로 교환을 요구할 수 있습니다. 다만, 같은 종류의 물품등으로 교환하는 것이 불가능하고 소비자가 같은 종류의 유사물품등으로 교환하는 것을 원하지 않을 경우에는 환급을 요구할 수 있습니다."
559, 소파, 품질_벌레 발생_2년 이내,"소파를 구입하고 1년 6개월 후에 소파 프레임과 방석부분에서 벌레가 발생하여 보상을 요구하였으나, 벌레가 발생한 사실을 인정하면서도 품질보증기간 1년이 경과되어 보상을 할 수 없다고 주장합니다. 구제 방법이 있나요?","사업자에게 무상수리 또는 부품교환을 요구할 수 있습니다.   가구 관련 「소비자분쟁해결기준」에 따르면 소파에 좀 등 벌레가 발생한 경우 구입 시점에 따라 소비자가 요구할 수 있는 사항을 규정하고 있습니다    - 구입일로부터 10일 이내: 제품교환 또는 구입가 환급    - 구입일로부터 2년 이내: 무상수리 또는 부품교환    - 부품교환 후 하자 재발생: 제품교환   따라서, 구입일로부터 2년 이내 좀 등 벌레 발생이 확인된 경우에는 무상수리 또는 부품교환을 요구할 수 있습니다.   다만, 소파를 수립, 설치한 이후 설치 장소의 환경적 요인에 의해서도 벌레가 발생할 수 있습니다.   만약 소비자가 사업자에게 무상수리를 의뢰한 경우에는 지체없이 하되, 수리가 지체되는 불가피한 사유가 있을 때는 소비자에게 알려야 합니다. 소비자가 수리를 의뢰한 날부터 1개월이 지난 후에도 사업자가 수리된 물품등을 소비자에게 인도하지 못할 경우 제품교환, 환급 등의 조치를 취해야합니다."
560, 소파, 품질_악취 발생,소파를 구입하고 5개월 후에 소파에서 코끝을 찌르는 시큼한 냄새가 나면서 눈이 따끔하고 두통 증세가 발생하였습니다. 냄새 제거제를 뿌리고 환기를 하였음에도 냄새가 제거되지 않아 반품을 요구하였으나 사업자가 거부합니다. 구제 방법이 있나요?,"사업자에게 제품교환 또는 구입가 환급을 요구할 수 있습니다.   가구 관련 「소비자분쟁해결기준」에 따르면 악취 등 자극성냄새(화학제품 등)가 발생한 경우 구입일로부터 6개월 이내에 제품교환 또는 구입가 환급이 가능합니다.   따라서, 구입한지 6개월이 되지 않은 상황에서 소파 제작 불량에 의해 냄새가 심하게 발생하고 제거가 되지 않으므로 사업자에게 제품교환 또는 구입가 환급을 요구할 수 있습니다.    다만, 소파 등 가구는 제품의 특성상 제작 과정에서 사용된 접착제와 도료성분 등에 의해 자극성 냄새가 발생할 수 있습니다.   만약 소비자가 제품교환을 요구하는 경우에는 같은 종류의 물품등으로 교환하되, 같은 종류의 물품등으로 교환하는 것이 불가능한 경우에는 같은 종류의 유사물품등으로 교환을 요구할 수 있습니다. 다만, 같은 종류의 물품등으로 교환하는 것이 불가능하고 소비자가 같은 종류의 유사물품등으로 교환하는 것을 원하지 않을 경우에는 환급을 요구할 수 있습니다."
561, 소파, 표시·광고_품질의심,"가구매장에서 유명 메이커 소파를 구입하고 배송을 받았으나 전시된 소파와 다른 제품인 것 같고, 유명 메이커 소파임을 입증하는 표시가 하나도 없습니다. 구제 방법이 있나요?","사업자에게 구입가 환급을 요구할 수 있습니다.   가구 관련 「소비자분쟁해결기준」에 따르면 가구점에서 상표남용 등 유사제품을 판매하는 경우에는 소비자는 구입가를 환급받을 수 있도록 규정하고 있습니다.   따라서, 유명 메이커 대리점 간판을 단 가구판매점에서 비메이커 제품을 유명 메이커 제품으로 속여 판매하는 경우에 이를 모르고 구입한 소비자는 구입가 환급을 요구할 수 있습니다.   소비자는 유명 메이커 대리점에서 가구를 구입하는 경우에도 무조건 유명 메이커에서 생산한 정품이라고 믿어서는 안되며 계약 시 제조업체, 모델명, 품질보증서 등을 잘 확인하고, 일단 물건을 인수하게 되면 반품이나 교환이 쉽지 않기 때문에 제품 수령 시 하자 유무와 더불어 주문한 가구 여부를 확인하여야 피해를 예방할 수 있습니다. 소비자는 가구 구입 시 반드시 어느 회사 제품인지를 확인하는 것은 물론 피해 예방을 위해 영수증(혹은 계약서)에 회사명, 모델명, 규격, 색상, 디자인 등을 구체적으로 명시하는 게 좋습니다."
562, 소파, 표시·광고_부당표시·광고,홈쇼핑에서 천연가죽 소파를 구입하여 사용하던 중 해당 가죽이 인조가죽임을 알게 되었습니다. 구제 방법이 있나요?,"사업자에게 반품 비용을 포함한 청약 철회를 요구할 수 있습니다.   홈쇼핑은 통신판매의 한 형태로써 「전자상거래 등에서의 소비자보호에 관한 법률」 적용 대상이며, 동법 제17조에 따르면 표시·광고와 다르거나 계약내용과 다르게 이행된 경우 재화 등을 공급받은 날로부터 3개월 이내, 그 사실을 안날 또는 알 수 있었던 날로부터 30일 이내에 청약철회를 사업자에게 요구할 수 있습니다.   이러한 소비자의 권리가 인정되려면 물품 관련 표시·광고의 내용이 누가 보아도 명백하게 허위이거나 과장된 점이 인정되어야 하는데, 「표시·광고의 공정화에 관한 법률」 제3조 및 「부당한 표시·광고행위의 유형 및 기준 지정 고시」에 의하면 실제 사용되지 않는 원자재나 성분이 포함된 것처럼 표시·광고하는 행위를 부당한 표시·광고로 규정하고 있습니다.   따라서 천연가죽이라고 표시·광고하였으나 실제 인조가죽일 경우에는 부당한 표시·광고로 보아 반품비용은 사업자 부담으로 하여 청약철회가 가능합니다.   또한, 「전자상거래 등에서의 소비자보호에 관한 법률」 제17조에서 정한 청약 철회기간이 경과되었더라도, 계약내용과 다르게 이행이 되었다면 사업자에게 민법상 채무불이행책임 및 손해보상책임 등을 물을 수 있을 것으로 판단됩니다."
563, 소파, 법·제도_전시제품 품질보증기간,가구매장에 전시된 소파를 구입한 후 수리를 요청하였으나 소파의 공장출고일부터 보증기간을 잡아 무상수리 기간이 끝났다는 답변을 받았습니다. 구제 방법이 있나요?,"제품을 구입하고 인도받은 날로부터 1년이 경과되지 않는 경우에는 사업자에게 무상수리를 요구할 수 있습니다.    「소비자기본법」 시행령 별표1 “일반적 소비자분쟁해결기준”에 따르면 품질보증기간은 소비자가 물품을 구입한 날 또는 용역을 제공받은 날부터 기산하며, 계약일과 인도일이 다를 경우 인도일을 기준으로 하고 교환받은 제품의 품질보증기간은 교환받은 날부터 기산합니다. 판매일자를 확인하기 곤란한 경우에는 제조일 또는 수입통관일부터 3개월이 경과한 날부터 품질보증기간을 기산합니다. 다만, 당해 물품에 제조일 또는 수입통관일이 표시되어 있지 않은 제품은 사업자가 그 판매일자를 입증해야 합니다.   따라서, 「소비자분쟁해결기준」 별표3 “품목별 품질보증기간 및 부품보유기간”에 따라 전시품임을 알고 구입한 제품의 품질보증기간은 별도의 특약이 없는 경우 1년으로 보며, 제품을 구입하고 인도받은 날로부터 1년이 경과되지 않은 경우에는 사업자에게 무상수리를 요구할 수 있습니다.   만약 소비자가 사업자에게 무상수리를 의뢰한 경우에는 지체없이 하되, 수리가 지체되는 불가피한 사유가 있을 때는 소비자에게 알려야 합니다. 소비자가 수리를 의뢰한 날부터 1개월이 지난 후에도 사업자가 수리된 물품등을 소비자에게 인도하지 못할 경우 제품교환, 환급 등의 조치를 취해야합니다."
564, 스마트폰, 청약철회_단순 변심,"전자상거래로 자급제 스마트폰을 구입하여 사용하던 중, 너무 느리고 사양이 낮아 판매자에게 반품을 요구하였으나 판매자는 이를 거부합니다. 청약철회가 가능한가요?","스마트폰의 성능에 문제가 있음을 객관적으로 입증하고, 스마트폰을 사용함으로 인해 제품의 가치가 현저하게 하락했다는 점을 판매자가 입증하지 못하는 경우 청약철회를 요구할 수 있습니다.「전자상거래 등에서의 소비자보호에 관한 법률」(이하, ‘전자상거래법’) 제17조(청약철회 등) 제1항에 따르면 ‘소비자가 전자상거래로 물건을 구입하였을 경우 7일 이내에 청약철회 할 수 있다’고 규정하고 있습니다.다만, ‘전자상거래법’ 제17조(청약철회 등) 제2항에 따르면 ‘내용물을 확인하기 위하여 포장 등을 단순 훼손한 경우에는 청약철회가 가능하나 물건을 개봉하여 일부 소비하거나 제품이 훼손되어 다시 판매하기 어려울 정도로 재화의 가치가 현저히 낮아진 경우에는 청약철회가 불가능’하다고 규정하고 있습니다.따라서, 스마트폰의 성능이 기대한 것에 미치지 못하더라도 정상적으로 작동하고 있으며, 스마트폰을 사용함으로 인해 제품의 가치가 현저하게 하락했다는 점에 대해 판매자가 입증한 경우에는 청약철회를 요구하기는 어려울 수 있습니다."
565, 스마트폰, 청약철회_단순 개봉,전자상거래로 자급제 스마트폰을 구입하여 박스에 부착된 스티커만 뜯고 스마트폰은 켜보지 않았음에도 판매자가 가치가 감소하여 재판매가 어렵다며 반품을 거부합니다. 청약철회가 가능한가요?,"스마트폰을 사용함으로 인해 제품의 가치가 현저하게 하락했다는 점을 판매자가 입증하지 못하는 경우 청약철회를 요구할 수 있습니다.「전자상거래 등에서의 소비자보호에 관한 법률」(이하, ‘전자상거래법’) 제17조(청약철회 등) 제1항에 따르면 ‘소비자가 전자상거래로 물건을 구입하였을 경우 7일 이내에 청약철회 할 수 있다’고 규정하고 있습니다.다만, ‘전자상거래법’ 제17조(청약철회 등) 제2항에 따르면 ‘내용물을 확인하기 위하여 포장 등을 단순 훼손한 경우에는 청약철회가 가능하나 물건을 개봉하여 일부 소비하거나 제품이 훼손되어 다시 판매하기 어려울 정도로 재화의 가치가 현저히 낮아진 경우에는 청약철회가 불가능’하다고 규정하고 있습니다.   따라서, 스마트폰의 경우 현실적으로 박스가 개봉된 제품을 판매하기 어려운 경우가 많으며, 이로 인해 재화 등의 가치가 현저히 하락했다는 점에 대해 판매자가 입증한 경우에는 청약철회를 요구하기는 어려울 수 있습니다."
566, 스마트폰, 청약철회_배송 지연,전자상거래로 스마트폰을 구입한 후 몇 주가 지나도 배송이 되지 않아 청약철회를 요구하였으나 판매자는 현재 배송 중이라며 이를 거부합니다. 청약철회가 가능한가요?,"사업자가 물품의 배송이 힘들다고 판단되었을 때 그에 따른 안내를 소비자에게 하여야 할 의무가 있음에도 불구하고 이를 고지하지 않은 채 청약철회를 거부한다면 소비자는 사업자에게 환급을 요구할 수 있습니다.「전자상거래 등에서의 소비자보호에 관한 법률」 제15조(재화 등의 공급 등)에 따르면 ‘사업자는 소비자가 청약을 한 날부터 7일 이내에 재화 등의 공급에 필요한 조치를 하여야 하고, 소비자가 재화 등의 대금을 전부 또는 일부를 지급한 날부터 3영업일 이내에 재화 등의 공급에 필요한 조치를 하여야 한다’고 규정하고 있습니다. 또한, ‘청약을 받은 재화 등급 공급하기 곤란하다는 것을 알았을 때에는 지체 없이 그 사유를 소비자에게 알려야 하고, 소비자가 그 대금의 전부 또는 일부를 지급한 날부터 3영업일 이내에 환급하거나 환급에 필요한 조치를 해야한다’고 규정하고 있습니다.   따라서, 사업자가 물품의 배송이 힘들다고 판단되었을 때 그에 따른 안내를 소비자에게 하여야 할 의무가 있음에도 불구하고 이를 고지하지 않고 배송중이라는 사유로 청약철회를 거부하고, 청약철회의 효과와 동일하게 대금의 환급이 이루어져야 함에도 이를 이행하지 않은 것으로 볼 수 있어 소비자는 사업자에게 환급을 요구할 수 있다고 판단됩니다.   ※ 통신판매업자에 대한 청약철회 의사표시 방법은 법률상 특별한 제한이 없으므로 전화, 서면, 전자문서 모두 가능합니다. 다만, 전화로 의사표시를 한 경우 간혹 판매자가 청약철회 요구를 받은 사실이 없다고 주장하는 경우가 있으므로, 쇼핑몰 게시판에 청약철회 의사를 표시하고 그 화면을 캡처하여 보관하거나 서면으로 발송하는 것이 좋습니다. 서면으로 발송한 경우에는 발송한 날에 그 효력이 발생합니다. 또한, 사업자에게 청약철회를 요청하였는데도 특별한 사유 없이 이를 거부할 경우, 「전자상거래 등에서의 소비자보호에 관한 법률」 제18조에 따라 신용카드로 대금을 결제하였다면 신용카드사에 처리를 요구할 수 있으니 참고하시기 바랍니다."
567, 스마트폰, 청약철회_제품 훼손을 이유로 청약철회 거부,"청약철회 의사를 밝히고 수령한 제품을 그대로 반송하였으나, 판매자는 반송된 제품의 포장이 개봉되었고 제품이 사용되었다며 청약철회가 불가하다고 주장합니다. 청약철회가 가능한가요?","판매자가 자신이 발송한 제품에 하자가 존재하지 않는다는 점을 입증하지 못하는 경우 청약철회를 요구할 수 있습니다.「전자상거래 등에서의 소비자보호에 관한 법률」 제17조(청약철회등) 제2항에 따르면 ‘소비자의 책임 있는 사유로 재화 등이 멸실되거나 훼손된 경우, 소비자의 사용 또는 일부 소비로 인해 재화 등의 가치가 현저히 감소한 경우, 복제가 가능한 재화 등의 포장을 훼손한 경우는 청약철회를 할 수 없다’고 규정하고 있습니다.따라서, 재화 등의 훼손에 대한 소비자의 책임 여부에 대하여 다툼이 있는 경우에는 사업자가 이를 입증해야 하므로, 사업자가 자신이 발송한 제품에 하자가 존재하지 않는다는 점에 대한 입증을 하지 못하는 경우 청약철회를 요구할 수 있다고 판단됩니다.   ※ 통신판매업자에 대한 청약철회 의사표시 방법은 법률상 특별한 제한이 없으므로 전화, 서면, 전자문서 모두 가능합니다. 다만, 전화로 의사표시를 한 경우 간혹 판매자가 청약철회 요구를 받은 사실이 없다고 주장하는 경우가 있으므로, 쇼핑몰 게시판에 청약철회 의사를 표시하고 그 화면을 캡처하여 보관하거나 서면으로 발송하는 것이 좋습니다. 서면으로 발송한 경우에는 발송한 날에 그 효력이 발생합니다. 또한, 사업자에게 청약철회를 요청하였는데도 특별한 사유 없이 이를 거부할 경우, 「전자상거래 등에서의 소비자보호에 관한 법률」 제18조에 따라 신용카드로 대금을 결제하였다면 신용카드사에 처리를 요구할 수 있으니 참고하시기 바랍니다."
568, 스마트폰, 청약철회_7일 이내 반품 미완료,전자상거래로 스마트폰을 구입하고 단순 변심으로 반품을 요청하였으나 사업자가 7일 이내 제품이 도착하지 않았다는 이유로 청약철회 불가를 주장합니다. 청약철회가 가능한가요?,"“반품은 상품이 7일 이내 쇼핑몰에 도착해야만 환급 가능하다”고 규정한 약관이 소비자에게 불리한 계약으로 인정되어 무효화 될 경우 청약철회를 요구할 수 있습니다.「전자상거래 등에서의 소비자보호에 관한 법률」(이하, ‘전자상거래법’) 제17조(청약철회 등) 제1항에 따르면 ‘소비자가 전자상거래로 물건을 구입하였을 경우 7일 이내에 청약철회 할 수 있다’고 규정하고 있고, ‘전자상거래법’ 제35조(소비자에게 불리한 계약의 금지)에 따르면 ‘제17조 규정을 위반한 약정으로써 소비자에게 불리한 것은 효력이 없다’고 규정하고 있습니다.   따라서, 만약 사업자가 “반품은 상품이 7일 이내 쇼핑몰에 도착해야만 환급 가능하다”고 표시하였다고 하더라도 이는 ‘전자상거래법’ 제17조를 위반한 약정으로 소비자에게 불리한 것이므로 제35조에 따라 효력이 없다고 보며, 소비자가 제품을 수령한 날로부터 7일 이내 청약철회 의사표시를 하고 반품 절차를 진행했다면 설령 반품한 상품이 7일 이내 쇼핑몰에 도착하지 못했다 하더라도 청약철회 권리를 제한할 수는 없습니다.   ※ 통신판매업자에 대한 청약철회 의사표시 방법은 법률상 특별한 제한이 없으므로 전화, 서면, 전자문서 모두 가능합니다. 다만, 전화로 의사표시를 한 경우 간혹 판매자가 청약철회 요구를 받은 사실이 없다고 주장하는 경우가 있으므로, 쇼핑몰 게시판에 청약철회 의사를 표시하고 그 화면을 캡처하여 보관하거나 서면으로 발송하는 것이 좋습니다. 서면으로 발송한 경우에는 발송한 날에 그 효력이 발생합니다. 또한, 사업자에게 청약철회를 요청하였는데도 특별한 사유 없이 이를 거부할 경우, 「전자상거래 등에서의 소비자보호에 관한 법률」 제18조에 따라 신용카드로 대금을 결제하였다면 신용카드사에 처리를 요구할 수 있으니 참고하시기 바랍니다."
569, 스마트폰, 청약철회_설명과 다른 제품,전자상거래로 스마트폰을 구입하고 7일이 경과한 후 전원을 켰는데 주문한 스펙과 다른 스펙의 제품이 도착한 것을 알게 되었습니다. 이에 판매자는 청약철회 기간인 7일이 지났다면서 이를 거부하는데 청약철회가 불가능한가요?,"표시·광고 내용과 다른 제품을 수령한 경우 소비자는 사업자에게 30일 이내에 청약철회를 요구할 수 있습니다.「전자상거래 등에서의 소비자보호에 관한 법률」 제17조(청약철회등)에 따르면 재화 등을 공급받거나 재화 등의 공급이 시작된 날부터 7일 이내에 청약철회를 할 수 있다고 규정하고 있습니다. 다만, 재화 등의 내용이 표시·광고의 내용과 다르거나 계약 내용과 다르게 이행된 경우 그 재화 등을 공급받은 날부터 3개월 이내, 그 사실을 안 날 또는 알 수 있었던 날부터 30일 이내에 청약철회 권리를 행사할 수 있다고 규정하고 있습니다.따라서, 표시·광고 내용과 다른 제품을 수령한 경우 소비자는 사업자에게 30일 이내에 청약철회를 요구할 수 있다고 판단됩니다."
570, 스마트폰, 계약불이행_미환급,전자상거래로 스마트폰을 주문하고 대금을 신용카드로 결제하였습니다. 제품을 수령하기 전 마음이 바뀌어 청약철회를 요청했음에도 결제취소가 되지 않고 있습니다. 결제취소를 요청할 수 있는 방법이 있나요?,판매자에게 청약철회를 요청했음에도 결제취소가 되지 않고 있다면 신용카드사에 재화 등의 대금 청구를 정지하거나 취소하도록 요청할 수 있습니다.「전자상거래 등에서의 소비자보호에 관한 법률」 제18조(청약철회등의 효과) 제3항에 따르면 신용카드로 재화 등의 대금을 지급한 경우에는 지체 없이 신용카드사에게 재화 등의 대금 청구를 정지하거나 취소하도록 요청하여야 한다‘고 규정하고 있습니다.
571, 스마트폰, 가격·요금_차액보상,타 매장에서 같은 상품을 더 싸게 파는 것을 알게 됐습니다. 같은 상품에 대해 판매가격이 다른 경우 차액만큼 보상이 가능한가요?,"타 매장과 비교하여 가격의 차이가 있다는 이유로 차액만큼 보상을 요구하기는 어렵습니다.우리나라는 자유시장 경제질서를 기본으로 1999년 9월부터 ‘판매가격표시제’를 실시하여 제조업자의 표시가격에 구애받지 않고 최종 판매업자가 판매가격을 자율적으로 결정하여 표시한 후 판매하고 있으며 흔히 오픈 프라이스 제도라고 합니다.정부가 관리하는 전기요금, 난방요금 또는 대중교통 요금 등을 제외하고, 일반적으로 가격은 계약 당시 양 당사자(소비자와 판매자)의 거래 합의에 의한 계약조건이므로 타 매장과의 가격 차이를 이유로 계약해제나 피해보상을 요구하기 어렵습니다.따라서, 타 매장과 비교하여 차이가 있다고 하더라도 부당행위로 보기 어려워 차액만큼 보상을 요구하기 어렵다고 판단됩니다."
572, 스마트폰, 가격·요금_반품비 추가 요구,전자상거래로 병행수입 스마트폰을 구입하고 반품을 요구하였으나 사전에 고지된 반품 배송비 이외에 ‘반품비’라는 명목으로 추가 대금 지급을 요구합니다. 제가 비용을 지급해야 하나요?,"사전에 고지되지 않은 ‘반품비’ 명목의 추가 대금 지급 없이 반품과정에서 발생한 비용을 공제한 금액의 환급을 요구할 수 있습니다.병행수입을 비롯한 수입 제품 판매 시 발생하는 배송비는 사업자마다 수입절차 및 재고관리 방식에 따라 다를 수 있으나 「전자상거래 등에서의 소비자보호에 관한 법률」(이하, ‘전자상거래법’) 제13조(신원 및 거래 조건에 대한 정보의 제공)에 따르면 ‘재화 등의 교환?반품?보증과 그 대금 환불 및 환불의 지연에 따른 배상금 지급의 조건?절차‘를 적절한 방법으로 표시?광고하거나 고지하여야 한다고 규정하고 있습니다.따라서, 반품 비용은 소비자의 구매 여부 판단에 영향을 주는 중요한 거래 조건으로 ’적절한 방법으로 고지’하여야 할 사항으로 볼 수 있어 사업자가 수입 과정에서 발생한 ‘현지 및 국제운송료 + 수입세금 및 제비용’에 관해 입증할 경우 소비자는 그에 대한 금액을 지급해야 하며, 입증할 수 없는 경우 제품을 반품한 뒤 반품과정에서 발생한 비용을 공제한 후 환급을 요구할 수 있다고 판단됩니다.반면, ‘전자상거래법’ 제18조(청약철회등의 효과)에 따르면 ‘사업자는 소비자에게 청약철회를 이유로 위약금이나 손해배상을 청구할 수 없다’고 규정하고 있으므로 미리 고지한 반품 배송비 이외에 다른 명목의 위약금을 추가 청구하는 것은 인정되기 어렵습니다."
573, 스마트폰, 가격·요금_과도한 반품배송비 요구,전자상거래로 스마트폰을 구입한 후 청약철회를 요구하니 사업자가 해외구매대행 상품이었다며 과도한 해외배송비 지급을 요구합니다. 제가 비용을 지급해야 하나요?,"사업자가 주장하는 해외 배송비 등 내역이 확인되는 경우라면 소비자는 사업자에게 수입 과정에서 소요된 비용을 지급해야 합니다.「전자상거래 등에서의 소비자보호에 관한 법률」(이하, ‘전자상거래법’) 제17조(청약철회 등)에 따르면 소비자가 전자상거래로 물건을 구입하였을 경우 7일 이내에 청약철회 할 수 있고 재화 등의 내용이 표시·광고의 내용과 다르거나 계약 내용과 다르게 이행된 경우에는 그 재화 등을 공급받은 날부터 3개월 이내, 그 사실을 안 날 또는 알 수 있었던 날부터 30일 이내에 청약철회 등을 할 수 있다고 규정하고 있습니다.또한, ‘전자상거래법’ 제13조(신원 및 거래 조건에 대한 정보의 제공)에 따르면 ‘재화 등의 교환?반품?보증과 그 대금 환불 및 환불의 지연에 따른 배상금 지급의 조건?절차‘를 적절한 방법으로 표시?광고하거나 고지하여야 한다고 규정하고 있습니다.따라서, 청약철회 예외에 해당하지 않는 한 전자상거래를 통한 해외물품 구매계약의 경우에도 청약철회를 할 수 있고 반품 비용은 소비자의 구매 여부 판단에 영향을 주는 중요한 거래 조건으로 ’적절한 방법으로 고지‘하여야 할 사항으로 볼 수 있어, 사업자가 수입 과정에서 발생하는 비용(현지 및 국제운송료, 수입세금 및 제비용)을 사전에 소비자에게 고지하고, 지급한 사실 등이 확인되는 경우라면 소비자는 사업자에게 수입 과정에서 소요되는 비용을 지급해야 한다고 판단됩니다.   다만, 계약 체결 과정에서 해외 배송료에 대한 고지 없이 제품을 구입하였거나, 계약 체결과정에서 부담하지 아니한 해외배송비를 청약철회 과정에서 특별히 요구하는 경우라면 소비자는 사업자에게 제품의 수입 과정에서 발생하는 비용에 대한 입증을 요구하거나 물품의 반송 관련 정보의 제공 등을 요구할 수 있으며, 사업자가 이를 입증하지 못할 경우 해당 비용 지급 요구를 거절할 수 있습니다."
574, 스마트폰, 가격·요금_적립금 환급,전자상거래로 스마트폰을 구입하고 제품 수령 다음날 단순 변심으로 반품을 신청하였으나 사업자는 결제 금액을 적립금으로만 돌려주겠다고 주장합니다. 카드 취소는 안되나요?,"‘결제 대금 환급은 적립금으로만 가능하다’ 등의 안내는 청약철회 방해행위에 해당할 수 있고 소비자가 사용한 결제 수단에 따른 환급 이행을 해당 쇼핑몰에 요구할 수 있습니다.「전자상거래 등에서의 소비자보호에 관한 법률」(이하, ‘전자상거래법’) 제17조(청약철회등)에 따르면 ‘소비자는 상품을 공급 받은 날로부터 7일 이내에는 소비자의 귀책 사유로 인한 상품의 멸실 또는 훼손된 경우 등을 제외하고는 단순 변심으로 인한 청약철회를 할 수 있다’고 규정하고 있습니다.또한, ‘전자상거래법’ 제21조(금지행위)에 따르면 ‘거짓 또는 과장된 사실을 알리거나 기만적 방법을 사용하여 소비자를 유인 또는 소비자와 거래하거나 청약철회등 또는 계약의 해지를 방해하는 행위를 금지’ 행위로 규정하고 있습니다.이에 소비자가 제품을 수령한 날로부터 7일 이내 청약철회 의사표시를 명확히 하였다면 해당 쇼핑몰은 동법 제18조 제3항에 의거하여 신용카드사에게 대금 청구를 정지하거나 취소하도록 요청하여야 합니다.   따라서, ‘결제 대금 환급은 적립금으로만 가능하다’ 등의 안내는 청약철회 방해 행위에 해당할 수 있고 청약철회등에 대한 방해 행위가 있는 경우에는 그 방해 행위가 종료한 날부터 7일 이내에 소비자가 사용한 결제 수단에 따른 환급 이행을 해당 쇼핑몰에 요구할 수 있다고 판단됩니다."
575, 스마트폰, 가격·요금_환급금액 기준,구입한지 3년이 넘은 스마트폰이 고장나 수리를 의뢰하였으나 수리가 불가능하여 제조사가 구입가의 50%를 환급해주겠다고 합니다. 그러나 영수증이 없어 구입가를 알 수 없다고 하니 제조사는 출고가격을 기준으로 더 적은 가격을 보상하겠다고 하는데 맞는건가요?,"영수증이 없어 구입가를 알 수 없는 경우 출고가격을 보상의 기준으로 정할 수 있습니다.「소비자기본법」 시행령 별표1 “일반적 소비자분쟁해결기준”에 따르면 ‘환급금액은 거래 시 교부된 영수증 등에 적힌 물품 등의 가격을 기준으로 한다’고 규정하고 있습니다.다만, 영수증 등에 적힌 가격에 대하여 다툼이 있는 경우에는 다른 금액을 기준으로 하려는 자가 그 다른 금액이 실제 거래가격임을 입증하여야 하며, 영수증이 없는 등의 사유로 실제 거래가격을 입증할 수 없는 경우에는 그 지역에서 거래되는 통상적인 가격을 기준으로 해야 합니다."
576, 스마트폰, 품질_초기 불량,"스마트폰 구입하여 한 달도 되지 않았으나 고장이나 작동하지 않는데, 교환이나 환불받을 수 있나요?","제조사의 약관에 따라 제품교환 또는 무상수리 여부가 달라지며, 별도의 규정 등이 존재하지 않는 경우 ‘소비자분쟁해결기준’에 따라 제품교환 또는 무상수리를 요구할 수 있습니다. 공정거래위원회가 고시한 스마트폰 관련 ‘소비자분쟁해결기준’에 따르면 품질보증기간 이내에 정상적인 사용상태에서 발생한 성능 기능상의 하자 발생 시 무상수리로 규정하고 있습니다. 또한, 구입 시부터 중요한 수리를 요하는 성능·기능상의 하자가 발생한 기간을 기준으로 구분하고 있는데, 구입 후 10일 이내 하자가 발생한 경우 제품교환 또는 구입가 환급, 구입 후 1개월 이내 하자가 발생한 경우 제품교환 또는 무상수리로 규정하고 있습니다.※ ‘소비자분쟁해결기준’은 소비자와 사업자 사이에 발생하는 분쟁을 원활하게 해결하기 위한 합의 또는 권고의 기준을 제시한 것으로 강제력을 가지지 못합니다. 사업자 약관이나 규정 등이 존재한다면 사업자 약관 또는 규정을 적용해야 하며 분쟁해결 방법에 관한 별도의 의사표시가 없는 때에는 ‘소비자분쟁해결기준’을 적용할 수 있습니다."
577, 스마트폰, 품질_품질보증기간,구입한 스마트폰 화면이 1년도 되지 않아 번인이 일어나 스마트폰 패널을 교체하였는데 또 다시 번인이 일어났습니다. 스마트폰 패널의 품질보증기간이 1년으로 표시되어 있으나 너무 짧다는 생각이 듭니다. 이에 대한 시정조치를 요구할 수 있나요?,"제조사의 규정 또는 ‘소비자분쟁해결기준’에 따라 무상수리를 요구할 수 있으나, 시정조치를 요구하기는 어렵습니다.공정거래위원회가 고시한 '소비자분쟁해결기준' 별표3 ‘품목별 품질보증기간 및 부품보유기간’에 따르면 스마트폰은 품질보증기간 2년(배터리는 1년), 부품보유기간 4년으로 규정하고 있습니다.또한, 「소비자기본법」 시행령 별표1 ‘일반적 소비자분쟁해결기준’에 따르면 사업자가 정한 품질보증기간과 부품보유기간이 품목별 '소비자분쟁해결기준'에서 정한 기간보다 짧을 경우에는 품목별 '소비자분쟁해결기준'에서 정한 기간으로 보도록 규정하고 있습니다.   따라서, 소비자는 품질보증기간을 1년에서 2년으로 늘리는 것에 대한 시정을 요구하기는 어려우나 품질보증기간을 2년으로 보고 무상수리 등을 요구할 수 있다고 판단됩니다.※ ‘소비자분쟁해결기준’은 소비자와 사업자 사이에 발생하는 분쟁을 원활하게 해결하기 위한 합의 또는 권고의 기준을 제시한 것으로 강제력을 가지지 못합니다. 사업자 약관이나 규정 등이 존재한다면 사업자 약관 또는 규정을 적용해야 하며 분쟁해결 방법에 관한 별도의 의사표시가 없는 때에는 ‘소비자분쟁해결기준’을 적용할 수 있습니다."
578, 스마트폰, 품질_교환받은 제품의 하자,교환받은 스마트폰이 한 달도 되지 않아 또다시 고장이나 작동하지 않습니다. 어떻게 대응해야 하나요?,교환받은 스마트폰이 한달도 되지 않아 중요한 수리를 요하는 경우 ‘소비자분쟁해결기준’에 따라 판매자에게 구입가 환급을 요구할 수 있습니다.공정거래위원회가 고시한 스마트폰 관련 ‘소비자분쟁해결기준’에 따르면 교환된 신제품이 1개월 이내에 중요한 수리를 요할 때 구입가 환급으로 규정하고 있습니다.※ ‘소비자분쟁해결기준’은 소비자와 사업자 사이에 발생하는 분쟁을 원활하게 해결하기 위한 합의 또는 권고의 기준을 제시한 것으로 강제력을 가지지 못합니다. 사업자 약관이나 규정 등이 존재한다면 사업자 약관 또는 규정을 적용해야 하며 분쟁해결 방법에 관한 별도의 의사표시가 없는 때에는 ‘소비자분쟁해결기준’을 적용할 수 있습니다.
579, 스마트폰, 품질_배송 중 파손,전자상거래로 구입한 스마트폰이 배송 중 파손되었습니다. 판매자에게 배상을 요구하니 택배회사 측 과실이라며 택배업체에 배상을 요구하라고 하는데 누구에게 배상을 요구해야 하나요?,"판매자에게 배송과정에 대한 관리의무가 있으므로, 소비자는 판매자에게 배상을 요구할 수 있습니다.판매자는 소비자와 구매계약을 체결하고, 판매자가 택배회사와 배송계약을 체결하였으므로 판매자는 소비자에게 정상적인 물품을 배송해야 하는 책임이 있으며 소비자에게 인도되기 전 배송과정에 대한 문제도 판매자가 관리해야 합니다.따라서, 소바자가 판매자에게 배상을 요구하면 판매자는 소비자에게 정상적인 물품을 재배송 또는 구입가 환급을 해주어야 하며, 택배회사의 과실이 인정되면 판매자가 택배회사에 따로 구상권을 행사하여야 합니다."
580, 스마트폰, 품질_사은품의 하자로 인한 피해에 대한 보상,스마트폰을 구입하면서 사은품으로 받은 스마트워치를 사용하던 중 고장이 났습니다. 판매자는 사은품으로 받은 스마트워치에 대해서 교환이 불가능하다고 주장하는데 교환이 가능한가요?,"사은품 여부와 관계없이 '소비자분쟁해결기준'에 따라 수리·교환·환급 등을 요구할 수 있습니다.「소비자기본법」 시행령 별표1 ‘일반적 소비자분쟁해결기준’에 따르면 판매자가 물품 등의 거래에 부수하여 제공하는 사은품·경품의 하자·채무불이행 등으로 인한 소비자피해에 대해 수리·교환·환급 또는 배상을 하거나, 계약의 해제·해지 및 이행 등을 하여야 한다고 규정하고 있습니다.또한, 공정거래위원회가 고시한 스마트폰 관련 '소비자분쟁해결기준'에 따르면 구입 시부터 중요한 수리를 요하는 성능·기능상의 하자가 발생한 기간을 기준으로 구분하고 있는데, 구입 후 10일 이내 하자가 발생한 경우 제품교환 또는 구입가 환급, 구입 후 1개월 이내 하자가 발생한 경우 제품 교환 또는 무상수리로 규정하고 있습니다.따라서, 소비자는 사은품 여부와 관계없이 '소비자분쟁해결기준'에 따라 수리·교환·환급 등을 요구할 수 있다고 판단됩니다."
581, 스마트폰, 품질_수리만 가능,접히는 스마트폰을 구매한 지 한 달도 되지 않았는데 접히는 부분의 액정이 깨졌습니다. 새 제품으로 교환받고 싶은데 제조사는 규정상 수리 및 교체만 가능하다고 주장하는데 새 제품으로 교환받을 수 있나요?,"제조사의 약관에 따라 제품교환 또는 무상수리 여부가 달라지나, 별도의 규정 등이 존재하지 않는 경우 ‘소비자분쟁해결기준’에 따라 제품교환 또는 무상수리를 요구할 수 있습니다.공정거래위원회가 고시한 스마트폰 관련 '소비자분쟁해결기준'에 따르면 구입 시부터 중요한 수리를 요하는 성능·기능상의 하자가 발생한 기간을 기준으로 구분하고 있는데, 구입 후 10일 이내 하자가 발생한 경우 제품교환 또는 구입가 환급, 구입 후 1개월 이내 하자가 발생한 경우 제품교환 또는 무상수리로 규정하고 있습니다.동 기준에서 동일한 피해에 대한 분쟁해결기준을 두 가지 이상 정하고 있는 경우에는 소비자가 선택하는 분쟁해결기준에 따르도록 하고 있습니다. 따라서, 양 당사자 간에 교환 및 수리와 관련된 계약 내용이 없다면 교환 또는 수리를 요구할 수 있다고 판단됩니다.   ※ '소비자분쟁해결기준'은 소비자와 사업자 사이에 발생하는 분쟁을 원활하게 해결하기 위한 합의 또는 권고의 기준을 제시한 것으로 강제력을 가지지 못합니다. 특히 해당 사안의 경우 제조사가 스스로 품질 보증을 위해 소비자들에게 약정한 내용이므로, 사업자의 해당 약관이나 품질보증 규정 등이 존재한다면 사업자 약관 또는 규정을 적용해야 하며 분쟁해결 방법에 관한 별도의 의사표시가 없는 때에는 '소비자분쟁해결기준'을 적용할 수 있습니다."
582, 스마트폰, 품질_리퍼폰 제공,"무상수리 기간 내 스마트폰이 고장나 수리를 맡겼으나, 제조사는 리퍼폰으로 교체해준다고 합니다. 리퍼폰은 찜찜하여 쓰고싶지 않은데 수리나 새 제품으로 교환받을 수 있나요?","소비자분쟁해결기준'에서 규정한 무상수리 대상에는 해당하나, 새 제품 교환 대상에 해당하지 않는 경우라면 새 제품 교환을 요구하기는 어렵습니다.    공정거래위원회가 고시한 스마트폰 관련 '소비자분쟁해결기준'에 따르면 구입 시부터 중요한 수리를 요하는 성능·기능상의 하자가 발생한 기간을 기준으로 구분하고 있는데, 구입 후 10일 이내 하자가 발생한 경우 제품교환 또는 구입가 환급, 구입 후 1개월 이내 하자가 발생한 경우 제품교환 또는 무상수리로 규정하고 있습니다.또한, 동 기준에 따르면 리퍼폰 교환을 무상수리와 동일하게 처리받은 것으로 규정하고 있으며, 무상 수리 기간 내 발생한 하자로 인해 제조사 규정 또는 '소비자분쟁해결기준'에 따라 리퍼폰 제공을 받은 경우 무상수리 받은 것으로 볼 수 있습니다.따라서, 리퍼폰 교환을 받았다면 ‘소비자분쟁해결기준’에서 규정한 대로 무상수리를 받은 것으로 볼 수 있고, '소비자분쟁해결기준'에서 규정한 무상수리 대상에는 해당하나 새 제품교환 대상에 해당하지 않는 경우라면 새 제품교환을 요구하기 어렵다고 판단됩니다."
583, 스마트폰, 품질_수리 불가 시 환급 요구,스마트폰의 하자로 수리를 의뢰했으나 제조사 측에서 검토한 결과 자체 결함으로 인해 완벽히 수리가 되지 않는다고 합니다. 제조사에서는 다른 모델로 교환해준다고 하는데 교환이 아닌 구입한 가격을 환급받을 수 있나요?,"제조사의 약관에 따라 환급 여부가 달라지나, 별도의 규정 등이 존재하지 않는 경우 ‘일반적 소비자분쟁해결기준’에 따라 구입가 환급을 요구할 수 있습니다.「소비자기본법」 시행령 별표1 ‘일반적 소비자분쟁해결기준’에 따르면 교환은 같은 종류의 물품 등으로 하되, 같은 종류의 물품 등으로 교환하는 것이 불가능한 경우에는 같은 종류의 유사물품 등으로 교환할 것을 규정하고 있습니다. 다만, 같은 종류의 물품 등으로 교환하는 것이 불가능하고 소비자가 같은 종류의 유사물품 등으로 교환하는 것을 원하지 않을 경우에는 구입가 환급하도록 규정하고 있습니다.따라서, 소비자가 다른 모델로 교환을 원하지 않는 상황이므로 구입가 환급을 요구할 수 있다고 판단됩니다.   이때, 환급금액은 거래 시 교부된 영수증 등에 적힌 물품 등의 가격을 기준으로 하는데, 영수증 등에 적힌 가격에 대하여 다툼이 있는 경우에는 다른 금액을 기준으로 하려는 자가 그 다른 금액이 실제 거래가격임을 입증하여야 하며, 영수증이 없는 등의 사유로 실제 거래가격을 입증할 수 없는 경우에는 그 지역에서 거래되는 통상적인 가격을 기준으로 해야 합니다."
584, 스마트폰, 품질_동일 하자의 2차 수리,스마트폰을 사용하던 중 하자가 발생하여 1차 유상 수리를 의뢰했으나 한 달도 되지 않아 동일한 하자가 발생했습니다. 제조사는 2차 수리 역시 유상이라고 하는데 한 달도 되지 않아 다시 고장난 것이니 무상 수리를 요청할 수 있나요?,"제조사의 약관에 따라 무상 수리 여부가 달라지나, 별도의 규정 등이 존재하지 않는 경우 ‘소비자분쟁해결기준’에 따라 사업자에게 무상 수리를 요구하고 수리가 불가능할 경우 기존 1차 유상 수리비의 환급을 요구할 수 있습니다.「소비자기본법」 시행령 별표1 ‘일반적 소비자분쟁해결기준’에 따르면 물품 등을 유상으로 수리한 경우 그 유상으로 수리한 날부터 2개월 이내에 소비자가 정상적으로 물품 등을 사용하는 과정에서 그 수리한 부분에 종전과 동일한 고장이 재발한 경우에는 무상으로 수리하되, 수리가 불가한 때에는 종전에 받은 수리비를 환급하여야 한다고 규정하고 있습니다.따라서, 사업자에게 무상 수리를 요구하고 수리가 불가능할 경우 기존 1차 유상 수리비의 환급을 요구할 수 있다고 판단됩니다.※ ‘소비자분쟁해결기준’은 소비자와 사업자 사이에 발생하는 분쟁을 원활하게 해결하기 위한 합의 또는 권고의 기준을 제시한 것으로 강제력을 가지지 못합니다. 사업자 약관이나 규정 등이 존재한다면 사업자 약관 또는 규정을 적용해야 하며 분쟁해결 방법에 관한 별도의 의사표시가 없는 때에는 ‘소비자분쟁해결기준’을 적용할 수 있습니다."
585, 스마트폰, 품질_3차례 발생한 동일하자,스마트폰을 사용하던 중 하자가 발생하여 2차례 수리를 받았으나 동일한 하자가 다시 발생했습니다. 제조사는 재수리해주겠다고 하나 더 이상 해당 제품을 쓰고 싶지 않은데 환급을 요구할 수 있나요?,"제조사의 약관에 따라 제품교환 또는 환급 여부가 달라지나, 별도의 규정 등이 존재하지 않는 경우 ‘소비자분쟁해결기준’에 따라 제품교환 또는 구입가 환급을 요구할 수 있습니다.공정거래위원회가 고시한 스마트폰 관련 '소비자분쟁해결기준'에 따르면 품질보증기간 이내에 동일하자에 대해 2회까지 수리하였으나 하자가 재발하는 경우 또는 여러 부위 하자에 대해 4회까지 수리하였으나 하자가 재발하는 경우는 수리 불가능한 것으로 보아 제품교환 또는 구입가 환급으로 규정하고 있으므로 구입가 환급을 요구할 수 있다고 판단됩니다.※ ‘소비자분쟁해결기준’은 소비자와 사업자 사이에 발생하는 분쟁을 원활하게 해결하기 위한 합의 또는 권고의 기준을 제시한 것으로 강제력을 가지지 못합니다. 사업자 약관이나 규정 등이 존재한다면 사업자 약관 또는 규정을 적용해야 하며 분쟁해결 방법에 관한 별도의 의사표시가 없는 때에는 ‘소비자분쟁해결기준’을 적용할 수 있습니다."
586, 스마트폰, 품질_수리 도중 제품 분실로 인한 보상,"스마트폰이 고장나 사업자에게 수리를 의뢰했으나 사업자가 수리 도중 제품을 분실했다고 합니다. 사업자는 구입가의 50%를 돌려주겠다고 하는데, 어떻게 대응해야 하나요?","제조사의 약관에 따라 환급금액이 달라질 수 있으나, 별도의 규정 등이 존재하지 않는 경우 ‘소비자분쟁해결기준’에 따라 품질보증기간 이내면 제품교환 또는 구입가 환급으로 규정하고 있고, 품질보증기간이 경과한 경우 정액감가상각한 금액에 10%를 가산한 금액을 요구할 수 있습니다.공정거래위원회가 고시한 공산품 관련 '소비자분쟁해결기준'에 따르면 소비자가 수리 의뢰한 제품을 사업자가 분실한 경우 품질보증기간 이내면 제품교환 또는 구입가 환급으로 규정하고 있고, 품질보증기간이 경과한 경우 정액감가상각한 금액에 10%를 가산하여 환급(최고한도 : 구입가격)하도록 규정하고 있습니다.※ ‘소비자분쟁해결기준’은 소비자와 사업자 사이에 발생하는 분쟁을 원활하게 해결하기 위한 합의 또는 권고의 기준을 제시한 것으로 강제력을 가지지 못합니다. 사업자 약관이나 규정 등이 존재한다면 사업자 약관 또는 규정을 적용해야 하며 분쟁해결 방법에 관한 별도의 의사표시가 없는 때에는 ‘소비자분쟁해결기준’을 적용할 수 있습니다."
587, 스마트폰, 부당행위_부품을 보유하고 있지 않아 수리 불가능,구입한지 3년 정도 된 스마트폰을 사용하던 중 바닥에 떨어뜨려 고장이 나 수리를 의뢰했습니다. 그러나 제조사는 해당 모델은 단종되었고 현재 부품을 보유하고 있지 않아 수리가 불가하다고 하는데 어떻게 대응해야 하나요?,"제조사의 약관에 따라 교환 여부가 달라질 수 있으나, 별도의 규정 등이 존재하지 않는 경우 ‘소비자분쟁해결기준’에 따라 품질보증기간 이내임에도 수리부품이 없어 수리가 불가능하다면 유상수리에 해당하는 금액 징수 후 제품교환을 요구할 수 있습니다.공정거래위원회가 고시한 스마트폰 관련 '소비자분쟁해결기준'에 따르면 스마트폰은 품질보증기간 2년(배터리는 1년), 부품보유기간 4년으로 규정하고 있습니다. 또한, 부품 의무보유기간 이내에 수리용 부품을 보유하고 있지 않아 발생한 피해에 대해서는 품질보증기간 이내인 경우 제품을 교환받거나 구입가 환급을 규정하고 있으며, 품질보증기간 이후에는 제품의 정액감가상각비를 공제한 잔여금액에 구입가의 10%를 가산하여 환급하도록 규정하고 있습니다.따라서, 품질보증기간 이내 사용자 고의, 과실로 수리가 필요하나 수리 부품이 없어 수리가 불가능한 경우 유상수리에 해당하는 금액 징수 후 제품교환을 요구할 수 있다고 판단됩니다.※ ‘소비자분쟁해결기준’은 소비자와 사업자 사이에 발생하는 분쟁을 원활하게 해결하기 위한 합의 또는 권고의 기준을 제시한 것으로 강제력을 가지지 못합니다. 사업자 약관이나 규정 등이 존재한다면 사업자 약관 또는 규정을 적용해야 하며 분쟁해결 방법에 관한 별도의 의사표시가 없는 때에는 ‘소비자분쟁해결기준’을 적용할 수 있습니다."
588, 스마트폰, 부당행위_OS 업데이트 중지,스마트폰을 구입한지 2년이 되었으나 새로운 OS 및 기능 추가 등의 업데이트 지원이 중단된다고 합니다. 타 사에 비해 스마트폰 기기 가격은 비싸게 받으면서 사후 지원이 짧은 것에 대해 시정을 요구할 수 있나요?,"소프트웨어 업데이트는 제조사의 자체 정책에 따른 것으로 시정을 요구하기 어려울 것으로 보입니다.소프트웨어 업데이트 기간 및 횟수는 제조사가 자체적으로 정하고 있으며 이를 규정하거나 규제하는 법률은 없어 법적 의무사항에 해당하지 않습니다. 특히 신기능이 담긴 업데이트가 이루어지지 않더라도 기존의 소프트웨어 버전으로 스마트폰이 정상 작동되고 있다면 스마트폰의 구입 목적을 충분히 영위하고 있다고 볼 수 있어 부당행위로 보기 어렵습니다.    따라서, 소프트웨어 업데이트는 제조사의 자체 정책에 따른 것으로 강제하거나 권고하기 어렵다고 판단됩니다."
589, 식료품·기호품(봉지면), 봉지면_청약철회_단순 변심,봉지 라면을 구매했으나 마음이 바뀌었을 경우 환급을 요구할 수 있나요?,"매장에서 구입한 경우 돈을 지급하고 물품을 인도받았다면 이미 거래가 완성된 것으로 부패·변질 등의 하자가 존재하지 않는 한 단순 변심으로 환급을 요구할 수 없습니다.현행법상 개인 변심에 의한 구입을 취소할 수 있는 법규는 존재하지 않으며 구매계약은 판매자와 소비자 간 거래 합의에 의한 계약조건이므로 판매자의 동의 없이 환급이 어렵습니다.다만, 소비자가 전자상거래를 통해서 구입한 경우라면 「전자상거래 등에서의 소비자보호에 관한 법률」 제17조(청약철회등)에 따라서 상품 수령일로부터 7일 이내에 청약철회를 요구할 수 있습니다."
590, 식료품·기호품(봉지면), 봉지면_7일 이내 반품 미완료,전자상거래로 봉지 라면을 구입하고 단순 변심으로 반품을 요청하였으나 판매자가 7일 이내 제품이 도착하지 않았다는 이유로 거부합니다. 청약철회가 가능한가요?,"“반품은 상품이 7일 이내 쇼핑몰에 도착해야만 환급 가능하다”고 규정한 약관이 소비자에게 불리한 계약으로 인정되어 무효화 될 경우 청약철회를 요구할 수 있습니다.「전자상거래 등에서의 소비자보호에 관한 법률」(이하, ‘전자상거래법’) 제17조(청약철회등)에 따르면 소비자는 단순 변심에 의한 청약철회의 경우 상품 수령일로부터 7일 이내에 청약철회를 할 수 있고, ‘전자상거래법’ 제35조(소비자에게 불리한 계약의 금지)에서 이를 위반한 약정으로써 소비자에게 불리한 것은 효력이 없는 것으로 규정하고 있습니다.   따라서, 만약 사업자가 “반품은 상품이 7일 이내 쇼핑몰에 도착해야만 환급 가능하다”고 표시하였다고 하더라도 이는 ‘전자상거래법’ 제17조를 위반한 약정으로 소비자에게 불리한 것이므로 제35조에 따라 효력이 없다고 보며, 소비자가 제품을 수령한 날로부터 7일 이내 청약철회 의사표시를 하고 반품 절차를 진행했다면 설령 반품한 상품이 7일 이내 쇼핑몰에 도착하지 못했다 하더라도 청약철회 권리를 제한할 수는 없습니다.   ※ 통신판매업자에 대한 청약철회 의사표시 방법은 법률상 특별한 제한이 없으므로 전화, 서면, 전자문서 모두 가능합니다. 다만, 전화로 의사표시를 한 경우 간혹 판매자가 청약철회 요구를 받은 사실이 없다고 주장하는 경우가 있으므로, 쇼핑몰 게시판에 청약철회 의사를 표시하고 그 화면을 캡처하여 보관하거나 서면으로 발송하는 것이 좋습니다. 서면으로 발송한 경우에는 발송한 날에 그 효력이 발생합니다. 또한, 사업자에게 청약철회를 요청하였는데도 특별한 사유 없이 이를 거부할 경우, 「전자상거래 등에서의 소비자보호에 관한 법률」 제18조에 따라 신용카드로 대금을 결제하였다면 신용카드사에 처리를 요구할 수 있으니 참고하시기 바랍니다."
591, 식료품·기호품(봉지면), 봉지면_계약불이행_배송 지연,전자상거래로 봉지 라면을 구입한 후 몇 주가 지나도 배송이 되지 않아 청약철회를 요구하였으나 판매자는 현재 배송 중이라며 이를 거부합니다. 송장 번호도 확인이 안되는데 환급을 받을 수 있나요?,"사업자가 물품의 배송이 힘들다고 판단되었을 때 그에 따른 안내를 소비자에게 하여야 할 의무가 있음에도 불구하고 이를 고지하지 않은 채 청약철회를 거부한다면 소비자는 사업자에게 환급을 요구할 수 있습니다.「전자상거래 등에서의 소비자보호에 관한 법률」 제15조(재화 등의 공급 등)에 따르면 사업자는 소비자가 청약을 한 날부터 7일 이내에 재화 등의 공급에 필요한 조치를 하여야 하고, 소비자가 재화 등의 대금을 전부 또는 일부를 지급한 날부터 3영업일 이내에 재화 등의 공급에 필요한 조치를 하여야 한다고 규정하고 있습니다. 또한, 청약을 받은 재화 등급 공급하기 곤란하다는 것을 알았을 때에는 지체 없이 그 사유를 소비자에게 알려야 하고, 소비자가 그 대금의 전부 또는 일부를 지급한 날부터 3영업일 이내에 환급하거나 환급에 필요한 조치를 하도록 규정하고 있습니다.   따라서, 사업자가 물품의 배송이 힘들다고 판단되었을 때 그에 따른 안내를 소비자에게 하여야 할 의무가 있음에도 불구하고 이를 고지하지 않고 배송중이라는 사유로 청약철회를 거부하고, 청약철회의 효과와 동일하게 대금의 환급이 이루어져야 함에도 이를 이행하지 않은 것으로 볼 수 있어 소비자는 사업자에게 환급을 요구할 수 있다고 판단됩니다.   ※ 통신판매업자에 대한 청약철회 의사표시 방법은 법률상 특별한 제한이 없으므로 전화, 서면, 전자문서 모두 가능합니다. 다만, 전화로 의사표시를 한 경우 간혹 판매자가 청약철회 요구를 받은 사실이 없다고 주장하는 경우가 있으므로, 쇼핑몰 게시판에 청약철회 의사를 표시하고 그 화면을 캡처하여 보관하거나 서면으로 발송하는 것이 좋습니다. 서면으로 발송한 경우에는 발송한 날에 그 효력이 발생합니다. 또한, 사업자에게 청약철회를 요청하였는데도 특별한 사유 없이 이를 거부할 경우, 「전자상거래 등에서의 소비자보호에 관한 법률」 제18조에 따라 신용카드로 대금을 결제하였다면 신용카드사에 처리를 요구할 수 있으니 참고하시기 바랍니다."
592, 식료품·기호품(봉지면), 봉지면_계약불이행_미환급,전자상거래로 봉지 라면을 주문하고 대금을 신용카드로 결제하였습니다. 구입 후 배송이 지연되어 주문 취소 및 환급을 요구하였는데 물품 대금을 환급해주지 않고 있습니다. 환급받을 방법이 있나요?,판매자에게 청약철회를 요청했음에도 결제취소가 되지 않고 있다면 신용카드사에 재화 등의 대금 청구를 정지하거나 취소하도록 요청할 수 있습니다.「전자상거래 등에서의 소비자보호에 관한 법률」 제18조(청약철회등의 효과)에 따르면 청약철회 시 사업자가 신용카드로 결제한 대금의 환급을 지연할 경우 신용카드사에 환급에 필요한 조치를 요구할 수 있도록 규정하고 있습니다. 통신판매업자는 신용카드사로부터 해당 대금을 이미 받은 때에는 지체없이 그 대금을 신용카드사에게 환급하여야 할 의무가 발생합니다.
593, 식료품·기호품(봉지면), 봉지면_가격·요금_차액보상,타 매장에서 같은 상품을 더 싸게 파는 것을 알게 됐습니다. 같은 상품에 대해 판매가격이 다른 경우 차액만큼 보상이 가능한가요?,"타 매장과 비교하여 가격의 차이가 있다는 이유로 차액만큼 보상을 요구하기는 어렵습니다.우리나라는 자유시장 경제질서를 기본으로 1999년 9월부터 ‘판매가격표시제’를 실시하여 제조업자의 표시가격에 구애받지 않고 최종 판매업자가 판매가격을 자율적으로 결정하여 표시한 후 판매하고 있으며 흔히 오픈 프라이스 제도라고 합니다.정부가 관리하는 전기요금, 난방요금 또는 대중교통 요금 등을 제외하고, 일반적으로 가격은 계약 당시 양 당사자(소비자와 판매자)의 거래 합의에 의한 계약조건이므로 타 매장과의 가격 차이를 이유로 계약해제나 피해보상을 요구하기 어렵습니다.따라서, 타 매장과 비교하여 차이가 있다고 하더라도 부당행위로 보기 어려워 차액만큼 보상을 요구하기 어렵습니다."
594, 식료품·기호품(봉지면), 봉지면_가격·요금_적립금 환급,전자상거래로 봉지 라면을 구입하고 제품 수령 다음 날 단순 변심으로 반품을 신청하였으나 판매자는 결제 금액을 적립금으로 돌려주겠다고 주장합니다. 카드 취소는 안되나요?,"‘결제 대금 환급은 적립금으로만 가능하다’ 등의 안내는 청약철회 방해행위에 해당하여 소비자가 사용한 결제 수단에 따른 환급 이행을 해당 쇼핑몰에 요구할 수 있습니다.「전자상거래 등에서의 소비자보호에 관한 법률」(이하, ‘전자상거래법’) 제17조(청약철회등)에 따르면 소비자는 상품을 공급받은 날로부터 7일 이내에는 소비자의 귀책 사유로 인한 상품의 멸실 또는 훼손된 경우 등을 제외하고는 단순 변심으로 인한 청약철회를 할 수 있다고 규정하고 있습니다. 또한, ‘전자상거래법’ 제21조(금지행위)에 따르면 거짓 또는 과장된 사실을 알리거나 기만적 방법을 사용하여 소비자를 유인 또는 소비자와 거래하거나 청약철회등 또는 계약의 해지를 방해하는 행위를 금지하도록 규정하고 있습니다.이에 소비자가 제품을 수령한 날로부터 7일 이내 청약철회 의사표시를 명확히 하였다면 해당 쇼핑몰은 ‘전자상거래법’ 제18조(청약철회등의 효과) 제3항에 의거하여 신용카드사에게 대금 청구를 정지하거나 취소하도록 요청하여야 합니다.   따라서, ‘결제 대금 환급은 적립금으로만 가능하다’ 등의 안내는 청약철회 방해 행위에 해당하고 청약철회등에 대한 방해 행위가 있는 경우에는 그 방해 행위가 종료한 날부터 7일 이내에 소비자가 사용한 결제 수단에 따른 환급 이행을 해당 쇼핑몰에 요구할 수 있다고 판단됩니다."
595, 식료품·기호품(봉지면), 봉지면_안전_부패·변질,구매한 봉지 라면이 부패 혹은 변질된 경우 해결방안이 있나요?,구매한 봉지 라면이 부패 혹은 변질된 경우 판매처 또는 제조사에 제품 교환 또는 구입가 환급을 요구할 수 있습니다.공정거래위원회가 고시한 식료품 관련 ‘소비자분쟁해결기준’에 따르면 부패 혹은 변질된 경우 제품 교환 또는 구입가 환급을 요구할 수 있다고 규정하고 있습니다.
596, 식료품·기호품(봉지면), 봉지면_안전_이물,봉지 라면에서 쇳조각 같은 이물이 나온 경우 어떻게 조치해야 하나요?,"식품 섭취 중 이물을 발견한 경우에는 즉시 해당 이물과 제품정보(제품명, 제조업체명·소재지, 제조일자 등)가 잘 보이도록 사진 또는 동영상을 찍어 저장하고 국번없이 1399 또는 스마트폰 앱(내손안(安) 식품안전정보)을 이용해 신고해야 합니다.이때, 이물혼입 원인조사의 중요한 단서가 되는 이물과 제품은 훼손되지 않도록 보관 후 조사기관에 인계해야 하며, 특히 벌레 이물의 경우 살아있는 상태인지 죽은 상태인지를 동영상 등으로 기록하는 것이 좋습니다. 이물은 밀폐용기에 넣어 보관하고 벌레 등 부패 가능성이 있는 이물은 냉장 보관해야 합니다. 공정거래위원회가 고시한 식료품 관련 ‘소비자분쟁해결기준’에 따르면 식품에 이물질이 혼입된 경우에는 제품 교환 또는 구입가 환급을 보상받을 수 있다고 규정하고 있으며, 신체적 피해가 있다면 그에 대해서도 보상 요구가 가능합니다.다만, 이미 라면 봉지가 개봉되었기 때문에 이물질 혼입 시기에 대하여 의견이 대립될 수 있고 피해에 대한 객관적인 증거입증에 한계가 있을 수밖에 없습니다. 판매자와 협의하되 원만한 합의가 어려울 경우 우리 원에 피해구제 신청이 가능합니다."
597, 식료품·기호품(봉지면), 봉지면_표시·광고_유통기한,구입한 봉지 라면의 유통기한 표시가 매우 흐리게 표시되어 유통기한이 경과했는지 여부를 확인할 수 없는데 어떻게 조치해야 하나요?,"제품 구입처나 당해 제품의 생산자 또는 판매자에게 그 사유를 설명하고 제품 교환 요구가 가능합니다.공정거래위원회가 고시한 식료품 관련 ‘소비자분쟁해결기준’에 따르면 소비자가 유통기한이 지난 제품을 구입했을 경우 판매자로부터 제품 교환이나 구입가 환급을 받을 수 있다고 규정하고 있습니다.유통기한은 소비자가 안심하고 식품을 구입할 수 있도록 제조업체가 제품의 품질과 안전성을 보장하는 기간입니다. 따라서 식품 등의 표시기준에 따라 판매자는 유통기한을 정하여 표시하여야 합니다. 또한 식품의 유통기한 표시는 기타 표시사항과 함께 소비자가 쉽게 알아볼 수 있도록 지워지지 아니하는 잉크 각인 또는 소인 등을 사용하여 특정 위치에 일괄 표시하여야 합니다.따라서, 유통기한 표시가 되어 있지 않거나 혹은 표시는 되어있지만, 소비자가 알아볼 수 없다면 제품 구입처나 당해 제품의 생산자 또는 판매자에게 그 사유를 설명하고 제품 교환 요구가 가능하다고 판단됩니다."
598, 신유형상품권, 계약해제·해지_전액 환급 거부,모바일 상품권을 구입하고 5일 후에 환급을 요구하였으나 사업자가 거부합니다. 환급을 받을 수 있나요?,"사업자에게 전액 환급을 요구할 수 있습니다.   공정거래위원회가 고시한 신유형상품권 관련 ‘소비자분쟁해결기준’ 및 ‘신유형상품권 표준약관’에 따르면 구매일로부터 7일 이내 환급을 요구하였으나 거부하는 경우에는 상품권 구매액 전액 환급으로 규정하고 있습니다.   따라서, 사업자에 전액 환급을 요구할 수 있다고 판단됩니다."
599, 신유형상품권, 계약해제·해지_잔액 환급 거부_1만원 초과,10만원 상당의 모바일 상품권으로 7만원 의류를 구입하고 잔액 환급을 요구하였으나 사업자가 다른 물품으로 가져가라고 합니다. 잔액은 환급받을 수 없나요?,"사업자에게 잔액 환급을 요구할 수 있습니다.   공정거래위원회가 고시한 신유형상품권 관련 ‘소비자분쟁해결기준’ 및 ‘신유형상품권 표준약관’에 따르면 금액형 상품권의 경우 잔액 환급 비율의 금액 이상의 상당하는 물품 등을 제공받고 그 잔액을 환급하여 줄 것을 요구하였으나 잔액 환급을 거부하는 경우에는 잔액 환급으로 규정하고 있습니다.   따라서, 10만원에 상품권을 구매한 경우 사업자에게 3만원의 환급을 요구할 수 있다고 판단됩니다.   * 잔액이란 구매액을 기준으로 사용 비율에 따라 계산하여 남은 비율의 금액을 말함.   * 상품권의 금액이 1만원 초과일 경우 100분의 60이상 구매 시    * 다수의 상품권을 동시에 사용한 경우에는 총 금액을 기준으로 함. 다만, 구매대금과 무관한 상품권은 총 금액에 포함하지 않음."
600, 신유형상품권, 계약해제·해지_잔액 환급 거부_1만원 이하,1만원 모바일 상품권으로 9천원 물품을 구입하고 잔액 환급을 요구하였으나 사업자가 거부합니다. 잔액은 환급받을 수 없나요?,"사업자에게 잔액 환급을 요구할 수 있습니다.   공정거래위원회가 고시한 신유형상품권 관련 ‘소비자분쟁해결기준’ 및 ‘신유형상품권 표준약관’에 따르면 금액형 상품권의 경우 잔액 환급 비율의 금액 이상의 상당하는 물품 등을 제공받고 그 잔액의 환급을 요구하였으나 이를 거부하는 경우에는 잔액 환급으로 규정하고 있습니다.   따라서, 1만원에 상품권을 구매한 경우 사업자에게 천원 환급을 요구할 수 있다고 판단됩니다.   * 잔액이란 구매액을 기준으로 사용 비율에 따라 계산하여 남은 비율의 금액을 말함.   * 상품권의 금액이 1만원 이하일 경우 100분의 80이상 구매 시    * 다수의 상품권을 동시에 사용한 경우에는 총 금액을 기준으로 함. 다만, 구매대금과 무관한 상품권은 총 금액에 포함하지 않음."
601, 신유형상품권, 계약해제·해지_할인매장,30만원 상당의 모바일 상품권으로 코트를 구매하고자 하였으나 사업자가 할인매장이라는 이유로 사용을 거부합니다. 이러한 경우 상품권을 사용할 수 없나요?,"사업자가 모바일 상품권 사용을 거부하는 경우 모바일 상품권의 구입가 전액 환급을 요구할 수 있습니다.   공정거래위원회가 고시한 신유형상품권 관련 ‘소비자분쟁해결기준’ 및 ‘신유형상품권 표준약관’에 따르면 발행자 등이 판매하는 물품 등을 제공받기 위해 상품권을 제시하였으나 특별한 사유 없이 물품 제공을 거부하거나 할인매장 또는 할인 기간 중이라는 이유 등으로 제공을 거부하는 경우에는 당해 물품 등의 제공 의무를 이행하거나 제시한 상품권의 구매를 위해 소비자가 지급한 전액 환급으로 규정하고 있습니다.   따라서, 사업자가 모바일 상품권 사용을 거부하는 경우 모바일 상품권의 구입가 전액 환급을 요구할 수 있다고 판단됩니다.   다만, 발행자가 미리 상품권에 표시한 경우 특정 매장 또는 물품 등에 대하여 상품권 사용 제한이 가능할 수 있습니다."
602, 신유형상품권, 계약해제·해지_할인 기간,30만원 상당의 모바일 상품권으로 코트를 구매하고자 하였으나 사업자가 현재 할인 기간이라는 이유로 사용을 거부합니다. 이러한 경우 상품권을 사용할 수 없나요?,"사업자가 모바일 상품권 사용을 거부하는 경우 모바일 상품권의 구입가 전액 환급을 요구할 수 있습니다.   공정거래위원회가 고시한 신유형상품권 관련 ‘소비자분쟁해결기준’ 및 ‘신유형상품권 표준약관’에 따르면 발행자 등이 판매하는 물품 등을 제공받기 위해 상품권을 제시하였으나 특별한 사유 없이 물품 제공을 거부하거나 할인매장 또는 할인 기간 중이라는 이유 등으로 제공을 거부하는 경우에는 당해 물품 등의 제공 의무를 이행하거나 제시한 상품권의 구매를 위해 소비자가 지급한 전액 환급으로 규정하고 있습니다.   따라서, 사업자가 모바일 상품권 사용을 거부하는 경우 모바일 상품권의 구입가 전액 환급을 요구할 수 있다고 판단됩니다.   다만, 발행자가 미리 상품권에 표시한 경우 특정 매장 또는 물품 등에 대하여 상품권 사용 제한이 가능할 수 있습니다."
603, 신유형상품권, 계약해제·해지_유효기간 경과_소멸시효 이내,10만원 상당의 모바일 상품권을 유효기간 1년 이내 사용하지 못하여 사업자에 기간 연장이나 환급을 요구하였으나 유효기간 경과를 이유로 거부합니다. 이러한 경우 환급받을 수 있나요?,"사업자에게 환급을 요구할 수 있습니다.   공정거래위원회가 고시한 신유형상품권 관련 ‘소비자분쟁해결기준’ 및 ‘신유형상품권 표준약관’에 따르면 유효기간은 경과하였으나 상사채권 소멸시효(5년) 이내 상품권 금액 등 반환을 거부하는 경우에는 구매액의 100분의 90 반환으로 규정하고 있습니다.   따라서, 사업자에게 9만원 환급을 요구할 수 있다고 판단됩니다.   다만, 할인 구매한 경우로서 상품권 전액을 사용하지 않은 경우에는 할인율을 고려하여 환산한 금액의 100분의 90에 해당하는 금액 반환을 요구할 수 있으므로 9만원에 할인 구매한 경우 반환금액은 81,000원입니다. "
604, 신유형상품권, 계약불이행_할인매장,30만원 상당의 모바일 상품권으로 코트를 구매하고자 하였으나 사업자가 할인매장이라는 이유로 사용을 거부합니다. 이러한 경우 상품권을 사용할 수 없나요?,"사업자에게 코트 제공을 요구하거나 모바일 상품권 구입가 전액 환급을 요구할 수 있습니다.   공정거래위원회가 고시한 신유형상품권 관련 ‘소비자분쟁해결기준’ 및 ‘신유형상품권 표준약관’에 따르면 발행자 등이 판매하는 물품 등을 제공받기 위해 상품권을 제시하였으나 특별한 사유없이 물품 제공을 거부하거나 할인매장 또는 할인 기간 중이라는 이유 등으로 제공을 거부하는 경우에는 당해 물품 등의 제공 의무를 이행하거나 제시한 상품권의 구매를 위해 소비자가 지급한 전액 환급으로 규정하고 있습니다.   따라서, 사업자에게 코트 제공을 요구하거나 모바일 상품권 구입가 전액 환급을 요구할 수 있다고 판단됩니다.   다만, 발행자가 미리 상품권에 표시한 경우 특정 매장 또는 물품 등에 대하여 상품권 사용 제한이 가능할 수 있습니다."
605, 신유형상품권, 계약불이행_할인기간,30만원 상당의 모바일 상품권으로 코트를 구매하고자 하였으나 사업자가 현재 할인 기간이라는 이유로 사용을 거부합니다. 이러한 경우 상품권을 사용할 수 없나요?,"사업자에게 코트 제공을 요구하거나 모바일 상품권 구입가 전액 환급을 요구할 수 있습니다.   공정거래위원회가 고시한 신유형상품권 관련 ‘소비자분쟁해결기준’ 및 ‘신유형상품권 표준약관’에 따르면 발행자 등이 판매하는 물품 등을 제공받기 위해 상품권을 제시하였으나 특별한 사유 없이 물품 제공을 거부하거나 할인매장 또는 할인 기간 중이라는 이유 등으로 제공을 거부하는 경우에는 당해 물품 등의 제공 의무를 이행하거나 제시한 상품권의 구매를 위해 소비자가 지급한 전액 환급으로 규정하고 있습니다.   따라서, 사업자에게 코트 제공을 요구하거나 모바일 상품권 구입가 전액 환급을 요구할 수 있다고 판단됩니다.   다만, 발행자가 미리 상품권에 표시한 경우 특정 매장 또는 물품 등에 대하여 상품권 사용 제한이 가능할 수 있습니다."
606, 신유형상품권, 계약불이행_불능,10만원 상당의 모바일 상품권을 사용하여 매장에서 구두를 주문하고 택배 배송받기로 하였으나 품절을 이유로 사업자가 배송하지 않고 있습니다. 사업자에 환급을 요구하였으나 거부하는데 환급받을 수 있나요?  ,"사업자에게 10만원 상당의 신유형 상품권으로 교환을 요구하거나 모바일 상품권 구입가 전액 환급을 요구할 수 있습니다.   공정거래위원회가 고시한 신유형상품권 관련 ‘소비자분쟁해결기준’ 및 ‘신유형상품권 표준약관’에 따르면 물품 및 용역 제공형 상품권의 경우 물품 등의 제공이 불가능하거나 통상적인 기간보다 현저히 지체되는 경우 동일한 금전적 가치의 신유형 상품권으로 교환 또는 구매액 반환으로 규정하고 있습니다.   따라서, 사업자에게 10만원 상당의 신유형 상품권으로 교환을 요구하거나 모바일 상품권 구입가 전액 환급을 요구할 수 있다고 판단됩니다."
607, 신유형상품권, 계약불이행_지체, 10만원 상당의 모바일 상품권을 사용하여 매장에서 의류를 주문하였으며 3일 정도 소요된다는 배송이 지연되어 사업자에게 환급을 요구하였으나 계속 거부합니다. 이러한 경우 환급을 받을 수 있나요?,"사업자에게 10만원 상당의 신유형 상품권으로 교환을 요구하거나 모바일 상품권 구입가 전액 환급을 요구할 수 있습니다.   공정거래위원회가 고시한 신유형상품권 관련 ‘소비자분쟁해결기준’ 및 ‘신유형상품권 표준약관’에 따르면 물품 및 용역 제공형 상품권의 경우 물품 등의 제공이 불가능하거나 통상적인 기간보다 현저히 지체되는 경우 동일한 금전적 가치의 신유형 상품권으로 교환 또는 구매액 반환으로 규정하고 있습니다.   따라서, 사업자에게 10만원 상당의 신유형 상품권으로 교환을 요구하거나 모바일 상품권 구입가 전액 환급을 요구할 수 있다고 판단됩니다."
608, 신유형상품권, 계약불이행_무상제공_이벤트,이벤트에 당첨되어 백화점 상품권 3만원 교환권(모바일 쿠폰)을 문자로 받았습니다.    사용기간 내 종이상품권으로 교환을 하지 못했는데 사업자가 유효기간 연장을 거부합니다.   유효기간 연장이 가능한가요?,"유효기간 연장이나 환급이 불가합니다.   ‘신유형상품권 표준약관’에 따르면 발행자가 신유형 상품권을 고객에게 전액 무상 제공한   경우 이 약관은 적용되지 않는다고 규정하고 있습니다.   따라서, 유효기간 연장이나 환급이 어려우므로 유효기간 이내 반드시 교환할 필요가 있습니다.   ※ 무상 제공인 경우 무상 제공임을 표시하여야 함."
609, 신유형상품권, 계약불이행_유효기간 경과_소멸시효 이내,10만원 상당의 모바일 상품권을 유효기간 1년 이내 사용하지 못하여 사업자에 기간 연장이나 환급을 요구하였으나 유효기간 경과를 이유로 거부합니다. 이러한 경우 환급받을 수 있나요?,"사업자에게 9만원 환급을 요구할 수 있습니다.   공정거래위원회가 고시한 신유형상품권 관련 ‘소비자분쟁해결기준’ 및 ‘신유형상품권 표준약관’에 따르면 유효기간은 경과하였으나 상사채권 소멸시효(5년) 이내 상품권 금액 등 반환을 거부하는 경우에는 구매액의 100분의 90 반환으로 규정하고 있습니다.   따라서, 사업자에게 9만원 환급을 요구할 수 있다고 판단됩니다.   다만, 할인 구매한 경우로서 상품권 전액을 사용하지 않은 경우에는 할인율을 고려하여 환산한 금액의 100분의 90에 해당하는 금액 반환을 요구할 수 있으므로 9만원에 할인 구매한 경우 반환금액은 81,000원입니다. "
610, 신유형상품권, 계약불이행_유효기간 경과_소멸시효 경과,10년 전 구입한 모바일 상품권을 사용하고자 하였으나 사업자가 너무 오래되었다는 이유로 거부합니다. 상품권을 사용할 수 없나요?,"사업자가 소멸시효 경과를 이유로 사용 및 환급을 거부할 수 있습니다.   ‘신유형상품권 표준약관’에 따르면 ‘신유형 상품권을 구매한 날 또는 충전일로부터 5년이 경과하면 상법상의 상사채권소멸시효가 완성되어 고객은 발행자 등에게 물품 등의 제공, 환불 및 잔액 반환을 요청할 수 없다. 다만, 발행자 등이 자발적으로 신유형 상품권의 사용을 허락한 경우에는 소멸시효를 적용하지 아니한다’고 규정하고 있습니다.   따라서, 사업자가 소멸시효 경과를 이유로 사용 및 환급을 거부할 수 있으므로 반드시 5년 이내 사용할 필요가 있습니다."
611, 신유형상품권, 가격·요금_추가대금,20만원 상당의 모바일 상품권으로 가방을 구입하고자 하였으나 사업자가 수수료 2만원을 요구합니다. 수수료를 지급해야 하나요?,"사업자에게 추가대금 없이 가방 제공을 요구하거나 모바일 상품권 구입가 전액 환급을 요구할 수 있습니다.   공정거래위원회가 고시한 신유형상품권 관련 ‘소비자분쟁해결기준’에 따르면 상품권 사용을 이유로 추가대금 (기프티콘 수수료 등)을 요구하거나, 실제로 수취한 경우에는 추가대금 없이 제공 의무를 이행하거나, 제시한 상품권을 위해 소비자가 지급한 금원을 전액 환급 또는 추가로 수취한 대금을 반환하도록 규정하고 있습니다.   따라서, 사업자에게 추가대금 없이 가방 제공을 요구하거나 모바일 상품권 구입가 전액 환급을 요구할 수 있다고 판단됩니다."
612, 신유형상품권, 약관_B2B_직원복지,회사 야유회에서 30만원 상당의 모바일 상품권에 당첨되어 사용하고자 하였으나 유효기간 6개월이 지났다는 이유로 사업자가 기간 연장이나 표준약관에 따른 환급을 거부합니다. 상품권을 사용하거나 환급받을 수 있나요?,"직접 구매하신 상품권이 아닌 경우에는 사용 및 환급이 불가합니다.   최초 구매자가 개인이 아닌 회사나 단체가 직원 복지 목적으로 대량으로 구매한 후 인센티브나 경품 형식으로 제공하는(B2B) 신유형 상품권은 분쟁 발생 시 ‘신유형상품권 표준약관’이나 ‘소비자분쟁해결기준’이 적용되지 않습니다.   공정거래위원회에서는 해당 상품권의 구매자(회사나 단체 등)가 '유효기간 연장 또는 유효기간 만료 후 환급 불가' 조건인 할인 상품권을 구매하였을 것이고, 이를 수신자에게 전송(사용)함으로써 구매 목적(인센티브나 경품 지급 등)을 달성하였으므로 구매자에게 '부당하게 불리하다고 볼 수 없어 유효한 조항'이라고 심사한 바 있습니다(사건번호2021약관2017).   따라서, 직접 구매하신 상품권이 아닌 경우에는 표시된 유효기간 이내 반드시 사용할 필요가 있습니다."
613, 신유형상품권, 약관_B2B_사은품,유선 방송에 신규 가입하면서 사은품으로 10만원 상당의 모바일 상품권을 지급받아 사용하고자 하였으나 유효기간 1개월이 지났다는 이유로 사업자가 거부합니다. 상품권을 사용할 수 없나요?,"직접 구매하신 상품권이 아닌 경우에는 사용이 불가합니다.   ‘신유형상품권 표준약관’에 따르면 특수한 재화 등이 아닌 경우 유효기간은 1년 이상으로 정할 것을 규정하고 있고(제5조), 유효기간은 경과하였으나 상사채권 소멸시효(5년) 이내인 상품권은 구매액의 90%를 반환하도록 규정하고 있어(제7조) 소비자가 사업자(발행자나 가맹점 등)에게 비용을 지급하고 구매한 상품권의 경우 동 기준을 적용할 수 있으나, 최초 구매자가 개인이 아니라 회사가 마케팅을 목적으로 대량으로 구매한 후 사은품 형식으로 제공하는(B2B) 상품권은 분쟁 발생 시 동 기준이 적용되기 어렵습니다.   공정거래위원회에서는 해당 상품권의 구매자(회사나 단체 등)가 '유효기간 연장 또는 유효기간 만료 후 환급 불가' 조건인 할인 상품권을 구매하였을 것이고, 이를 수신자에게 전송(사용)함으로써 구매 목적(마케팅 효과 등)을 달성하였으므로 구매자에게 '부당하게 불리하다고 볼 수 없어 유효한 조항'이라고 심사한 바 있습니다(사건번호2021약관2017).   따라서, 직접 구매하신 상품권이 아닌 경우에는 표시된 유효기간 이내 반드시 사용할 필요가 있습니다."
614, 신유형상품권, 약관_무상 제공_이벤트,이벤트에 당첨되어 백화점 상품권 3만원 교환권(모바일 쿠폰)을 문자로 받았습니다.    사용기간 내 종이상품권으로 교환을 하지 못했는데 사업자가 유효기간 연장을 거부합니다.   유효기간 연장이 가능한가요?,"유효기간 연장이나 환급이 어렵습니다.   ‘신유형상품권 표준약관’에 따르면 발행자가 신유형 상품권을 고객에게 전액 무상 제공한   경우 이 약관은 적용되지 않는다고 규정하고 있습니다.   따라서, 유효기간 연장이나 환급이 어려우므로 유효기간 이내 반드시 교환할 필요가 있습니다.   ※ 무상 제공인 경우 무상 제공임을 표시하여야 함."
615, 신유형상품권, 약관_유효기간 연장,유효기간 내 사용하지 못할 것 같아 약관에 따라 유효기간 연장을 요구하였으나 사업자가   거부합니다. 유효기간을 연장할 수 있나요?,"약관에 명시되지 않았다면 사업자에게 유효기간 연장을 요구할 수 있습니다.   ‘신유형상품권 표준약관’에 따르면 고객은 사업자에게 유효기간 내에는 유효기간의 연장을 요청할 수 있고, 요청을 받은 발행자는 특별한 사유가 없는 한 유효기간을 3개월 단위로 연장한다고 규정하고 있습니다.    ※ 특별한 사유란 유효기간의 연장이 불가능한 경우로 약관에 명시한 경우에 한함.   따라서, 약관에 명시되지 않았다면 사업자에게 유효기간 연장을 요구할 수 있다고 판단됩니다."
616, 신유형상품권, 약관_불능,10만원 상당의 모바일 상품권을 사용하여 매장에서 구두를 주문하고 택배 배송받기로 하였으나 품절을 이유로 사업자가 배송하지 않고 있습니다. 사업자에 환급을 요구하였으나 거부하는데 환급받을 수 있나요?  ,"사업자에게 10만원 상당의 신유형 상품권으로 교환을 요구하거나 모바일 상품권 구입가 전액 환급을 요구할 수 있습니다.   공정거래위원회가 고시한 신유형상품권 관련 ‘소비자분쟁해결기준’ 및 ‘신유형상품권 표준약관’에 따르면 물품 및 용역 제공형 상품권의 경우 물품 등의 제공이 불가능하거나 통상적인 기간보다 현저히 지체되는 경우 동일한 금전적 가치의 신유형 상품권으로 교환 또는 구매액 반환으로 규정하고 있습니다.   따라서, 사업자에게 10만원 상당의 신유형 상품권으로 교환을 요구하거나 모바일 상품권 구입가 전액 환급을 요구할 수 있다고 판단됩니다."
617, 신유형상품권, 약관_지체,10만원 상당의 모바일 상품권을 사용하여 매장에서 의류를 주문하였으며 3일 정도 소요된다는 배송이 지연되어 사업자에게 환급을 요구하였으나 계속 거부합니다. 이러한 경우 환급을 받을 수 있나요?,"사업자에게 10만원 상당의 신유형 상품권으로 교환을 요구하거나 모바일 상품권 구입가 전액 환급을 요구할 수 있습니다.   공정거래위원회가 고시한 신유형상품권 관련 ‘소비자분쟁해결기준’ 및 ‘신유형상품권 표준약관’에 따르면 물품 및 용역 제공형 상품권의 경우 물품 등의 제공이 불가능하거나 통상적인 기간보다 현저히 지체되는 경우 동일한 금전적 가치의 신유형 상품권으로 교환 또는 구매액 반환으로 규정하고 있습니다.   따라서, 사업자에게 10만원 상당의 신유형 상품권으로 교환을 요구하거나 모바일 상품권 구입가 전액 환급을 요구할 수 있다고 판단됩니다."
618, 신유형상품권, 약관_전액 환급 거부,모바일 상품권을 구입하고 5일 후에 환급을 요구하였으나 사업자가 거부합니다. 환급을 받을 수 있나요?,"사업자에게 전액 환급을 요구할 수 있습니다.   공정거래위원회가 고시한 신유형상품권 관련 「소비자분쟁해결기준」 및 ‘신유형상품권 표준약관’에 따르면 구매일로부터 7일 이내 환급을 요구하였으나 거부하는 경우에는 상품권 구매액 전액 환급으로 규정하고 있습니다.   따라서, 사업자에게 전액 환급을 요구할 수 있다고 판단됩니다."
619, 신유형상품권, 부당행위_추가대금,20만원 상당의 모바일 상품권으로 가방을 구입하고자 하였으나 사업자가 수수료 2만원을 요구합니다. 수수료를 지급해야 하나요?,"사업자에게 수수료 없이 가방 제공을 요구하거나 모바일 상품권 구입가 전액 환급을 요구할 수 있습니다.   공정거래위원회가 고시한 신유형상품권 관련 ‘소비자분쟁해결기준’에 따르면 상품권 사용을 이유로 추가대금 (기프티콘 수수료 등)을 요구하거나, 실제로 수취한 경우 추가대금 없이 제공 의무를 이행하거나, 제시한 상품권을 위해 소비자가 지급한 금원을 전액 환급 또는 추가로 수취한 대금을 반환으로 규정하고 있습니다.   따라서, 사업자에게 수수료 없이 가방 제공을 요구하거나 모바일 상품권 구입가 전액 환급을 요구할 수 있다고 판단됩니다."
620, 신유형상품권, 부당행위_원재료 가격상승,20만원 상당의 모바일 상품권을 사용하여 매장에서 사용하고자 하였으나 사업자가 재료값 상승을 이유로 추가대금을 요구합니다. 추가대금을 지급해야 하나요?,"사업자에게 추가대금 없이 20만원 상당의 물품 제공을 요구할 수 있습니다.   ‘신유형상품권 표준약관’에 따르면 발행자 등은 수량이 기재된 물품 등의 제공 시 원재료 가격상승 등 어떠한 이유로도 고객에게 추가대금을 요구할 수 없다고 규정하고 있습니다.   따라서, 사업자에게 추가대금 없이 20만원 상당의 물품 제공을 요구할 수 있다고 판단됩니다."
621, 신유형상품권, 부당행위_B2B_사은품,유선 방송에 신규 가입하면서 사은품으로 10만원 상당의 모바일 상품권을 지급받아 사용하고자 하였으나 유효기간 1개월이 지났다는 이유로 사업자가 거부합니다. 상품권을 사용할 수 없나요?,"직접 구매하신 상품권이 아닌 경우에는 환급이 불가합니다.   ‘신유형상품권 표준약관’에 따르면 특수한 재화 등이 아닌 경우 유효기간은 1년 이상으로 정할 것을 규정하고 있고(제5조), 유효기간은 경과하였으나 상사채권 소멸시효(5년) 이내인 상품권은 구매액의 90%를 반환하도록 규정하고 있어(제7조) 소비자가 사업자(발행자나 가맹점 등)에게 비용을 지급하고 구매한 상품권의 경우 동 기준을 적용할 수 있으나, 최초 구매자가 개인이 아니라 회사가 마케팅을 목적으로 대량으로 구매한 후 사은품 형식으로 제공하는(B2B) 상품권은 분쟁 발생 시 동 기준이 적용되지 않습니다.   공정거래위원회에서는 해당 상품권의 구매자(회사나 단체 등)가 '유효기간 연장 또는 유효기간 만료 후 환급 불가' 조건인 할인 상품권을 구매하였을 것이고, 이를 수신자에게 전송(사용)함으로써 구매 목적(마케팅 효과 등)을 달성하였으므로 구매자에게 '부당하게 불리하다고 볼 수 없어 유효한 조항'이라고 심사한 바 있습니다(사건번호2021약관2017).   따라서, 직접 구매하신 상품권이 아닌 경우에는 표시된 유효기간 이내 반드시 사용할 필요가 있습니다."
622, 신유형상품권, 부당행위_B2B_직원복지,회사 야유회에서 30만원 상당의 모바일 상품권에 당첨되어 사용하고자 하였으나 유효기간 6개월이 지났다는 이유로 사업자가 기간 연장이나 표준약관에 따른 환급을 거부합니다. 상품권을 사용하거나 환급받을 수 있나요?,"직접 구매하신 상품권이 아닌 경우에는 환급이 불가합니다.   최초 구매자가 개인이 아닌 회사나 단체가 직원 복지 목적으로 대량으로 구매한 후 인센티브나 경품 형식으로 제공하는(B2B) 신유형 상품권은 분쟁 발생 시 ‘신유형상품권 표준약관’이나 ‘소비자분쟁해결기준’이 적용되지 않습니다.   공정거래위원회에서는 해당 상품권의 구매자(회사나 단체 등)가 '유효기간 연장 또는 유효기간 만료 후 환급 불가' 조건인 할인 상품권을 구매하였을 것이고, 이를 수신자에게 전송(사용)함으로써 구매 목적(인센티브나 경품 지급 등)을 달성하였으므로 구매자에게 '부당하게 불리하다고 볼 수 없어 유효한 조항'이라고 심사한 바 있습니다 (사건번호2021약관2017).   따라서, 직접 구매하신 상품권이 아닌 경우에는 표시된 유효기간 이내 반드시 사용할 필요가 있습니다."
623, 신유형상품권, 부당행위_무상제공_이벤트,이벤트에 당첨되어 백화점 상품권 3만원 교환권(모바일 쿠폰)을 문자로 받았습니다.    사용기간 내 종이상품권으로 교환을 하지 못했는데 사업자가 유효기간 연장을 거부합니다.   유효기간 연장이 가능한가요?,"이벤트에 당첨된 상품권은 유효기간 연장이 불가합니다.   ‘신유형상품권 표준약관’에 따르면 발행자가 신유형 상품권을 고객에게 전액 무상 제공한 경우 이 약관은 적용되지 않는다고 규정하고 있습니다.   따라서, 유효기간 연장이나 환급이 어려우므로 유효기간 이내 반드시 교환할 필요가 있습니다.   ※ 무상 제공인 경우 무상 제공임을 표시하여야 함"
624, 신유형상품권, 부당행위_불능,10만원 상당의 모바일 상품권을 사용하여 매장에서 구두를 주문하고 택배 배송받기로 하였으나 품절을 이유로 사업자가 배송하지 않고 있습니다. 사업자에 환급을 요구하였으나 거부하는데 환급받을 수 있나요?  ,"사업자에게 10만원 상당의 신유형 상품권으로 교환을 요구하거나 모바일 상품권 구입가 전액 환급을 요구할 수 있습니다.   공정거래위원회가 고시한 신유형상품권 관련 ‘소비자분쟁해결기준’ 및 ‘신유형상품권 표준약관’에 따르면 물품 및 용역 제공형 상품권의 경우 물품 등의 제공이 불가능하거나 통상적인 기간보다 현저히 지체되는 경우 동일한 금전적 가치의 신유형 상품권으로 교환 또는 구매액 반환으로 규정하고 있습니다.   따라서, 사업자에게 10만원 상당의 신유형 상품권으로 교환을 요구하거나 모바일 상품권 구입가 전액 환급을 요구할 수 있다고 판단됩니다."
625, 신유형상품권, 부당행위_지체,10만원 상당의 모바일 상품권을 사용하여 매장에서 의류를 주문하였으며 3일 정도 소요된다는 배송이 지연되어 사업자에게 환급을 요구하였으나 계속 거부합니다. 이러한 경우 환급을 받을 수 있나요?,"사업자에게 10만원 상당의 신유형 상품권으로 교환을 요구하거나 모바일 상품권 구입가 전액 환급을 요구할 수 있습니다.   공정거래위원회가 고시한 신유형상품권 관련 ‘소비자분쟁해결기준’ 및 ‘신유형상품권 표준약관’에 따르면 물품 및 용역 제공형 상품권의 경우 물품 등의 제공이 불가능하거나 통상적인 기간보다 현저히 지체되는 경우 동일한 금전적 가치의 신유형 상품권으로 교환 또는 구매액 반환으로 규정하고 있습니다.   따라서, 사업자에게 10만원 상당의 신유형 상품권으로 교환을 요구하거나 모바일 상품권 구입가 전액 환급을 요구할 수 있다고 판단됩니다."
626, 신유형상품권, 부당행위_전액 환급 거부,모바일 상품권을 구입하고 5일 후에 환급을 요구하였으나 사업자가 거부합니다. 환급을 받을 수 있나요?,"사업자에게 전액 환급을 요구해 볼 수 있습니다.   공정거래위원회가 고시한 신유형상품권 관련 ‘소비자분쟁해결기준’ 및 ‘신유형상품권 표준약관’에 따르면 구매일로부터 7일 이내 환급을 요구하였으나 거부하는 경우에는 상품권 구매액 전액 환급으로 규정하고 있습니다.   따라서, 사업자에게 전액 환급을 요구할 수 있다고 판단됩니다."
627, 신유형상품권, 약관_유효기간 연장,유효기간 내 사용하지 못할 것 같아 약관에 따라 유효기간 연장을 요구하였으나 사업자가   거부합니다. 유효기간을 연장할 수 있나요?,"약관에 명시되지 않았다면 사업자에게 유효기간 연장을 요구할 수 있습니다.   ‘신유형상품권 표준약관’에 따르면 고객은 사업자에게 유효기간 내에는 유효기간의 연장을 요청할 수 있고, 요청을 받은 발행자는 특별한 사유가 없는 한 유효기간을 3개월 단위로 연장한다고 규정하고 있습니다.   ※ 특별한 사유란 유효기간의 연장이 불가능한 경우로 약관에 명시한 경우에 한함.   따라서, 약관에 명시되지 않았다면 사업자에게 유효기간 연장을 요구할 수 있다고 판단됩니다."
628, 실손(상해)보험, 청약철회,지인을 통해 실손보험에 가입하였는데 충동적으로 가입한 것 같아 청약철회를 하고자 합니다. 철회 가능한 기간은 언제까지이며 방법은 어떻게 되나요? ,"보험증권을 받은 날부터 15일과 청약을 한 날부터 30일 중 먼저 도래하는 기간 이내에 그 청약을 철회할 수 있습니다.   「금융소비자 보호에 관한 법률」 제46조(청약의 철회) 및 ‘실손의료보험 표준약관’에 따르면 보험증권을 받은 날부터 15일과 청약을 한 날부터 30일 중 먼저 도래하는 기간 이내에 그 청약을 철회할 수 있습니다. 다만, 진단 계약, 보험기간이 1년 이내인 계약 또는 전문금융소비자가 체결한 계약은 철회할 수 없습니다.   또한, 청약철회는 계약자가 전화로 신청하거나, 철회 의사를 표시하기 위한 서면, 전자우편, 휴대전화 문자메시지 또는 이에 준하는 전자적 의사표시를 발송한 때 효력이 발생하며 계약자는 서면 등을 발송한 때에 그 발송 사실을 회사에 지체 없이 알려야 한다고 규정하고 있습니다.   따라서, 계약일로부터 30일 이내이면서 보험증권을 받은 날로부터 15일 이내 상기 방법 중   편리하신 방법으로 보험사에 반드시 청약철회 의사를 전달하시기 바랍니다.    ※ 전문금융소비자 : 보험계약에 관한 전문성, 자산규모 등에 비추어 보험계약에 따른 위험감수능력이 있는 자로서, 국가, 지방자치단체, 한국은행, 금융회사, 주권상장법인 등을 포함하며 「금융소비자 보호에 관한 법률」 제2조(정의) 제9호에서 정하는 전문금융소비자"
629, 실손(상해)보험, 청약철회_만 65세 이상 통신판매,아버지께서 70세 고령이신데 전화로 실손보험에 가입하셨습니다. 해당 사실을 30일 지나서   알게 되었는데 청약철회가 가능한가요?,"금융감독원 보도자료(2022.12.8. 배포)에 따르면 고령자가 전화로 가입한 보험은 보험증권 수령 후 15일, 청약 후 45일 중 먼저 도래한 기간 내 청약철회 가능하며, 이는 보험회사 개별 약관의 청약철회 조항으로 보험회사별로 상이합니다.   따라서, 부친께서 가입하신 보험상품의 약관을 확인하시어 보험사에 서면 또는 전화 등으로 청약철회 의사를 전달하시기 바랍니다.    * 전자우편, 휴대전화 문자메세지 등 회사가 정하는 방법 포함    * 진단계약, 보험기간 90일 이내인 계약 또는 전문금융소비자 계약은 철회 불가    * 청약 후 45일이 도과하지 않았어도 보험증권 수령 후 15일이 지났을 경우 청약철회 불가"
630, 실손(상해)보험, 계약취소_품질보증_약관 및 청약서 부본 미교부,지인을 통해 실손보험에 가입하였는데 정확한 설명을 듣지 않고 가입한 것 같아 보장내용을 확인하고자 계약에 관한 서류를 우편으로 요청하였습니다. 보험사에서는 1개월이 지나도록 보내주지 않는데 가입을 취소할 수 있나요?,"보험사에 계약취소를 요구할 수 있습니다.   「상법」 제638조의3(표준약관의 교부·설명 의무) 및 ‘실손의료보험 표준약관’에 따르면 약관 및 계약자 보관용 청약서를 청약할 때 계약자에게 전달하지 않거나 약관의 중요한 내용을 설명하지 않은 때 또는 계약을 체결할 때 계약자가 청약서에 자필서명을 하지 않은 때에는 계약자는 계약이 성립한 날부터 3개월 이내에 계약을 취소할 수 있다고 규정하고 있습니다.   따라서, 보험사에 계약취소를 요구할 수 있다고 판단됩니다.   다만, 이미 약관이나 청약서를 받았으나 계약에 관한 서류를 재요청한 것이라면 3개월 이내 일지라도 취소가 불가할 수 있습니다."
631, 실손(상해)보험, 계약취소_품질보증_전자서명 포함 자필서명 누락,1년 전 실손보험에 가입하였는데 최근 생각보다 보장내용이 부실하여 보험사에 계약취소를 요구하자 취소권 행사 기간 3개월이 지났다는 이유로 거절합니다. 청약서에 자필서명이 아닌 설계사의 대필로 확인되는데 가입을 취소할 수 없나요?,"청약서 자필서명 누락에 대한 취소권은 3개월이므로 보험사는 계약취소를 거절할 수 있습니다.   ‘실손의료보험 표준약관’에 따르면 약관 및 계약자 보관용 청약서를 청약할 때 계약자에게 전달하지 않거나 약관의 중요한 내용을 설명하지 않은 때 또는 계약을 체결할 때 계약자가 청약서에 자필서명을 하지 않은 때에는 계약자는 계약이 성립한 날부터 3개월 이내에 계약을 취소할 수 있다고 규정하고 있습니다.   따라서, 청약서 자필서명 누락에 대한 취소권은 3개월이므로 보험사는 계약취소를 거절할 수 있다고 판단됩니다.   다만, 대필인 경우 설계사의 대필임을 입증할 수 있는 녹취, 필적감정 등 객관적인 자료를 확보하여 이의를 제기하시기 바랍니다. "
632, 실손(상해)보험, 계약해제·해지_계약 전 알릴의무_고지의무 위반,"1년 전 친구인 보험설계사에게 고혈압 복용 사실을 알리고 실손보험에 가입하였으며, 최근 폐렴으로 보험금을 청구하였으나 보험사에서 고지의무 위반이라며 계약 해지를 통보하고 보험금 지급을 거절하였습니다. 정상적으로 고지했는데 보험금도 못 받고 해지되나요?","설계사에게 구두로 병력을 알렸다고 하더라도 설계사가 고지 방해를 한 사실이 없거나 청약서 질문표에 직접 병력에 대해 고지하지 않았다면 고지의무 위반으로 보험계약이 해지될 수 있습니다. 다만, 가입 전 병력인 고혈압과 폐렴은 인과관계가 없는 것으로 보여져 보험금 지급이 가능하오니 보험회사에 보험금을 청구할 수 있습니다.   「상법」 제651조(고지의무위반으로 인한 계약해지) 및 ‘실손의료보험 표준약관’에 따르면 계약자 또는 피보험자는 청약할 때 청약서에서 질문한 사항에 대하여 알고 있는 사실을 반드시 사실대로 알려야 하며, 고의 또는 중대한 과실로 중요한 사항에 대하여 사실과 다르게 알린 경우에는 회사가 그 사실을 안 날부터 1개월 내, 계약을 체결한 날부터 3년 내 계약을 해지할 수 있다고 규정하고 있습니다.    다만, 회사가 계약 당시에 그 사실을 알았거나 과실로 인하여 알지 못하였을 때, 제1회 보험료를 받은 날부터 보험금 지급 사유가 발생하지 않고 2년(진단계약의 경우 질병에 대해서는 1년)이 지났을 때, 이 계약을 청약할 때 회사가 피보험자의 건강 상태를 판단할 수 있는 기초자료(건강진단서 사본 등)에 따라 승낙한 경우에 건강진단서 사본 등에 명기되어 있는 사항으로 보험금 지급 사유가 발생하였을 때(다만, 계약자 또는 피보험자가 회사에 제출한 기초자료의 내용 중 중요사항을 고의로 사실과 다르게 작성한 때에는 예외), 보험설계사 등이 계약자에게 계약 전에 알릴 기회를 주지 않았거나 계약자가 사실대로 알리는 것을 방해한 경우, 계약자에 대해 사실대로 알리지 않게 하였거나 부실하게 알릴 것을 권유했을 때는 예외입니다.   또한, 「상법」 제651조의2(서면에 의한 질문의 효력)에 따르면 보험자가 서면으로 질문한 사항은 중요한 사항으로 추정되며, 고지의 상대방은 보험회사로 보험설계사는 그 권한이 없습니다.    따라서, 설계사에게 구두로 병력을 알렸다고 하더라도 설계사가 고지 방해를 한 사실이 없거나 청약서 질문표에 직접 병력에 대해 고지하지 않았다면 고지의무 위반으로 보험계약이 해지될 수 있다고 판단됩니다.   다만, 가입 전 병력인 고혈압과 폐렴은 인과관계가 없는 것으로 보여져 보험금 지급이 가능하오니 보험회사에 보험금을 청구할 수 있습니다."
633, 실손(상해)보험, 계약해제·해지_계약 후 알릴의무_통지의무 위반,보험 가입 당시에는 무직이었으나 최근 오토바이 배달을 하다가 교통사고가 발생했습니다. 보험사에 약관에 따른 보험금을 청구하자 2주 후 계약 해지를 통보했는데 계약을 유지할 수 없나요?,"보험사는 위험률 증가 통지 후 1개월 내 계약 해지를 통보할 수 있습니다.   「상법」 제652조(위험변경증가의 통지와 계약해지) 및 ‘실손의료보험 표준약관’에 따르면 계약자 또는 피보험자는 사고 발생의 위험이 현저하게 변경 또는 증가된 사실을 안 때에는 지체없이 보험회사에 통지하여야 하며, 이를 해태하였거나 위험이 증가된 경우에는 회사가 그 사실을 안 날부터 1개월 이내 계약을 해지하거나 보험료의 증액을 청구할 수 있다고 규정하고 있습니다.    따라서, 보험사는 위험률 증가 통지 후 1개월 내 계약 해지를 통보할 수 있다고 판단됩니다.   다만, 보험 가입 당시에 ‘보험 가입 이후 오토바이 탑승에 대해 보험회사에 통지해야 하는 사실’을 설명받지 못한 경우 보험회사의 설명의무 위반으로 이의를 제기할 수 있습니다.(대법원 2020다291449 판결)."
634, 실손(상해)보험, 실효_납입최고,2021년 실손의료비를 청구하였으나 보험료 미납으로 인하여 계약의 효력이 상실되었으므로 보험금을 지급할 수 없다고 합니다. 그러나 보험료가 자동 이체되어 정상적으로 유지하고 있는 줄 알았으며 보험사로부터 어떠한 통지를 받지 못하였는데 해결방안이 있나요?,"보험사가 정상적으로 보험료 납입을 최고했다는 입증자료를 보험사에 요구할 수 있습니다.   「상법」 제650조(보험료의 지급과 지체의 효과) 및 ‘실손의료보험 표준약관’에 따르면 계속보험료가 미납되면 보험회사는 상당한 기간을 정하여 보험계약자에게 연체사실 통보 및 독촉(납입최고)을 하고 그 기간 내에도 보험료가 납입되지 않으면 그 계약을 해지할 수 있다고 규정하고 있습니다.   따라서, 보험사가 정상적으로 보험료 납입을 최고했다는 입증자료를 보험사에 요구할 필요가 있습니다."
635, 실손(상해)보험, 실효_부활,최근 통장에서 보험료가 이체되지 않아 보험사에 확인하니 보험료 미납으로 인하여 보험계약이 해지되었다고 합니다. 기존 계약을 유지할 방법이 있나요?,"해지환급금이 입금되었는지 확인하신 후 보험사에 부활을 문의할 수 있습니다.   「상법」 제650조의2(서면에 의한 질문의 효력) 및 ‘실손의료보험 표준약관’에 따르면 보험계약이 해지되고 해지환급금이 지급되지 아니한 경우(보험계약대출 등에 따라 해지환급금이 차감되었으나 받지 않은 경우 또는 해지환급금이 없는 경우 포함) 계약자는 일정한 기간(해지된 날부터 3년)내에 연체보험료와 약정이자를 붙여 보험회사에 지급하고 그 계약의 부활을 청약할 수 있다고 규정하고 있습니다.   따라서, 해지환급금이 입금되었는지 확인하신 후 보험사에 부활을 문의할 필요가 있습니다.   다만, 보험회사는 부활 여부에 대하여 심사 및 청약을 거절할 수 있습니다. "
636, 실손(상해)보험, 계약불이행_소멸시효,5년 전 암을 진단받았으며 전이로 인하여 치료가 너무 힘들어서 최근에야 보험사에 실손의료비를 청구하였습니다. 보험사에서는 너무 오래되었다는 이유로 거절하는데 보험금을 지급받을 수 없나요?,"보험사에서는 소멸시효 완성을 이유로 보험금 지급을 거절할 수 있으므로 3년 이내에 보험금을 청구하여야 합니다.   「상법」 제662조(소멸시효) 및 ‘실손의료보험 표준약관’에 따르면 보험금청구권은 3년간 행사하지 않으면 소멸시효가 완성된다고 규정하고 있습니다.   따라서, 보험사에서는 소멸시효 완성을 이유로 보험금 지급을 거절할 수 있으므로 3년 이내에 보험금을 청구할 필요가 있습니다.   다만, 현실적으로 소멸시효 경과 건에 대해서도 지급이 가능한 경우도 존재하오니 소멸시효가 경과하였다고 하더라도 보험회사에 보험금을 청구하여 주시기 바랍니다."
637, 실손(상해)보험, 계약불이행_부담보_5년 경과,6년 전 실손보험에 가입하면서 허리디스크 판정으로 인하여 전 기간 부담보를 설정하였으며 최근 허리통증으로 인하여 정형외과에서 통원 치료를 받고 있습니다. 우연히 약관을 확인하니 5년이 지나면 보장한다고 기재되어 보험금을 청구하였으나 보험사가 지급을 거절합니다. 보험금을 받을 수 있나요?,"보험 가입 시점부터 최근까지 동일한 질병으로 추가 진단 또는 치료 사실이 없다면 보험사에 약관에 따른 보험금 지급을 요구할 수 있습니다.   ‘실손의료보험 표준약관’에 따르면 청약일 이전에 진단된 질병이라 하더라도 청약일로부터 5년(갱신형 계약의 경우에는 최초 청약일로부터 5년)이 지나는 동안 보장이 제외되는 질병으로 추가 진단(단순 건강검진 제외) 또는 치료 사실이 없을 경우, 청약일부터 5년이 지난 이후에는 이 약관에 따라 보상한다고 규정하고 있습니다.   따라서, 보험 가입 시점부터 최근까지 동일한 질병으로 추가 진단 또는 치료 사실이 없다면 보험사에 약관에 따른 보험금 지급을 요구할 수 있다고 판단됩니다."
638, 실손(상해)보험, 계약불이행_본인부담상한제_표준약관 개정 전,2008.12 실손보험에 가입하여 유지하던 중 최근 폐암으로 수술하고 전이로 인하여 장기입원하여 보험사에 실손의료비를 청구하였으나 본인부담상한제를 이유로 보험금을 일부만 지급하겠다고 합니다. 보험 가입 당시의 약관에는 이러한 내용이 없는데 약관에 따른 보험금 전액을 받을 수 있나요?,"보험사에 약관을 근거로 보험금을 청구할 수 있습니다.   본인부담상한제는 과도한 의료비 부담을 덜어주기 위해 2004년에 도입된 제도입니다. 2009.10 ‘실손의료보험 표준약관’이 개정되어 그 이후 가입된 보험계약에서는 본인부담상한제에 따라 환급받는 금액을 보상 제외사항으로 정하고 있습니다.   따라서, 2008년에 가입한 보험약관에는 보상 제외사항으로 정하고 있지 않으므로 보험사에 약관을 근거로 보험금을 청구할 수 있다고 판단됩니다."
639, 실손(상해)보험, 계약불이행_본인부담상한제_표준약관 개정 후,2012.6 실손보험에 가입하여 유지하던 중 최근 폐암으로 수술하고 전이로 인하여 장기입원하여 보험사에 실손의료비를 청구하였으나 본인부담상한제를 이유로 보험금을 일부만 지급하겠다고 합니다. 전액을 받을 수는 없나요?,"가입하신 보험상품의 약관에는 해당 내용이 명시되어 있을 것이므로 확인하여 보기 바라며, 보험사는 약관을 근거로 보험금을 삭감하여 지급할 수 있습니다.   본인부담상한제는 예기치 못한 질병 등으로 발생한 과도한 의료비 부담을 덜어주기 위해 2004년 도입된 제도이며, 이로 인하여 2009.10 ‘실손의료보험 표준약관’이 개정되었습니다.   따라서, 가입하신 보험상품의 약관에는 해당 내용이 명시되어 있을 것이므로 확인하여 보시기 바라며, 보험사는 약관을 근거로 보험금을 삭감하여 지급할 수 있다고 판단됩니다."
640, 실손(상해)보험, 계약불이행_사망보험금_자살,배우자가 만취 상태에서 베란다로 뛰어내려 병원에서 치료하던 중 사망하였습니다. 충동적으로 뛰어내린 사고이므로 상해사망보험금을 청구하였으나 보험사에서 지급을 거절합니다. 상해사망으로 인정받을 수 없나요?,"보험사에 상해사고를 주장하기 위해서는 피보험자가 자유로운 의사결정을 할 수 없는 상태였다는 객관적 입증자료를 확보 후 요구할 수 있습니다.   「상법」 제659조(보험자의 면책사유) 및 ‘상해보험 표준약관’에 따르면 피보험자가 고의로 자신을 해친 경우, 보험수익자가 고의로 피보험자를 해친 경우, 계약자가 고의로 피보험자를 해친 경우에는 보험금을 지급하지 않는다고 규정하고 있습니다.   다만, 피보험자가 정신질환, 심신상실 등으로 자유로운 의사결정을 할 수 없는 상태에서 자신을 해친 경우에는 보험금을 지급합니다.   대법원 판례에 따르면 자유로운 의사결정을 할 수 없는 상태에서의 사망이었는지 여부는 자살자의 나이와 성행, 자살자의 신체적·정신적 심리상황, 그 정신질환의 발병 시기, 그 진행 경과와 정도 및 자살에 즈음한 시점에서의 구체적인 상태, 자살자를 에워싸고 있는 주위 상황과 자살 무렵의 자살자의 행태, 자살행위의 시기 및 장소, 기타 자살의 동기, 그 경위와 방법 및 태양 등을 종합적으로 고려하여 판단합니다(대법원 2009다97772 판결 등 참조).   이 사례에서는 술을 만취 상태에 이를 정도로 많이 마셨는지에 대한 자료나 혈중알코올농도, 자살의 동기, 자살자의 행태 등을 종합적으로 고려하여 판단할 수 있습니다.   따라서, 보험사에 상해사고를 주장하기 위해서는 피보험자가 자유로운 의사결정을 할 수 없는 상태였다는 객관적 입증자료 확보가 필요합니다."
641, 실손(상해)보험, 계약불이행_영양제,최근 계단에서 넘어지는 사고로 입원하고 보험사에 실손의료비를 청구하였으나 영양제 등이 포함되어 있다며 보험금을 삭감하여 지급하겠다고 합니다. 본인은 종합병원 전문의 처방에 따라 투여한 것인데 보험금을 지급받을 수 없나요?,"‘실손의료보험 표준약관’에 따르면 영양제, 비타민제 비용에 대하여 보상하지 않습니다. 다만, 회사가 보상하는 상해 치료를 목적으로 하는 경우에는 보상한다고 규정하고 있습니다.    대법원 판례에 따르면 의사는 진료를 행함에 있어 환자의 상황과 당시의 의료수준 그리고 자기의 지식 경험에 따라 적절하다고 판단되는 진료방법을 선택할 상당한 범위의 재량을 가진다고 할 것이고, 그것이 합리적인 범위를 벗어난 것이 아닌 한 진료의 결과를 놓고 그 중 어느 하나만이 정당하고 이와 다른 조치를 취한 것은 과실이 있다고 말할 수는 없습니다(대법원 1992. 5. 12. 선고 91다23707판결).   고도의 의료지식을 지닌 전문의사가 의료법칙에 따라 치료의 방법을 결정하였다면 그 결정에 잘못이 있었음을 인정할만한 객관적 사정을 보험사가 제시해야 합니다.   따라서, 영양제 투여가 치료 목적이었고 실제 증상의 호전이 있었다는 주치의 소견서를 발급받아 보험사에 이의 제기할 필요가 있습니다."
642, 실손(상해)보험, 약관_사망보험금_자살,배우자가 만취 상태에서 베란다로 뛰어내려 병원에서 치료하던 중 사망하였습니다. 충동적으로 뛰어내린 사고이므로 상해사망보험금을 청구하였으나 보험사에서 지급을 거절합니다. 상해사망으로 인정받을 수 없나요?,"보험사에 상해사고를 주장하기 위해서는 피보험자가 자유로운 의사결정을 할 수 없는 상태였다는 객관적 입증자료를 확보 후 요구할 수 있습니다.   「상법」 제659조(보험자의 면책사유) 및 ‘상해보험 표준약관’에 따르면 피보험자가 고의로 자신을 해친 경우, 보험수익자가 고의로 피보험자를 해친 경우, 계약자가 고의로 피보험자를 해친 경우에는 보험금을 지급하지 않는다고 규정하고 있습니다.   다만, 피보험자가 정신질환, 심신상실 등으로 자유로운 의사결정을 할 수 없는 상태에서 자신을 해친 경우에는 보험금을 지급합니다.   대법원 판례에 따르면 자유로운 의사결정을 할 수 없는 상태에서의 사망이었는지 여부는 자살자의 나이와 성행, 자살자의 신체적·정신적 심리상황, 그 정신질환의 발병 시기, 그 진행 경과와 정도 및 자살에 즈음한 시점에서의 구체적인 상태, 자살자를 에워싸고 있는 주위 상황과 자살 무렵의 자살자의 행태, 자살행위의 시기 및 장소, 기타 자살의 동기, 그 경위와 방법 및 태양 등을 종합적으로 고려하여 판단합니다(대법원 2009다97772 판결 등 참조).   이 사례에서는 술을 만취 상태에 이를 정도로 많이 마셨는지에 대한 자료나 혈중알코올농도, 자살의 동기, 자살자의 행태 등을 종합적으로 고려하여 판단할 수 있습니다.   따라서, 보험사에 상해사고를 주장하기 위해서는 피보험자가 자유로운 의사결정을 할 수 없는 상태였다는 객관적 입증자료를 확보할 필요가 있습니다."
643, 실손(상해)보험, 약관_본인부담상한제_표준약관 개정 전,2008.12 실손보험에 가입하여 유지하던 중 최근 폐암으로 수술하고 전이로 인하여 장기입원하여 보험사에 실손의료비를 청구하였으나 본인부담상한제를 이유로 보험금을 일부만 지급하겠다고 합니다. 보험 가입 당시의 약관에는 이러한 내용이 없는데 약관에 따른 보험금 전액을 받을 수 있나요?,"보험사에 약관을 근거로 보험금을 청구할 수 있습니다.   본인부담상한제는 과도한 의료비 부담을 덜어주기 위해 2004년에 도입된 제도입니다. 2009.10 ‘실손의료보험 표준약관’이 개정되어 그 이후 가입된 보험계약에서는 본인부담상한제에 따라 환급받는 금액을 보상 제외사항으로 정하고 있습니다.   따라서, 2008년에 가입한 보험약관에는 보상 제외사항으로 정하고 있지 않으므로 보험사에 약관을 근거로 보험금을 청구할 수 있다고 판단됩니다."
644, 실손(상해)보험, 약관_본인부담상한제_표준약관 개정 후,2012.6 실손보험에 가입하여 유지하던 중 최근 폐암으로 수술하고 전이로 인하여 장기입원하여 보험사에 실손의료비를 청구하였으나 본인부담상한제를 이유로 보험금을 일부만 지급하겠다고 합니다. 전액을 받을 수는 없나요?,"가입하신 보험상품의 약관에는 해당 내용이 명시되어 있을 것이므로 확인하여 보기 바라며, 보험사는 약관을 근거로 보험금을 삭감하여 지급할 수 있습니다.   본인부담상한제는 예기치 못한 질병 등으로 발생한 과도한 의료비 부담을 덜어주기 위해 2004년 도입된 제도이며, 이로 인하여 2009.10 ‘실손의료보험 표준약관’이 개정되었습니다.   따라서, 가입하신 보험상품의 약관에는 해당 내용이 명시되어 있을 것이므로 확인하여 보시기 바라며, 보험사는 약관을 근거로 보험금을 삭감하여 지급할 수 있다고 판단됩니다."
645, 실손(상해)보험, 약관_부담보_5년 경과,6년 전 실손보험에 가입하면서 허리디스크 판정으로 인하여 전 기간 부담보를 설정하였으며 최근 허리통증으로 인하여 정형외과에서 통원 치료를 받고 있습니다. 우연히 약관을 확인하니 5년이 지나면 보장한다고 기재되어 보험금을 청구하였으나 보험사가 지급을 거절합니다. 보험금을 받을 수 있나요?,"보험 가입 시점부터 최근까지 동일한 질병으로 추가 진단 또는 치료 사실이 없다면 보험사에 약관에 따른 보험금 지급을 요구할 수 있습니다.   ‘실손의료보험 표준약관’에 따르면 청약일 이전에 진단된 질병이라 하더라도 청약일로부터 5년(갱신형 계약의 경우에는 최초 청약일로부터 5년)이 지나는 동안 보장이 제외되는 질병으로 추가 진단(단순 건강검진 제외) 또는 치료 사실이 없을 경우, 청약일부터 5년이 지난 이후에는 이 약관에 따라 보상한다고 규정하고 있습니다.    따라서, 보험 가입 시점부터 최근까지 동일한 질병으로 추가 진단 또는 치료 사실이 없다면 보험사에 약관에 따른 보험금 지급을 요구할 수 있다고 판단됩니다."
646, 실손(상해)보험, 약관_영양제,최근 계단에서 넘어지는 사고로 입원하고 보험사에 실손의료비를 청구하였으나 영양제 등이 포함되어 있다며 보험금을 삭감하여 지급하겠다고 합니다. 본인은 종합병원 전문의 처방에 따라 투여한 것인데 보험금을 지급받을 수 없나요?,"‘실손의료보험 표준약관’에 따르면 영양제, 비타민제 비용에 대하여 보상하지 않습니다. 다만, 회사가 보상하는 상해 치료를 목적으로 하는 경우에는 보상한다고 규정하고 있습니다.    대법원 판례에 따르면 의사는 진료를 행함에 있어 환자의 상황과 당시의 의료수준 그리고 자기의 지식 경험에 따라 적절하다고 판단되는 진료방법을 선택할 상당한 범위의 재량을 가진다고 할 것이고, 그것이 합리적인 범위를 벗어난 것이 아닌 한 진료의 결과를 놓고 그 중 어느 하나만이 정당하고 이와 다른 조치를 취한 것은 과실이 있다고 말할 수는 없습니다(대법원 1992. 5. 12. 선고 91다23707판결).   고도의 의료지식을 지닌 전문의사가 의료법칙에 따라 치료의 방법을 결정하였다면 그 결정에 잘못이 있었음을 인정할만한 객관적 사정을 보험사가 제시해야 합니다.   따라서, 영양제 투여가 치료 목적이었고 실제 증상의 호전이 있었다는 주치의 소견서를 발급받아 보험사에 이의 제기할 필요가 있습니다."
647, 아파트, 계약해제·해지_분양예약금_소비자사정,"금요일에 분양계약금 200만원을 입금하고 월요일에 계약해제를 요구하였으나 계약금 반환이 불가하다고 통보받았습니다. 계약서를 작성한 것도 아니고, 환급을 안내받지도 않았습니다. 환급받을 방법이 없을까요?","계약금을 총 대금의 10% 이상 지급하였다면, 10%를 제외한 나머지 금액 반환을 요구할 수 있습니다.   수분양자와 분양업체가 공동주택 분양계약 체결 후 계약해제 시 계약금의 환급가능 여부는 원칙적으로 분양업체와 체결한 계약서의 관련 규정의 내용에 따라 결정됩니다. 계약서상에 수분양자의 개인적 사정으로 계약해제 시 환급이 불가하다는 내용이 명시되어 있는 경우라면 이미 지급하신 계약금을 환급받는 것은 원칙적으로 불가능할 것입니다. 또한 「민법」 제565조 제1항에 따르면 매매계약에서 계약금이 지급된 경우 당사자 간에 다른 약정이 없는 한 당사자의 일방이 이행에 착수할 때까지 교부자는 이를 포기하고 매매계약을 해제할 수 있습니다. 즉, 일방이 이행에 착수할 때까지(이를테면 중도금의 지급 등) 매수인은 이미 지급한 계약금을 포기하는 조건으로 기존의 계약을 해제할 수 있는 것입니다. 별도의 계약서가 없다면 통상적으로 계약금은 총 대금의 10%로 보며, 지급한 분양계약금이 총 대금의 10%보다 더 많이 지급하였다면 10%를 제외한 나머지 금액 반환을 요구해 볼 수 있습니다.     다만, 계약체결과정에 상대방의 기망행위 등 귀책사유가 있는 경우 착오 또는 사기로 위 계약을 취소하고 지급한 금원에 대해 부당이득반환을 구할 수는 있지만, 소송절차에서 위와 같은 사정을 증거자료를 통해 입증하셔야 합니다.(「민법」 제109조, 제110조, 제741조 참조). "
648, 아파트, 계약해제·해지_중도금 납부이후_소비자사정,아파트 분양받고 중도금을 1회 냈습니다. 아파트값이 너무 떨어져서 계약금 포기하고 계약해제를 고민 중인데 가능할까요?,"중도금의 1차 납부일이 경과한 후에는 상대방이 계약해제에 동의하지 않으면 계약해제가 어려울 수 있습니다.    주택 분양계약에서 계약이행의 착수 여부는 통상 중도금의 납부일을 기준으로 하고 있습니다.「민법」 제565조 제1항에 따르면 매매계약에서 계약금이 지급된 경우 당사자 간에 다른 약정이 없는 한 당사자의 일방이 이행에 착수할 때까지 교부자는 이를 포기하고 매매계약을 해제할 수 있습니다. 즉, 일방이 이행에 착수할 때까지(이를테면 중도금의 지급 등) 매수인은 이미 지급한 계약금을 포기하는 조건으로 기존의 계약을 해제할 수 있는 것입니다. 또한 공정거래위원회가 고시한 「아파트 표준공급계약서」에 따르면 ‘제2조(계약의 해제) 수분양자는 자신의 사정으로 인한 경우 스스로 본계약을 해제할 수 있다. 다만, 중도금을 1회라도 납부한 후에는 분양사업자가 인정하는 경우에 한한다’고 되어 있습니다.따라서 중도금의 1차 납부일이 경과한 후에는 상대방이 계약해제에 동의하지 않으면 사실상 해제가 불가능하다고 할 수 있습니다. 물론 상대방이 계약서 또는 법률에서 정한 해제사유를 발생시킨 경우에는 예외입니다."
649, 아파트, 계약해제·해지_유상옵션 취소_소비자 사정 ,유상옵션 계약 때 공사 이행 착수 전 총액 10%를 위약금으로 지급하면 취소할 수 있도록 약정을 했음에도 시공 전 취소를 요구에도 건설회사에서 계약해제를 거부합니다. 취소가 가능할까요?,"계약해제를 요구할 수 있습니다. 단 공사 이행에 착수했다면 계약해제를 요구하긴 어렵습니다.    「민법」 제565조 제1항에 따르면 매매계약에서 계약금이 지급된 경우 당사자 간에 다른 약정이 없는 한 당사자의 일방이 이행에 착수할 때까지 교부자는 이를 포기하고 매매계약을 해제할 수 있습니다. 즉, 일방이 이행에 착수할 때까지(이를테면 중도금의 지급 등) 매수인은 이미 지급한 계약금을 포기하는 조건으로 기존의 계약을 해제할 수 있는 것입니다. 따라서 원칙적으로 분양업체와 체결하신 계약서의 관련 규정의 내용에 따라 계약해지 및 위약금이 결정되며, 계약상에 약정되어 있음에도 불구하고 환급을 거부하는 것이라면 계약을 체결할 당시 약정한 계약서를 가지고 계약해제를 요구해 볼 수 있습니다.다만, 공사 이행에 착수했다면 계약해제를 요구하기는 어렵습니다."
650, 아파트, 계약해제·해지_주택조합 조합원,지역주택조합원에 가입하고 분담금을 지급하였습니다. 사업이 부진하여 분담금 반환을 요구하였으나 거부당했습니다. 분담금을 환급 받을 수 있을까요?,"소비자와 사업자의 관계에 해당하지 않아 한국소비자원에서 도움을 드리기 어렵습니다. 해당 시·군·구청의 도움을 받아 보실 수 있습니다.   한국소비자원은 「소비자기본법」 제2조(""소비자""라 함은 사업자가 제공하는 물품 또는 용역을 소비생활을 위하여 사용하는 자 또는 생산활동을 위하여 사용하는 자로서 대통령령이 정하는 자를 말한다.) 근거하여 일반적인 소비자 계약(업체와 소비자간에 이루어진 계약)에서 발생하는 분쟁에 대해 합의 권고를 하고 있습니다. 조합아파트는 조합과 조합원(시행자로 볼 수 있음)으로 구성된 관계로 민사상 조합 계약으로 발생한 권리 의무관계에 있으므로 소비자와 사업자의 관계에 해당하지 않아 한국소비자원에서 도움을 드릴 수 없습니다.주택조합의 관리 감독 권한은 주택조합을 설립을 신고한 지자체에 있으므로 해당 시·군·구청의 도움을 받아보시기 바랍니다."
651, 아파트, 계약해제·해지_가예약금 반환약정 ,모델하우스에서 가예약금을 걸 때 상담사가 해제 시 가예약금 반환하는 조건으로 입금하였습니다. 개인사정으로 바로 다음 날 계약해제를 요구하였으나 돌려줄 수 없다고 합니다. 환급을 받을 수 있을까요?,"계약상에 가계약금 반환에 대하여 약정되어 있음에도 불구하고 환급을 거부하는 것이라면 당시 계약서와 근거자료 등을 가지고 계약해제 및 반환을 요구할 수 있습니다.   「민법」 제565조 제1항에 따르면 매매계약에서 계약금이 지급된 경우 당사자 간에 다른 약정이 없는 한 당사자의 일방이 이행에 착수할 때까지 교부자는 이를 포기하고 매매계약을 해제할 수 있습니다. 즉, 일방이 이행에 착수할 때까지(이를테면 중도금의 지급 등) 매수인은 이미 지급한 계약금을 포기하는 조건으로 기존의 계약을 해제할 수 있는 것입니다.따라서 가계약금의 환급 가능 여부는 원칙적으로 분양업체와 체결하신 계약서의 관련 규정의 내용에 따라 결정되며, 계약상에 가계약금 반환에 대하여 약정되어 있음에도 불구하고 환급을 거부하는 것이라면 계약을 체결할 당시 약정한 계약서와 객관적인 근거자료(계약금 반환을 약속한 녹취록 등)를 가지고 계약해제 및 반환을 요구해 볼 수 있습니다."
652, 아파트, 계약해제·해지_중도금 대출불가 계약해제,신문광고에서 ‘주택할부금융중도금대출가능’ 이라는 광고문구와 분양 상담 시 업무제휴가 되어 있는 신용금고에서 대출이 가능하다고 설명받아 계약했으나 중도금 납부 시점이 오자 대출이 안 된다고 합니다. 대출이 불가능하여 중도금 납부를 못 하여 계약해제를 통보받았는데 계약금도 환급이 불가하다고 합니다. 계약해제를 요구할 수 있을까요?,"사업자가 중도금 대출이 가능하다고 안내한 객관적인 근거자료를 가지고 계약금 반환을 요구할 수 있습니다.   신문광고 및 분양 상담으로 금융기관에 의한 중도금 대출이 가능하다고 광고하였더라도 분양계약서에 중도금의 대출 절차를 비롯하여 그에 관한 아무런 내용이 기재되어 있지 않다면, 그 광고는 계약의 유인에 불과할 뿐 분양회사가 스스로 중도금대출이행의무를 부담하겠다는 의사를 표시한 것이라고는 보기가 어렵습니다. 다만, 「민법」?제109조에 따르면 의사표시는 법률행위의 내용의 중요 부분에 착오가 있는 때에는 취소할 수 있으나 그 착오가 표의자의 중대한 과실로 인한 때에는 취소하지 못한다고 규정되어 있습니다.서울중앙지방법원에서는 ‘분양계약에 있어서 수분양자가 신문광고, 분양 상담 등에 의하여 분양회사에게 중도금대출이행의무가 있는 것으로 잘못 알고 계약을 체결한 것이 착오이고 그 동기가 법률행위의 중요 부분에 해당하며, 분양계약이 금융기관에 의한 중도금 대출이 가능하다는 분양회사의 능동적, 적극적인 유인에 따라 이루어졌는데, 수분양자의 중도금채무 불이행을 이유로 한 분양계약해제의 원인이 수분양자가 실제로 중도금 대출을 받지 못한 데서 비롯된 것이라면, 분양회사가 수분양자에 대하여 중도금 미납을 이유로 분양계약을 해제하고 분양계약상의 위약금 규정을 들어 이미 지급된 계약금의 자기귀속을 주장하는 것은 신의성실의 원칙에 반한다’라고 판시한 바가 있습니다. (서울중앙지방법원 2000. 7. 20. 선고 99나77808)따라서 위 판례을 참고하시어 사업자가 중도금 대출이 가능하다고 안내한 객관적인 근거자료(해당 내용이 담긴 녹취록, 안내문, 광고 내용 등) 관련 자료를 확보하시어 계약금 반환을 요구해 보시기 바랍니다."
653, 아파트, 계약해제·해지_거짓정보제공_사업자귀책,모델하우스에서 해당 아파트는 1가구 2주택도 대출이 가능하다고 상담받고 계약금을 입금하였습니다. 얼마 후 금융기관을 통해서 알아보니 다주택자는 대출이 불가하다는 것을 확인하고 계약취소를 요구하니 저의 잘못이라며 계약금 반환을 거부합니다. 계약금 반환을 받을 수 있을까요?,"분양상담사가 고의로 기망하여 계약체결을 유도했다면, 착오로 인한 계약으로 계약해제를 요구할 수 있으나, 객관적인 근거자료가 요구될 수 있습니다.   「민법」?제109조에 따르면 의사표시는 법률행위의 내용의 중요 부분에 착오가 있는 때에는 취소할 수 있으나 그 착오가 표의자의 중대한 과실로 인한 때에는 취소하지 못한다고 규정되어 있습니다. 또한 동법 391조에 따라 피용자의 고의나 과실은 채무자의 고의나 과실로 본다고 되어 있습니다.또한 공정거래위원회가 고시한 「아파트 표준공급계약서」에 따르면 제2조(계약의 해제) 계약의 중요한 사항을 위반하여 계약목적을 달성할 수 없게 된 경우에는 계약을 해제할 수 있다고 되어 있습니다.따라서, 분양상담사가 고의로 기망하여 계약체결을 유도했다면, 착오로 인한 계약으로 계약해제를 요구해볼 수 있습니다.다만, 분양상담사가 거짓 정보를 제공하였다는 입증은 주장하는 사람의 책임이기에 객관적인 근거자료(계약 당시 녹취록, 안내문, 광고 내용 등)의 확보가 필요합니다."
654, 아파트, 청약철회_전화권유판매_14일이내,"분양업자로부터 전화 연락이 와서 동, 호수 지정 명목으로 100만원을 계좌로 입금하였습니다. 전화로 3일 이내 취소하면 환급할 수 있다고 안내를 받았지만, 이틀 뒤 취소하니 환급을 거부합니다. 환급을 받을 수 있을까요?","14일 이내이므로 위약금 없이 총 계약대금 전액 환급이 가능합니다.   「방문판매 등에 관한 법률」 제2조에 따르면 전화를 이용하여 소비자에게 권유하거나 전화회신을 유도하는 방법으로 재화등을 판매하는 것을 전화권유판매로 규정하고 있습니다. 따라서 전화로 체결된 계약은 「방문판매법」을 적용할 수 있습니다. 동법 제8조 따르면 계약서를 공급받은 날부터 14일 이내에는 청약철회가 가능합니다. 따라서, 소비자의 개인사정으로 인한 청약철회의 경우에도 14일 이내이므로 위약금 없이 총 계약대금 전액 환급을 요구할 수 있습니다.청약철회의 통보는 전화나 우편, 팩스, 이메일 등 모두 가능하지만, 철회기간 내에 청약 철회한 사실을 사업자가 부인하고 소비자가 입증하지 못하면 청약철회를 인정받을 수 없으므로 가능하면 사후입증이 가능한 방법(내용증명 우편 등)으로 하는 것이 좋습니다."
655, 아파트, 계약불이행_카탈로그 기재사항 미시공,분양카탈로그에 명시된 품목 내용대로 시공되지 않아 재시공을 요구하였으나 카탈로그에 변경이 가능하다는 문구가 있었다며 재시공을 거부합니다. 재시공 받을 수 있나요?,"재시공을 요구할 수 있습니다. 카탈로그 등의 광고 내용이 분양사업자가 자체적으로 이행할 수 없는 경우 손해배상을 요구할 수 있습니다.   카탈로그는 향후 건축될 아파트의 내부구조를 소비자에게 미리 보여주는 홍보물임과 동시에 계약내용을 일부를 보여주는 것으로 카탈로그, 설계도면 등이 계약내용을 보충하는 역할로 볼 수 있어 부득이한 경우를 제외하고 인도되는 아파트는 분양 카탈로그상의 내용과 동일하게 시공되어야 합니다.   따라서 시공 시 누락이 되었다면 「민법」?제390조에 따라 채무불이행에 대한 책임으로 재시공을 요구해 볼 수 있습니다.   다만, 카탈로그 등의 광고 내용이 분양사업자가 자체적으로 이행할 수 없는 경우, 즉 정부의 정책 결정 시행 등의 선 조치가 있어야만 이행할 수 있는다면 허위·과장 광고를 이유로 손해배상 요구를 검토해보시기 바랍니다."
656, 아파트, 계약불이행_입주지연,아파트 사전점검 시 마루가 분양 당시 광고와 다르게 시공된 것을 발견하여 시정을 요구하였습니다. 이로 인해 재시공으로 입주가 지연되고 있습니다. 지체상금을 요구할 수 있을까요?,"지체상금 지금 또는 주택잔금에서 해당액 공제를 요구할 수 있으나, 주택건설업자가 시공을 언제까지 완료하겠다고 약속한 바가 있었는지, 또는 공정이 종료되었는지, 하자 보수의 문제가 아닌지 검토가 필요해 보입니다.   주택건설업 관련 「소비자분쟁해결기준」에 따르면 입주지정(예정)일정 경과한 공사완료로 인한 입주 지연 시 지체상금 지급 또는 주택잔금에서 해당액 공제로 규정되어 있습니다. 지체상금액은 아래와 같이 산정됩니다.※ 지체상금액 = (계약금 + 중도금) X 연체이율 X 입주 지연 일수 / 365※ 연체이율은 분양계약서를 참조하시기 바랍니다.   다만, 대법원에서는 공사중단으로 예정된 최후의 공정을 종료하지 못하는 경우에는 공사가 미완성된 것으로 봐 지체상금의 대상이 되지만, 공사가 당초 예정된 최후의 공정까지 일단 종료됐고, 그 주요 구조 부분도 약정대로 시공되어 사회 통념상 일이 완성된 경우라면, 설사 그것이 불완전하여 보수를 하여야 할 경우라도 목적물에 하자가 있는 것에 지나지 않아 지체상금의 대상이 아니라고 판시한 바 있습니다.(대법원판례 2006. 4. 28. 선고 2004디39511 판결)   따라서, 주택건설업자가 해당 재시공을 언제까지 완료하겠다고 약속한 바가 있었는지, 또는 공정이 종료되었는지, 하자 보수의 문제가 아닌지 검토가 필요해 보입니다."
657, 아파트, 계약불이행_공급면적 상이,분양계약서상 공급면적과 공부상 면적이 다릅니다. 손해배상 청구가 가능할까요?,"대금환급을 요구할 수 있으나, 입주예정자(80% 이상) 동의를 한 사실이 있는지 확인이 필요합니다.    주택건설업 관련 「소비자분쟁해결기준」에 따르면 분양계약서상 공급면적(전용면적+ 공용면적)과 공부상면적(건축물관리대장)과의 차이 발생 시 부족면적에 대한 대금의 환급으로 규정되어 있습니다. 환급액은 아래와 같이 산정합니다.    ※ 환급액 = 공급면적(계약서상) 단위가격 X 부족면적(㎡)    다만, 「주택법 시행규칙」 제13조(사업계획의 변경승인신청 등)에 따르면 공급면적에 대한 입주예정자 80% 이상의 동의를 받는 경우에는 예외로 한다고 되어 있으므로 동의를 한 사실이 있는지 확인이 필요해 보입니다."
658, 아파트, 계약불이행_저당권 등 재산권침해,주택 소유권이전등기를 신청하였으나 주택건설사업자가 저당권 때문에 이전이 불가하다 합니다. 어떻게 해결해야 하나요?,"주택건설사업자에게 손해배상 또는 계약해제를 요구할 수 있습니다.   「주택법」 제61조에 따르면 ‘사업주체는 주택건설사업에 의하여 건설된 주택 및 대지에 대하여는 입주자 모집공고 승인 신청일(주택조합의 경우에는 사업계획승인 신청일을 말한다) 이후부터 입주예정자가 그 주택 및 대지의 소유권이전등기를 신청할 수 있는 날 이후 60일까지의 기간 동안 입주예정자의 동의 없이 해당 주택 및 대지에 저당권 또는 가등기담보권 등 담보물권을 설정하는 행위를 하여서는 아니 된다’고 규정되어 있습니다. 또한 주택건설업 관련 「소비자분쟁해결기준」에도 입주자 동의 없는 분양주택의 저당권 설정 등으로 인한 재산권 침해 시 손해배상 또는 계약해제로 규정되어 있어 주택건설사업자에게 손해배상 또는 계약해제를 요구해 볼 수 있습니다.다만, 사업 주체가 파산, 합병, 분할, 등록말소 또는 영업정지 등의 사유로 사업을 시행할 수 없게 되어 사업 주체가 변경된 경우에는 입주자 동의 없이 저당권 설정할 수 있으니 현재 사업 주체의 상황을 파악하는 것이 필요해 보입니다."
659, 아파트, 계약불이행_견본주택과 상이한 자제,아파트에 사전점검 중 모델하우스에 설치된 것과 다른 회사의 창호로 설치되어 있어 이의제기하자 부득이하게 타 회사 창호를 사용하였다고 문제가 없다고 주장합니다. 손해배상을 받을 수 있을까요?,"불가피한 사유에 해당하지 않는다면, 품질 차이에 따른 차액을 요구할 수 있습니다.   주택건설업 관련 「소비자분쟁해결기준」에 따르면 분양주택에 사용된 자재 및 설비 등이 견본주택에 시공된 것과 품질 등에서 차이가 있는 경우에는 설비 대체 또는 차액 환급으로 규정되어 있습니다. 따라서 불가피한 사유에 해당하지 않는다면 규정대로 품질 차이에 따른 차액을 요구해 볼 수 있습니다.다만, 당초 시공하기로 했던 제품이 품절, 단종 등으로 인해 불가피한 경우에는 입주예정자들에게 위 사실을 통지하고 동질·동가의 제품으로 시공한다면 책임을 면할 수도 있습니다. 여기서 동질·동가의 제품은 브랜드가치, 시장점유율, 선호도, 가격 등 종합적으로 고려하여 판단이 필요해 보입니다."
660, 아파트, 계약불이행_주변시설 허위광고 ,"모델하우스 방문 시 직원설명, 조감 모형도, 위치도, 홍보책자에 아파트 맞은편에 철도역 신설될 예정으로 안내를 받았으나 광고내용이 이행되지 않았습니다. 사업자는 시청의 개발계획에 근거해 안내한 것이라며 문제가 없다고 주장합니다. 손해배상을 요구할 수 있을까요?","사업자가 철도역 신설계획이 마치 확정된 계획인 것처럼 광고했다면, 손해배상을 요구할 수 있으나, 객관적인 근거자료가 필요할 수 있습니다.   「표시·광고의 공정화에 관한 법률」?제3조에 따르면 ‘사업자등은 소비자를 속이거나 소비자로 하여금 잘못 알게 할 우려가 있는 표시·광고 행위로서 공정한 거래질서를 해칠 우려가 있는 거짓·과장의 표시·광고 행위를 하거나 다른 사업자등으로 하여금 하게 하여서는 아니 되며, 동법 제10조 부당한 표시·광고 행위를 함으로써 피해를 입은 자가 있는 경우 손해배상의 책임이 진다’고 규정되어 있습니다. 대법원에서는 사업자가 철도역 신설계획이 마치 확정된 계획인 것처럼 광고했다면 소비자가 오인하게 할 우려가 있으므로 공정한 거래 질서를 저해할 수 있는 광고에 해당된다고 판시한 바 있습니다. (대법원 2010. 7. 22. 선고 2007다59066 판결)따라서 주택건설업자가 부당한 표시·광고 행위에 대한 객관적인 근거자료(해당 내용이 담긴 녹취록, 안내문, 광고 내용 등)를 갖추어 대응하셔야 합니다."
661, 아파트, 계약불이행_확장공사비용 환급 ,분양계약을 체결할 당시 분양 촉진 행사 기간으로 전면 방 무료 확장해주되 자비로 공사를 시행하면 공사비를 배상해준다고 설명 듣고 자비 부담하여 확장공사를 시행하였습니다. 입주 후 공사비 배상을 요구하니 거부당했습니다. 계약이행을 요구할 수 있을까요?,"공사비 배상을 요구할 수 있으나, 객관적인 근거자료가 필요할 수 있습니다.   「민법」?제390조에 따르면 채무자가 채무의 내용에 좇은 이행을 하지 않을 때는 채권자는 손해배상을 청구할 수 있다고 규정되어 있습니다. 또한 동법 제391조 채무자가 타인을 사용하여 이행하는 경우에는 피용자의 고의나 과실은 채무자의 고의나 과실로 본다고 되어 있습니다. 따라서 계약이행인 공사비 배상을 요구해 볼 수 있습니다.다만, 주택건설업자가 약속한 확장공사비 배상에 대한 객관적인 근거자료(해당 내용이 담긴 계약서, 녹취록, 안내문, 광고 내용 등)의 확보가 필요합니다."
662, 아파트, 계약불이행_중도금대출 불이행,신문광고에서 ‘주택할부금융중도금대출가능’ 이라는 광고문구와 분양 상담 시 업무제휴가 되어 있는 신용금고에서 대출이 가능하다고 설명받아 계약했으나 중도금 납부 시점이 오자 대출이 안 된다고 합니다. 대출이 불가능하여 중도금 납부를 못 하여 계약해제를 통보 받았는데 계약금도 환급이 불가하다고 합니다. 계약해제를 요구할 수 있을까요?,"사업자가 중도금 대출이 가능하다고 안내한 객관적인 근거자료를 가지고 계약금 반환을 요구할 수 있습니다.   신문광고 및 분양 상담으로 금융기관에 의한 중도금 대출이 가능하다고 광고하였더라도 분양계약서에 중도금의 대출 절차를 비롯하여 그에 관한 아무런 내용이 기재되어 있지 않다면, 그 광고는 계약의 유인에 불과할 뿐 분양회사가 스스로 중도금대출이행의무를 부담하겠다는 의사를 표시한 것이라고는 보기가 어렵습니다. 다만, 「민법」?제109조에 따르면 의사표시는 법률행위의 내용의 중요 부분에 착오가 있는 때에는 취소할 수 있으나 그 착오가 표의자의 중대한 과실로 인한 때에는 취소하지 못한다고 규정되어 있습니다.서울중앙지방법원에서는 ‘분양계약에 있어서 수분양자가 신문광고, 분양 상담 등에 의하여 분양회사에게 중도금대출이행의무가 있는 것으로 잘못 알고 계약을 체결한 것이 착오이고 그 동기가 법률행위의 중요 부분에 해당하며, 분양계약이 금융기관에 의한 중도금 대출이 가능하다는 분양회사의 능동적, 적극적인 유인에 따라 이루어졌는데, 수분양자의 중도금채무 불이행을 이유로 한 분양계약해제의 원인이 수분양자가 실제로 중도금 대출을 받지 못한 데서 비롯된 것이라면, 분양회사가 수분양자에 대하여 중도금 미납을 이유로 분양계약을 해제하고 분양계약상의 위약금 규정을 들어 이미 지급된 계약금의 자기귀속을 주장하는 것은 신의성실의 원칙에 반한다’라고 판시한 바가 있습니다. (서울중앙지방법원 2000. 7. 20. 선고 99나77808)따라서 위 판례을 참고하시어 사업자가 중도금 대출이 가능하다고 안내한 객관적인 근거자료(해당 내용이 담긴 녹취록, 안내문, 광고 내용 등) 관련 자료를 확보하시어 계약금 반환을 요구해 보시기 바랍니다."
663, 아파트, 계약불이행_변경옵션 미이행,최초분양자로부터 전매를 통하여 아파트를 매수 후 분양사무실을 통해 아파트 옵션을 변경하였습니다. 그러나 입주 3개월 남은 시점에서 변경된 옵션으로 시공되지 않은 사실을 알게 되어 이의제기하였으나 회사 시스템상 불가하다고 합니다. 계약이행을 요구할 수 있을까요?,"계약서에 기재된 옵션대로 계약이행 요구가 가능하며, 이행하지 않을시, 손해배상을 요구할 수 있습니다.    「민법」?제390조에 따르면 채무자가 채무의 내용에 좇은 이행을 하지 않을 때는 채권자는 손해배상을 청구할 수 있다고 규정되어 있습니다. 따라서 계약서에 기재된 옵션대로 계약이행을 요구하시고, 이를 주택건설업자가 이행하지 않는다면 손해배상을 요구할 수 있습니다. 다만, 객관적인 근거자료(해당 내용이 담긴 계약서, 녹취록 등)의 확보가 필요합니다."
664, 아파트, 계약불이행_전매보장,"2년 전매보장프로그램을 실시한다는 광고를 보고 아파트를 분양받고, 2년이 경과 되어 전매신청을 하였습니다. 피신청인은 거래가 성사될 때까지 기다리라고만 하고 전매 약속을 이행하지 않고 있습니다. 계약이행을 요구할 수 있을까요?","계약의 약관조항에 따라 요구할 수도, 하지 못할 수도 있습니다.    통상의 전매계약의 경우, 전매신청에 따라 피신청인이 해당 세대를 제3자에게 전매하여 주고 전매대금을 반환하는 것이지, 전매신청 사실만으로 매매계약 체결이 의제된다거나 또는 반드시 피신청인이 신청인으로부터 해당 세대를 매수하고 이미 지급받은 매매대금을 반환할 의무를 부담한다고 보지는 않는 것으로 해석되는 약관조항을 포함하고 있습니다.   다만 위와 같은 내용을 구체적으로 명시한 대금환급조건이 계약서에 기재되어 있지 않다면, 별도 제한이 없는 것을 이유로 이행을 요구하되, 광고, 안내문 등에 기재된 객관적인 근거자료 확보가 필요합니다.   따라서 계약이행을 요구하기 위해서는 계약서에 기재된 대금환급 조건을 확인할 필요가 있습니다. "
665, 아파트, 가격·요금_아파트 관리비관련 문의,아파트 관리비 명세서상 공용부분 난방비가 과도하게 청구되었습니다. 이의제기할 수 있나요?,"과다 청구 원인이 공용부분 문제라면 관리사무소에서 부담해야 합니다. 단, 해당 분쟁은 ‘소비자 계약’에 해당하지 않는바 한국소비자원에서 도움을 드리긴 어렵습니다.   난방비 과다 청구 원인이 공용부분 문제라면 관리사무소에서 부담해야 합니다. 아파트 관리사무소는 입주민들이 지급한 관리비로 운영되는 것으로, 관리사무소와의 입주민 간의 분쟁은, '소비자 계약'에 해당하지 않는바, 사업자와 소비자의 거래관계에서 발생한 분쟁이 아니므로 한국소비자원에서 도움을 드릴 수 없습니다.아파트 난방비 과다 부과의 대처 방법으로는 아파트 관리 규정이나 약관이 입주자대표회의를 통해서 자체적으로 정해지고 있으므로 일차적으로는 입주자대표회의 측에 직접 문의하셔야 할 것으로 관리규약(관리비 부과내역 등)이 부당한 경우에는 입주자대표회의에 동 사안을 이의제기하여 보시고 부당 청구 금액이 입증 확인이 될 경우에는 이의제기 및 보상 요구를 해볼 수 있을 것입니다.또한 아파트 관리비 분쟁 관련 민원 처리는 국토교통부 '중앙공동주택관리지원센터' (1600-7004)로 문의하여 보시기 바랍니다."
666, 아파트, 품질_하자보수 불이행,"신축아파트 입주하였으나 균열, 누수 등의 각종 하자로 인해 수십 차례 보수작업을 하여도 개선되고 있지 않습니다. 사업자와 공동으로 기술사에 의뢰하여 하자보수비를 계산 하였더니 하자보수보증금을 초과하는 금액이 나왔습니다. 사업자는 하자보수보증금을 포기하고 더는 하자보수를 하지 않겠다고 합니다. 어떻게 해야 할나요?","타?사업자를?통하여?하자보수를?하고?그?비용을?보증금에서?충당할?수 있습니다.?단,?그?비용이?보증금의?범위를?넘을?때는?소송으로 손해배상을 요구하셔야 합니다.    ‘하자보수보증금 예치제’란 공동주택과 같은 대규모 주택에 대하여 사업자가 해당 건축물의 하자보수 기간 이내에 발생한 하자를 완벽하게 보수할 것을 보증하기 위해 공동주택 총공사비(토지매입비 제외)의 3% 해당하는 금액을 예치시켜 놓는 제도를 말합니다. 예치된?하자보수보증금은?사업자가?하자보수기간?내에?발생된?하자의?보수를?완료하면?사업자에게?반환되고,?반면?사업자가?위?기간?내에?발생된?하자를?보수하지?아니하는?경우?입주자대표회의에서?인출하여?하자보수에?사용할?수?있도록?되어?있습니다. 이와는?별개로?사업자가?‘하자보수보증금‘을?포기하였다고?하여?하자보수?의무가?면책되는?것은?아니며,?사업자는?「공동주택관리법」 제36조에 따라 하자담보책임?기간?내에 발생한?하자에?대해서는?예치한?하자보수보증금의?규모와?상관없이?보수의?책임이?있습니다.   사업자가?하자보수?의무를?이행하지?않을?경우?입주자는?타?사업자를?통하여?하자보수를?하고?그?비용을?보증금에서?충당할?수?있으며,?다만?그?비용이?보증금의?범위를?넘을?때는?소송으로 손해배상을 요구하셔야 합니다. "
667, 아파트, 품질_하자심사,"신축아파트에 하자가 있는 것으로 보이는데, 하자 심사를 받고 싶습니다. 어떻게 할 수 있나요?",하자심사분쟁조정위원회에 하자 심사 신청을 할 수 있습니다.   사업주체가 하자가 아니라고 주장하거나 하자보수를 거부 또는 회피하는 경우 하자심사분쟁조정위원회에 하자 심사 신청을 하실 수 있습니다. 「공동주택관리법」 제39조에 따라 담보책임 및 하자보수 등과 관련한 사무를 관장하기 위해 국토교통부에 하자심사·분쟁조정위원회를 두고 있습니다. 상세한 내용은 홈페이지:https://www.adc.go.kr 또는 전화 031-910-4200로 문의하시기 바랍니다.
668, 아파트, 품질_재시공요구_하자보수책임기간 이내,입주한지 1년 8개월 막 지난 아파트에서 볼트균열로 세면기가 기울어져 하자보수를 요구하였습니다. 사업자는 분양 2년이 지났다는 이유로 수리를 거부했습니다. 수리를 요구할 수 있을까요?,"입주일 또는 등기일로부터 2년 이내에 하자보수를 요구하였다면 무상 수리를 요구할 수 있습니다. 단, 소비자의 귀책사유로 인해 하자가 발생하였다면 무상 수리 요구는 불가합니다.   「집합건물의 소유 및 관리에 관한 법률」 제9조의2에 따르면 ‘전유부분은 구분소유자에게 인도한 날부터 기산한다’고 규정되어 있습니다. 따라서 하자보수기간 산정은 건설사가 지정한 입주지정일이 아닌 실제 입주하거나 등기를 한 날로부터 기산하여야 합니다.또한 주택건설업 관련 「소비자분쟁해결기준」에 따르면 분양주택의 건축 및 설비상 하자발생 시 하자보수책임기간 이내인 경우 무상 수리 및 보수로 규정하고 있습니다.따라서 입주일 또는 등기일로부터 2년 이내에 하자보수를 요구하였다면 무상 수리를 요구할 수 있습니다.다만, 소비자의 귀책사유로 인해 하자가 발생하였다면 무상 수리 요구는 불가합니다."
669, 아파트, 품질_재시공요구_하자보수책임기간 이후 ,아랫집 천장에 누수가 발생하여 확인해보니 수전 연결부위가 최초부터 나사가 풀려 입주 후 4년이라는 오랫동안 소량의 누수가 지속해서 발생하였던 것으로 확인되었습니다. 수리 비용으로 약 1000만원이 들어가 하자담보책임으로 사업자에게 이의제기하였더니 하자보수 책임기간이 지났다며 거부합니다. 무상 수리를 요구할 수 있을까요?,"유상 수리 및 보수를 요구할 수는 있으나, 무상 수리를 요구하기 어렵습니다.   주택건설업 관련 「소비자분쟁해결기준」에 따르면 분양주택의 건축 및 설비상 하자발생 시 하자보수책임기간 이내인 경우 무상 수리 및 보수 하자보수책임기간 이후는 유상 수리 및 보수로 규정하고 있습니다. 「민법」?제667조에 따르면 상당한 기간을 정하여 그 하자의 보수를 청구할 수 있고, 하자보수의 책임 기간은 「공동주택관리법 시행령」?제36조에 시설공사별 하자담보기간을 따르며, 급·배수 및 위생 설비 공사는 3년이라고 규정하고 있습니다.따라서 하자담보기간인 3년이 지나 하자보수를 청구하였다면 책임을 묻기 어렵습니다."
670, 아파트, 품질_결로발생,"단열시공을 하지 않아 입주 3년 차 된 아파트 방 벽면에 결로가 발생하여 붙박이장을 철거하여 재설치하게 되었고, 이 과정 중 의류에 곰팡이가 생겨 세탁 비용 발생하는 등 생활상 상당한 불편을 겪고 있습니다. 손해배상을 청구할 수 있을까요?","결로가 발생한 원인이 설계상, 시공상의 하자로 인해 발생한 것이라면, 손해배상을 요구할 수 있습니다.   먼저 결로가 발생한 원인 규명이 필요합니다. 결로가 주택건설업자의 설계상, 시공상의 하자로 인하여 발생한 것으로 판단이 된다면 피신청인은 결로로 입은 손해를 배상할 책임이 있습니다.   또한 「공동주택관리법 시행령」?제36조에 시설공사별 하자담보기간에서 단열공사는 3년이라고 규정하고 있습니다.따라서 결로 보수공사 중 발생한 붙박이장 재설치, 마감재 공사 관련 비용과 세탁비용에 대한 손해배상을 요구해 볼 수 있습니다.다만, 결로 원인이 입주민의 생활환경으로 인한 것이라면 손해배상을 청구하기는 어렵습니다. "
671, 아파트, 품질_공용공간하자,1년 전 입주한 신축아파트 지하 주차장에 주차해 놓은 차량 위로 누수된 석회수가 쏟아져 차체가 손상을 입었습니다. 어디에 손해배상을 요구해야 할까요?,시공사와 관리사무소에 손해배상을 요구할 수 있습니다.   「공동주택관리법 시행령」?제36조 시설공사별 하자담보기간을 따르면 지붕공사 및 방수공사는 5년이라고 규정하고 있습니다. 따라서 시공사는 하자 보수할 의무가 있습니다.또한 「공동주택관리법」 제63조에 따라 관리주체는 공동주택 공용부분의 유지·보수 및 안전관리를 할 의무가 있으므로 지하 주차장의 관리 업무는 관리사무소의 관리업무로 하자보수만 신청할 것이 아니라 하자보수가 완료될 때까지 하자 부위에 안전 표시를 설치하는 등의 방법으로 피해가 없게 안전 조치를 취하지 않았으므로 「민법」 제750조 고의 또는 과실로 인한 위법행위로 타인에게 손해를 가한 자는 그 손해를 배상할 책임이 있으므로 시공사와 관리사무소에 손해배상을 요구해보시기 바랍니다.
672, 아파트, 품질_벽지하자_질병치료비 배상,1년 전 입주한 신축아파트 도배지 하자로 반짝이는 물질이 떨어져 아이가 기관지염이 발병하였습니다. 도배 재시공과 손해배상을 요구할 수 있나요?,"접착력 하자로 지속적으로 반짝이는 물질이 떨어진다면, 재시공을 요구할 수 있으나, 이에 대한 손해배상은 객관적 입증이 필요합니다.   주택건설업 관련 「소비자분쟁해결기준」에 따르면 분양주택의 건축 및 설비상 하자발생 시 하자보수책임기간 이내인 경우 무상 수리 및 보수이며, 「공동주택관리법 시행령」?제36조 시설공사별 하자담보기간을 따르며, 도배공사는 2년이라고 규정하고 있습니다. 따라서 하자담보책임기간 이내로 접착력 하자로 지속적으로 반짝이는 물질이 떨어진다면 제품하자로 보고 재시공을 요구해 볼 수 있습니다.그리고 「민법」 제751조에 따르면 타인의 신체를 해한 자는 재산 이외에 손해에 대하여도 배상할 책임이 있습니다. 그러나 기관지염의 원인이 벽지에서 나온 반짝이는 물질이라는 객관적으로 인정할 만한 입증이 필요하며, 입증책임은 주장하는 사람에게 있으므로 객관적인 근거자료 확보가 필요합니다."
673, 아파트, 약관_유상옵션 취소_소비자 사정 ,유상옵션 계약 때 공사 이행 착수 전 총액 10%를 위약금으로 지급하면 취소가 가능하도록 약정을 했음에도 시공 전 취소를 요구에도 건설회사에서 계약해제를 거부합니다. 취소가 가능할까요?,"계약서를 가지고 계약해제를 요구할 수 있으나, 공사 이행에 착수했다면 계약해제를 요구하기 어렵습니다.   「민법」 제565조 제1항에 따르면 매매계약에서 계약금이 지급된 경우 당사자 간에 다른 약정이 없는 한 당사자의 일방이 이행에 착수할 때까지 교부자는 이를 포기하고 매매계약을 해제할 수 있습니다. 즉, 일방이 이행에 착수할 때까지(이를테면 중도금의 지급 등) 매수인은 이미 지급한 계약금을 포기하는 조건으로 기존의 계약을 해제할 수 있는 것입니다.따라서 원칙적으로 분양업체와 체결하신 계약서의 관련 규정의 내용에 따라 계약해지 및 위약금이 결정되며, 계약상에 약정되어 있음에도 불구하고 환급을 거부하는 것이라면 계약을 체결할 당시 약정한 계약서를 가지고 계약해제를 요구해 볼 수 있습니다.다만, 공사 이행에 착수했다면 계약해제를 요구하기는 어렵습니다."
674, 아파트, 약관_가예약금 반환약정,모델하우스에서 가예약금을 걸 때 상담사가 해제 시 가예약금 반환하는 조건으로 입금하였습니다. 개인사정으로 바로 다음 날 계약해제를 요구하였으나 돌려줄 수 없다고 합니다. 환급을 받을 수 있을까요?,"약정한 계약서와 객관적인 근거자료(계약금 반환을 약속한 녹취록 등)를 가지고 계약해제 및 반환을 요구할 수 있습니다.   「민법」 제565조 제1항에 따르면 매매계약에서 계약금이 지급된 경우 당사자 간에 다른 약정이 없는 한 당사자의 일방이 이행에 착수할 때까지 교부자는 이를 포기하고 매매계약을 해제할 수 있습니다. 즉, 일방이 이행에 착수할 때까지(이를테면 중도금의 지급 등) 매수인은 이미 지급한 계약금을 포기하는 조건으로 기존의 계약을 해제할 수 있는 것입니다.따라서 가계약금의 환급 가능 여부는 원칙적으로 분양업체와 체결하신 계약서의 관련 규정의 내용에 따라 결정되며, 계약상에 가계약금 반환에 대하여 약정되어 있음에도 불구하고 환급을 거부하는 것이라면 계약을 체결할 당시 약정한 계약서와 객관적인 근거자료(계약금 반환을 약속한 녹취록 등)를 가지고 계약해제 및 반환을 요구해 볼 수 있습니다."
675, 아파트, 표시·광고_카탈로그와 상이한 자제 ,아파트 분양계약 카탈로그 상에는 ‘품격있는 원목 온돌마루’로 시공한다고 표기되어 있으나 ‘온돌마루’로 시공되어 있습니다. 원목마루로 재시공을 하거나 차액배상을 요구할 수 있나요?,"공정거래위원회의 시정조치 후 손해배상 요구가 가능합니다.   「표시·광고의?공정화에?관한?법률」?제3조1항에 따르면 사업자등은 소비자를 속이거나 소비자로 하여금 잘못 알게 할 우려가 있는 표시·광고 행위로서 공정한 거래질서를 저해할 우려가 있는 허위·과장의 표시·광고 행위를 해서는 아니 되며, 동법 제7조 공정거래위원회는 사업자 등이?제3조 제1항의 규정에 위반하여 부당한 표시·광고 행위를 하는 때에는 당해 사업자 등에 대하여 그 시정을 위한 다음 각호의 조치를 명할?수?있습니다.(1.?당해?위반행위의?중지, 2.?시정명령을?받은?사실의?공표, 3.?정정광고, 4.?기타?위반행위의?시정을?위하여?필요한?조치)또한 제10조에 따라?사업자?등은?제3조1항을?위반하여?부당한?표시·광고행위를?함으로써?피해를?입은?자가?있는?경우에는?당해?피해자에?대하여?손해배상의?책임을?져야 합니다. 다만, 제3조?제1항의?규정에?의한?위반사항에?대하여?제7조의?규정에?의한?시정조치를?받은?경우?그?위반사항과?관련된?제10조의?규정에?의한?손해배상청구권은?제7조의?규정에?의한?시정조치가?확정된후가?아니면?이를?재판상?주장할?수?없다고 되어 있습니다.(동법 제11조)따라서 「표시·광고법」 허위·과장광고 위반으로 공정거래위원회의 시정조치 후 손해배상을 요구할 수 있기에 우선 공정거래위원회(www.ftc.go.kr / 1670-0007)로 상담받아보신 후 부당한 표시·광고 신고를 하셔야 합니다."
676, 아파트, 표시·광고_광고와 다른 중도금대출 불이행,신문광고에서 ‘주택할부금융중도금대출가능’ 이라는 광고문구와 분양 상담 시 업무제휴가 되어 있는 신용금고에서 대출이 가능하다고 설명받아 계약했으나 중도금 납부 시점이 오자 대출이 안 된다고 합니다. 대출이 불가능하여 중도금 납부를 못 하여 계약해제를 통보받았는데 계약금도 환급이 불가하다고 합니다. 계약해제를 요구할 수 있을까요?,"사업자가 중도금 대출이 가능하다고 안내한 객관적인 근거자료(해당 내용이 담긴 녹취록, 안내문, 광고 내용 등) 관련 자료를 확보해 계약금 반환을 요구할 수 있습니다.   신문광고 및 분양 상담으로 금융기관에 의한 중도금 대출이 가능하다고 광고하였더라도 분양계약서에 중도금의 대출 절차를 비롯하여 그에 관한 아무런 내용이 기재되어 있지 않다면, 그 광고는 계약의 유인에 불과할 뿐 분양회사가 스스로 중도금대출이행의무를 부담하겠다는 의사를 표시한 것이라고는 보기가 어렵습니다. 다만, 「민법」?제109조에 따르면 ‘의사표시는 법률행위의 내용의 중요 부분에 착오가 있는 때에는 취소할 수 있으나 그 착오가 표의자의 중대한 과실로 인한 때에는 취소하지 못한다’고 규정되어 있습니다.서울중앙지방법원에서는 ‘분양계약에 있어서 수분양자가 신문광고, 분양 상담 등에 의하여 분양회사에게 중도금대출이행의무가 있는 것으로 잘못 알고 계약을 체결한 것이 착오이고 그 동기가 법률행위의 중요 부분에 해당하며, 분양계약이 금융기관에 의한 중도금 대출이 가능하다는 분양회사의 능동적, 적극적인 유인에 따라 이루어졌는데, 수분양자의 중도금채무 불이행을 이유로 한 분양계약해제의 원인이 수분양자가 실제로 중도금 대출을 받지 못한 데서 비롯된 것이라면, 분양회사가 수분양자에 대하여 중도금 미납을 이유로 분양계약을 해제하고 분양계약상의 위약금 규정을 들어 이미 지급된 계약금의 자기귀속을 주장하는 것은 신의성실의 원칙에 반한다’라고 판시한 바가 있습니다. (서울중앙지방법원 2000. 7. 20. 선고 99나77808)따라서 위 판례을 참고하시어 사업자가 중도금 대출이 가능하다고 안내한 객관적인 근거자료(해당 내용이 담긴 녹취록, 안내문, 광고 내용 등) 관련 자료를 확보하시어 계약금 반환을 요구해 보시기 바랍니다."
677, 약관규제법, 약관의 형식,"주차장이나 목욕탕 등에 게시되어 있는 문구(예, 물건 도난 및 분실 시 책임 없음)도 「약관의 규제에 관한 법률」에서 말하는 약관으로 볼 수 있나요?","약관으로 볼 수 있습니다.   약관인지 아닌지는 그 내용에 의하여 결정되며, 그것의 명칭에 의하여 결정되는 것은 아닙니다. ‘OO약관’이라는 명칭 이외에 약정서, 계약서, 규칙(공급규칙 등), 규약(가맹점 규약 등) 등도 약관이 될 수 있습니다. 계약서와 함께 인쇄 또는 기재되는 경우는 물론, 출입구 등에 게시되어도 상관없으므로, 소위 ‘유일약관’(예: 주차장 등에 게시되어 있는 사업자의 면책 문구)도 약관이 될 수 있습니다."
678, 약관규제법, 적용 범위,「약관의 규제에 관한 법률」은 사업자와 소비자 사이에 사용되고 있는 모든 약관에 적용할 수 있나요?,"모든 약관이 「약관의 규제에 관한 법률」을 적용받는 것은 아니며, 다음의 경우에는 적용되지 않거나 제한적으로 적용됩니다.   ① 「약관의 규제에 관한 법률」이 적용되지 않는 경우    - 「상법」의 회사편, 「근로기준법」의 적용을 받는 계약에 관한 약관    - 특정한 거래 분야의 약관에 대하여 다른 법률에 특별한 규정이 있는 경우에는 그 규정을 우선 적용   ① 「약관의 규제에 관한 법률」 제7조 내지 제14조가 적용되지 않는 경우    - 국제적으로 통용되는 운송업에서 사용하는 약관    - 국제적으로 통용되는 금융업 및 보험업에서 사용하는 약관    - 「무역보험법」에 따른 무역보험에 사용하는 약관   ① 「약관의 규제에 관한 법률」 제3조에 따른 작성 및 설명의무가 면제되는 경우    - 여객운송업에서 사용하는 약관    - 전기·가스 및 수도사업에서 사용하는 약관    - 우편업에서 사용하는 약관    - 공중전화 서비스 제공 통신업에서 사용하는 약관      * 그러나 이 업종의 약관도 사업자는 영업소에 약관을 비치하여 소비자가 볼 수 있도록 해야 함."
679, 약관규제법, 불공정성 판단의 일반원칙,‘계약서에 명시되지 아니한 사항은 사업자가 결정한다’는 약관 조항이 법적으로 문제가 되지 않나요?,"계약에서 명시되지 않은 사항을 양 당사자가 합의하여 결정하여야 함에도 불구하고 일방적으로 사업자의 결정에 따르도록 한 조항은 ‘고객에게 부당하게 불리한 조항’으로 볼 수 있어 불공정한 약관으로 추정할 수 있습니다.   「약관의 규제에 관한 법률」 제5조(약관의 해석)에 따르면 약관 조항의 불공정성을 판단하는 가장 기본이 되는 기준은 신의성실의 원칙이며, 제6조(일반원칙)에 따라 다음의 경우과 같은 조항은 신의성실의 원칙에 반하여 불공정한 것으로 추정합니다.   ① 고객에게 부당하게 불리한 조항   ② 고객이 계약의 거래형태 등 관련된 모든 사정에 비추어 예상하기 어려운 조항   ③ 계약의 목적을 달성할 수 없을 정도로 계약에 따르는 본질적 권리를 제한하는 조항   이러한 약관의 부당성 심사는 공정거래위원회에서 담당하고 있으며, 이는 향후에 불공정한 약관을 사용하지 못하게 함으로써 장래의 고객을 보호하는데 그 목적이 있습니다.   따라서, 구체적인 사실관계에서 발생한 약관의 해석, 계약 불이행 문제에 대해서는 법원의 소송이나 한국소비자원 등의 분쟁조정을 통해 해결하여야 합니다."
680, 약관규제법, 부당한 면책조항 금지,"지하철 승차 중 닫히는 문에 어깨와 얼굴 등을 부딪혀 입원 치료를 받아 배상을 요구하였으나, 사업자는 ‘출입문 개폐로 인한 접촉사고는 면책사항’이라는 자체 규정에 의해 이를 거부하고 있습니다. 규정에 문제가 없나요?","사상사고처리규정 상에 승객의 과실 유무를 따지지 아니한 채 모든 ‘출입문 개폐사고’에 대해 면책으로 규정하고 있는 것은 사업자의 책임·의무를 이유없이 경감하고 고객에게 불리한 조항으로서 무효로 볼 여지가 있습니다.   「약관의 규제에 관한 법률」 제7조(면책조항의 금지)에 따르면 계약 당사자의 책임에 관하여 정하고 있는 약관의 내용이 다음과 같이 부당할 경우 무효로 봅니다.   ① 사업자, 이행 보조자 또는 피고용자의 고의 또는 중대한 과실로 인한 법률상의 책임을 배제하는 조항   ② 상당한 이유 없이 사업자의 손해배상 범위를 제한하거나 사업자가 부담하여야 할 위험을 고객에게 떠넘기는 조항   ③ 상당한 이유 없이 사업자의 담보책임을 배제 또는 제한하거나 그 담보책임에 따르는 고객의 권리행사의 요건을 가중하는 조항   ④ 상당한 이유 없이 계약목적물에 관하여 견본이 제시되거나 품질·성능 등에 관한 표시가 있는 경우 그 보장된 내용에 대한 책임을 배제 또는 제한하는 조항   이러한 약관의 부당성 심사는 공정거래위원회에서 담당하고 있으며, 이는 향후에 불공정한 약관을 사용하지 못하게 함으로써 장래의 고객을 보호하는데 그 목적이 있습니다.   따라서, 구체적인 사실관계에서 발생한 약관의 해석, 계약 불이행 문제에 대해서는 법원의 소송이나 한국소비자원 등의 분쟁조정을 통해 해결하여야 합니다."
681, 약관규제법, 손해배상액의 예정,"예식장 이용계약을 체결하고 일주일 후 계약해제를 요청하였으나, 예식 예정일이 4개월이나 남아 있음에도 불구하고 자사 약관에 의거하여 위약금을 30%를 부과합니다. 약관에 문제가 없나요?","예식업 관련 ‘소비자분쟁해결기준’에서 정한 해결기준에 비해 과도한 위약금을 부과하는 경우에는 해당 약관 조항을 무효로 볼 수 있습니다.   「약관의 규제에 관한 법률」 제8조(손해배상액의 예정)에 따르면 고객에게 부당하게 과중한 지연 손해금 등의 손해배상 의무를 부담시키는 약관 조항은 무효로 합니다.   따라서, 공정거래위원회가 고시한 예식업 관련 ‘소비자분쟁해결기준’에 따르면 통상적으로 예식예정일로부터 60일전까지 계약해제로 인한 손해배상액 예정으로서의 위약금을 계약금액의 10%로 정하고 있는 점 및 계약금액의 10%를 위약금으로 하는 것이 일반 경험칙에 부합하는 점 등에 비추어볼 때, 위약금을 30%를 부과하는 것은 고객에 대하여 부당하게 과중한 손해배상의무를 부담시키는 약관 조항에 해당하여 무효로 볼 여지가 있습니다.   이러한 약관의 부당성 심사는 공정거래위원회에서 담당하고 있으며, 이는 향후에 불공정한 약관을 사용하지 못하게 함으로써 장래의 고객을 보호하는데 그 목적이 있습니다.   따라서, 구체적인 사실관계에서 발생한 약관의 해석, 계약 불이행 문제에 대해서는 법원의 소송이나 한국소비자원 등의 분쟁조정을 통해 해결하여야 합니다."
682, 약관규제법, 계약의 해제·해지,‘소비자분쟁해결기준’에 따라 헬스장 중도 해약을 요구하였으나 사업자는 회원가입신청서 상의 약관 ‘중도 해약 시 (경과일수×할인전 가격)+PT비용+위약금 10%’에 의거하여 환급해줄 금액이 없음을 주장합니다. 약관에 문제가 없나요?,"환급 시 정상가격(할인전가격)을 기준으로 한다는 별도의 약정이 없는 한 실제 이용금액보다 과도하게 많은 금액을 공제하는 경우에는 해당 약관 조항을 무효로 볼 수 있습니다.   「약관의 규제에 관한 법률」 제9조(계약의 해제·해지)에 따르면 계약의 해제·해지에 관하여 정하고 있는 약관의 내용이 다음과 같이 부당할 경우 무효로 봅니다.   ① 법률에 따른 고객의 해제권 또는 해지권을 배제하거나 그 행사를 제한하는 조항   ② 사업자에게 법률에서 규정하고 있지 아니하는 해제권 또는 해지권을 부여하여 고객에게 부당하게 불이익을 줄 우려가 있는 조항   ③ 법률에 따른 사업자의 해제권 또는 해지권의 행사 요건을 완화하여 고객에게 부당하게 불이익을 줄 우려가 있는 조항   ④ 계약의 해제 또는 해지로 인한 원상회복의무를 상당한 이유 없이 고객에게 과중하게 부담시키거나 고객의 원상회복 청구권을 부당하게 포기하도록 하는 조항   ⑤ 계약의 해제 또는 해지로 인한 사업자의 원상회복의무나 손해배상의무를 부당하게 경감하는 조항   ⑥ 계속적인 채권관계의 발생을 목적으로 하는 계약에서 그 존속기간을 부당하게 단기 또는 장기로 하거나 묵시적인 기간의 연장 또는 갱신이 가능하도록 정하여 고객에게 부당하게 불이익을 줄 우려가 있는 조항   따라서, '(경과일수 × 할인전가격)‘ 공제라는 부분은 실제 신청인이 지불하는 경과일수에 따른 이용금액보다 과도하게 많은 금액으로 이는 계약의 해지로 인한 원상회복의무를 상당한 이유 없이 고객에게 과중하게 부담시키거나 고객의 원상회복청구권을 부당하게 포기하도록 하는 조항으로서 무효로 볼 여지가 있습니다.    ※ 단, 계약의 자유 및 사적자치의 원칙을 반영하여 소비자와 사업자 간 정상가격(할인전가격)을 기준으로 한다는 별도의 약정이 유효한 경우에는 이를 따를 수 있도록 하고 있음. 이때 이용대금 산정 기준인 정상가격은 단순히 사업자가 1개월 요금이라고 주장하거나 게시한 금액이 아니라 사업자의 가격(요금) 체계, 정상가격으로 이용하는 소비자의 비중 등 제반사항을 고려하여 개별·구체적으로 판단되어야 함.   이러한 약관의 부당성 심사는 공정거래위원회에서 담당하고 있으며, 이는 향후에 불공정한 약관을 사용하지 못하게 함으로써 장래의 고객을 보호하는데 그 목적이 있습니다.   따라서, 구체적인 사실관계에서 발생한 약관의 해석, 계약 불이행 문제에 대해서는 법원의 소송이나 한국소비자원 등의 분쟁조정을 통해 해결하여야 합니다."
683, 약관규제법, 채무의 이행,"이동전화서비스를 이용하면서 적립한 포인트 전액으로 휴대전화를 구매하고자 하였으나  사업자는 ‘회사는 고객 혜택의 구체적인 사용 방법과 제공범위는 회사의 홈페이지를 통해 게시하며, 고객 혜택은 회사의 사정에 따라 변경 될 수 있습니다.’라는 약관에 근거하여 정책이 변경되어 상품의 15% 가격에 해당하는 포인트만 사용 가능하다고 합니다. 약관에 문제가 없나요?","포인트 서비스는 회사가 제공하는 혜택 중 하나이며, 사용 방법에 대해서는 회사 사정에 따라 변경될 수 있음을 약관에 명시하고 소비자가 이에 동의한 경우에는 불공정 약관으로 주장하기는 어렵습니다.   「약관의 규제에 관한 법률」 제10조(채무의 이행)에 따르면 채무의 이행에 관하여 정하고 있는 약관의 내용이 다음과 같이 부당할 경우 무효로 봅니다.   ① 상당한 이유 없이 급부의 내용을 사업자가 일방적으로 결정하거나 변경할 수 있도록 권한을 부여하는 조항   ② 상당한 이유 없이 사업자가 이행하여야 할 급부를 일방적으로 중지할 수 있게 하거나 제3자에게 대행할 수 있게 하는 조항   따라서, “회사는 고객혜택의 구체적인 사용 방법과 제공범위는 회사의 홈페이지를 통해 게시하며, 고객 혜택은 회사의 사정에 따라 변경 될 수 있습니다.”라는 피신청인 약관의 내용과 관련하여 포인트 서비스는 회사가 고객에게 제공하는 혜택의 하나라는 점, 이러한 혜택의 경우 회사의 사정에 따라 변경 필요성이 발생할 수 있는 점 등을 고려할 때 위 약관의 내용이 “상당한 이유 없이 급부의 내용을 사업자가 일방적으로 결정하거나 변경할 수 있도록 권한을 부여하는 조항” 등에 해당한다고 보기 어려워 불공정 약관으로 볼 수 없습니다.   이러한 약관의 부당성 심사는 공정거래위원회에서 담당하고 있으며, 이는 향후에 불공정한 약관을 사용하지 못하게 함으로써 장래의 고객을 보호하는데 그 목적이 있습니다.   따라서, 구체적인 사실관계에서 발생한 약관의 해석, 계약 불이행 문제에 대해서는 법원의 소송이나 한국소비자원 등의 분쟁조정을 통해 해결하여야 합니다."
684, 약관규제법, 고객의 권익 보호,골프장 회원권을 지인에게 양도하고자 하였으나 사업자는 ‘골프장 회원권은 타인에게 양도할 수 없습니다.’라는 약관에 근거하여 거부하고 있습니다. 약관에 문제가 없나요?,"양 당사자 간 양도 금지 특약을 하지 않는 한, 약관에 일률적으로 양도 제한 규정을 둔 것은 불공정 약관으로 무효로 볼 수 있습니다.   「약관의 규제에 관한 법률」 제11조(고객의 권익 보호)에 따르면 고객의 권익에 관하여 정하고 있는 약관의 내용이 다음과 같이 부당할 경우 무효로 봅니다.   ① 법률에 따른 고객의 항변권, 상계권 등의 권리를 상당한 이유 없이 배제하거나 제한하는 조항   ② 고객에게 주어진 기한의 이익을 상당한 이유 없이 박탈하는 조항   ③ 고객이 제3자와 계약을 체결하는 것을 부당하게 제한하는 조항   「민법」 제449조(채권의 양도성)에 따르면 지명채권은 원칙적으로 양도성을 가지는데, 다만 채권의 성질상 양도가 허용되지 않는 경우(일신전속적인 권리, 부양청구권 등), 당사자 간 양도 금지 특약을 한 경우에는 예외적으로 양도가 허용되지 않습니다. 따라서 ‘골프장 회원권’은 자격제한기준 또는 법률 등에서 양도를 금지하지 않는 한 양도가 가능하므로, 양도 제한 규정은 “법률에 따른 고객의 항변권, 상계권 등의 권리를 상당한 이유 없이 배제하거나 제한하는 조항”에 해당되어 무효로 볼 여지가 있습니다.   이러한 약관의 부당성 심사는 공정거래위원회에서 담당하고 있으며, 이는 향후에 불공정한 약관을 사용하지 못하게 함으로써 장래의 고객을 보호하는데 그 목적이 있습니다.   따라서, 구체적인 사실관계에서 발생한 약관의 해석, 계약 불이행 문제에 대해서는 법원의 소송이나 한국소비자원 등의 분쟁조정을 통해 해결하여야 합니다."
685, 약관규제법, 의사표시의 의제,"자녀를 위해 인터넷 학습 이용계약을 체결하였으나 흥미를 보이지 않아 3일 후 청약철회를 요구하였으나, 사업자는 ‘ID 접속 후에는 상품 전체를 이용한 것으로 본다.’는 약관에 근거하여 위약금 외에 학습 컨텐츠 비용도 요구하고 있습니다. 약관에 문제가 없나요?","단 몇 차례의 접속만으로 사용으로 인한 현저한 가치의 감소가 있는 것으로 보기 곤란하므로, 해당 약관은 불공정 약관으로 무효로 볼 수 있습니다.   「약관의 규제에 관한 법률」 제12조(의사표시의 의제)에 따르면 의사표시에 관하여 정하고 있는 약관의 내용이 다음과 같이 부당할 경우 무효로 봅니다.   ① 일정한 작위 또는 부작위가 있을 경우 고객의 의사표시가 표명되거나 표명되지 아니한 것으로 보는 조항. 다만, 고객에게 상당한 기한 내에 의사표시를 하지 아니하면 의사표시가 표명되거나 표명되지 아니한 것으로 본다는 뜻을 명확하게 따로 고지한 경우이거나 부득이한 사유로 그러한 고지를 할 수 없는 경우에는 그러하지 아니하다.   ② 고객의 의사표시의 형식이나 요건에 대하여 부당하게 엄격한 제한을 두는 조항   ③ 고객의 이익에 중대한 영향을 미치는 사업자의 의사표시가 상당한 이유 없이 고객에게 도달된 것으로 보는 조항   ④ 고객의 이익에 중대한 영향을 미치는 사업자의 의사표시 기한을 부당하게 길게 정하거나 불확정하게 정하는 조항   따라서, 사업자는 인터넷 학습은 ID로 접속 후에는 다운로드가 가능한 컨텐츠이므로 한번 접속 후 과목별 컨텐츠를 이용했을 경우 상품 전체를 이용한 것과 같으므로 별도의 학습 콘텐츠 비용을 요구하나, 공정거래위원회의 유권해석에 의하면, ""온라인콘텐츠는 접속자의 접속회수(hits), 체류시간(duration time)이나 열람·다운로드(오프라인콘텐츠의 복제에 해당) 여부를 감시함으로써, 서비스의 전달 정도를 파악하고, 통제할 수 있으므로 단 몇 차례의 접속만으로 사용으로 인한 현저한 가치의 감소가 있는 것으로 보기는 곤란""하다고 보기 때문에 위 조항은 ‘고객의 의사표시의 형식이나 요건에 대하여 부당하게 엄격한 제한을 두는 조항’에 해당되어 무효로 볼 여지가 있습니다.   이러한 약관의 부당성 심사는 공정거래위원회에서 담당하고 있으며, 이는 향후에 불공정한 약관을 사용하지 못하게 함으로써 장래의 고객을 보호하는데 그 목적이 있습니다.   따라서, 구체적인 사실관계에서 발생한 약관의 해석, 계약 불이행 문제에 대해서는 법원의 소송이나 한국소비자원 등의 분쟁조정을 통해 해결하여야 합니다."
686, 약관규제법, 대리인의 책임 가중,본인을 대리하여 대리인이 보험계약을 체결한 후 보험료가 납입되지 않아 사업자가 ‘고객이 약관 미이행 시 대리인이 이행책임을 진다.’는 약관에 근거하여 대리인에게 납입 이행을 요구하고 있습니다. 약관에 문제가 없나요?,"보험계약 체결의 효력은 대리인에게 미치지 않기 때문에, 계약자가 약관 미이행 시 대리인에게 이행책임을 지도록 하는 조항은 불공정 약관으로 무효로 볼 수 있습니다.   「약관의 규제에 관한 법률」 제13조(대리인의 책임 가중)에 따르면 고객의 대리인에 의하여 계약이 체결된 경우 고객이 그 의무를 이행하지 아니하는 경우에는 대리인에게 그 의무의 전부 또는 일부를 이행할 책임을 지우는 내용의 약관 조항은 무효로 합니다.   대리인이 본인을 위하여 계약을 체결한 경우, 그 효력은 본인과 사업자 사이에 발생하고 대리인 자신은 그 계약에 대하여 아무런 책임을 지지 않는 것이 원칙이기 때문에 고객이 약관을 이행하지 않을 경우에 대리인이 그 이행책임을 지도록 하는 조항은 무효로 볼 여지가 있습니다.   이러한 약관의 부당성 심사는 공정거래위원회에서 담당하고 있으며, 이는 향후에 불공정한 약관을 사용하지 못하게 함으로써 장래의 고객을 보호하는데 그 목적이 있습니다.   따라서, 구체적인 사실관계에서 발생한 약관의 해석, 계약 불이행 문제에 대해서는 법원의 소송이나 한국소비자원 등의 분쟁조정을 통해 해결하여야 합니다."
687, 약관규제법, 불공정 약관 조항 효력1,어제 TV 뉴스에서 제가 분양받은 상가의 분양 약관에 부당한 조항이 있다는 공정거래위원회의 발표를 보았습니다. 이를 근거로 상가 분양계약을 해제할 수 있나요?,"무효인 약관 조항을 제외하고 나머지 유효한 부분만으로 계약의 목적 달성이 불가능할 경우에는 계약 해제를 요구할 수 있습니다.   「약관의 규제에 관한 법률」(이하, ‘약관규제법’) 제6조(일반원칙)에 따라 부당한 것으로 심결된 약관 조항은 당연히 무효가 되어 효력이 발생하지 않습니다. 따라서, 해당 조항이 사업자와 고객 사이의 분쟁에서 선결문제가 된 경우 그 조항은 없었던 것으로 취급됩니다.    그러나, ‘약관규제법’ 제16조(일부 무효의 특칙)에 따라 계약 자체는 무효인 약관 조항을 제외하고 나머지 부분만으로 유효합니다. 다만, 나머지 유효한 부분만으로 계약의 목적을 달성할 수 없거나 일방 당사자에게 불리한 때에는 계약 자체를 무효로 볼 여지가 있습니다.   따라서, 원칙적으로 공정거래위원회의 부당 약관 심결이 있었다는 사유만으로는 분양계약을 해제할 수는 없습니다. "
688, 약관규제법, 불공정 약관 조항 효력2,"공정거래위원회가 부당한 약관 조항으로 심결한 경우, 고객은 이를 근거로 공정거래위원회에 피해구제를 청구할 수 있나요?","개별적인 피해구제는 법원의 소송이나 한국소비자원 등의 분쟁조정 절차를 통해 신청할 수 있습니다.   공정거래위원회는 행정기관으로서 개인 간 민사문제에는 관여할 수 없으며, 공정거래위원회의 약관 심사 업무는 해당 불공정 약관 조항을 수정, 삭제토록하여 향후 불공정한 약관을 사용하지 못하게 함으로써 장래의 고객을 보호하는 데 그 목적이 있습니다.   따라서, 민사문제에 해당하는 고객의 개별적인 피해구제는 구체적인 사실관계를 바탕으로 법원의 소송이나 한국소비자원 등의 분쟁조정을 통해 해결해야 합니다.   참고로, 공정거래위원회가 약관 조항을 불공정하다고 심결할 경우, 한국소비자원의 분쟁조정이나 법원의 소송에서 참고자료로 활용할 수 있습니다."
689, 양복세탁, 세탁서비스_하자발생 시 보상 방법,회색 양복 세탁을 의뢰하였으나 인도받고 확인해본 결과 일부가 검은색으로 변색되는 등 하자가 발생하였습니다. 구제 방법이 있나요?,"세탁을 의뢰한 후 인도받은 물품에 하자가 발생하였을 경우에는 우선적으로 제조사나 구입처, 세탁소에 문제점을 제기하고, 하자의 원인 및 책임 소재에 대하여 분쟁이 발생한 경우에는 전문가(심의기구 등)에게 의뢰하여 의견을 구하는 것이 좋으며 품질 시험검사가 가능한 경우에는 이를 통해 보다 정확한 원인규명을 해볼 수 있습니다.   해당 제품이 원단불량 등 제품하자로 판명날 경우 공정거래위원회가 고시한 의복류 관련 ‘소비자분쟁해결기준’에 따라 제조사나 구입처에 수선이 가능한 경우에는 무상수선, 수선이 불가한 경우에는 동종 제품으로의 교환, 동종 제품이 없는 경우에는 환급을 요구할 수 있으며, 수선이 가능한 경우임에도 불구하고 소비자가 구입가의 환급을 요구하는 경우에 사업자는 이를 거부할 수 있습니다. 반면 세탁 과정에서 발생한 하자로 판명날 경우 세탁사업자에게 원상회복, 불가능할 시 손해배상을 요구할 수 있습니다.   ※ 한국소비자원에서는 섬유·세탁 품질 하자 유무 및 원인 규명을 위하여 해당 분야 전문가로 구성된 ‘섬유제품심의위원회’를 운영하고 있으며, 해당 심의·자문 결과(책임소재, 심의내용 등)를 토대로 공정거래위원회가 고시한 ‘소비자분쟁해결기준’에 따라 피해보상에 관한 합의를 권고할 수 있습니다. 다만, 심의·자문 결과는 당사자 간 분쟁 해결에 있어 근거자료로 활용되나 법적 강제력은 없습니다."
690, 양복세탁, 세탁서비스_손해배상 산정,회색 양복 세탁을 의뢰하였으나 인도받고 확인해본 결과 일부가 검은색으로 변색되었습니다. 세탁 과정에서 발생한 하자로 확인된 경우에 배상을 요구할 수 있나요?,"세탁업 관련 ‘소비자분쟁해결기준’에 따라 양복 구입 가격 기준으로 내용연수와 사용일수를 고려하여 배상을 요구할 수 있습니다.   소비자가 사업자에게 의류의 세탁을 의뢰하고 그 결과에 대하여 보수를 지급하는 것은 「민법」 제664조(도급의 의의)에서 정한 도급계약으로 볼 수 있으며, 동법 제667조(수급인의 담보책임)에 따르면 완성된 목적물의 하자가 있는 때에 도급인이 그 하자의 보수를 청구할 수 있고 보수에 갈음하여 또는 보수와 함께 손해배상을 청구할 수 있도록 규정하고 있습니다.    또한, 사업자는 세탁물을 인수할 때 세탁물의 하자 여부나 기타 소재의 특징에 대해 파악하여 세탁을 진행하는 등 선량한 관리자의 주의의무를 부담하여야 하는데, 해당 의무를 다하지 않아 세탁 과정에서 의류가 손상되었다면 사업자는 원상회복하거나 그 손해를 배상할 책임이 있습니다.    따라서, 배상액에 대하여는 공정거래위원회가 고시한 세탁업 관련 ‘소비자분쟁해결기준’에 따라서 의류 구입 가격을 기준으로 해당 의류의 내용연수와 사용일수를 고려한 배상비율만큼 요구할 수 있다고 판단됩니다.    *배상액 = 물품구입가격 × 배상비율(소비자분쟁해결기준 상 배상비율표 참조)"
691, 양복세탁, 세탁서비스_손해배상액 감액,회색 양복 세탁을 의뢰하였으나 인도받고 확인해본 결과 일부가 검은색으로 변색되었습니다. 세탁 과정에서 발생한 하자로 확인되었으나 해당 양복은 그대로 입고 싶습니다. 이 경우에 추가로 배상을 요구할 수 있나요?,"세탁사업자가 주의의무를 다하지 않아 세탁 과정에서 양복이 손상되었다는 원상회복을 요구하거나 손해배상을 청구할 수 있으나, 세탁물의 손상 등에 대하여 소비자도 일부 책임이 있는 경우나 손상된 세탁물을 인도받기를 원하는 경우에는 손해배상액에서 일부를 감액할 수 있습니다.   소비자가 사업자에게 의류의 세탁을 의뢰하고 그 결과에 대하여 보수를 지급하는 것은 「민법」 제664조(도급의 의의)에서 정한 도급계약으로 볼 수 있으며, 동법 제667조(수급인의 담보책임)에 따르면 완성된 목적물의 하자가 있는 때에 도급인이 그 하자의 보수를 청구할 수 있고 보수에 갈음하여 또는 보수와 함께 손해배상을 청구할 수 있도록 규정하고 있습니다.    또한, 사업자는 세탁물을 인수할 때 세탁물의 하자 여부나 기타 소재의 특징에 대해 파악하여 세탁을 진행하는 등 선량한 관리자의 주의의무를 부담하여야 하는데, 해당 의무를 다하지 않아 세탁 과정에서 의류가 손상되었다면 사업자는 원상회복하거나 그 손해를 배상할 책임이 있습니다.    따라서, 배상액에 대하여는 공정거래위원회가 고시한 세탁업 관련 ‘소비자분쟁해결기준’에 따라서 의류 구입 가격을 기준으로 해당 의류의 내용연수와 사용일수를 고려한 배상비율만큼 요구할 수 있다고 판단됩니다.    *배상액 = 물품구입가격 × 배상비율(소비자분쟁해결기준 상 배상비율표 참조)   하지만, 세탁물의 손상 등에 대하여 소비자도 일부 책임이 있는 경우나 손상된 세탁물을 인도받기를 원하는 경우에는 손해배상액에서 일부를 감액할 수 있습니다."
692, 양복세탁, 세탁서비스_손해배상의무 면제,회색 양복 세탁을 의뢰한 후 사업자가 세탁물 회수를 수 차례 통지하였으나 개인사정으로 2개월 이후 세탁물을 인도받았습니다. 인도받고 확인해본 결과 일부가 검은색으로 변색되었습니다. 세탁 과정에서 발생한 하자로 확인된 경우에 배상을 요구할 수 있나요?,"소비자가 세탁물에 이상이 없다는 확인서를 사업자에게 교부하였거나 사업자가 세탁물 회수에 대한 통지에도 불구하고 통지도달일로부터 30일이 경과하도록 미회수하는 경우, 세탁완성예정일의 다음날부터 3개월간 완성된 세탁물을 미회수 하는 경우에는 세탁물의 하자 또는 세탁의 지체로 인한 소비자피해에 대해서는 배상의무가 면제되어 손해배상을 요구할 수 없습니다.   소비자가 사업자에게 의류의 세탁을 의뢰하고 그 결과에 대하여 보수를 지급하는 것은 「민법」 제664조(도급의 의의)에서 정한 도급계약으로 볼 수 있으며, 동법 제667조(수급인의 담보책임)에 따르면 완성된 목적물의 하자가 있는 때에 도급인이 그 하자의 보수를 청구할 수 있고 보수에 갈음하여 또는 보수와 함께 손해배상을 청구할 수 있도록 규정하고 있습니다.    또한, 사업자는 세탁물을 인수할 때 세탁물의 하자 여부나 기타 소재의 특징에 대해 파악하여 세탁을 진행하는 등 선량한 관리자의 주의의무를 부담하여야 하는데, 해당 의무를 다하지 않아 세탁 과정에서 의류가 손상되었다면 사업자는 원상회복하거나 그 손해를 배상할 책임이 있습니다.    따라서, 배상액에 대하여는 공정거래위원회가 고시한 세탁업 관련 ‘소비자분쟁해결기준’에 따라서 의류 구입 가격을 기준으로 해당 의류의 내용연수와 사용일수를 고려한 배상비율만큼 요구할 수 있다고 판단됩니다.    *배상액 = 물품구입가격 × 배상비율(소비자분쟁해결기준 상 배상비율표 참조)"
693, 양복세탁, 세탁서비스_세트제품 손해배상액 산정 기준,"회색 양복 상·하의 세트를 세탁 의뢰한 후 하의에 손상이 발생하였습니다, 해당 양복은 Set(세트)로만 판매하며, 세탁 과정에서 발생한 하자로 확인된 경우에 배상을 요구할 수 있나요?","양복 상·하의와 같이 2점 이상이 1벌일 때는 1벌 전체를 기준으로 하여 배상액을 산정하며, 소비자가 1벌 중 일부만 세탁업자에게 세탁의뢰 하였을 경우에는 그 일부에 대하여만 배상을 요구할 수 있습니다.   소비자가 사업자에게 의류의 세탁을 의뢰하고 그 결과에 대하여 보수를 지급하는 것은 「민법」 제664조(도급의 의의)에서 정한 도급계약으로 볼 수 있으며, 동법 제667조(수급인의 담보책임)에 따르면 완성된 목적물의 하자가 있는 때에 도급인이 그 하자의 보수를 청구할 수 있고 보수에 갈음하여 또는 보수와 함께 손해배상을 청구할 수 있도록 규정하고 있습니다.    또한, 사업자는 세탁물을 인수할 때 세탁물의 하자 여부나 기타 소재의 특징에 대해 파악하여 세탁을 진행하는 등 선량한 관리자의 주의의무를 부담하여야 하는데, 해당 의무를 다하지 않아 세탁 과정에서 의류가 손상되었다면 사업자는 원상회복하거나 그 손해를 배상할 책임이 있습니다.    따라서, 배상액에 대하여는 공정거래위원회가 고시한 세탁업 관련 ‘소비자분쟁해결기준’에 따라서 의류 구입 가격을 기준으로 해당 의류의 내용연수와 사용일수를 고려한 배상비율만큼 요구할 수 있으며, Set 의류의 배상액 배분은 다음의 기준을 따릅니다.    *배상액 = 물품구입가격 × 배상비율(소비자분쟁해결기준 상 배상비율표 참조)    - 상·하의가 한 Set인 경우: 상의 65%, 하의 35%    - 상·중·하의가 한 Set인 경우: 상의 55%, 하의 35%, 중의 10%    - 한복 중 치마저고리, 바지저고리: 상의 65%, 하의 35%    - 세트의류라 하더라도 각각의 가격이 정해져 있는 경우는 그 가격에 따름"
694, 양복세탁, 세탁서비스_부속물 손해배상액 산정 기준,털이 달린 회색 양복 세탁을 의뢰하였으나 인도받고 확인해본 결과 털 일부가 검은색으로 변색되었습니다. 세탁 과정에서 발생한 하자로 확인된 경우에 배상을 요구할 수 있나요?,"탈부착용 부속물(털, 칼라, 모자 등)이 손상된 경우는 동 부속물만을 대상으로 배상액을 결정하지만, 부속물이 해당 신발의 기능 발휘에 없어서는 안 될 필수적인 경우(방한복의 모자 등)에는 신발 전체를 기준으로 배상액을 산정합니다.   소비자가 사업자에게 의류의 세탁을 의뢰하고 그 결과에 대하여 보수를 지급하는 것은 「민법」 제664조(도급의 의의)에서 정한 도급계약으로 볼 수 있으며, 동법 제667조(수급인의 담보책임)에 따르면 완성된 목적물의 하자가 있는 때에 도급인이 그 하자의 보수를 청구할 수 있고 보수에 갈음하여 또는 보수와 함께 손해배상을 청구할 수 있도록 규정하고 있습니다.    또한, 사업자는 세탁물을 인수할 때 세탁물의 하자 여부나 기타 소재의 특징에 대해 파악하여 세탁을 진행하는 등 선량한 관리자의 주의의무를 부담하여야 하는데, 해당 의무를 다하지 않아 세탁 과정에서 의류가 손상되었다면 사업자는 원상회복하거나 그 손해를 배상할 책임이 있습니다.    따라서, 배상액에 대하여는 공정거래위원회가 고시한 세탁업 관련 ‘소비자분쟁해결기준’에 따라서 의류 구입 가격을 기준으로 해당 의류의 내용연수와 사용일수를 고려한 배상비율만큼 요구할 수 있다고 판단됩니다.    *배상액 = 물품구입가격 × 배상비율(소비자분쟁해결기준 상 배상비율표 참조)"
695, 양복세탁, 세탁서비스_내용연수 경과,구입한 지 5년 된 겨울 양복을 세탁 의뢰하였으나 세탁 후 심하게 버블현상이 발생하였습니다. 구제 방법이 있나요?,"양복의 내용연수(하복 3년, 춘추복·동복 4년)가 경과하면서 원단의 자연 취화 및 노화로 자연스럽게 발생할 수 있는 것으로 추측되어 원단불량 등 제품하자 또는 세탁 과정에서 발생한 하자로 보기 어렵습니다.   섬유제품의 소재 특성으로 인하여 자연스럽게 발생하는 현상이나 내용연수(제품의 수명) 경과로 인해 발생한 제품의 하자는 과실로 보기 어려우므로 피해구제 처리대상이 아닙니다. 여기서 내용연수는 ‘소비자분쟁해결기준’에서 정하는 품목별 내용연수를 따르며 착용 횟수와는 관계가 없습니다.   소재 특성으로 인한 자연스러운 현상의 대표적인 사례로 알파카의 털 빠짐, 토끼털의 모근 약함, 면소재와 청바지의 물 빠짐, 한복의 흰줄 발생, 신발 밑창 닳음 등이 있으며, 정도가 심한 경우 책임소재를 따질 수 있으나 해당 현상을 품질불량으로 보기 어려운 경우가 많습니다. 또한, 내용연수가 경과한 제품은 제품의 수명이 다하여 발생한 자연 손상으로 보아 하자를 주장하기 어려울 수 있습니다."
696, 양복세탁, 세탁서비스_세탁방법 부적합,세탁소에 드라이클리닝 의뢰하였는데 물세탁을 하여 양복 바깥쪽 원단이 심하게 수축되었습니다.,"부적합한 방법으로 세탁하였을 때 섬유제품에 변색, 변형, 경화 등의 하자가 나타날 수 있습니다. 세탁방법을 지키지 않아서 발생하는 하자는 세탁한 자의 책임이 되며, 세탁취급표시대로 세탁했음에도 하자가 발생하였을 경우에는 제조판매업체의 책임으로 판단할 수 있습니다.   세탁을 의뢰한 후 인도받은 물품에 하자가 발생하였을 경우에는 우선적으로 제조사나 구입처, 세탁소에 문제점을 제기하고, 하자의 원인 및 책임 소재에 대하여 분쟁이 발생한 경우에는 전문가(심의기구 등)에게 의뢰하여 의견을 구하는 것이 좋으며 품질 시험검사가 가능한 경우에는 이를 통해 보다 정확한 원인규명을 해볼 수 있습니다.   해당 제품이 원단불량 등 제품하자로 판명된 경우 공정거래위원회가 고시한 의복류 관련 ‘소비자분쟁해결기준’에 따라 수선이 가능한 경우에는 무상수선, 수선이 불가한 경우에는 동종 제품으로의 교환, 동종 제품이 없는 경우에는 환급을 요구할 수 있으며, 수선이 가능한 경우임에도 불구하고 소비자가 구입가의 환급을 요구하는 경우에 사업자는 이를 거부할 수 있습니다. 반면, 세탁 과정에서 발생한 하자로 판명날 경우 세탁사업자에게 원상회복, 불가능할 시 손해배상을 요구할 수 있습니다.   ※ 한국소비자원에서는 섬유·세탁 품질하자 유무 및 원인 규명을 위하여 해당 분야 전문가로 구성된 ‘섬유제품심의위원회’를 운영하고 있으며, 해당 심의·자문 결과(책임소재, 심의내용 등)를 토대로 공정거래위원회가 고시한 ‘소비자분쟁해결기준’에 따라 피해보상에 관한 합의를 권고할 수 있습니다. 다만, 심의·자문 결과는 당사자 간 분쟁 해결에 있어 근거자료로 활용되나 법적 강제력은 없습니다."
697, 외식, 계약해제·해지_사업자 사정_계약금 성질 미고지,주말 가족식사를 위해 전화로 예약하고 3만원 이체하였습니다. 예약 당일 주방장이 아파서 가게문을 열 수 없다며 계약취소를 요구했습니다. 사업자는 별로도 약정한 것이 없으니 예약금만 환급한다는데 손해배상을 요구할 수 없나요? ,"예약보증금 환급 이외에 별도의 손해배상 청구는 어려울 수 있습니다.   외식서비스업 관련 「소비자분쟁해결기준」에 따르면 사업자의 예약보증금 등을 수수하는 경우, 예약보증금은 소비자에 대한 명시적인 고지 없이 위약금 및 해약금 등으로 간주하지 않습니다. 명시적 고지 방법은 문자 메시지 등 소비자가 손쉽게 확인하는 방법을 말합니다. 사업자가 예약보증금의 계약금 등 성질을 미고지한 경우, 사업자의 사정에 의한 계약해제 시 예약보증금 환급이라고 규정되어 있습니다.   따라서, 별도의 약정이 없는 경우에는 예약보증금 환급 이외에 별도의 손해배상 청구가 어려울 것으로 보입니다."
698, 외식, 계약해제·해지_소비자 사정_계약금 성질 미고지,레스토랑에 디너 18만원짜리 식사를 예약하고 6만원을 이체하였습니다. 당일 일행이 아파서 식사가 어려워져 예약취소를 요구하였더니 당일 취소라며 환급을 거부합니다. 미리 안내받은 것도 없는데 환급을 받을 수 없나요?,"사업자가 예약보증금의 계약금 등 성질을 미고지한 경우, 환급을 요구할 수 있습니다.   외식서비스업 관련 「소비자분쟁해결기준」에 따르면 사업자의 예약보증금 등을 수수하는 경우, 예약보증금은 소비자에 대한 명시적인 고지 없이 위약금 및 해약금 등으로 간주하지 않습니다. 명시적 고지 방법은 문자 메시지 등 소비자가 손쉽게 확인하는 방법을 말합니다. 사업자가 예약보증금의 계약금 등 성질을 미고지한 경우, 소비자의 사정에 의한 계약해제 시 예약보증금 환급이라고 규정되어 있습니다. 따라서 사업자에게 환급을 요구해 보실 수 있습니다.다만, 당사자 간 별도의 약정이 있거나 사업자가 계약취소로 구매한 식재료를 사용하지 못하는 등 실질적인 손해를 입증한다면 「민법」?제398조에 따라 채무불이행에 관한 손해배상액을 지급하셔야 할 수도 있습니다. "
699, 외식, 계약해제·해지_사업자사정_계약금 성질 고지,"오마카세 2인 온라인으로 예약하고 10만원을 지급하였습니다. 예약 당일 사업자가 일방적으로 계약취소를 요구했습니다. 예약 당시 계약 취소시에는 예약금만 환급한다고 고지하였다며, 사업자는 예약금만 환급하겠다고 하는데 추가 손해배상을 요구할 수 없나요? ","예약보증금의 2배 환급을 요구해 볼 수 있으나, 당사자 간 약정에 따를 수 있으니 약정 검토도 필요합니다.    외식서비스업 관련 「소비자분쟁해결기준」에 따르면 사업자의 예약보증금 요구시 정보제공 의무에 대하여 외식서비스 이용 전에 사업자가 예약보증금 등을 수수하는 경우, 예약보증금은 소비자에 대한 명시적인 고지 없이 위약금 및 해약금 등으로 간주하지 않는다고 규정되어 있습니다. 예약보증금의 명시적 고지 방법은 문자 메시지 등 소비자가 손쉽게 확인하는 방법을 말합니다.   사업자가 예약보증금의 계약금 등 성질을 고지한 경우 사업자의 사정으로 인한 계약해제 시 예약보증금의 2배 금액을 환급(예약보증금 환급+손해배상금)으로 규정되어 있습니다.    따라서, 위 규정으로 예약보증금의 2배 환급을 요구해 볼 수 있습니다.   다만, 당사자 간 별도의 약정이 있는 경우 해당 약정에 따를 수 있으니 약정 검토도 필요합니다. "
700, 외식, 계약해제·해지_소비자사정_계약금 성질 고지_1시간전 이전 통보,회식을 위해 식당에 30명을 예약하고 50만원을 송금했습니다. 전날 계약해지를 요구했으나 이미 식자재를 구매했다며 문자 안내대로 예약보증금을 환급하지 않겠다고 합니다. 예약금을 환급받을 수 있나요?,"예약보증금 환급을 요구할 수 있으나, 사업자가 실질적인 손해를 입증한다면 손해배상액을 지급하셔야 할 수도 있습니다.   외식서비스업 관련 「소비자분쟁해결기준」에 따르면 사업자의 예약보증금 요구 시 정보제공 의무에 대하여 외식서비스 이용 전에 사업자가 예약보증금 등을 수수하는 경우, 예약보증금은 소비자에 대한 명시적인 고지 없이 위약금 및 해약금 등으로 간주하지 않는다고 규정되어 있습니다. 예약보증금의 명시적 고지 방법은 문자 메시지 등 소비자가 손쉽게 확인하는 방법을 말합니다.   또한, 사업자가 예약보증금의 계약금 등 성질을 고지한 경우 소비자의 사정으로 인한 계약해제시 약정 이용 시점부터 1시간 전 이전 계약해제할 때에는 예약보증금 환급으로 규정되어 있습니다.    다만, 「민법」?제548조에 따르면 당사자 일방이 계약을 해제한 때에는 각 당사자는 그 상대방에 대하여 원상회복의 의무가 있습니다. 원상회복이 불가하면 손해배상을 하여야 합니다.   따라서, 사업자가 계약을 이행하기 위해 통상보다 더 많은 식자재를 구매하였고, 계약취소로 이를 소진할 수 없는 상황에 이르렀다는 실질적인 손해를 입증하여 배상청구한다면 이를 부당하다고 보기는 어려울 것입니다."
701, 외식, 계약해제·해지_소비자사정_계약금 성질 고지_1시간 전 이후 통보,식당에 온라인으로 만원 결제 후 예약확인 문자까지 받았습니다. 예약 30분 전에 못 갈 것 같아서 연락드렸더니 예약금에 추가 비용까지 더해서 위약금을 요구합니다. 위약금을 지급해야 하나요?,"총 이용금액의 10% 한도 내에서 위약금 조정을 요구해 볼 수 있으나, 사업자가 실질적인 손해를 입증한다면 손해배상액을 지급하셔야 할 수도 있습니다.   외식서비스업 관련 「소비자분쟁해결기준」에 따르면 사업자의 예약보증금 요구 시 정보제공 의무에 대하여 외식서비스 이용 전에 사업자가 예약보증금 등을 수수하는 경우, 예약보증금은 소비자에 대한 명시적인 고지 없이 위약금 및 해약금 등으로 간주하지 않는다고 규정되어 있습니다. 예약보증금의 명시적 고지 방법은 문자 메시지 등 소비자가 손쉽게 확인하는 방법을 말합니다.   사업자가 예약보증금의 계약금 등 성질을 고지한 경우 소비자의 사정에 의한 약정 이용 시점부터 1시간 전 이후 계약해제 시 예약보증금을 위약금으로 본다고 규정되어 있습니다. 예약보증금은 총 이용금액의 10% 넘지 않도록 하고, 이를 초과하면 총 이용금액의 10%를 예약보증금으로 본다고 되어 있습니다.따라서, 예약보증금 외 추가로 위약금을 요구하는 식당에 위 규정대로 조정을 요구해 볼 수 있습니다.   다만, 당사자 간 별도의 약정이 있거나 사업자가 계약취소로 구매한 식재료를 사용하지 못하는 등 실질적인 손해를 입증한다면 「민법」?제398조에 따라 채무불이행에 관한 손해배상액을 지급하셔야 할 수도 있습니다. "
702, 외식, 계약해제·해지_이용대금 외 보증금 요구,식당에 예약하고 10만원을 예약금으로 냈습니다. 다음날 영수증을 확인했는데 예약금이 상계되지 않고 전액이 결제된 것을 확인했습니다. 주인에게 이야기하니 예약금은 별도라고 합니다. 이전에 안내받지 못한 사항인데 이대로 돌려받지 못하나요? ,"당사자 간 별도의 약정이 없다면, 예약금 환급을 요구해 볼 수 있습니다.    외식서비스업 관련 「소비자분쟁해결기준」에 따르면 외식서비스 이용 전에 사업자가 수수하는 예약보증금은 외식서비스 이용계약 체결을 예정하는 증거금이며, 외식서비스 이용 후 이용대금에 포함하는 것으로 해석한다고 되어 있습니다.    따라서 당사자 간 별도의 약정이 없다면, 예약금 환급을 요구해 볼 수 있습니다.다만, 사업자가 안내한 사실이 확인되어 당사자 간 별도의 약정이 있는 경우 해당 약정에 따를 수 있으니 약정 검토가 필요합니다."
703, 외식, 계약해제·해지_유효기간 지난 식권 환급,식권을 50장 구매하여 사용하다가 유효기간(1년)이 지나버렸습니다. 35장을 못 써는데 사업자는 유효기간이 지났다며 사용도 환급도 거부합니다. 환급을 받을 수 있나요?,"사업자에게 물품 또는 용역으로 제공 또는 남은 식권의 90% 비용환급을 요구할 수 있습니다.   「상법」 제64조에 의하면 상행위로 인한 채권은 다른 규정이 없는 때에는 5년간 행사하지 아니하면 소멸시효가 완성한다고 규정되어 있습니다.식권은 상품권 관련 「소비자분쟁해결기준」에 따라 상품권으로 볼 수 있습니다.   상품권 관련 「소비자분쟁해결기준」에 따르면 유효기간은 경과하였으나 상사채권 소멸시효(5년) 이내인 상품권의 상환을 거부하는 경우에는 구매액의 90%에 해당하는 현금, 물품 또는 용역의 상환 의무이행으로 규정되어 있습니다.   따라서 발행일로부터 5년이 지나지 않았다면, 사업자에게 물품 또는 용역으로 제공 또는 남은 식권의 90% 비용환급을 요구해 볼 수 있습니다."
704, 외식, 계약해제·해지_노키즈존,예약한 식당에서 노키즈존이라며 출입을 거부당했습니다. 예약 시 노키즈존이라고 안내받지 못했습니다. 확인하지 않은 저의 잘못이라며 예약금도 돌려주지 않습니다. 예약금 환급이 가능한가요?,"소비자가 노키즈존임을 안내받지 못했다는 사실이 입증된다면, 예약금 반환을 요구할 수 있습니다.   먼저 사업자가 사전에 노키즈존임을 소비자가 알 수 있게 고지했는지가 중요해 보입니다. 사회통념상 사업자가 운영하는 식당의 특별한 사정인 노키즈존이 식사 계약의 주요 사항임을 먼저 설명하고 고지해야 할 것입니다.   따라서 만일 소비자가 노키즈존임을 안내받지 못했다는 사실이 입증된다면 사업자는 중요한 내용을 설명하지 않았기에 계약이 불이행된 원인 제공 및 책임이 사업자에게 있음을 주장하여 예약금 반환을 요구해 볼 수 있습니다. "
705, 외식, 계약해제·해지_예약부도_실손해 발생,전화로 12시에 가겠다고 연락 후 칼국수 3그릇을 시켰습니다. 식당에 도착하니 비슷한 상호의 멀리 떨어진 다른 식당으로 예약을 한 것을 알아차렸습니다. 잘못 예약한 식당 주인이 칼국수값을 내라는데 먹지도 않았는데 내야 하나요?,"사업자가 실질적인 손해가 발생하였기에, 손해배상액을 지급해야 합니다.   「민법」?제548조에 따르면 당사자 일방이 계약을 해제한 때에는 각 당사자는 그 상대방에 대하여 원상회복의 의무가 있습니다. 원상회복이 불가하면 손해배상 하여야 합니다.   따라서, 사업자가 계약해제로 발생한 실질적인 손해를 청구한다면 이를 부당하다고 보기는 어렵습니다.   유선상 식당 예약 시 정확한 시간과 메뉴까지 확정하여 예약한 경우이며, 가게에서 예약한 시간인 12시에 메뉴를 완성했고 귀하께서 12시(12시 이후)에 예약을 취소하여 사업자가 계약해제로 실질적인 손해가 발생하였기에 음식값 지급을 요구하는 것이 부당하다고 보기는 어렵습니다."
706, 외식, 청약철회_전자상거래_당일 예약,당일 사용할 호텔 뷔페를 모바일앱을 통하여 결제 후 예약 확정을 받았습니다. 그런데 도착해보니 호텔은 뷔페 자리가 없어 식사가 불가하다고 하고 온라인 예약업체는 제가 먼저 호텔에 전화해서 자리가 있는지 확인하고 예약해야 했다면서 환급을 거부합니다. 환급을 받을 수 있나요?,"7일 이내에 청약철회를 요구할 수 있으나, 별도의 약관에 위약 규정 및 위 법률로 환급을 요구해 볼 수 있는지 검토가 필요합니다.     「전자상거래 등에서의 소비자보호에 관한 법률」 제17조(청약철회)에 의하면 재화등의 공급을 받거나 공급이 개시된 날부터 7일 이내 서면에 의해 청약철회 등을 할 수 있습니다. 또한 「약관 규제에 관한 법률」 제9조 제5호에서는, '계약의 해제 또는 해지로 인한 사업자의 원상회복의무나 손해배상의무를 부당하게 경감하는 조항은 무효로 한다.' 규정하고 있습니다. 따라서 별도의 약관에 위약 규정 및 위 법률로 환급을 요구해 볼 수 있는지 검토가 필요합니다."
707, 외식, 청약철회_전자상거래_7일 이내,온라인으로 식당을 예약하고 1만원 송금하였습니다. 예약 3일 후 취소를 요구하였으나 식당 내규상 예약금은 환급이 안 된다고 합니다. 일주일이나 남았는데 환급이 불가한가요?,"예약보증금 환급을 요구할 수 있습니다.   「전자상거래 등에서의 소비자보호에 관한 법률」 제17조(청약철회)에 의하면 재화 등의 공급을 받거나 공급이 개시된 날부터 7일 이내 서면에 의해 청약철회 등을 할 수 있습니다. 「약관 규제에 관한 법률」 제8조에 따르면 고객에게 부당하게 과중한 손해배상의 의무를 부담시키는 약관조항으로 무효로 규정하고 있는바, 동 기준 및 법률의 적용을 검토해 볼 필요가 있는 사안인 것 같습니다.   또한 외식서비스업 관련 「소비자분쟁해결기준」에 따르면 소비자의 사정에 의한 약정 이용 시점부터 1시간 전 이전 계약해제 시 예약보증금 환급으로 규정되어 있습니다.   따라서 예약보증금 반환을 요구해 볼 수 있습니다."
708, 외식, 청약철회_할부거래_7일 이내,"호텔 뷔페를 모바일웹으로 2인 30만원을 신용카드로 결제하였고, 다음 달로 시간 예약까지 완료했습니다. 5일 뒤 취소를 요구했으나 할인가에 구매 시 환급 불가로 안내되어 있었다며 환급을 거부합니다. 환급이 가능한가요?","사업자에게 청약 철회 및 환급을 요구할 수 있습니다.    「전자상거래 등에서의 소비자보호에 관한 법률」 제17조(청약철회)에 의하면 재화등의 공급을 받거나 공급이 시작된 날부터 7일 이내 서면에 의해 청약철회 등을 할 수 있습니다.또한 「할부거래에 관한 법률」 제8조에 의하면 재화등을 공급받은 날부터 7일 이내 서면에 의해 청약철회 등을 할 수 있습니다. 단 할부거래법을 적용받으려면 신용카드 할부(20만원, 3회 이상)로 결제한 경우에 한합니다.    「약관 규제에 관한 법률」 제9조 제5호에서는, '계약의 해제 또는 해지로 인한 사업자의 원상회복의무나 손해배상의무를 부당하게 경감하는 조항은 무효로 한다.' 규정하고 있습니다.따라서 사업자에게 청약 철회 및 환급을 요구해볼 수 있습니다."
709, 외식, 계약불이행_사업자 폐업,미리 선불로 금액을 결제한 식당이 남은 금액 환급 없이 폐업했습니다. 환급이 가능한가요?,"부도·폐업 등으로 연락이 불가능하거나 소재파악이 안 되는 경우, 처리가 어렵습니다.   한국소비자원 「소비자불만처리 및 피해구제업무처리규정」에 따르면 피해구제 처리 도중 당사자의 연락불능 등으로 그 처리가 불가능한 것으로 판명된 경우에는 처리절차를 종료하도록 규정하고 있습니다. 따라서 사업자의 부도·폐업 등으로 연락이 불가능하거나 소재파악이 안 되는 경우 한국소비자원에서 처리가 불가합니다.   한편 20만원 이상의 대금을 3회 이상 신용카드 할부로 결제한 경우 신용카드사에 잔여 할부금이 남아 있는 경우에는 잔여 할부금 지급 거절을 요구하는 내용증명을 우편으로 신용카드사에 발송하는 등의 방법으로 할부항변권을 행사할 수 있습니다.   또한 사업자가 폐업하였더라도 개인 사업자의 경우 대표였던 자를 상대로 소를 제기할 수 있으므로 법원에 민사소송을 제기해보시기 바랍니다."
710, 외식, 계약불이행_주차비 추가 지급,"식당이 2시간 주차가 무료인데, 직원이 제 차량번호 주차등록을 하지 않아 주차비를 결제했습니다. 사업자에게 반환을 요구했으나 알아본다고만 하고 환급해주지는 않는데 환급이 불가한가요?","주차비 반환을 요구할 수 있습니다.   「민법」 ?제 390조에 따르면 채무자가 채무의 내용에 좇은 이행을 하지 않을 때는 채권자는 손해배상을 청구할 수 있다고 규정되어 있습니다. 또한 동법 제391조에는 채무자가 타인을 사용하여 이행하는 경우에는 피용자의 고의나 과실은 채무자의 고의나 과실로 본다고 규정되어 있습니다.따라서 2시간 무료 주차를 안내한 식당을 이용하고 주차등록을 요구하였음에도 직원의 실수로 발생한 주차비의 반환을 요구할 수 있습니다. 다만, 영수증 등 증빙서류가 미비할 경우 환급을 요구하기 어려울 수 있으니 서류를 보관하시기 바랍니다."
711, 외식, 계약불이행_신발 분실,식당에서 신발을 분실하였습니다. 식당은 신발 분실 시 본인들의 책임이 없음을 안내했다며 책임을 회피하고 있습니다. 신발에 대한 손해배상을 요구할 수 있나요?,"식당이 신발 분실에 대한 주의를 게을리하지 아니하였음을 입증하지 못한다면 신발에 대한 배상을 요구할 수 있으며, 배상액은 물품 사용일수(구입일로부터 분실일까지 계산한 일수)를 고려하여 잔존가치를 요구할 수 있습니다.   「상법」 제152조에서는 '공중접객업자의 책임'에 관해 아래와 같이 규정하고 있습니다.① 공중접객업자는 자기 또는 그 사용인이 고객으로부터 임치받은 물건의 보관에 관하여 주의를 게을리하지 아니하였음을 증명하지 아니하면 그 물건의 멸실 또는 훼손으로 인한 손해를 배상할 책임이 있다. ② 공중접객업자는 고객으로부터 임치받지 아니한 경우에도 그 시설 내에 휴대한 물건이 자기 또는 그 사용인의 과실로 인하여 멸실 또는 훼손되었을 때는 그 손해를 배상할 책임이 있다. ③ 고객의 휴대물에 대하여 책임이 없음을 알린 경우에도 공중접객업자는 제1항과 제2항의 책임을 면하지 못한다.   따라서, 식당이 신발 분실에 대한 주의를 게을리하지 아니하였음을 입증하지 못한다면 신발에 대한 배상을 요구할 수 있으며 배상액은 물품 사용일수(구입일로부터 분실일까지 계산한 일수)를 고려하여 잔존가치를 요구해 볼 수 있습니다. 이 때 배상을 요구하기 위해서 소비자는 신발 구입 영수증 등 증빙자료를 제시하여야 합니다.※ 잔존가치는 「소비자분쟁해결기준」 세탁업 배상비율표를 준용하니 참고하시기 바랍니다. "
712, 외식, 계약불이행_상호속용_상품권 이행,식사 상품권을 사용하려고 식당에 찾았으나 주인이 바뀌었다며 상품권을 받아주지 않습니다. 상호도 그대로이고 기존에 안내받지도 못하였습니다. 상품권을 사용할 수 있나요?,"양수인은 양도를 받은 후 채무에 대한 책임이 없음을 알려야 하며 이를 입증하지 못한다면 상품권 사용을 요구할 수 있습니다.   「상법」 제42조에서는 ‘상호를 속용하는 양수인의 책임’에 대하여 아래와 같이 규정하고 있습니다.① 영업양수인이 양도인의 상호를 계속 사용하는 경우에는 양도인의 영업으로 인한 제3자의 채권에 대하여 양수인도 변제할 책임이 있다.② 전항의 규정은 양수인이 영업양도를 받은 후 지체없이 양도인의 채무에 대한 책임이 없음을 등기한 때에는 적용하지 아니한다. 양도인과 양수인이 지체없이 제3자에 대하여 그 뜻을 통지한 경우에 그 통지를 받은 제3자에 대하여도 같다.    또한 상품권 관련업 「소비자분쟁해결기준」에 따라, 상품권 발행자의 영업양도 등이 있는 경우 상품권발행자의 변경 등의 이유로 상품권 상환을 거부하는 경우에는 상환의무를 이행하라고 규정되어 있습니다.따라서 상호를 계속 사용 중이나 영업의 양도·양수를 사유로 상품권의 사용을 거부하려면 양수인은 양도를 받은 후 채무에 대한 책임이 없음을 알려야 하며 이를 입증하지 못한다면 채무에 대하여 변제할 책임이 있으므로 상품권 사용을 요구해 볼 수 있습니다."
713, 외식, 계약불이행_가격인상 미고지,1개월 전 호텔 뷔페 13명분의 이용요금을 전액 결제 후 계약 안내 문자까지 받았습니다. 당일 방문하니 1인당 뷔페 가격이 올랐다며 추가 비용을 요구하여 어쩔 수 없이 지급했습니다. 추가 비용을 환급받을 수 있을까요?,"계약 당시 합의되지 않은 상황임을 주장하며 추가로 결제한 금액에 대하여 환급을 요구할 수 있습니다.   계약은 당사자 간의 서로 대립되는 두 개의 의사가 합치됨으로써 성립합니다. 「민법」 제527조에 따르면 계약의 청약은 이를 철회하지 못하며, 동법 제390조에는 채무자가 채무의 내용에 좇은 이행을 하지 않을 때는 채권자는 손해배상을 청구할 수 있다고 규정되어 있습니다.동 사례의 경우 사업자의 추가 비용 요구에 응하였던 과정이 쟁점이 되며, 계약의 이행이 있기 전에 사업자가 가격 인상 설명을 하고 이에 동의하였다면 계약이 유효하게 변경된 것으로 볼 수 있기에 추가 비용을 지급하여야 합니다.다만, 식사 당일 방문 시 가격 인상에 대한 안내를 받게 되어 계약을 취소하고 다른 식당을 급히 섭외하기에 무리가 있었으므로 어쩔 수 없이 추가 비용을 지급하였다면, 사업자의 요금 인상에 묵시적으로 동의하였다고 보기 어려워 보입니다. 따라서 계약 시 계약 확약 안내 문자 받은 후 예상치 못한 요금 인상에 대한 요청을 받았다면 계약 당시 합의되지 않은 상황임을 주장하며 추가로 결제한 금액에 대하여 환급을 요구해 볼 수 있습니다."
714, 외식, 가격·요금_초과 결제,카드 결제한 영수증을 확인하니 2인분 초과로 결제되었습니다. 식당에 환급을 요구하니 돈을 계좌이체로 보내준다고 하고 일주일째 소식이 없습니다. 사기로 신고하고 싶은데 가능한가요?,"한국소비자원은 부당행위·부당영업행태·부당약관 등에 대해 법적으로 직접적인 시정조치나 제재 권한이 없어 관여하기가 어려우나, 합의권고를 통하여 조정을 원하신다면 영수증 등 관련 증빙을 첨부하여 피해구제를 신청할 수 있습니다.    안타깝게도 한국소비자원은 부당행위·부당영업행태·부당약관 등에 대해서는 법적으로 직접적인 시정조치나 제재 권한이 없어 관여하기가 어려워 도와드리지 못함을 양해해 주시기 바랍니다. 사업자의 영업행위에 대한 사기에 대한 처벌 관련과 사업자의 사기행위 등 여부 확인에 대해 수사기관의 판단이 필요해 보이며, 경찰청으로 민원을 접수하여 상담을 받아 보시기 바랍니다.     한국소비자원의 합의권고를 통하여 조정을 원하신다면 영수증 등 관련 증빙을 첨부하여 피해구제를 신청해주시기 바랍니다. "
715, 외식, 가격·요금_가격인상 미고지,1개월 전 호텔 뷔페 13명분의 이용요금을 전액 결제 후 계약 안내 문자까지 받았습니다. 당일 1인당 뷔페 가격이 올랐다며 추가 비용을 요구하여 어쩔 수 없이 지급했습니다. 추가 비용을 환급받을 수 있을까요?,"계약 당시 합의되지 않은 상황임을 주장하며 추가로 결제한 금액에 대하여 환급을 요구해 볼 수 있습니다.   계약은 당사자 간의 서로 대립되는 두 개의 의사가 합치됨으로써 성립합니다. 「민법」 제527조에 따르면 계약의 청약은 이를 철회하지 못하며, 동법 제 390조에는 채무자가 채무의 내용에 좇은 이행을 하지 않을 때는 채권자는 손해배상을 청구할 수 있다고 규정되어 있습니다.사업자의 추가 비용 요구에 응하였던 과정이 쟁점이 되며, 계약이 이행이 있기 전에 사업자가 가격 인상 설명을 하고 이에 동의하였다면 계약이 유효하게 변경된 것으로 볼 수 있기에 추가 비용을 지급하여야 합니다.다만, 식사 당일 방문 시 가격에 대한 안내를 받았다면 비용을 지급하였다 하더라도 다수의 인원이 다소의 추가 비용을 이유로 계약을 취소하고 다른 식당을 급히 섭외하기에도 무리가 있었으므로 어쩔 수 없이 추가 비용을 지급하였다면, 사업자의 요금 인상에 묵시적으로 동의하였다고 보기 어려워 보입니다. 따라서 계약 시 계약 확약 안내 문자 받은 후 예상치 못한 요금 인상에 대한 요청을 받았다면 계약 당시 합의되지 않은 상황임을 주장하며 추가로 결제한 금액에 대하여 환급을 요구해 볼 수 있습니다."
716, 외식, 품질_품질상이,정육식당 직원의 추천을 받아 가장 부드럽다는 최고급 꽃갈비살을 주문하였으나 아주 질겨 꽃갈비살인지 의심이 되었습니다. 다 먹지 않고 남은 고기를 싸 와 다른 정육점에 물어보니 꽃갈비살이 아니라고 하는데 보상을 받을 수 있나요?,"주문한 고기와 실제로 제공 받은 고기의 가격 차이만큼의 손해에 대한 배상을 요구해볼 수 있습니다.   「식품위생법」 제44조 제1항 및 동법 시행규칙 제57조에 따르면 ‘손님에게 조리하여 제공하는 식품의 주재료, 중량 등이 가격표에 표시된 내용과 달라서는 아니된다‘라고 규정되어 있습니다.또한, 「민법」 제390조에 따르면 ’채무자가 채무의 내용에 좇은 이행을 하지 아니한 때에는 채권자는 손해배상을 청구할 수 있다‘라고 정하고 있으므로, 주문한 고기와 실제로 제공 받은 고기의 가격 차이만큼 손해배상을 요구해볼 수 있습니다."
717, 외식, 품질_정량의심,치킨을 주문하였으나 평소와 크기가 너무 달라 문제를 제기하였더니 가맹점은 본사에서 포장된 그대로 조리했다며 문제없다고 주장하고 있습니다. 본사에서는 특정 사이즈의 닭을 이용한다고 하나 뼈 길이를 생각하면 해당 사이즈가 될 수 없습니다. 보상을 받을 수 있나요?,"중량이 다르다면 이를 입증할 자료를 토대로 사업자에게 환급 또는 제품교환을 요구할 수 있습니다.    「식품위생법」 제44조 제1항 및 동법 시행규칙 제57조 식품접객영업자 등의 준수사항에 따르면 ‘손님에게 조리하여 제공하는 식품의 주재료, 중량 등이 가격표에 표시된 내용과 달라서는 아니된다’라고 규정되어 있습니다. 또한, 식료품 관련 「소비자분쟁해결기준」에 따르면 함량, 용량 부족 시 제품교환 또는 구입가 환급으로 규정되어 있습니다.따라서 중량이 다르다면 이를 입증할 자료를 토대로 사업자에게 환급 또는 제품교환을 요구해 볼 수 있습니다."
718, 외식, 품질_이물질,"식사 중에 이물질이 나와 식사 대금 환급을 요구하였더니, 식당에서는 그럴 리가 없다며 저를 의심하였습니다. CCTV를 요구했는데 그것마저 거부당했습니다. 환급을 받을 수 있나요?","환급을 요구할 수 있으나, 이물질 확보와 소비자의 주장을 입증할 자료가 필요할 수 있습니다.   식료품 관련 「소비자분쟁해결기준」에 따르면 이물 혼입 시 제품교환 또는 구입가 환급으로 규정되어 있습니다.따라서 음식에 사업자 과실로 이물이 혼입되었다면 환급을 요구해 볼 수 있습니다.다만, 위 사실을 사업자가 부정할 시 소비자가 입증해야 하는 책임이 있으므로 이물 확보와 소비자의 주장을 입증할 자료를 확보하시기 바랍니다."
719, 외식, 품질_부작용,"식당에서 육회 섭취 후 같이 먹었던 동행인들이 모두 장염을 심하게 앓았습니다. 식당에 손해배상을 청구하고 싶은데, 가능할까요?","배상을 요구할 수 있으나, 사업자가 부정할 시 음식 섭취가 장염 발병의 원인이라는 입증자료가 필요할 수 있습니다.   「민법」 제750조는 고의 또는 과실로 인한 위법행위로 타인에게 손해를 가한 자는 그 손해를 배상할 책임이 있다고 정하고 있는바 사업자의 고의 또는 과실로 장염에 걸린 것이라면 발생한 손해배상을 해야 합니다.또한 식료품 관련 「소비자분쟁해결기준」에 따르면 부작용 시 치료비, 경비 및 일실소득 배상으로 규정되어 있습니다. 일실소득이란 피해로 인하여 소득 상실이 발생한 것이 입증된 때에 한하며, 금액을 입증할 수 없는 경우에는 시중 노임단가를 기준으로 한다고 되어 있습니다.   따라서 사업자 과실로 인한 부작용이 발생했다면 배상을 요구해 볼 수 있습니다.   다만, 위 사실을 사업자가 부정할 시 소비자가 입증해야 하는 책임이 있고, 음식 섭취가 장염 발병의 원인이라는 입증이 되지 않는다면 배상을 요구하기 어렵습니다."
720, 외식, 품질_치아파절,먹태를 먹다가 치아가 깨졌습니다. 사업자에 배상을 요구하였으나 거절당하였습니다. 손해배상을 요구할 수 있나요?,"사업자 과실로 인한 치아파절이 발생했다면 배상을 요구할 수 있으나, 해당 식품을 주의하여 저작 및 섭취하여야 할 주의의무가 있는 것으로 사료된다면 배상책임을 요구하기 어려울 수 있습니다.    「민법」 제750조는 고의 또는 과실로 인한 위법행위로 타인에게 손해를 가한 자는 그 손해를 배상할 책임이 있다고 정하고 있는바 사업자의 고의 또는 과실로 치아가 파절된 것이라면 발생한 손해배상을 해야 합니다.   또한 식료품 관련 「소비자분쟁해결기준」에 따르면 부작용 시 치료비, 경비 및 일실소득 배상으로 규정되어 있습니다. 일실소득이란 피해로 인하여 소득 상실이 발생한 것이 입증된 때에 한하며, 금액을 입증할 수 없는 경우에는 시중노임단가를 기준으로 한다고 되어 있습니다.   따라서 사업자 과실로 인한 치아파절이 발생했다면 배상을 요구해 볼 수 있습니다.   다만, 위 사실을 사업자가 부정할 시 소비자가 입증해야 하는 책임이 있고, 해당 식품을 주의하여 저작 및 섭취하여야 할 주의의무가 있는 것으로 사료된다면 배상책임을 요구하기 어려울 수 있습니다."
721, 외식, 품질_세탁배상,식당 직원이 음식 서빙 중에 패딩에 음식물을 쏟았습니다. 사업자가 보험처리 해준다고 하여 패딩과 옷 영수증을 줬습니다. 다음날 패딩에 문제없으니 배상이 불가하다고 합니다. 손해배상을 받을 수 있나요? ,"사업자에게 원상회복을 요구할 수 있으며, 원상회복이 불가능 시에는 손해배상을 요구할 수 있습니다.   「민법」 제750조는 고의 또는 과실로 인한 위법행위로 타인에게 손해를 가한 자는 그 손해를 배상할 책임이 있다고 정하고 있는바 사업자의 고의 또는 과실로 발생한 것이라면 발생한 손해배상을 해야 합니다. 따라서, 세탁업 관련 「소비자분쟁해결기준」에 따라 오염발생 시 원상회복을 요구할 수 있으며 원상회복이 불가능 시에는 손해배상을 요구할 수 있습니다. 배상액은 물품구입가격에 배상 비율을 곱하여 산정할 수 있으며 배상비율은 세탁업 관련 「소비자분쟁해결기준」 배상비율표에서 확인하실 수 있습니다."
722, 외식, 안전_부상,카페 계단에서 내려오면서 넘어져 손목과 발목인대를 다쳐 깁스하게 되었습니다. 카페 내에는 주의하라는 안내 문구도 없었습니다. 보상을 받을 수 있나요?,"일부 손해배상을 요구할 수 있습니다.   「민법」 제758조에 따르면 ‘공작물의 설치 또는 보존의 하자로 인하여 타인에게 손해를 가한 때에는 공작물점유자가 손해를 배상할 책임이 있다. 그러나 점유자가 손해의 방지에 필요한 주의를 해태하지 아니한 때에는 그 소유자가 손해를 배상할 책임이 있다’고 규정되어 있습니다.   공중접객업장 내의 시설물 하자나 이물질 등으로 인해 이용자의 신체상의 피해가 발생한 경우 사업자는 그 손해를 배상하여야 하나, 그 손해가 불가항력으로 인하여 발생하였거나 그 손해의 발생이 이용자의 고의 또는 과실로 인한 경우에는 그 배상의 책임이 경감 또는 면제될 수 있기에 카페 내에서 발생한 사고에 대한 배상책임이 사업자에게만 있다고 단정하기는 어려울 것 같습니다.    다만, 계단 이용 시 사고 발생 가능성이 있음에도 불구하고 문구를 게재하는 등의 조치가 없어 카페 이용에 대한 안전배려의무를 다하였다고 보기 어렵기에 일부 손해배상을 요구해 볼 수 있습니다. "
723, 외식, 안전_화상,"식사 중에 테이블 밑 화로에 발에 화상을 입었습니다. 사업자는 종업원이 화로를 조심하라고 안내했고, 식당에도 문구를 게시했기 때문에 손해배상을 할 의무가 없다고 주장하고 있습니다. 손해배상을 요구할 수 있나요?","공중접객업장 내의 시설물 하자나 이물질 등으로 인해 이용자의 신체상의 피해가 발생한 경우, 사업자에게 손해배상을 요구할 수 있습니다. 단, 그 손해가 불가항력으로 인하여 발생하였거나 이용자의 고의 또는 과실로 인한 경우에는 그 배상의 책임이 경감 또는 면제될 수 있습니다.   「민법」 제758조에 따르면 ‘공작물의 설치 또는 보존의 하자로 인하여 타인에게 손해를 가한 때에는 공작물점유자가 손해를 배상할 책임이 있다. 그러나 점유자가 손해의 방지에 필요한 주의를 해태하지 아니한 때에는 그 소유자가 손해를 배상할 책임이 있다’고 규정되어 있습니다.   따라서 공중접객업장 내의 시설물 하자나 이물질 등으로 인해 이용자의 신체상의 피해가 발생한 경우 사업자는 그 손해를 배상하여야 합니다. 치료비, 진단서, 식사 영수증 등을 갖추어 이의제기해 보시기 바랍니다.   그러나 그 손해가 불가항력으로 인하여 발생하였거나 그 손해의 발생이 이용자의 고의 또는 과실로 인한 경우에는 그 배상의 책임이 경감 또는 면제될 수 있습니다."
724, 외식, 안전_부작용 ,"식당에서 육회 섭취 후 같이 먹었던 동행인들이 모두 장염을 심하게 앓았습니다. 식당에 손해배상을 청구하고 싶은데, 가능할까요?","사업자에게 배상을 요구할 수 있으나, 사업자가 부정할 시 음식 섭취가 장염 발병의 원인이라는 입증자료가 필요할 수 있습니다.   「민법」 제750조는 고의 또는 과실로 인한 위법행위로 타인에게 손해를 가한 자는 그 손해를 배상할 책임이 있다고 정하고 있는바 사업자의 고의 또는 과실로 장염에 걸린 것이라면 발생한 손해배상을 요구해 볼 수 있습니다   또한 식료품 관련 「소비자분쟁해결기준」에 따르면 부작용 시 치료비, 경비 및 일실소득 배상으로 규정되어 있습니다. 일실소득이란 소득 상실이 발생한 것이 입증된 때에 한하며, 금액을 입증할 수 없는 경우에는 시중노임단가를 기준으로 한다고 되어 있습니다.따라서 음식에서 사업자 과실로 인한 부작용이 발생했다면 배상을 요구해 볼 수 있습니다.   다만, 위 사실을 사업자가 부정할 시 소비자가 입증해야 하는 책임이 있고, 음식 섭취가 장염 발병의 원인이라는 입증이 되지 않는다면 배상을 요구하기 어렵습니다."
725, 외식, 안전_치아파절,먹태를 먹다가 치아가 깨졌습니다. 사업자에 배상을 요구하였으나 거절당하였습니다. 손해배상을 요구할 수 있나요?,"사업자 과실로 인한 치아파절이 발생했다면 배상을 요구할 수 있으나, 해당 식품을 주의하여 저작 및 섭취하여야 할 주의의무가 있는 것으로 사료된다면 배상책임을 요구하기 어려울 수 있습니다.    「민법」 제750조는 고의 또는 과실로 인한 위법행위로 타인에게 손해를 가한 자는 그 손해를 배상할 책임이 있다고 정하고 있는바 사업자의 고의 또는 과실로 치아가 파절된 것이라면 발생한 손해배상을 요구해 볼 수 있습니다   또한 식료품 관련 「소비자분쟁해결기준」에 따르면 부작용 시 치료비, 경비 및 일실소득 배상으로 규정되어 있습니다. 일실소득이란 소득 상실이 발생한 것이 입증된 때에 한하며, 금액을 입증할 수 없는 경우에는 시중노임단가를 기준으로 한다고 되어 있습니다.   따라서 사업자 과실로 인한 치아파절이 발생했다면 배상을 요구해 볼 수 있습니다.   다만, 위 사실을 사업자가 부정할 시 소비자가 입증해야 하는 책임이 있고, 해당 식품 을 주의하여 저작 및 섭취하여야 할 주의의무가 있는 것으로 사료된다면 배상책임을 요구하기 어려울 수 있습니다."
726, 외식, 안전_시설물파손,카페 이용중에 카페 시설물을 망가트려 사업자에게 이를 알리고 배상했습니다. 집에 돌아와서 생각해보니 저만의 잘못이 아닌 것 같은데 돌려받을 수 있을까요?,"이미 배상을 완료한 상황에서는 배상액을 돌려받기 어려울 수 있습니다.   이용자의 책임 있는 사유로 시설물이 파손되었다면 이용자가 원상복구의 책임이 있습니다.   또한 「민법」 제758조에 따르면 공작물이 용도에 따라 통상 갖추어야 할 안전성을 갖추지 못하였고 손해의 방지에 필요한 조치를 해태한 경우에는 공작물의 소유자나 점유자는 배상책임을 지도록 규정되어 있습니다.   다만, 이미 해당 사고로 배상을 완료한 상황에서는 「민법」 제731조(화해의 의의)에 따라 이미 새로운 화해 계약이 맺어진 것으로 해석되어 그 합의 내용이 사기, 강박, 궁박에 의해 이뤄진 것이 아니라면 취소할 수 없기에 소비자원의 피해구제를 통한 합의 권고가 어렵습니다."
727, 외식, 약관_계약해지 금지 규정,식당을 예약 예약금을 냈습니다. 취소하려고 하니 사업자가 계약서상 ‘계약해제 불가’ 조항을 근거로 거부하고 있습니다. 계약해제와 환급이 불가한가요?,"사업자에게 「소비자분쟁해결기준」에 따라 위약금 조정을 요구할 수 있으나, 사업자가 계약해제로 발생한 실질적인 손해를 청구한다면 손해배상액을 지급하셔야 할 수도 있습니다.    「약관의 규제에 관한 법률」 제9조에 따르면 계약의 해제 또는 해지로 인한 사업자의 원상회복의무나 손해배상의무를 부당하게 경감하는 조항은 무효로 규정하고 있습니다.    외식서비스업 관련 「소비자분쟁해결기준」에 따르면 사업자의 예약보증금 요구 시 정보제공 의무에 대하여 외식서비스 이용 전에 사업자가 예약보증금 등을 수수하는 경우, 예약보증금은 소비자에 대한 명시적인 고지 없이 위약금 및 해약금 등으로 간주하지 않는다고 규정되어 있습니다. 예약보증금의 명시적 고지 방법은 문자 메시지 등 소비자가 손쉽게 확인하는 방법을 말합니다.    사업자가 예약보증금의 계약금 등 성질을 미고지한 경우 소비자의 사정으로 계약해제를 할 때에는 예약보증금을 환급한다고 규정되어 있습니다.    또한 사업자가 예약보증금의 계약금 등 설징을 고지한 경우 소비자의 사정으로 약정이용시점부터 1시간 전 이전 계약해제 시에는 예약보증금 환급, 약정이용시점부터 1시간 전 이후 계약해제 시(계약부도 포함)에는 예약보증금을 위약금으로 본다고 규정되어 있습니다.    따라서 사업자에게 「소비자분쟁해결기준」에 따라 위약금 조정을 요구해 볼 수 있습니다.    다만, 사업자가 계약해제로 발생한 실질적인 손해를 청구한다면 이를 부당하다고 보기는 어렵습니다."
728, 외식, 약관_과도한 위약금 부과,식당에 온라인으로 만원 결제 후 예약확인 문자까지 받았습니다. 예약 30분 전에 못 갈 것 같아서 연락드렸더니 예약금에 추가 비용까지 더해서 위약금을 요구합니다. 위약금을 추가로 지급해야 하나요?,"총 이용금액의 10% 한도 내에서 위약금 조정을 요구해 볼 수 있으나, 사업자가 실질적인 손해를 입증한다면 손해배상액을 지급하셔야 할 수도 있습니다.    「약관의 규제에 관한 법률」 제9조에 따르면 계약의 해제 또는 해지로 인한 사업자의 원상회복의무나 손해배상의무를 부당하게 경감하는 조항은 무효로 규정하고 있습니다. 외식서비스업 관련 「소비자분쟁해결기준」에 따르면 사업자의 예약보증금 요구시 정보제공 의무에 대하여 외식서비스 이용 전에 사업자가 예약보증금 등을 수수하는 경우, 예약보증금은 소비자에 대한 명시적인 고지 없이 위약금 및 해약금 등으로 간주하지 않는다고 규정되어 있습니다. 예약보증금의 명시적 고지 방법은 문자 메시지 등 소비자가 손쉽게 확인하는 방법을 말합니다.    사업자가 예약보증금의 계약금 등 성질 고지한 경우 소비자의 사정에 의해 약정이용시점부터 1시간 전 이후 계약해제 시 예약보증금을 위약금으로 본다고 규정되어 있습니다. 예약보증금은 총 이용금액의 10% 넘지 않도록 하고, 이를 초과하면 총 이용금액의 10%를 예약보증금으로 본다고 되어 있습니다.    따라서 예약보증금 외 추가로 위약금을 요구하는 식당에 위 규정대로 조정을 요구해 볼 수 있습니다.    다만, 사업자가 계약해제로 발생한 실질적인 손해를 청구한다면 이를 부당하다고 보기는 어렵습니다."
729, 외식, 약관_신용카드 재결제,"10일 전 식당에서 결제한 카드를 취소하고, 다른 카드로 결제를 요청하였으나 식당에서 거절하였습니다. 해결방안이 있나요?","거래가 완료된 후 결제 수단의 변경 문제는, 당사자 간 자율 협의 사항으로 결제과정에서 부당행위가 존재하지 않는 한 국가기관에서 개입하기 어려움을 안내해 드립니다."
730, 운동화, 계약해제·해지_일반매장 구입,보세 매장에서 운동화를 구입하고 당일 환급을 요구하였으나 사업자는 환급이 불가하다는 자사 방침을 사전에 고지했다며 거부하고 있습니다. 환급을 받을 수 있나요?,"사업자가 환급 불가라는 자사 방침을 충분히 설명하였고, 이에 소비자가 동의하였을 경우에는 환급을 요구하는 것이 어렵습니다.   공정거래위원회가 고시한 신발 관련 ‘소비자분쟁해결기준’에 따르면, 치수(사이즈)가 맞지 않거나 디자인·색상에 불만이 발생했을 때 제품 구입 후 7일 이내로서 제품에 손상이 없는 경우에 한하여 교환 또는 환급을 요구할 수 있습니다. 다만, 구매 당시 교환 및 환급 불가 사실을 판매자가 명시적으로 표기 또는 고지를 하였다면 당사자 간에 이러한 내용의 계약을 체결한 것으로 보아 교환 및 환급을 요구하기 어렵다고 판단됩니다.   일반매장에서 상품 구입 후 교환 및 반품과 관련된 분쟁이 자주 발생하는데, 매장의 환급 규정, 교환 가능 유무 등을 꼼꼼히 확인 후 상품을 구입할 필요가 있습니다."
731, 운동화, 계약해제·해지_가격기재 오류,"전자상거래로 5,000원 특가 운동화를 주문하였으나 이틀 후 사업자가 50,000원 운동화를 5,000원으로 잘못 기재하였다고 주장하면서 일방적으로 주문 취소를 해버렸습니다. 계약이행을 주장할 수 있나요?","계약이행을 주장하기 어렵습니다.   「민법」 제109조(착오로 인한 의사표시)에 따르면 계약은 신의성실의 원칙에 따라 이행되어야 하나, 의사표시 당사자가 중요 부분에 착오가 있었다면 취소할 수 있습니다. 또한, 「전자상거래 등에서의 소비자보호에 관한 법률」 제15조(재화등의 공급 등)에 따르면 사업자가 청약을 받은 재화를 공급하기 곤란하다는 것을 알았을 때 그 사유를 소비자에게 알리고 대금을 3영업일 이내에 환급하거나 해당 조치를 하도록 규정하고 있습니다.   따라서, 제품 가격 5,000원이 통상가격의 10% 이하 가격인 점을 감안하면 사업자의 착오 주장은 인정될 수 있으며, 사업자는 계약체결 및 결제 이틀 이내 소비자에게 ’고지 및 환급‘ 조치를 완료했으므로 사업자의 계약취소 요구에 대해 소비자가 계약이행을 주장하기는 어렵다고 판단됩니다."
732, 운동화, 계약해제·해지_정품 의심,"전자상거래로 명품 운동화를 구입한 후 정품이 아닌 것 같은 느낌이 들어 환급을 요구하였으나, 사업자는 가품이라는 말에 화를 내며 환급을 거부합니다. 환급을 받을 수 있나요?","청약철회 기간이 경과한 후에는 정품이 의심되는 주관적인 추측, 정황만으로는 환급을 요구하기 어렵습니다.   「전자상거래 등에서의 소비자보호에 관한 법률」 제17조(청약철회등)에 따르면 소비자는 전자상거래로 구입한 제품에 대하여 공급받은 날로부터 7일 이내(표시·광고의 내용과 다르거나 계약 내용과 다르게 이행된 경우에는 공급받은 날부터 3개월, 사실을 안 날 또는 알 수 있었던 날부터 30일 이내)에 청약철회를 요청할 수 있으나, 해당 제품이 재판매가 불가할 정도로 훼손된 경우에는 청약철회를 제한하도록 규정하고 있습니다.   이 사안에서 청약철회 기간 내에 환급을 요구할 경우에는 단순 변심에 따른 청약철회가 가능하며, 청약철회 기간이 경과한 후 환급을 요구할 경우에는 정품이 의심되는 주관적인 추측만으로는 청약철회를 요구하기 어렵다고 판단됩니다.   다만, 육안상 가품으로 의심되는 경우에는 감정기관의 가품판정서, 상표권자의 가품확인서 등을 가품 입증자료를 확보하면 피해구제 신청이 가능합니다."
733, 운동화, 청약철회_배송 지연,전자상거래로 운동화를 구입한 후 몇 주가 지나도 배송이 되지 않아 환급을 요구하였으나 사업자는 현재 배송중이라며 이를 거부합니다. 송장번호도 확인이 안되는데 환급을 받을 수 있나요?,"환급을 요구할 수 있습니다.   「전자상거래 등에서의 소비자보호에 관한 법률」 제15조(재화등의 공급 등)에 따르면 사업자는 소비자가 청약을 한 날부터 7일 이내에 재화 등의 공급에 필요한 조치를 하여야 하고, 소비자가 재화 등의 대금을 전부 또는 일부를 지급한 날부터 3영업일 이내에 재화 등의 공급에 필요한 조치를 하여야 한다고 규정하고 있습니다. 또한, 청약을 받은 재화 등을 공급하기 곤란하다는 것을 알았을 때에는 지체 없이 그 사유를 소비자에게 알려야 하고, 소비자가 그 대금의 전부 또는 일부를 지급한 날부터 3 영업일 이내에 환급하거나 환급에 필요한 조치를 하도록 규정하고 있습니다.   따라서, 사업자가 물품의 배송이 힘들 것으로 판단되었을 때 그에 따른 안내를 소비자에게 하여야 할 의무가 있음에도 불구하고 이를 고지하지 않고 배송 중이라는 사유로 청약철회를 거부하고 있으며, 청약철회의 효과와 동일하게 대금의 환급이 이루어져야 함에도 불구하고 이를 이행하고 있지 않은 것으로 판단됩니다. 따라서, 소비자는 사업자에게 환급을 요구할 수 있다고 판단됩니다.   통신판매업자에 대한 청약철회 의사표시 방법은 법률상 특별한 제한이 없으므로 전화, 서면, 전자문서 모두 가능합니다. 다만, 전화로 의사표시를 한 경우 간혹 판매자가 청약철회 요구를 받은 사실이 없다고 주장하는 경우가 있으므로, 쇼핑몰 게시판에 청약철회 의사를 표시하고 그 화면을 캡처하여 보관하거나 서면으로 발송하는 것이 좋습니다. 서면으로 발송한 경우에는 발송한 날에 그 효력이 발생합니다. 또한, 사업자에게 청약철회를 요청하였는데도 특별한 사유없이 이를 거부할 경우, 「전자상거래 등에서의 소비자보호에 관한 법률」 제18조(청약철회등의 효과)에 따라 신용카드로 대금을 결제하였다면 신용카드사에 처리를 요구할 수 있습니다."
734, 운동화," 청약철회_제품 훼손, 오염, 냄새","청약철회 의사를 밝히고 수령한 운동화를 그대로 반송하였으나, 사업자가 반송된 제품의 훼손, 오염, 냄새 등으로 인해 거부하고 있습니다. 청약철회가 가능한가요? ","사업자가 제품의 훼손, 오염, 냄새의 원인이 소비자에게 있다고 입증하지 못한다면 청약철회를 요구할 수 있습니다.   「전자상거래 등에서의 소비자보호에 관한 법률」 제17조(청약철회등) 제2항에 따르면 소비자의 책임 있는 사유로 재화 등이 멸실되거나 훼손된 경우, 소비자의 사용 또는 일부 소비로 재화 등의 가치가 현저히 감소한 경우와 같이 예외적인 경우 청약철회를 할 수 없다고 규정하고 있습니다.   재화 등의 훼손에 대하여 소비자의 책임이 있는지 여부에 관하여 다툼이 있는 경우에는 사업자가 이를 입증해야 하므로, 소비자는 사업자가 발송한 제품에 하자가 존재하지 않는다는 점에 대한 입증을 요구하고 이를 입증하지 못하는 한 청약철회를 요구할 수 있다고 판단됩니다.   통신판매업자에 대한 청약철회 의사표시 방법은 법률상 특별한 제한이 없으므로 전화, 서면, 전자문서 모두 가능합니다. 다만, 전화로 의사표시를 한 경우 간혹 판매자가 청약철회 요구를 받은 사실이 없다고 주장하는 경우가 있으므로, 쇼핑몰 게시판에 청약철회 의사를 표시하고 그 화면을 캡처하여 보관하거나 서면으로 발송하는 것이 좋습니다. 서면으로 발송한 경우에는 발송한 날에 그 효력이 발생합니다. 또한, 사업자에게 청약철회를 요청하였는데도 특별한 사유 없이 이를 거부할 경우, 「전자상거래 등에서의 소비자보호에 관한 법률」 제18조(청약철회등의 효과)에 따라 신용카드로 대금을 결제하였다면 신용카드사에 처리를 요구할 수 있습니다."
735, 운동화, 청약철회_주문제작,전자상거래로 운동화를 구입하고 단순 변심으로 청약철회를 요구하였으나 사업자는 주문 즉시 제작하는 ‘Order Made’ 상품임을 주장하면서 거절하고 있습니다. 청약철회가 가능한가요?,"사업자가 주문제작으로 청약철회가 어렵다는 사실을 고지하고 이에 소비자가 동의하였으며, 청약철회 시 중대한 피해가 예상된다는 것을 증명한 경우에는 청약철회를 요구하기 어렵습니다.   「전자상거래 등에서의 소비자보호에 관한 법률」 제17조(청약철회등)에 따르면 소비자의 청약철회 권리를 보호하고 있으나, ‘소비자의 사용 또는 책임 있는 사유로 재화가 훼손되거나 가치가 감소한 경우, 시간의 경과로 재판매가 곤란할 정도로 가치가 하락된 경우, 복제 가능한 재화 등의 포장을 훼손한 경우’에는 그 권리를 제한하고 있으며, 동법 시행령 제21조(청약철회등의 제한)에 따르면 소비자의 주문에 의하여 개별적으로 생산되는 재화‘의 청약철회를 인정하는 경우, 통신판매업자에게 회복할 수 없는 중대한 피해가 예상되는 경우로서 사전에 당해 거래에 대하여 별도로 그 사실을 고지하고 소비자의 서면(전자문서를 포함한다)에 의한 동의를 얻은 경우에는 청약철회 요청을 거부할 수 있다고 규정하고 있습니다.   따라서, 사업자가 청약철회 시 재판매 등이 어렵다는 사실을 사전에 고지하면서 소비자의 서면(전자문서를 포함한다)에 의한 동의를 얻었고, 특정 개인의 요구사항에 맞게 그 구성이 개별적으로 달리하게 된 제품이면서 청약철회 시 재판매 등이 어려워 중대한 피해가 예상된다는 것을 증명할 경우에는 청약철회가 어렵다고 판단됩니다.   다만, 소비자가 해당 제품이 이미 사이즈의 종류가 정해져 있는 상황에서 단순히 선택만 하였거나 청약철회 시 주문제작 착수 전일 경우에는 청약철회를 요구할 수 있습니다."
736, 운동화, 청약철회_SNS 판매,SNS에서 운동화를 구입하고 단순변심으로 반품을 요청하였으나 이를 거부하며 SNS를 차단한 후 연락이 되지 않습니다. 청약철회가 가능한가요?,"SNS 운영자가 통신판매업자로 등록하지 않은 개인이거나 사업자정보가 확인하기 어려운 경우에는 청약철회를 요구하기 어렵습니다.   「전자상거래 등에서의 소비자보호에 관한 법률」 제9조의2(전자게시판서비스 제공자의 책임)에 따르면 전자게시판서비스 제공자는 해당 게시판을 이용하여 통신판매 또는 통신판매중개가 이루어지는 경우 이로 인한 소비자피해가 발생하지 아니하도록 소비자보호조치를 이행하도록 규정하고 있습니다. 또한, 이에 따른 의무를 준수하도록 안내 및 권고를 하고, 소비자의 피해구제신청을 대행하는 장치를 마련하고 운영하며, 기타 소비자피해를 방지하기 위한 사항을 이행함과 동시에 사업자정보 역시 제공할 의무가 있습니다.   따라서, 통신판매업자로 등록한 사업자의 경우에는 해당 지자체(사업자 소재지)를 통해 연락 두절, 폐업, 폐쇄 등의 사실을 확인한 후 청약철회를 요구할 수 있으나, 통신판매업자로 등록하지 않은 개인이거나 또는 사업자정보(상호, 대표자명, 주소, 전화번호, 전자우편주소, 통신판매신고 번호 등) 확인이 불가한 경우에는 청약철회를 요구하기 어렵다고 판단됩니다."
737, 운동화, 청약철회_구성품 누락,전자상거래로 고가의 운동화를 구입하고 사이즈 착오로 반품을 요청하였으나 사업자가 구성품(포장지 비닐) 누락을 이유로 거부합니다. 청약철회가 가능한가요?,"구성품이 일부라도 누락된 상태라면 청약철회를 요구하기 어렵습니다.   「전자상거래 등에서의 소비자보호에 관한 법률」 제17조(청약철회등)에 따르면 소비자에게 책임이 있는 사유로 재화 등이 멸실되거나 훼손된 경우 청약철회를 할 수 없다고 규정하고 있습니다.   고가의 신발이나 해외 구매대행 제품 등은 포장지에 제품의 정보를 담고 있는 바코드 스티커와 로고가 각인되어 있는 경우가 많아 개봉 시 주의할 필요가 있으며, 이 경우 사업자가 사전에 “포장 훼손 시 청약철회 불가”를 고지했다면 청약철회가 어렵다고 판단됩니다.   따라서, 제품 확인을 위해 포장을 개봉했다 하더라도 청약철회를 요청하기 위해서는 배송된 상태(제품 및 바코드 스티커 등 구성품 일체) 그대로 보존하여 반품해야 합니다.   ※ 통신판매업자에 대한 청약철회 의사표시 방법은 법률상 특별한 제한이 없으므로 전화, 서면, 전자문서 모두 가능합니다. 다만, 전화로 의사표시를 한 경우 간혹 판매자가 청약철회 요구를 받은 사실이 없다고 주장하는 경우가 있으므로, 쇼핑몰 게시판에 청약철회 의사를 표시하고 그 화면을 캡처하여 보관하거나 서면으로 발송하는 것이 좋습니다. 서면으로 발송한 경우에는 발송한 날에 그 효력이 발생합니다. 또한, 사업자에게 청약철회를 요청하였는데도 특별한 사유없이 이를 거부할 경우, 「전자상거래 등에서의 소비자보호에 관한 법률」 제18조에 따라 신용카드로 대금을 결제하였다면 신용카드사에 처리를 요구할 수 있으니 참고하시기 바랍니다."
738, 운동화, 청약철회_7일 이내 반품 미완료,전자상거래로 운동화를 구입하고 단순 변심으로 반품을 요청하였으나 사업자가 7일 이내 제품이 도착하지 않았다는 이유로 거부합니다. 청약철회가 가능한가요?,"청약철회를 요구할 수 있습니다.   「전자상거래 등에서의 소비자보호에 관한 법률」(이하, ‘전자상거래법’) 제17조(청약철회등)에 따르면 소비자는 단순 변심에 의한 청약철회의 경우 상품 수령일로부터 7일 이내에 청약철회를 할 수 있고, 이를 위반한 약정으로써 소비자에게 불리한 것은 효력이 없는 것으로 규정하고 있습니다.   따라서, 만약 사업자가 “반품은 상품이 7일 이내 쇼핑몰에 도착해야만 환급 가능하다”고 표시하였다고 하더라도 이는 ‘전자상거래법’ 제17조를 위반한 약정으로 소비자에게 불리한 것이므로 효력이 없다고 보며, 소비자가 제품을 수령한 날로부터 7일 이내 청약철회 의사표시를 하고 반품 절차를 진행했다면 설령 반품한 상품이 7일 이내 쇼핑몰에 도착하지 못했다 하더라도 청약철회 권리를 제한할 수는 없다고 판단됩니다.   ※ 통신판매업자에 대한 청약철회 의사표시 방법은 법률상 특별한 제한이 없으므로 전화, 서면, 전자문서 모두 가능합니다. 다만, 전화로 의사표시를 한 경우 간혹 판매자가 청약철회 요구를 받은 사실이 없다고 주장하는 경우가 있으므로, 쇼핑몰 게시판에 청약철회 의사를 표시하고 그 화면을 캡처하여 보관하거나 서면으로 발송하는 것이 좋습니다. 서면으로 발송한 경우에는 발송한 날에 그 효력이 발생합니다. 또한, 사업자에게 청약철회를 요청하였는데도 특별한 사유없이 이를 거부할 경우, 「전자상거래 등에서의 소비자보호에 관한 법률」 제18조에 따라 신용카드로 대금을 결제하였다면 신용카드사에 처리를 요구할 수 있으니 참고하시기 바랍니다."
739, 운동화, 청약철회_사이즈 표기 오류,"전자상거래로 265 사이즈 운동화를 구입하고 박스 표면에 표기된 사이즈를 확인한 후 그대로 보관했는데, 7일을 경과한 후 제품을 열어보니 280 사이즈였습니다. 이에 사업자에게 반품을 요구하였으나 청약철회 기간인 7일이 지났다며 이를 거부합니다. 청약철회가 가능한가요?","소비자가 통상적 주의력을 가지고도 제품의 하자 또는 계약불이행 여부를 확인하기 어려운 상황이라면 청약철회를 요구할 수 있습니다.   「전자상거래 등에서의 소비자보호에 관한 법률」 제17조(청약철회등)에 따르면 재화 등을 공급받거나 재화 등의 공급이 시작된 날부터 7일 이내에 청약철회를 할 수 있지만, 재화 등의 내용이 표시, 광고의 내용과 다르거나 계약내용과 다르게 이행된 경우에는 그 재화 등을 공급받은 날부터 3개월 이내, 그 사실을 안 날 또는 알 수 있었던 날부터 30일 이내에 청약철회 권리를 행사할 수 있다고 규정하고 있습니다.   이 사례에서는 포장 박스에 265 사이즈로 표기가 되어 있었고, 소비자가 제품을 전혀 착용하지 않았기 때문에 소비자가 통상적인 주의력을 가지고 해당 하자 또는 계약불이행 여부를 확인하기 어려운 상태로 볼 수 있으므로 계약내용과 다르게 이행되었다는 사실을 안 날로부터 30일 이내인 점을 고려했을 때, 청약철회 요구가 가능하다고 판단됩니다.   단, 이때 사업자는 청약철회를 수용하더라도 소비자가 제품의 일부 사용, 소비로 얻은 이익 또는 그에 상당하는 비용을 소비자에게 청구할 수 있습니다.    ※ 통신판매업자에 대한 청약철회 의사표시 방법은 법률상 특별한 제한이 없으므로 전화, 서면, 전자문서 모두 가능합니다. 다만, 전화로 의사표시를 한 경우 간혹 판매자가 청약철회 요구를 받은 사실이 없다고 주장하는 경우가 있으므로, 쇼핑몰 게시판에 청약철회 의사를 표시하고 그 화면을 캡처하여 보관하거나 서면으로 발송하는 것이 좋습니다. 서면으로 발송한 경우에는 발송한 날에 그 효력이 발생합니다. 또한, 사업자에게 청약철회를 요청하였는데도 특별한 사유없이 이를 거부할 경우, 「전자상거래 등에서의 소비자보호에 관한 법률」 제18조에 따라 신용카드로 대금을 결제하였다면 신용카드사에 처리를 요구할 수 있으니 참고하시기 바랍니다."
740, 운동화, 청약철회_사이즈 문제,"전자상거래로 운동화를 구입하고 수령 후 사이즈가 맞지 않아 반품을 요구하였으나, 사업자는 소재 특성상 반품이 불가함을 미리 고지하였다며 거절하고 있습니다. 청약철회가 가능한가요?","재판매가 곤란할 정도의 제품 훼손이 없다면 청약철회를 요구할 수 있습니다.   「전자상거래 등에서의 소비자보호에 관한 법률」 제17조(청약철회등)에 따르면 소비자는 계약내용에 관한 서면을 교부받은 날(서면을 교부받은 때보다 재화 등의 공급이 늦게 이루어진 경우에는 재화 등의 공급을 받거나 공급이 개시된 날)부터 7일 이내에 당해 계약에 관한 청약을 철회할 수 있으며, 동법 제18조에는 색상, 디자인 혹은 사이즈 불만 등의 사유로 청약철회를 요청한 경우 반환에 소요되는 비용(반품비)은 소비자가 부담해야 한다고 규정하고 있습니다.   따라서, 홈페이지에 반품, 교환, 환급 등이 불가하다고 쓰여 있거나, 반품을 원할 경우에는 적립금으로 환급 처리된다고 고지되어 있더라도 청약철회와 관련하여 소비자에게 불리한 약정은 효력이 없기 때문에 재판매가 곤란할 정도의 제품 훼손이 없다면 반품비를 소비자가 부담하고 청약철회를 요구할 수 있다고 판단됩니다.   ※ 통신판매업자에 대한 청약철회 의사표시 방법은 법률상 특별한 제한이 없으므로 전화, 서면, 전자문서 모두 가능합니다. 다만, 전화로 의사표시를 한 경우 간혹 판매자가 청약철회 요구를 받은 사실이 없다고 주장하는 경우가 있으므로, 쇼핑몰 게시판에 청약철회 의사를 표시하고 그 화면을 캡처하여 보관하거나 서면으로 발송하는 것이 좋습니다. 서면으로 발송한 경우에는 발송한 날에 그 효력이 발생합니다. 또한, 사업자에게 청약철회를 요청하였는데도 특별한 사유없이 이를 거부할 경우, 「전자상거래 등에서의 소비자보호에 관한 법률」 제18조에 따라 신용카드로 대금을 결제하였다면 신용카드사에 처리를 요구할 수 있으니 참고하시기 바랍니다."
741, 운동화, 청약철회_반품·교환불가 사전 고지,"전자상거래로 운동화를 구입하고 수령 후 단순 변심으로 반품을 요구하였으나, 사업자는 반품, 교환, 환급이 불가하다는 문구를 쇼핑몰에 고지하였음을 근거로 거절하고 있습니다. 청약철회가 가능한가요?","재판매가 곤란할 정도의 제품 훼손이 없다면 청약철회를 요구할 수 있습니다.      「전자상거래 등에서의 소비자보호에 관한 법률」 제17조(청약철회등)에 따르면 소비자는 계약내용에 관한 서면을 교부받은 날(서면을 교부받은 때보다 재화 등의 공급이 늦게 이루어진 경우에는 재화 등의 공급을 받거나 공급이 개시된 날)부터 7일 이내에 당해 계약에 관한 청약을 철회할 수 있으며, 동법 제18조에는 색상, 디자인 혹은 사이즈 불만 등의 사유로 청약철회를 요청한 경우 반환에 소요되는 비용(반품비)은 소비자가 부담해야 한다고 규정하고 있습니다.   따라서, 홈페이지에 반품, 교환, 환급 등이 불가하다고 쓰여 있거나, 반품을 원할 경우에는 적립금으로 환급 처리된다고 고지되어 있더라도 청약철회와 관련하여 소비자에게 불리한 약정은 효력이 없기 때문에 재판매가 곤란할 정도의 제품 훼손이 없다면 반품비를 소비자가 부담하고 청약철회를 요구할 수 있다고 판단됩니다.   ※ 통신판매업자에 대한 청약철회 의사표시 방법은 법률상 특별한 제한이 없으므로 전화, 서면, 전자문서 모두 가능합니다. 다만, 전화로 의사표시를 한 경우 간혹 판매자가 청약철회 요구를 받은 사실이 없다고 주장하는 경우가 있으므로, 쇼핑몰 게시판에 청약철회 의사를 표시하고 그 화면을 캡처하여 보관하거나 서면으로 발송하는 것이 좋습니다. 서면으로 발송한 경우에는 발송한 날에 그 효력이 발생합니다. 또한, 사업자에게 청약철회를 요청하였는데도 특별한 사유없이 이를 거부할 경우, 「전자상거래 등에서의 소비자보호에 관한 법률」 제18조에 따라 신용카드로 대금을 결제하였다면 신용카드사에 처리를 요구할 수 있으니 참고하시기 바랍니다."
742, 운동화, 청약철회_흰색 제품 반품 거부,"전자상거래로 흰색 운동화를 구입하고 수령 후 단순 변심으로 반품을 요구하였으나, 사업자는 흰색 제품은 반품이 불가하다는 문구를 쇼핑몰에 고지하였음을 근거로 거절하고 있습니다. 청약철회가 가능한가요?","재판매가 곤란할 정도의 제품 훼손이 없다면 청약철회를 요구할 수 있습니다.      「전자상거래 등에서의 소비자보호에 관한 법률」 제17조(청약철회등)에 따르면 소비자의 청약철회 권리를 보호하고 있으나, ‘소비자의 사용 또는 책임 있는 사유로 재화가 훼손되거나 가치가 감소한 경우, 시간의 경과로 재판매가 곤란할 정도로 가치가 하락된 경우, 복제 가능한 재화 등의 포장을 훼손한 경우’에는 그 권리를 제한하고 있습니다. ‘주문에 의해 개별적으로 생산되는 재화’ 또한 통신판매사업자에게 회복할 수 없는 중대한 피해가 예상되는 경우, 사전에 당해 거래에 대해 별도로 그 사실을 고지하고 소비자의 서면 동의를 받아 두었다면 청약철회 요청을 거부할 수 있습니다.   하지만, 흰색 제품은 반품이 어렵다고 고지되어 있더라도 청약철회와 관련하여 소비자에게 불리한 약정으로 효력이 없으며, 공정거래위원회에서도 ‘흰색계열, 세일 상품’ 등의 이유로 청약철회를 거부하는 것을 ‘청약철회 방해 행위’로 보고 있기 때문에 재판매가 곤란할 정도의 제품 훼손이 없다면 반품비를 소비자가 부담하고 청약철회를 요구할 수 있다고 판단됩니다.   ※ 통신판매업자에 대한 청약철회 의사표시 방법은 법률상 특별한 제한이 없으므로 전화, 서면, 전자문서 모두 가능합니다. 다만, 전화로 의사표시를 한 경우 간혹 판매자가 청약철회 요구를 받은 사실이 없다고 주장하는 경우가 있으므로, 쇼핑몰 게시판에 청약철회 의사를 표시하고 그 화면을 캡처하여 보관하거나 서면으로 발송하는 것이 좋습니다. 서면으로 발송한 경우에는 발송한 날에 그 효력이 발생합니다. 또한, 사업자에게 청약철회를 요청하였는데도 특별한 사유없이 이를 거부할 경우, 「전자상거래 등에서의 소비자보호에 관한 법률」 제18조에 따라 신용카드로 대금을 결제하였다면 신용카드사에 처리를 요구할 수 있으니 참고하시기 바랍니다."
743, 운동화, 청약철회_묶음배송 반품비_제품 불량,"전자상거래로 운동화와 구두 두 개를 70,000원에 구입하였으며, 50,000원 이상 구매 시 무료배송이어서 사업자에게 묶음배송을 요청함. 이후 운동화가 불량인 것을 확인하여 반품을 요구했는데, 사업자는 반품비를 입금할 것을 주장합니다. 반품비를 제가 부담하는게 맞나요?","제품의 불량 등 사업자의 귀책 사유로 반품하는 경우에는 사업자가 반품비 전액을 부담합니다.     「전자상거래 등에서의 소비자보호에 관한 법률」 제17조(청약철회등)에 따르면 소비자는 계약내용에 관한 서면을 교부받은 날(서면을 교부받은 때보다 재화 등의 공급이 늦게 이루어진 경우에는 재화 등의 공급을 받거나 공급이 개시된 날)부터 7일 이내에 당해 계약에 관한 청약을 철회할 수 있으며, 동법 제18조 제10항에는 표시 광고의 내용과 다르거나 계약내용과 다르게 이행된 경우 등의 사유로 청약철회를 요청한 경우 반환에 소요되는 비용(반품비)은 사업자가 부담해야 한다고 규정하고 있습니다.   따라서, 제품 하자 등 사업자의 귀책사유로 반품하는 경우에는 사업자가 반품 택배비 전액을 부담해야 한다고 판단됩니다."
744, 운동화, 청약철회_묶음배송 반품비_단순 변심,"전자상거래로 운동화와 구두 두 개를 70,000원에 구입하였으며, 50,000원 이상 구매 시 무료배송이어서 사업자에게 묶음배송을 요청함. 이후 운동화 사이즈가 맞지 않아 반품을 요구했는데, 사업자는 반품비를 입금할 것을 주장합니다. 반품비를 제가 부담하는게 맞나요?","사이즈 오류 등 개인 변심으로 반품하는 경우에는 소비자가 반품비 전액을 부담합니다.   「전자상거래 등에서의 소비자보호에 관한 법률」 제17조(청약철회등)에 따르면 소비자는 계약내용에 관한 서면을 교부받은 날(서면을 교부받은 때보다 재화 등의 공급이 늦게 이루어진 경우에는 재화 등의 공급을 받거나 공급이 개시된 날)부터 7일 이내에 당해 계약에 관한 청약을 철회할 수 있으며, 동법 제18조 제9항에는 색상, 디자인 혹은 사이즈 불만 등의 사유로 청약철회를 요청한 경우 반환에 소요되는 비용(반품비)은 소비자가 부담해야 한다고 규정하고 있습니다.   따라서, 소비자의 개인 변심으로 반품하는 경우에는 반품 택배비는 소비자가 전액 부담해야 한다고 판단됩니다."
745, 운동화, 계약불이행_미환급,전자상거래로 운동화를 주문하고 대금을 신용카드로 결제하였습니다. 구입 후 7일 이내 청약철회를 요구하여 운동화를 반품하였는데 물품 대금을 환급해 주지 않고 있습니다. 환급받을 방법이 있나요?,"사업자가 환급을 지연하는 경우 신용카드사에 사업자로부터 환급받을 금액을 상계할 것을 요청하고 결제 대금의 매출 취소를 요구할 수 있습니다.   「전자상거래 등에서의 소비자보호에 관한 법률」 제18조(청약철회등의 효과) 제2항에 따르면 청약철회 시 소비자는 이미 공급받은 제품을 사업자에게 반환해야 하며, 사업자는 물품을 반환 받은 날(또는 재화 등을 공급하지 않은 경우에는 청약철회를 한 날)로부터 3영업일 이내에 이미 지급받은 대금을 환급하여야 합니다. 이때 사업자가 대금의 환급을 지연한 경우에는 가산이자를 지급하도록 규정하고 있습니다. 또한, 동법 제18조(청약철회등의 효과) 제3항, 제6항에 따르면 사업자가 신용카드로 결제한 대금의 환급을 지연할 경우 신용카드사에 환급에 필요한 조치를 요구할 수 있으며, 이 경우에 신용카드사는 환급에 필요한 조치를 취해야하며 사업자에게 지급할 대금이 있을 경우 이를 주지 않고 소비자가 결제한 대금을 상계 처리한 후 소비자의 결제 대금의 매출을 취소해주도록 규정하고 있습니다.   따라서, 소비자는 신용카드사에 사업자와의 다른 채무와의 상계를 요구하면서 대금 청구를 정지하거나 취소하도록 요구할 수 있다고 판단됩니다."
746, 운동화, 계약불이행_과도한 반품배송비 요구,"전자상거래로 병행수입 운동화를 구입하고 반품을 요구하였으나 사전에 고지된 반품 배송비 이외에 ‘현지 운송료, 제비용 등’의 명목으로 추가 대금 지급을 요구합니다. 추가로 지급해야 하나요?","사업자가 반품배송비 외의 비용 발생에 대해 사전에 고지하지 않았고, 이를 입증하지 못한다면 반품배송비만 공제한 후 환급을 요구할 수 있습니다.   병행수입을 비롯한 수입제품 판매 시 발생하는 배송비는 사업자마다 수입절차 및 재고관리 방식에 따라 다를 수 있으나 「전자상거래 등에서의 소비자보호에 관한 법률」(이하, ‘전자상거래법’) 제18조(청약철회등의 효과) 제9항, 제10항에 따라 부과하는 반품비용은 소비자의 구매 여부 판단에 영향을 주는 중요한 거래조건에 해당되므로 적절한 방법으로 고지하여야 할 사항으로 볼 수 있습니다.    따라서, 사업자가 수입 과정에서 ‘현지 및 국제운송료’, ‘수입세금 및 제비용’의 비용이 발생한 사실을 사전에 고지하였고, 이에 대해 입증할 수 있는 경우 소비자는 그에 대한 금액을 지급해야 하나, 입증할 수 없는 경우 제품을 반품한 뒤 반품과정에서 발생한 비용을 공제한 후 환급을 요구할 수 있다고 판단됩니다.   반면, ‘전자상거래법’에 따라 사업자는 소비자에게 청약철회를 이유로 위약금이나 손해배상을 청구할 수 없으므로 미리 고지한 반품 배송비 이외에 다른 명목의 위약금을 추가 청구하는 것은 인정되기 어렵습니다."
747, 운동화, 계약불이행_적립금 환급,전자상거래로 운동화를 신용카드로 구입하고 제품 수령 다음날 단순 변심으로 반품을 신청하였으나 사업자는 결제금액을 적립금으로만 돌려주겠다고 주장합니다. 신용카드 결제 취소를 요구할 수 있나요?,"사업자에게 신용카드 결제 취소를 요구할 수 있습니다.   「전자상거래 등에서의 소비자보호에 관한 법률」(이하, ‘전자상거래법’) 제17조(청약철회등)에 따르면 소비자는 상품을 공급 받은 날로부터 7일 이내에는 소비자의 귀책사유로 인한 상품의 멸실 또는 훼손된 경우 등을 제외하고는 단순변심으로 인한 청약철회를 할 수 있다고 규정하고 있습니다. 이에 소비자가 제품을 수령한 날로부터 7일 이내 청약철회 의사표시를 명확히 하였다면 해당 쇼핑몰은 ‘전자상거래법’ 제18조 제3항에 의거하여 신용카드사에게 대금 청구를 정지하거나 취소하도록 요청하여야 합니다.   따라서, 신용카드로 결제하였으나 적립금으로만 환급이 가능하다는 것은 「민법」 제548조(해제의 효과, 원상회복의무)에 따른 원상회복이라고 보기 어려우므로 소비자가 사용한 결제수단에 따른 환급 이행을 해당 쇼핑몰에 요구할 수 있다고 판단됩니다."
748, 운동화, 표시·광고_반품비1,"‘천연소가죽 100%’라고 광고하는 운동화를 전자상거래로 구입하고, 10일 뒤에 착용하던 과정에서 실제로는 천연소가죽은 10%만 포함된 사실을 알게 되었습니다. 이 경우에 반품비 부담자는 누구인가요?","이 사례는 부당한 표시·광고행위 유형에 해당하여, 신발을 받은 날부터 3월 이내, 표시·광고와 다르다는 사실을 안 날 또는 알 수 있었던 날부터 30일 이내에 청약철회가 가능하며, 사업자 귀책 사유에 해당하므로 반품비는 사업자가 부담합니다.   「전자상거래 등에서의 소비자보호에 관한 법률」 제18조(청약철회등의 효과)에 따르면 물품의 내용이 표시·광고 내용과 다른 경우에는 반환에 필요한 비용은 사업자가 부담함은 물론 소비자에게 물품을 배달할 때의 배송비도 사업자가 부담하여야 하며, 이미 소비자가 지급한 경우에는 환급하도록 규정하고 있습니다. 이 경우에는 청약철회기간은 당해 물품을 공급받은 날부터 3월 이내, 그 사실을 안 날 또는 알 수 있었던 날부터 30일 이내로 연장됩니다.   이러한 소비자의 권리가 인정되려면 물품 관련 표시·광고의 내용이 누가 보아도 명백하게 허위이거나 과장된 점이 인정되어야 하는데, 「표시·광고의 공정화에 관한 법률」 제3조(부당한 표시·광고 행위의 금지) 및 ‘부당한 표시·광고행위의 유형 및 기준 지정 고시’에 따르면 부된 원재료나 성분을 가지고 전체의 주된 성분인 것처럼 표시·광고한 행위를 부당한 표시·광고로 규정하고 있습니다.    따라서, 성분 표시가 잘못된 것이 명확히 확인될 경우에는 물품의 내용이 표시·광고 내용과 다른 경우에 해당하여 청약철회가 가능하고, 반품비는 사업자가 부담하도록 요구할 수 있다고 판단됩니다."
749, 운동화, 표시·광고_반품비2,"전자상거래 사업자가 운영하고 있는 FAQ에서 ‘모든 상품은 무료 반품 가능’이라는 문구를 확인하고 운동화를 구입하였고, 이후 7일 이내 반품을 요구하였으나 사업자가 반품비를 요구합니다. 제가 비용을 지급해야 하나요?","FAQ 게시물도 광고에 해당되며, 표시·광고와 다르게 계약이 이행된 경우에는 사업자 귀책 사유에 해당하므로 반품비는 사업자가 부담합니다.    대법원 판례에 따르면 “FAQ 게시물은 일반 소비자가 누구나 접근할 수 있는 사업자의 인터넷 홈페이지에 게시되어 있으며, 게시 경위도 소비자들이 사업자에게 한 질문에 대해 개별적으로 답변한 것이 아니라 사업자가 일반 소비자들에게 알리고 싶은 내용을 선정하여 질문과 답변의 형식으로 게시해 놓은 것이라는 점에 비추어 보면, 사업자가 ‘널리 소비자들에게 제시하거나 알리기 위하여’ 게시해 놓은 것이라고 볼 수 있으므로 해당 FAQ 게시물은 「표시·광고의 공정화에 관한 법률」 상의 광고에 해당합니다(대법원 2009.5.28., 선고, 2009두843, 판결).   또한, 「표시·광고의 공정화에 관한 법률」 제3조(부당한 표시·광고 행위의 금지) 및 ‘부당한 표시·광고행위의 유형 및 기준 지정 고시‘에 따르면 반품, 교환, 대금지급방법 등 기타 거래내용 및 거래조건 등에 관하여 표시·광고함에 있어서는 사실대로 하여야 하며, 이를 사실과 다르게 표시·광고한 행위를 부당한 표시·광고로 규정하고 있습니다.    따라서, 이 사례에서는 사실과 다르게 반품비를 요구하는 것이 명확히 확인되므로 물품의 내용이 표시·광고 내용과 다른 경우에 해당하며, 「전자상거래 등에서의 소비자보호에 관한 법률」 제18조(청약철회등의 효과)에 따라 사업자에게 반품비 부담을 요구할 수 있다고 판단됩니다."
750, 운동화, 표시·광고_광고와 차이 있는 제품,광고 사진과 너무 다른 운동화를 받았습니다. 청약철회가 가능한가요?,"상품이 광고 사진과 다르다는 소비자의 주관적인 판단만으로는 계약 내용과 다르게 이행되었다고 보기 어려우므로 7일이 경과한 후에는 청약철회를 요구하기 어렵습니다.   「전자상거래 등에서의 소비자보호에 관한 법률」 제17조(청약철회등)에 따르면 소비자는 전자상거래로 구입한 제품에 대하여 공급받은 날로부터 7일 이내(표시·광고의 내용과 다르거나 계약내용과 다르게 이행된 경우에는 공급받은 날부터 3개월, 사실을 안 날 또는 알 수 있었던 날부터 30일 이내)에 청약철회를 요청할 수 있으나, 소비자에게 책임이 있는 사유로 재화 등이 멸실되거나 훼손된 경우에는 청약철회를 요구할 수 없습니다.   다만, 광고 사진과 다르다는 소비자의 주관적인 판단만으로는 「표시·광고의 공정화에 관한 법률」 상 부당한 표시·광고임을 주장하기 어려우며, 광고 사진과 실제 받은 제품이 완전 다른 경우와 같이 중대한 하자가 있다면 청약철회를 요구할 수 있다고 판단됩니다."
751, 운동화, 품질_착화 시 소리,"운동화를 구입하고 1회 착용하였는데, 걸을 때 소리가 계속 납니다. 구제 방법이 있나요?","신발 착화 소음 원인으로 크게 첫 번째는 밑창과 바닥면이 마찰되면서 나는 현상, 두 번째는 접착·가공 불량 등 제품하자로 인하여 발생하는 현상으로 나누어집니다. 우선 첫 번째 현상은 착화자의 보행습관 또는 바닥면(대리석 등)의 상태에 따라 발생하는 현상으로 착화 시 발생할 수 있는 자연스러운 현상으로 보아 제품하자가 아닌 것으로 판단되지만, 두 번째 원인과 같이 겉창(아웃솔)이 가라앉는 느낌이 들면서 바람이 빠지는 소리가 나거나 접착 또는 가공이 불량하여 나는 소리 등의 경우 품질불량으로 볼 수 있습니다.   신발에 지속적으로 착화 소음이 발생할 경우 제조사나 구입처 등에 문제점을 제기하고, 하자의 원인 및 책임 소재에 대하여 분쟁이 발생한 경우에는 전문가(심의기구 등)에게 의뢰하여 의견을 구하는 것이 좋으며 품질 시험검사가 가능한 경우에는 이를 통해 보다 정확한 원인규명을 해볼 수 있습니다.    따라서, 해당 제품이 접착불량 등 제품하자로 판명날 경우 공정거래위원회가 고시한 신발 관련 ‘소비자분쟁해결기준’에 따라 제조사나 구입처에 수선이 가능한 경우에는 무상수선, 수선이 불가한 경우에는 동종 제품으로의 교환, 동종 제품이 없는 경우에는 환급을 요구할 수 있으며, 수선이 가능한 경우임에도 불구하고 소비자가 구입가의 환급을 요구하는 경우에 사업자는 이를 거부할 수 있습니다.   ※ 한국소비자원에서는 섬유·세탁 품질하자 유무 및 원인 규명을 위하여 해당 분야 전문가로 구성된 ‘신발제품심의위원회’를 운영하고 있으며, 해당 심의·자문 결과(책임소재, 심의내용 등)를 토대로 공정거래위원회가 고시한 ‘소비자분쟁해결기준’에 따라 피해보상에 관한 합의를 권고할 수 있습니다. 다만, 심의·자문 결과는 당사자간 분쟁해결에 있어 근거자료로 활용되나 법적 강제력은 없습니다."
752, 운동화, 품질_신발 내구성 문제,운동화를 구입하고 1개월정도 밖에 신지 않았는데 밑창 부분이 경화되고 갈라져서 교환을 받았는데 똑같은 현상이 다시 발생하였습니다. 구제 방법이 있나요?,"신발 착화 중 밑창 부분이 경화되고 갈라지는 원인으로 크게 첫 번째는 신발 보관 부주의 혹은 기간 경과에 의해 나타나는 현상, 두 번째는 신발 제품 내구성이 불량하여 겉창(아웃솔) 등이 변형되는 현상 등으로 나누어집니다. 우선 첫 번째 현상은 소비자의 과실 혹은 자연적인 변형으로 보아 제품하자가 아닌 것으로 판단되지만, 두 번째와 같이 신발 제품 내구성의 문제일 경우에는 품질불량으로 볼 수 있습니다.   우선적으로 제조사나 구입처 등에 문제점을 제기하고, 하자의 원인 및 책임 소재에 대하여 분쟁이 발생한 경우에는 전문가(심의기구 등)에게 의뢰하여 의견을 구하는 것이 좋으며 품질 시험검사가 가능한 경우에는 이를 통해 보다 정확한 원인규명을 해볼 수 있습니다.   해당 제품이 내구성 불량 등 제품하자로 판명날 경우 공정거래위원회가 고시한 신발 관련 ‘소비자분쟁해결기준’에 따라 제조사나 구입처에 수선이 가능한 경우에는 무상수선, 수선이 불가한 경우에는 동종 제품으로의 교환, 동종 제품이 없는 경우에는 환급을 요구할 수 있으며, 수선이 가능한 경우임에도 불구하고 소비자가 구입가 환급을 요구하는 경우에 사업자는 이를 거부할 수 있습니다.   ※ 한국소비자원에서는 섬유·세탁 품질하자 유무 및 원인 규명을 위하여 해당 분야 전문가로 구성된 ‘신발제품심의위원회’를 운영하고 있으며, 해당 심의·자문 결과(책임소재, 심의내용 등)를 토대로 공정거래위원회가 고시한 ‘소비자분쟁해결기준’에 따라 피해보상에 관한 합의를 권고할 수 있습니다. 다만, 심의·자문 결과는 당사자간 분쟁해결에 있어 근거자료로 활용되나 법적 강제력은 없습니다."
753, 운동화, 품질_통증 유발,운동화를 구입하고 일주일가량 운동화를 착화하다보니 발등 부위에 통증이 발생하여 교환이나 환급을 요구하였으나 사업자가 이를 거부합니다. 구제 방법이 있나요?,"통상적으로 신발을 착화하면서 발생하는 통증 및 이물감은 착용자와 신발이 맞지 않아 발생한 경우가 많습니다. 하지만, 신발의 설계 및 제조상의 하자로 인해 통증이 발생할 수도 있습니다.   우선적으로 제조사나 구입처 등에 문제점을 제기하고, 하자의 원인 및 책임 소재에 대하여 분쟁이 발생한 경우에는 전문가(심의기구 등)에게 의뢰하여 의견을 구하는 것이 좋으며 품질 시험검사가 가능한 경우에는 이를 통해 보다 정확한 원인규명을 해볼 수 있습니다.   해당 제품이 설계불량 등 제품하자로 판명날 경우 공정거래위원회가 고시한 신발 관련 ‘소비자분쟁해결기준’에 따라 제조사나 구입처에 수선이 가능한 경우에는 무상수선, 수선이 불가한 경우에는 동종 제품으로의 교환, 동종 제품이 없는 경우에는 환급을 요구할 수 있으며, 수선이 가능한 경우임에도 불구하고 소비자가 구입가 환급을 요구하는 경우에 사업자는 이를 거부할 수 있습니다.   ※ 한국소비자원에서는 섬유·세탁 품질하자 유무 및 원인 규명을 위하여 해당 분야 전문가로 구성된 ‘신발제품심의위원회’를 운영하고 있으며, 해당 심의·자문 결과(책임소재, 심의내용 등)를 토대로 공정거래위원회가 고시한 ‘소비자분쟁해결기준’에 따라 피해보상에 관한 합의를 권고할 수 있습니다. 다만, 심의·자문 결과는 당사자간 분쟁해결에 있어 근거자료로 활용되나 법적 강제력은 없습니다."
754, 운동화, 품질_신발 세탁_하자발생 시 보상 방법,회색 신발 세탁을 의뢰하였으나 인도받고 확인해본 결과 일부가 검은색으로 변색되는 등 하자가 발생하였습니다. 구제 방법이 있나요?,"원단불량 등 제품하자일 경우에는 제조사나 구입처, 세탁과정에서 발생한 하자일 경우에는 세탁사업자에게 배상을 요구할 수 있습니다.   세탁을 의뢰한 후 인도받은 물품에 하자가 발생하였을 경우에는 우선적으로 제조사나 구입처, 세탁소에 문제점을 제기하고, 하자의 원인 및 책임 소재에 대하여 분쟁이 발생한 경우에는 전문가(심의기구 등)에게 의뢰하여 의견을 구하는 것이 좋으며 품질 시험검사가 가능한 경우에는 이를 통해 보다 정확한 원인규명을 해볼 수 있습니다.   해당 제품이 원단불량 등 제품하자로 판명날 경우 공정거래위원회가 고시한 신발 관련 ‘소비자분쟁해결기준’에 따라 제조사나 구입처에 수선이 가능한 경우에는 무상수선, 수선이 불가한 경우에는 동종 제품으로의 교환, 동종 제품이 없는 경우에는 환급을 요구할 수 있으며, 수선이 가능한 경우임에도 불구하고 소비자가 구입가 환급을 요구하는 경우에 사업자는 이를 거부할 수 있습니다. 반면 세탁 과정에서 발생한 하자로 판명날 경우 세탁사업자에게 원상회복, 불가능할 시 손해배상을 요구할 수 있습니다.   ※ 한국소비자원에서는 섬유·세탁 품질하자 유무 및 원인 규명을 위하여 해당 분야 전문가로 구성된 ‘신발제품심의위원회’를 운영하고 있으며, 해당 심의·자문 결과(책임소재, 심의내용 등)를 토대로 공정거래위원회가 고시한 ‘소비자분쟁해결기준’에 따라 피해보상에 관한 합의를 권고할 수 있습니다. 다만, 심의·자문 결과는 당사자간 분쟁해결에 있어 근거자료로 활용되나 법적 강제력은 없습니다."
755, 운동화, 품질_신발 세탁_손해배상 산정,회색 신발 세탁을 의뢰하였으나 인도받고 확인해본 결과 일부가 검은색으로 변색되었습니다. 세탁 과정에서 발생한 하자로 확인된 경우에 배상을 요구할 수 있나요?,"세탁업 관련 ‘소비자분쟁해결기준’에 따라 신발 구입 가격 기준으로 내용연수와 사용일수를 고려하여 배상을 요구할 수 있습니다.   소비자가 사업자에게 신발의 세탁을 의뢰하고 그 결과에 대하여 보수를 지급하는 것은 「민법」 제664조(도급의 의의)에서 정한 도급계약으로 볼 수 있으며, 동법 제667조(수급인의 담보책임)는 완성된 목적물의 하자가 있는 때에 도급인이 그 하자의 보수를 청구할 수 있고 보수에 갈음하여 또는 보수와 함께 손해배상을 청구할 수 있도록 규정하고 있습니다.    또한, 사업자는 세탁물을 인수할 때 세탁물의 하자 여부나 기타 소재의 특징에 대해 파악하여 세탁을 진행하는 등 선량한 관리자의 주의의무를 부담하여야 하는데, 해당 의무를 다하지 않아 세탁과정에서 신발이 손상되었다면 사업자는 원상회복하거나 그 손해를 배상할 책임이 있습니다.    따라서, 배상액에 대하여는 공정거래위원회가 고시한 세탁업 관련 ‘소비자분쟁해결기준’에 따라서 신발 구입 가격을 기준으로 해당 신발의 내용연수와 사용일수를 고려한 배상비율만큼 요구할 수 있습니다.    *배상액 = 물품구입가격 × 배상비율(소비자분쟁해결기준 상 배상비율표 참조)"
756, 운동화, 품질_신발 세탁_손해배상액 감액,회색 신발 세탁을 의뢰하였으나 인도받고 확인해본 결과 일부가 검은색으로 변색되었습니다. 세탁과정에서 발생한 하자로 확인되었으나 해당 신발은 그대로 신고 싶습니다. 이 경우에 추가로 배상을 요구할 수 있나요?,"세탁사업자가 주의의무를 다하지 않아 세탁과정에서 신발이 손상되었다는 원상회복을 요구하거나 손해배상을 청구할 수 있으나, 세탁물의 손상 등에 대하여 소비자도 일부 책임이 있는 경우나 손상된 세탁물을 인도받기를 원하는 경우에는 손해배상액에서 일부를 감액할 수 있습니다.   소비자가 사업자에게 신발의 세탁을 의뢰하고 그 결과에 대하여 보수를 지급하는 것은 「민법」 제664조(도급의 의의)에서 정한 도급계약으로 볼 수 있으며, 동법 제667조(수급인의 담보책임)는 완성된 목적물의 하자가 있는 때에 도급인이 그 하자의 보수를 청구할 수 있고 보수에 갈음하여 또는 보수와 함께 손해배상을 청구할 수 있도록 규정하고 있습니다.    또한, 사업자는 세탁물을 인수할 때 세탁물의 하자 여부나 기타 소재의 특징에 대해 파악하여 세탁을 진행하는 등 선량한 관리자의 주의의무를 부담하여야 하는데, 해당 의무를 다하지 않아 세탁과정에서 신발이 손상되었다면 사업자는 원상회복하거나 그 손해를 배상할 책임이 있습니다.    따라서, 배상액에 대하여는 공정거래위원회가 고시한 세탁업 관련 ‘소비자분쟁해결기준’에 따라서 신발 구입 가격을 기준으로 해당 신발의 내용연수와 사용일수를 고려한 배상비율만큼 요구할 수 있습니다.    *배상액 = 물품구입가격 × 배상비율(소비자분쟁해결기준 상 배상비율표 참조)"
757, 운동화, 품질_신발 세탁_손해배상의무 면제,회색 신발 세탁을 의뢰한 후 사업자가 세탁물 회수를 수 차례 통지하였으나 개인사정으로 2개월 이후 세탁물을 인도받았습니다. 인도받고 확인해본 결과 일부가 검은색으로 변색되었습니다. 세탁 과정에서 발생한 하자로 확인된 경우에 배상을 요구할 수 있나요?,"소비자가 세탁물에 이상이 없다는 확인서를 사업자에게 교부하였거나 사업자가 세탁물 회수에 대한 통지에도 불구하고 통지도달일로부터 30일이 경과하도록 미회수하는 경우, 세탁완성예정일의 다음날부터 3개월간 완성된 세탁물을 미회수하는 경우에는 세탁물의 하자 또는 세탁의 지체로 인한 소비자피해에 대해서는 배상의무가 면제되어 손해배상을 요구할 수 없습니다.   소비자가 사업자에게 신발의 세탁을 의뢰하고 그 결과에 대하여 보수를 지급하는 것은 「민법」 제664조(도급의 의의)에서 정한 도급계약으로 볼 수 있으며, 동법 제667조(수급인의 담보책임)는 완성된 목적물의 하자가 있는 때에 도급인이 그 하자의 보수를 청구할 수 있고 보수에 갈음하여 또는 보수와 함께 손해배상을 청구할 수 있도록 규정하고 있습니다.    또한, 사업자는 세탁물을 인수할 때 세탁물의 하자 여부나 기타 소재의 특징에 대해 파악하여 세탁을 진행하는 등 선량한 관리자의 주의의무를 부담하여야 하는데, 해당 의무를 다하지 않아 세탁과정에서 신발이 손상되었다면 사업자는 원상회복하거나 그 손해를 배상할 책임이 있습니다.    따라서, 배상액에 대하여는 공정거래위원회가 고시한 세탁업 관련 ‘소비자분쟁해결기준’에 따라서 신발 구입 가격을 기준으로 해당 신발의 내용연수와 사용일수를 고려한 배상비율만큼 요구할 수 있습니다.    *배상액 = 물품구입가격 × 배상비율(소비자분쟁해결기준 상 배상비율표 참조)"
758, 운동화, 품질_신발 세탁_부속물 손해배상액 산정 기준,털이 달린 회색 신발 세탁을 의뢰하였으나 인도받고 확인해본 결과 털 일부가 검은색으로 변색되었습니다. 세탁과정에서 발생한 하자로 확인된 경우에 배상을 요구할 수 있나요?,"탈부착용 부속물(털, 칼라, 모자 등)이 손상된 경우는 동 부속물만을 대상으로 배상액을 결정하지만, 부속물이 해당 신발의 기능 발휘에 없어서는 안 될 필수적인 경우(방한복의 모자 등)에는 신발 전체를 기준으로 배상액을 산정합니다.   소비자가 사업자에게 신발의 세탁을 의뢰하고 그 결과에 대하여 보수를 지급하는 것은 「민법」 제664조(도급의 의의)에서 정한 도급계약으로 볼 수 있으며, 동법 제667조(수급인의 담보책임)는 완성된 목적물의 하자가 있는 때에 도급인이 그 하자의 보수를 청구할 수 있고 보수에 갈음하여 또는 보수와 함께 손해배상을 청구할 수 있도록 규정하고 있습니다.    또한, 사업자는 세탁물을 인수할 때 세탁물의 하자 여부나 기타 소재의 특징에 대해 파악하여 세탁을 진행하는 등 선량한 관리자의 주의의무를 부담하여야 하는데, 해당 의무를 다하지 않아 세탁과정에서 신발이 손상되었다면 사업자는 원상회복하거나 그 손해를 배상할 책임이 있습니다.    따라서, 배상액에 대하여는 공정거래위원회가 고시한 세탁업 관련 ‘소비자분쟁해결기준’에 따라서 신발 구입 가격을 기준으로 해당 신발의 내용연수와 사용일수를 고려한 배상비율만큼 요구할 수 있습니다.    *배상액 = 물품구입가격 × 배상비율(소비자분쟁해결기준 상 배상비율표 참조)"
759, 운동화, 품질_신발 세탁_내용연수 경과,구입한 지 5년 된 신발을 세탁 의뢰하였으나 세탁 후 심하게 봉제가 뜯어지고 미어지는 현상이 발생하였습니다. 구제 방법이 있나요?,"신발의 내용연수(일반신발 1년·가죽제품 3년)가 경과하면서 원단의 자연 취화 및 노화로 자연스럽게 발생할 수 있는 것으로 추측되어 원단불량 등 제품하자 또는 세탁과정에서 발생한 하자로 보기 어렵습니다.   섬유제품의 소재 특성으로 인하여 자연스럽게 발생하는 현상이나 내용연수(제품의 수명) 경과로 인해 발생한 제품의 하자는 과실로 보기 어려우므로 피해구제 처리대상이 아닙니다. 여기서 내용연수는 ‘소비자분쟁해결기준’에서 정하는 품목별 내용연수를 따르며 착용횟수와는 관계가 없습니다.   소재특성으로 인한 자연스러운 현상의 대표적인 사례로 알파카의 털 빠짐, 토끼털의 모근 약함, 면소재와 청바지의 물 빠짐, 한복의 흰줄 발생, 신발 밑창 닳음 등이 있으며, 정도가 심한 경우 책임소재를 따질 수 있으나 해당 현상을 품질불량으로 보기 어려운 경우가 많습니다. 또한, 내용연수가 경과한 제품은 제품의 수명이 다하여 발생한 자연 손상으로 보아 하자를 주장하기 어려울 수 있습니다."
760, 운동화, 품질_신발 세탁_세탁방법 부적합,세탁소에 신발 세탁을 맡기면서 약품만 발라줄 것을 요청하였으나 물세탁을 하여 신발 바깥쪽 원단이 심하게 수축되었습니다. 구제 방법이 있나요?,"부적합한 방법으로 세탁하였을 때 섬유제품에 변색, 변형, 경화 등의 하자가 나타날 수 있습니다. 세탁방법을 지키지 않아서 발생하는 하자는 세탁한 자의 책임이 되며, 세탁취급표시대로 세탁했음에도 하자가 발생하였을 경우에는 제조판매업체의 책임으로 볼 수 있습니다.   세탁을 의뢰한 후 인도받은 물품에 하자가 발생하였을 경우에는 우선적으로 제조사나 구입처, 세탁소에 문제점을 제기하고, 하자의 원인 및 책임 소재에 대하여 분쟁이 발생한 경우에는 전문가(심의기구 등)에게 의뢰하여 의견을 구하는 것이 좋으며 품질 시험검사가 가능한 경우에는 이를 통해 보다 정확한 원인규명을 해볼 수 있습니다.   해당 신발이 원단불량 등 제품하자로 판명날 경우 공정거래위원회가 고시한 신발 관련 ‘소비자분쟁해결기준’에 따라 제조사나 구입처에 수선이 가능한 경우에는 무상수선, 수선이 불가한 경우에는 동종 제품으로의 교환, 동종 제품이 없는 경우에는 환급을 요구할 수 있으며, 수선이 가능한 경우임에도 불구하고 소비자가 구입가 환급을 요구하는 경우에 사업자는 이를 거부할 수 있습니다. 반면, 세탁 과정에서 발생한 하자로 판명날 경우 세탁사업자에게 원상회복, 불가능할 시 손해배상을 요구할 수 있습니다.   ※ 한국소비자원에서는 섬유·세탁 품질하자 유무 및 원인 규명을 위하여 해당 분야 전문가로 구성된 ‘신발제품심의위원회’를 운영하고 있으며, 해당 심의·자문 결과(책임소재, 심의내용 등)를 토대로 공정거래위원회가 고시한 ‘소비자분쟁해결기준’에 따라 피해보상에 관한 합의를 권고할 수 있습니다. 다만, 심의·자문 결과는 당사자간 분쟁해결에 있어 근거자료로 활용되나 법적 강제력은 없습니다."
761, 원피스, 계약해제·해지_일반매장 구입,보세 매장에서 원피스를 구입하고 당일 환급을 요구하였으나 사업자는 환급이 불가하다는 자사 방침을 사전에 고지했다며 거부하고 있습니다. 환급을 받을 수 있나요?,"사업자가 환급 불가라는 자사 방침을 충분히 설명하였고, 이에 소비자가 동의하였을 경우에는 환급을 요구하는 것이 어렵습니다.   공정거래위원회가 고시한 의복류 관련 ‘소비자분쟁해결기준’에 따르면, 치수(사이즈)가 맞지 않거나 디자인·색상에 불만이 발생했을 때 제품 구입 후 7일 이내로서 제품에 손상이 없는 경우에 한하여 교환 또는 환급을 요구할 수 있습니다. 다만, 구매 당시 교환 및 환급 불가 사실을 판매자가 명시적으로 표기 또는 고지를 하였다면 당사자 간에 이러한 내용의 계약을 체결한 것으로 보아 교환 및 환급을 요구하기 어렵다고 판단됩니다.   일반매장에서 상품 구입 후 교환 및 반품과 관련된 분쟁이 자주 발생하는데, 매장의 환급 규정, 교환 가능 유무 등을 꼼꼼히 확인 후 상품을 구입할 필요가 있습니다."
762, 원피스, 계약해제·해지_가격기재 오류,"전자상거래로 5,000원 특가 원피스를 주문하였으나 이틀 후 사업자가 50,000원 원피스를 5,000원으로 잘못 기재하였음을 주장하면서 일방적으로 주문 취소를 해버렸습니다. 계약이행을 주장할 수 있나요?","계약이행을 주장하기 어렵습니다.   「민법」 제109조(착오로 인한 의사표시)에 따르면 계약은 신의성실의 원칙에 따라 이행되어야 하나, 의사표시 당사자가 중요 부분에 착오가 있었다면 취소할 수 있습니다. 또한, 「전자상거래 등에서의 소비자보호에 관한 법률」 제15조(재화등의 공급 등)에 따르면 사업자가 청약을 받은 재화를 공급하기 곤란하다는 것을 알았을 때 그 사유를 소비자에게 알리고 대금을 3영업일 이내에 환급하거나 해당 조치를 하도록 규정하고 있습니다.   따라서, 제품 가격 5,000원이 통상가격의 10% 이하 가격인 점을 감안하면 사업자의 착오 주장은 인정될 수 있으며, 사업자는 계약체결 및 결제 이틀 이내 소비자에게 ’고지 및 환급‘ 조치를 완료했으므로 사업자의 계약취소 요구에 대해 소비자가 계약이행을 주장하기는 어렵다고 판단됩니다."
763, 원피스, 계약해제·해지_정품 의심,"전자상거래로 명품 원피스를 구입한 후 정품이 아닌 것 같은 느낌이 들어 환급을 요구하였으나, 사업자는 가품이라는 말에 화를 내며 환급을 거부합니다. 환급을 받을 수 있나요?","청약철회 기간이 경과한 후에는 가품이 의심되는 주관적인 추측, 정황만으로는 환급을 요구하기 어렵습니다.   「전자상거래 등에서의 소비자보호에 관한 법률」 제17조(청약철회등)에 따르면 소비자는 전자상거래로 구입한 제품에 대하여 공급받은 날로부터 7일 이내(표시·광고의 내용과 다르거나 계약 내용과 다르게 이행된 경우에는 공급받은 날부터 3개월, 사실을 안 날 또는 알 수 있었던 날부터 30일 이내)에 청약철회를 요청할 수 있으나, 해당 제품이 재판매가 불가할 정도로 훼손된 경우에는 청약철회를 제한하도록 규정하고 있습니다.   이 사안에서 청약철회 기간 내에 환급을 요구할 경우에는 단순 변심에 따른 청약철회가 가능하며, 청약철회 기간이 경과한 후 환급을 요구할 경우에는 가품이 의심되는 주관적인 추측만으로는 청약철회를 요구하기 어렵다고 판단됩니다.   다만, 육안상 가품으로 의심되는 경우에는 감정기관의 가품판정서, 상표권자의 가품확인서 등을 가품 입증자료를 확보하면 피해구제 신청이 가능합니다."
764, 원피스, 청약철회_배송 지연,전자상거래로 원피스를 구입한 후 몇 주가 지나도 배송이 되지 않아 환급을 요구하였으나 사업자는 현재 배송중이라며 이를 거부합니다. 송장번호도 확인이 안되는데 환급을 받을 수 있나요?,"환급을 요구할 수 있습니다.   「전자상거래 등에서의 소비자보호에 관한 법률」 제15조(재화등의 공급 등)에 따르면 사업자는 소비자가 청약을 한 날부터 7일 이내에 재화 등의 공급에 필요한 조치를 하여야 하고, 소비자가 재화 등의 대금을 전부 또는 일부를 지급한 날부터 3영업일 이내에 재화 등의 공급에 필요한 조치를 하여야 한다고 규정하고 있습니다. 또한, 청약을 받은 재화 등을 공급하기 곤란하다는 것을 알았을 때에는 지체 없이 그 사유를 소비자에게 알려야 하고, 소비자가 그 대금의 전부 또는 일부를 지급한 날부터 3 영업일 이내에 환급하거나 환급에 필요한 조치를 하도록 규정하고 있습니다.   따라서, 사업자가 물품의 배송이 힘들 것으로 판단되었을 때 그에 따른 안내를 소비자에게 하여야 할 의무가 있음에도 불구하고 이를 고지하지 않고 배송 중이라는 사유로 청약철회를 거부하고 있으며, 청약철회의 효과와 동일하게 대금의 환급이 이루어져야 함에도 불구하고 이를 이행하고 있지 않은 것으로 판단됩니다. 따라서, 소비자는 사업자에게 환급을 요구할 수 있다고 판단됩니다.   ※ 통신판매업자에 대한 청약철회 의사표시 방법은 법률상 특별한 제한이 없으므로 전화, 서면, 전자문서 모두 가능합니다. 다만, 전화로 의사표시를 한 경우 간혹 판매자가 청약철회 요구를 받은 사실이 없다고 주장하는 경우가 있으므로, 쇼핑몰 게시판에 청약철회 의사를 표시하고 그 화면을 캡처하여 보관하거나 서면으로 발송하는 것이 좋습니다. 서면으로 발송한 경우에는 발송한 날에 그 효력이 발생합니다. 또한, 사업자에게 청약철회를 요청하였는데도 특별한 사유없이 이를 거부할 경우, 「전자상거래 등에서의 소비자보호에 관한 법률」 제18조에 따라 신용카드로 대금을 결제하였다면 신용카드사에 처리를 요구할 수 있으니 참고하시기 바랍니다."
765, 원피스," 청약철회_제품 훼손, 오염, 냄새","청약철회 의사를 밝히고 수령한 원피스를 그대로 반송하였으나, 사업자가 반송된 제품의 훼손, 오염, 냄새 등으로 인해 거부하고 있습니다. 청약철회가 가능한가요? ","사업자가 제품의 훼손, 오염, 냄새의 원인이 소비자에게 있다고 입증하지 못한다면 청약철회를 요구할 수 있습니다.   「전자상거래 등에서의 소비자보호에 관한 법률」 제17조(청약철회등) 제2항에 따르면 소비자의 책임 있는 사유로 재화 등이 멸실되거나 훼손된 경우, 소비자의 사용 또는 일부 소비로 재화 등의 가치가 현저히 감소한 경우와 같이 예외적인 경우 청약철회를 할 수 없다고 규정하고 있습니다.   재화 등의 훼손에 대하여 소비자의 책임이 있는지 여부에 관하여 다툼이 있는 경우에는 사업자가 이를 입증해야 하므로, 소비자는 사업자가 발송한 제품에 하자가 존재하지 않는다는 점에 대한 입증을 요구하고 이를 입증하지 못하는 한 청약철회를 요구할 수 있다고 판단됩니다.   ※ 통신판매업자에 대한 청약철회 의사표시 방법은 법률상 특별한 제한이 없으므로 전화, 서면, 전자문서 모두 가능합니다. 다만, 전화로 의사표시를 한 경우 간혹 판매자가 청약철회 요구를 받은 사실이 없다고 주장하는 경우가 있으므로, 쇼핑몰 게시판에 청약철회 의사를 표시하고 그 화면을 캡처하여 보관하거나 서면으로 발송하는 것이 좋습니다. 서면으로 발송한 경우에는 발송한 날에 그 효력이 발생합니다. 또한, 사업자에게 청약철회를 요청하였는데도 특별한 사유없이 이를 거부할 경우, 「전자상거래 등에서의 소비자보호에 관한 법률」 제18조에 따라 신용카드로 대금을 결제하였다면 신용카드사에 처리를 요구할 수 있으니 참고하시기 바랍니다."
766, 원피스, 청약철회_주문제작,전자상거래로 원피스를 구입하고 단순 변심으로 청약철회를 요구하였으나 사업자는 주문 즉시 제작하는 ‘Order Made’ 상품임을 주장하면서 거절하고 있습니다. 청약철회가 가능한가요?,"사업자가 주문제작으로 청약철회가 어렵다는 사실을 고지하고 이에 소비자가 동의하였으며, 청약철회 시 중대한 피해가 예상된다는 것을 증명한 경우에는 청약철회를 요구하기 어렵습니다.   「전자상거래 등에서의 소비자보호에 관한 법률」 제17조(청약철회등)에 따르면 소비자의 청약철회 권리를 보호하고 있으나, ‘소비자의 사용 또는 책임 있는 사유로 재화가 훼손되거나 가치가 감소한 경우, 시간의 경과로 재판매가 곤란할 정도로 가치가 하락된 경우, 복제 가능한 재화 등의 포장을 훼손한 경우’에는 그 권리를 제한하고 있으며, 동법 시행령 제21조(청약철회등의 제한)에 따르면 소비자의 주문에 의하여 개별적으로 생산되는 재화‘의 청약철회를 인정하는 경우, 통신판매업자에게 회복할 수 없는 중대한 피해가 예상되는 경우로서 사전에 당해 거래에 대하여 별도로 그 사실을 고지하고 소비자의 서면(전자문서를 포함한다)에 의한 동의를 얻은 경우에는 청약철회 요청을 거부할 수 있다고 규정하고 있습니다.   따라서, 사업자가 청약철회 시 재판매 등이 어렵다는 사실을 사전에 고지하면서 소비자의 서면(전자문서를 포함한다)에 의한 동의를 얻었고, 특정 개인의 요구사항에 맞게 그 구성이 개별적으로 달리하게 된 제품이면서 청약철회 시 재판매 등이 어려워 중대한 피해가 예상된다는 것을 증명할 경우에는 청약철회가 어렵다고 판단됩니다.   다만, 소비자가 해당 제품이 이미 사이즈의 종류가 정해져 있는 상황에서 단순히 선택만 하였거나 청약철회 시 주문제작 착수 전일 경우에는 청약철회를 요구할 수 있습니다."
767, 원피스, 청약철회_SNS 판매,SNS에서 원피스를 구입하고 단순변심으로 반품을 요청하였으나 이를 거부하며 SNS를 차단한 후 연락이 되지 않습니다. 청약철회가 가능한가요?,"SNS 운영자가 통신판매업자로 등록하지 않은 개인이거나 사업자정보가 확인하기 어려운 경우에는 청약철회를 요구하기 어렵습니다.   「전자상거래 등에서의 소비자보호에 관한 법률」 제9조의2(전자게시판서비스 제공자의 책임)에 따르면 전자게시판서비스 제공자는 해당 게시판을 이용하여 통신판매 또는 통신판매중개가 이루어지는 경우 이로 인한 소비자피해가 발생하지 아니하도록 소비자보호조치를 이행하도록 규정하고 있습니다. 또한, 이에 따른 의무를 준수하도록 안내 및 권고를 하고, 소비자의 피해구제신청을 대행하는 장치를 마련하고 운영하며, 기타 소비자피해를 방지하기 위한 사항을 이행함과 동시에 사업자정보 역시 제공할 의무가 있습니다.   따라서, 통신판매업자로 등록한 사업자의 경우에는 해당 지자체(사업자 소재지)를 통해 연락 두절, 폐업, 폐쇄 등의 사실을 확인한 후 청약철회를 요구할 수 있으나, 통신판매업자로 등록하지 않은 개인이거나 또는 사업자정보(상호, 대표자명, 주소, 전화번호, 전자우편주소, 통신판매신고 번호 등) 확인이 불가한 경우에는 청약철회를 요구하기 어렵다고 판단됩니다."
768, 원피스, 청약철회_구성품 누락,전자상거래로 고가의 원피스를 구입하고 사이즈 착오로 반품을 요청하였으나 사업자가 구성품(포장지 비닐) 누락을 이유로 거부합니다. 청약철회가 가능한가요?,"구성품이 일부라도 누락된 상태라면 청약철회를 요구하기 어렵습니다.   「전자상거래 등에서의 소비자보호에 관한 법률」 제17조(청약철회등)에 따르면 소비자에게 책임이 있는 사유로 재화 등이 멸실되거나 훼손된 경우 청약철회를 할 수 없다고 규정하고 있습니다.   고가의 의류나 해외 구매대행 제품 등은 포장지에 제품의 정보를 담고 있는 바코드 스티커와 로고가 각인되어 있는 경우가 많아 개봉 시 주의할 필요가 있으며, 이 경우 사업자가 사전에 “포장 훼손 시 청약철회 불가”를 고지했다면 청약철회가 어렵다고 판단됩니다.   따라서, 제품 확인을 위해 포장을 개봉했다 하더라도 청약철회를 요청하기 위해서는 배송된 상태(제품 및 바코드 스티커 등 구성품 일체) 그대로 보존하여 반품해야 합니다.   ※ 통신판매업자에 대한 청약철회 의사표시 방법은 법률상 특별한 제한이 없으므로 전화, 서면, 전자문서 모두 가능합니다. 다만, 전화로 의사표시를 한 경우 간혹 판매자가 청약철회 요구를 받은 사실이 없다고 주장하는 경우가 있으므로, 쇼핑몰 게시판에 청약철회 의사를 표시하고 그 화면을 캡처하여 보관하거나 서면으로 발송하는 것이 좋습니다. 서면으로 발송한 경우에는 발송한 날에 그 효력이 발생합니다. 또한, 사업자에게 청약철회를 요청하였는데도 특별한 사유없이 이를 거부할 경우, 「전자상거래 등에서의 소비자보호에 관한 법률」 제18조에 따라 신용카드로 대금을 결제하였다면 신용카드사에 처리를 요구할 수 있으니 참고하시기 바랍니다."
769, 원피스, 청약철회_7일 이내 반품 미완료,전자상거래로 원피스를 구입하고 단순 변심으로 반품을 요청하였으나 사업자가 7일 이내 제품이 도착하지 않았다는 이유로 거부합니다. 청약철회가 가능한가요?,"청약철회를 요구할 수 있습니다.   「전자상거래 등에서의 소비자보호에 관한 법률」(이하, ‘전자상거래법’) 제17조(청약철회등)에 따르면 소비자는 단순 변심에 의한 청약철회의 경우 상품 수령일로부터 7일 이내에 청약철회를 할 수 있고, 이를 위반한 약정으로써 소비자에게 불리한 것은 효력이 없는 것으로 규정하고 있습니다.   따라서, 만약 사업자가 “반품은 상품이 7일 이내 쇼핑몰에 도착해야만 환급 가능하다”고 표시하였다고 하더라도 이는 ‘전자상거래법’ 제17조를 위반한 약정으로 소비자에게 불리한 것이므로 효력이 없다고 보며, 소비자가 제품을 수령한 날로부터 7일 이내 청약철회 의사표시를 하고 반품 절차를 진행했다면 설령 반품한 상품이 7일 이내 쇼핑몰에 도착하지 못했다 하더라도 청약철회 권리를 제한할 수는 없다고 판단됩니다.   ※ 통신판매업자에 대한 청약철회 의사표시 방법은 법률상 특별한 제한이 없으므로 전화, 서면, 전자문서 모두 가능합니다. 다만, 전화로 의사표시를 한 경우 간혹 판매자가 청약철회 요구를 받은 사실이 없다고 주장하는 경우가 있으므로, 쇼핑몰 게시판에 청약철회 의사를 표시하고 그 화면을 캡처하여 보관하거나 서면으로 발송하는 것이 좋습니다. 서면으로 발송한 경우에는 발송한 날에 그 효력이 발생합니다. 또한, 사업자에게 청약철회를 요청하였는데도 특별한 사유없이 이를 거부할 경우, 「전자상거래 등에서의 소비자보호에 관한 법률」 제18조에 따라 신용카드로 대금을 결제하였다면 신용카드사에 처리를 요구할 수 있으니 참고하시기 바랍니다."
770, 원피스, 청약철회_사이즈 표기 오류,"전자상거래로 S 사이즈 원피스를 구입하고 박스 표면에 표기된 사이즈를 확인한 후 그대로 보관했는데, 7일을 경과한 후 제품을 열어보니 L 사이즈였습니다. 이에 사업자에게 반품을 요구하였으나 청약철회기간인 7일이 지났다며 이를 거부합니다. 청약철회가 가능한가요?","소비자가 통상적 주의력을 가지고도 제품의 하자 또는 계약불이행 여부를 확인하기 어려운 상황이라면 청약철회를 요구할 수 있습니다.   「전자상거래 등에서의 소비자보호에 관한 법률」 제17조(청약철회등)에 따르면 재화 등을 공급받거나 재화 등의 공급이 시작된 날부터 7일 이내에 청약철회를 할 수 있지만, 재화 등의 내용이 표시, 광고의 내용과 다르거나 계약내용과 다르게 이행된 경우에는 그 재화 등을 공급받은 날부터 3개월 이내, 그 사실을 안 날 또는 알 수 있었던 날부터 30일 이내에 청약철회 권리를 행사할 수 있다고 규정하고 있습니다.   이 사례에서는 포장 박스에 S 사이즈로 표기가 되어 있었고, 소비자가 제품을 전혀 착용하지 않았기 때문에 소비자가 통상적인 주의력을 가지고 해당 하자 또는 계약불이행 여부를 확인하기 어려운 상태로 볼 수 있으므로 계약내용과 다르게 이행되었다는 사실을 안 날로부터 30일 이내인 점을 고려했을 때, 청약철회 요구가 가능하다고 판단됩니다.   단, 이때 사업자는 청약철회를 수용하더라도 소비자가 제품의 일부 사용, 소비로 얻은 이익 또는 그에 상당하는 비용을 소비자에게 청구할 수 있습니다.    ※ 통신판매업자에 대한 청약철회 의사표시 방법은 법률상 특별한 제한이 없으므로 전화, 서면, 전자문서 모두 가능합니다. 다만, 전화로 의사표시를 한 경우 간혹 판매자가 청약철회 요구를 받은 사실이 없다고 주장하는 경우가 있으므로, 쇼핑몰 게시판에 청약철회 의사를 표시하고 그 화면을 캡처하여 보관하거나 서면으로 발송하는 것이 좋습니다. 서면으로 발송한 경우에는 발송한 날에 그 효력이 발생합니다. 또한, 사업자에게 청약철회를 요청하였는데도 특별한 사유없이 이를 거부할 경우, 「전자상거래 등에서의 소비자보호에 관한 법률」 제18조에 따라 신용카드로 대금을 결제하였다면 신용카드사에 처리를 요구할 수 있으니 참고하시기 바랍니다."
771, 원피스, 청약철회_사이즈 문제,"전자상거래로 원피스를 구입하고 수령 후 사이즈가 맞지 않아 반품을 요구하였으나, 사업자는 소재 특성상 반품이 불가함을 미리 고지하였다며 거절하고 있습니다. 청약철회가 가능한가요?","재판매가 곤란할 정도의 제품 훼손이 없다면 청약철회를 요구할 수 있습니다.   「전자상거래 등에서의 소비자보호에 관한 법률」 제17조(청약철회등)에 따르면 소비자는 계약내용에 관한 서면을 교부받은 날(서면을 교부받은 때보다 재화 등의 공급이 늦게 이루어진 경우에는 재화 등의 공급을 받거나 공급이 개시된 날)부터 7일 이내에 당해 계약에 관한 청약을 철회할 수 있으며, 동법 제18조에는 색상, 디자인 혹은 사이즈 불만 등의 사유로 청약철회를 요청한 경우 반환에 소요되는 비용(반품비)은 소비자가 부담해야 한다고 규정하고 있습니다.   따라서, 홈페이지에 반품, 교환, 환급 등이 불가하다고 쓰여 있거나, 반품을 원할 경우에는 적립금으로 환급 처리된다고 고지되어 있더라도 청약철회와 관련하여 소비자에게 불리한 약정은 효력이 없기 때문에 재판매가 곤란할 정도의 제품 훼손이 없다면 반품비를 소비자가 부담하고 청약철회를 요구할 수 있다고 판단됩니다.   ※ 통신판매업자에 대한 청약철회 의사표시 방법은 법률상 특별한 제한이 없으므로 전화, 서면, 전자문서 모두 가능합니다. 다만, 전화로 의사표시를 한 경우 간혹 판매자가 청약철회 요구를 받은 사실이 없다고 주장하는 경우가 있으므로, 쇼핑몰 게시판에 청약철회 의사를 표시하고 그 화면을 캡처하여 보관하거나 서면으로 발송하는 것이 좋습니다. 서면으로 발송한 경우에는 발송한 날에 그 효력이 발생합니다. 또한, 사업자에게 청약철회를 요청하였는데도 특별한 사유없이 이를 거부할 경우, 「전자상거래 등에서의 소비자보호에 관한 법률」 제18조에 따라 신용카드로 대금을 결제하였다면 신용카드사에 처리를 요구할 수 있으니 참고하시기 바랍니다."
772, 원피스, 청약철회_반품·교환불가 사전 고지,"전자상거래로 원피스를 구입하고 수령 후 단순 변심으로 반품을 요구하였으나, 사업자는 반품, 교환, 환급이 불가하다는 문구를 쇼핑몰에 고지하였음을 근거로 거절하고 있습니다. 청약철회가 가능한가요?","재판매가 곤란할 정도의 제품 훼손이 없다면 청약철회를 요구할 수 있습니다.      「전자상거래 등에서의 소비자보호에 관한 법률」 제17조(청약철회등)에 따르면 소비자는 계약내용에 관한 서면을 교부받은 날(서면을 교부받은 때보다 재화 등의 공급이 늦게 이루어진 경우에는 재화 등의 공급을 받거나 공급이 개시된 날)부터 7일 이내에 당해 계약에 관한 청약을 철회할 수 있으며, 동법 제18조에는 색상, 디자인 혹은 사이즈 불만 등의 사유로 청약철회를 요청한 경우 반환에 소요되는 비용(반품비)은 소비자가 부담해야 한다고 규정하고 있습니다.   따라서, 홈페이지에 반품, 교환, 환급 등이 불가하다고 쓰여 있거나, 반품을 원할 경우에는 적립금으로 환급 처리된다고 고지되어 있더라도 청약철회와 관련하여 소비자에게 불리한 약정은 효력이 없기 때문에 재판매가 곤란할 정도의 제품 훼손이 없다면 반품비를 소비자가 부담하고 청약철회를 요구할 수 있다고 판단됩니다.   ※ 통신판매업자에 대한 청약철회 의사표시 방법은 법률상 특별한 제한이 없으므로 전화, 서면, 전자문서 모두 가능합니다. 다만, 전화로 의사표시를 한 경우 간혹 판매자가 청약철회 요구를 받은 사실이 없다고 주장하는 경우가 있으므로, 쇼핑몰 게시판에 청약철회 의사를 표시하고 그 화면을 캡처하여 보관하거나 서면으로 발송하는 것이 좋습니다. 서면으로 발송한 경우에는 발송한 날에 그 효력이 발생합니다. 또한, 사업자에게 청약철회를 요청하였는데도 특별한 사유없이 이를 거부할 경우, 「전자상거래 등에서의 소비자보호에 관한 법률」 제18조에 따라 신용카드로 대금을 결제하였다면 신용카드사에 처리를 요구할 수 있으니 참고하시기 바랍니다."
773, 원피스, 청약철회_흰색 제품 반품 거부,"전자상거래로 흰색 원피스를 구입하고 수령 후 단순 변심으로 반품을 요구하였으나, 사업자는 흰색 제품은 반품이 불가하다는 문구를 쇼핑몰에 고지하였음을 근거로 거절하고 있습니다. 청약철회가 가능한가요?","재판매가 곤란할 정도의 제품 훼손이 없다면 청약철회를 요구할 수 있습니다.      「전자상거래 등에서의 소비자보호에 관한 법률」 제17조(청약철회등)에 따르면 소비자의 청약철회 권리를 보호하고 있으나, ‘소비자의 사용 또는 책임 있는 사유로 재화가 훼손되거나 가치가 감소한 경우, 시간의 경과로 재판매가 곤란할 정도로 가치가 하락된 경우, 복제 가능한 재화 등의 포장을 훼손한 경우’에는 그 권리를 제한하고 있습니다. ‘주문에 의해 개별적으로 생산되는 재화’ 또한 통신판매사업자에게 회복할 수 없는 중대한 피해가 예상되는 경우, 사전에 당해 거래에 대해 별도로 그 사실을 고지하고 소비자의 서면 동의를 받아 두었다면 청약철회 요청을 거부할 수 있습니다.   하지만, 흰색 제품은 반품이 어렵다고 고지되어 있더라도 청약철회와 관련하여 소비자에게 불리한 약정으로 효력이 없으며, 공정거래위원회에서도 ‘흰색계열, 세일 상품’ 등의 이유로 청약철회를 거부하는 것을 ‘청약철회 방해 행위’로 보고 있기 때문에 재판매가 곤란할 정도의 제품 훼손이 없다면 반품비를 소비자가 부담하고 청약철회를 요구할 수 있다고 판단됩니다.   ※ 통신판매업자에 대한 청약철회 의사표시 방법은 법률상 특별한 제한이 없으므로 전화, 서면, 전자문서 모두 가능합니다. 다만, 전화로 의사표시를 한 경우 간혹 판매자가 청약철회 요구를 받은 사실이 없다고 주장하는 경우가 있으므로, 쇼핑몰 게시판에 청약철회 의사를 표시하고 그 화면을 캡처하여 보관하거나 서면으로 발송하는 것이 좋습니다. 서면으로 발송한 경우에는 발송한 날에 그 효력이 발생합니다. 또한, 사업자에게 청약철회를 요청하였는데도 특별한 사유없이 이를 거부할 경우, 「전자상거래 등에서의 소비자보호에 관한 법률」 제18조에 따라 신용카드로 대금을 결제하였다면 신용카드사에 처리를 요구할 수 있으니 참고하시기 바랍니다."
774, 원피스, 청약철회_묶음배송 반품비_제품 불량,"전자상거래로 원피스와 티셔츠 두 벌을 70,000원에 구입하였으며, 50,000원 이상 구매 시 무료배송이어서 사업자에게 묶음배송을 요청하였습니다. 이후 원피스가 불량인 것을 확인하여 반품을 요구했는데, 사업자는 반품비를 입금할 것을 주장합니다. 반품비를 제가 부담하는게 맞나요?","제품의 불량 등 사업자의 귀책사유로 반품하는 경우에는 사업자가 반품비 전액을 부담합니다.     「전자상거래 등에서의 소비자보호에 관한 법률」 제17조(청약철회등)에 따르면 소비자는 계약내용에 관한 서면을 교부받은 날(서면을 교부받은 때보다 재화 등의 공급이 늦게 이루어진 경우에는 재화 등의 공급을 받거나 공급이 개시된 날)부터 7일 이내에 당해 계약에 관한 청약을 철회할 수 있으며, 동법 제18조 제10항에는 표시 광고의 내용과 다르거나 계약내용과 다르게 이행된 경우 등의 사유로 청약철회를 요청한 경우 반환에 소요되는 비용(반품비)은 사업자가 부담해야 한다고 규정하고 있습니다.   따라서, 제품 하자 등 사업자의 귀책사유로 반품하는 경우에는 사업자가 반품 택배비 전액을 부담해야 한다고 판단됩니다."
775, 원피스, 청약철회_묶음배송 반품비_단순 변심,"전자상거래로 원피스와 티셔츠 두 벌을 70,000원에 구입하였으며, 50,000원 이상 구매 시 무료배송이어서 사업자에게 묶음배송을 요청하였습니다. 이후 원피스 사이즈가 맞지 않아 반품을 요구했는데, 사업자는 반품비를 입금할 것을 주장합니다. 반품비를 제가 부담하는게 맞나요?","사이즈 오류 등 개인 변심으로 반품하는 경우에는 소비자가 반품비 전액을 부담합니다.   「전자상거래 등에서의 소비자보호에 관한 법률」 제17조(청약철회등)에 따르면 소비자는 계약내용에 관한 서면을 교부받은 날(서면을 교부받은 때보다 재화 등의 공급이 늦게 이루어진 경우에는 재화 등의 공급을 받거나 공급이 개시된 날)부터 7일 이내에 당해 계약에 관한 청약을 철회할 수 있으며, 동법 제18조 제9항에는 색상, 디자인 혹은 사이즈 불만 등의 사유로 청약철회를 요청한 경우 반환에 소요되는 비용(반품비)은 소비자가 부담해야 한다고 규정하고 있습니다.   따라서, 소비자의 개인 변심으로 반품하는 경우에는 반품 택배비는 소비자가 전액 부담해야 한다고 판단됩니다."
776, 원피스, 계약불이행_미환급,전자상거래로 원피스를 주문하고 대금을 신용카드로 결제하였습니다. 구입 후 7일 이내 청약철회를 요구하여 원피스를 반품하였는데 물품 대금을 환급해 주지 않고 있습니다. 환급받을 방법이 있나요?,신용카드사에 카드사가 사업자에게 대금을 지급하지 않도록 요구할 수 있습니다.   「전자상거래 등에서의 소비자보호에 관한 법률」 제18조에 따르면 청약철회 시 사업자가 신용카드로 결제한 대금의 환급을 지연할 경우 신용카드사에 환급에 필요한 조치를 요구할 수 있도록 규정하고 있습니다. 이 경우에 신용카드사는 환급에 필요한 조치를 취해야 하며 사업자에게 지급할 대금이 있을 경우 이를 주지 않고 소비자가 결제한 대금을 상계처리한 후 소비자의 결제대금의 매출을 취소해 주어야 합니다.   따라서 소비자는 신용카드사에 사업자와의 다른 채무와의 상계를 요구할 수 있습니다.
777, 원피스, 가격·요금_과도한 반품배송비 요구,"전자상거래로 병행수입 원피스를 구입하고 반품을 요구하였으나 사전에 고지된 반품 배송비 이외에 ‘현지 운송료, 제비용 등’의 명목으로 추가 대금 지급을 요구합니다. 추가로 지급해야 하나요?","사업자가 추가대금의 타당성을 입증하는 경우를 제외하면, 미리 고지한 반품 배송비 이외에 다른 명목의 위약금은 거부할 수 있습니다.   병행수입을 비롯한 수입제품 판매 시 발생하는 배송비는 사업자마다 수입절차 및 재고관리 방식에 따라 다를 수 있으나 「전자상거래 등에서의 소비자보호에 관한 법률」 제18조 제9항, 제10항에 따라 부과하는 반품비용은 소비자의 구매 여부 판단에 영향을 주는 중요한 거래조건에 해당되므로 적절한 방법으로 고지하여야 할 사항으로 볼 수 있습니다.    따라서, 사업자가 수입 과정에서 발생한 ‘현지 및 국제운송료 + 수입세금 및 제비용’에 관해 입증할 수 있는 경우 소비자는 그에 대한 금액을 지급해야하며, 입증할 수 없는 경우 제품을 반품한 뒤 반품과정에서 발생한 비용을 공제한 후 환급을 요구할 수 있습니다.   반면, 동법에 따라 사업자는 소비자에게 청약철회를 이유로 위약금이나 손해배상을 청구할 수 없으므로 미리 고지한 반품 배송비 이외에 다른 명목의 위약금을 추가 청구하는 것은 인정되기 어렵습니다."
778, 원피스, 가격·요금_적립금 환급,전자상거래로 원피스를 신용카드로 구입하고 제품 수령 다음날 단순 변심으로 반품을 신청하였으나 사업자는 결제금액을 적립금으로만 돌려주겠다고 주장합니다. 신용카드 결제 취소를 요구할 수 있나요?,"사업자에게 신용카드 결제 취소를 요구할 수 있습니다.   「전자상거래 등에서의 소비자보호에 관한 법률」(이하, ‘전자상거래법’) 제17조(청약철회등)에 따르면 소비자는 상품을 공급 받은 날로부터 7일 이내에는 소비자의 귀책사유로 인한 상품의 멸실 또는 훼손된 경우 등을 제외하고는 단순변심으로 인한 청약철회를 할 수 있다고 규정하고 있습니다. 이에 소비자가 제품을 수령한 날로부터 7일 이내 청약철회 의사표시를 명확히 하였다면 해당 쇼핑몰은 ‘전자상거래법’ 제18조 제3항에 의거하여 신용카드사에게 대금 청구를 정지하거나 취소하도록 요청하여야 합니다.   따라서, 신용카드로 결제하였으나 적립금으로만 환급이 가능하다는 것은 「민법」 제548조(해제의 효과, 원상회복의무)에 따른 원상회복이라고 보기 어려우므로 소비자가 사용한 결제수단에 따른 환급 이행을 해당 쇼핑몰에 요구할 수 있다고 판단됩니다."
779, 원피스, 표시·광고_반품비1,"‘실크 100%’라고 광고하는 원피스를 전자상거래로 구입하고, 10일 뒤에 착용하던 과정에서 실제로는 실크는 10%만 포함된 사실을 알게 되었습니다. 이 경우에 반품비 부담자는 누구인가요?","사업자에게 청약철회를 요구할 수 있으며, 배송비를 포함한 반품비는 사업자가 부담하도록 요구할 수 있습니다.   「전자상거래 등에서의 소비자보호에 관한 법률」 제18조에 따르면 물품의 내용이 표시·광고 내용과 다른 경우에는 반환에 필요한 비용은 사업자가 부담함은 물론 소비자에게 물품을 배달할 때의 배송비도 사업자가 부담하여야 하며 이미 소비자가 지급한 경우에는 환급하도록 규정하고 있습니다. 이 경우에는 청약철회기간은 당해 물품을 공급받은 날부터 3월 이내, 그 사실을 안 날 또는 알 수 있었던 날부터 30일 이내로 연장 됩니다.   이러한 소비자의 권리가 인정되려면 물품 관련 표시·광고의 내용이 누가 보아도 명백하게 허위이거나 과장된 점이 인정되어야 하는데, 「표시·광고의 공정화에 관한 법률」 제3조 및 「부당한 표시·광고행위의 유형 및 기준 지정 고시」에 의하면 부된 원재료나 성분을 가지고 전체의 주된 성분인 것처럼 표시·광고한 행위를 부당한 표시·광고로 규정하고 있습니다.    따라서 성분 표시가 잘못된 것이 명확히 확인될 경우에는 물품의 내용이 표시·광고 내용과 다른 경우에 해당하여 청약철회가 가능하고, 반품비는 사업자가 부담하도록 요구할 수 있습니다."
780, 원피스, 표시·광고_반품비2,"전자상거래 사업자가 운영하고 있는 FAQ에서 ‘모든 상품은 무료 반품 가능’이라는 문구를 확인하고 원피스를 구입하였고, 이후 7일 이내 반품을 요구하였으나 사업자가 반품비를 요구합니다. 제가 비용을 지급해야 하나요?","FAQ 게시물도 광고에 해당되며, 표시·광고와 다르게 계약이 이행된 경우에는 사업자 귀책사유에 해당하므로 반품비는 사업자가 부담합니다.    대법원 판례에 따르면 “FAQ 게시물은 일반 소비자가 누구나 접근할 수 있는 사업자의 인터넷 홈페이지에 게시되어 있으며, 게시 경위도 소비자들이 사업자에게 한 질문에 대해 개별적으로 답변한 것이 아니라 사업자가 일반 소비자들에게 알리고 싶은 내용을 선정하여 질문과 답변의 형식으로 게시해 놓은 것이라는 점에 비추어 보면, 사업자가 ‘널리 소비자들에게 제시하거나 알리기 위하여’ 게시해 놓은 것이라고 볼 수 있으므로 해당 FAQ 게시물은 「표시·광고의 공정화에 관한 법률」 상의 광고에 해당합니다(대법원 2009.5.28., 선고, 2009두843, 판결).   또한, 「표시·광고의 공정화에 관한 법률」 제3조(부당한 표시·광고 행위의 금지) 및 ‘부당한 표시·광고행위의 유형 및 기준 지정 고시‘에 따르면 반품, 교환, 대금지급방법 등 기타 거래내용 및 거래조건 등에 관하여 표시·광고함에 있어서는 사실대로 하여야 하며, 이를 사실과 다르게 표시·광고한 행위를 부당한 표시·광고로 규정하고 있습니다.    따라서, 이 사례에서는 사실과 다르게 반품비를 요구하는 것이 명확히 확인되므로 물품의 내용이 표시·광고 내용과 다른 경우에 해당하며, 「전자상거래 등에서의 소비자보호에 관한 법률」 제18조(청약철회등의 효과)에 따라 사업자에게 반품비 부담을 요구할 수 있다고 판단됩니다."
781, 원피스, 표시·광고_광고와 차이 있는 제품,전자상거래로 원피스를 구입하고 10일 뒤 착용하던 과정에서 광고 사진과 너무 다르다는 사실을 알게되었습니다. 청약철회가 가능한가요?,"상품이 광고 사진과 다르다는 소비자의 주관적인 판단만으로는 계약내용과 다르게 이행되었다고 보기 어려우므로 7일이 경과한 후에는 청약철회를 요구하기 어렵습니다.   「전자상거래 등에서의 소비자보호에 관한 법률」 제17조(청약철회등)에 따르면 소비자는 전자상거래로 구입한 제품에 대하여 공급받은 날로부터 7일 이내(표시·광고의 내용과 다르거나 계약내용과 다르게 이행된 경우에는 공급받은 날부터 3개월, 사실을 안 날 또는 알 수 있었던 날부터 30일 이내)에 청약철회를 요청할 수 있으나, 소비자에게 책임이 있는 사유로 재화 등이 멸실되거나 훼손된 경우에는 청약철회를 요구할 수 없습니다.   다만, 광고 사진과 다르다는 소비자의 주관적인 판단만으로는 「표시·광고의 공정화에 관한 법률」 상 부당한 표시·광고임을 주장하기 어려우며, 광고 사진과 실제 받은 제품이 완전 다른 경우와 같이 중대한 하자가 있다면 청약철회를 요구할 수 있다고 판단됩니다."
782, 원피스, 품질_보풀,"원피스를 구입하고 1회 착용하였는데, 어깨 부분에 보풀이 심하게 발생하였습니다. 구제 방법이 있나요?","어느 정도의 보풀은 의류를 착용할 때 자연스럽게 발생할 수 있는 현상으로 품질불량으로 보지 않습니다. 그러나 보풀이 심할 경우 외관을 해칠 뿐만 아니라 섬유의 질감을 변화시키기 때문에 품질불량으로 판단할 수 있습니다.   우선적으로 제조사나 구입처 등에 문제점을 제기하고, 하자의 원인 및 책임 소재에 대하여 분쟁이 발생한 경우에는 전문가(심의기구 등)에게 의뢰하여 의견을 구하는 것이 좋으며 품질 시험검사가 가능한 경우에는 이를 통해 보다 정확한 원인규명을 해볼 수 있습니다.    해당 제품이 원단불량 등 제품하자로 판명날 경우 공정거래위원회가 고시한 의복류 관련 ‘소비자분쟁해결기준’에 따라 제조사나 구입처에 수선이 가능한 경우에는 무상수선, 수선이 불가한 경우에는 동종 제품으로의 교환, 동종 제품이 없는 경우에는 환급을 요구할 수 있으며, 수선이 가능한 경우임에도 불구하고 소비자가 구입가의 환급을 요구하는 경우에 사업자는 이를 거부할 수 있습니다.   ※ 한국소비자원에서는 섬유·세탁 품질하자 유무 및 원인 규명을 위하여 해당 분야 전문가로 구성된 ‘섬유제품심의위원회’를 운영하고 있으며, 해당 심의·자문 결과(책임소재, 심의내용 등)를 토대로 공정거래위원회가 고시한 ‘소비자분쟁해결기준’에 따라 피해보상에 관한 합의를 권고할 수 있습니다. 다만, 심의·자문 결과는 당사자간 분쟁해결에 있어 근거자료로 활용되나 법적 강제력은 없습니다."
783, 원피스, 품질_올 당겨짐,원피스를 구입하고 착용하다 보니 장식으로 들어간 실에서 쉽게 올이 나옵니다. 구제 방법이 있나요?,"날카롭거나 뾰쪽한 물체에 걸려 올이 당겨지거나 끊어진 경우에는 착용자의 과실로 판단하여 품질불량으로 보지 않습니다. 그러나 자연스럽게 발생할 수 있는 일상적인 마찰에도 올이 쉽게 당겨지거나 끊어질 경우 품질불량으로 판단할 수 있습니다.   우선적으로 제조사나 구입처 등에 문제점을 제기하고, 하자의 원인 및 책임 소재에 대하여 분쟁이 발생한 경우에는 전문가(심의기구 등)에게 의뢰하여 의견을 구하는 것이 좋으며 품질 시험검사가 가능한 경우에는 이를 통해 보다 정확한 원인규명을 해볼 수 있습니다.   해당 제품이 원단불량 등 제품하자로 판명날 경우 공정거래위원회가 고시한 의복류 관련 ‘소비자분쟁해결기준’에 따라 제조사나 구입처에 수선이 가능한 경우에는 무상수선, 수선이 불가한 경우에는 동종 제품으로의 교환, 동종 제품이 없는 경우에는 환급을 요구할 수 있으며, 수선이 가능한 경우임에도 불구하고 소비자가 구입가의 환급을 요구하는 경우에 사업자는 이를 거부할 수 있습니다.   ※ 한국소비자원에서는 섬유·세탁 품질하자 유무 및 원인 규명을 위하여 해당 분야 전문가로 구성된 ‘섬유제품심의위원회’를 운영하고 있으며, 해당 심의·자문 결과(책임소재, 심의내용 등)를 토대로 공정거래위원회가 고시한 ‘소비자분쟁해결기준’에 따라 피해보상에 관한 합의를 권고할 수 있습니다. 다만, 심의·자문 결과는 당사자간 분쟁해결에 있어 근거자료로 활용되나 법적 강제력은 없습니다."
784, 원피스, 품질_실 미어짐,원피스를 구입하여 처음 착용하였는데 오른쪽 소매 윗부분 봉제가 뜯어지고 미어졌습니다. 구제 방법이 있나요?,"제품의 봉제 부위에 외력(힘)을 가했을 때 원단이 미끄러지면서 밀리는 것을 실 미어짐이라고 합니다. 미어지는 정도에 따라 품질불량 여부를 판단하며, 주로 미끄러운 성질의 원단에 이와 같은 현상이 나타날 수 있습니다.   우선적으로 제조사나 구입처 등에 문제점을 제기하고, 하자의 원인 및 책임 소재에 대하여 분쟁이 발생한 경우에는 전문가(심의기구 등)에게 의뢰하여 의견을 구하는 것이 좋으며 품질 시험검사가 가능한 경우에는 이를 통해 보다 정확한 원인규명을 해볼 수 있습니다.   해당 제품이 원단불량 등 제품하자로 판명날 경우 공정거래위원회가 고시한 의복류 관련 ‘소비자분쟁해결기준’에 따라 제조사나 구입처에 수선이 가능한 경우에는 무상수선, 수선이 불가한 경우에는 동종 제품으로의 교환, 동종 제품이 없는 경우에는 환급을 요구할 수 있으며, 수선이 가능한 경우임에도 불구하고 소비자가 구입가의 환급을 요구하는 경우에 사업자는 이를 거부할 수 있습니다.   ※ 한국소비자원에서는 섬유·세탁 품질하자 유무 및 원인 규명을 위하여 해당 분야 전문가로 구성된 ‘섬유제품심의위원회’를 운영하고 있으며, 해당 심의·자문 결과(책임소재, 심의내용 등)를 토대로 공정거래위원회가 고시한 ‘소비자분쟁해결기준’에 따라 피해보상에 관한 합의를 권고할 수 있습니다. 다만, 심의·자문 결과는 당사자간 분쟁해결에 있어 근거자료로 활용되나 법적 강제력은 없습니다."
785, 원피스, 품질_털빠짐1,털 원피스를 구입 후 1회 착용하였는데 봉제 및 칼라 주위에서 털이 심하게 빠져나옵니다. 구제 방법이 있나요?,"털 소재 섬유제품의 특성상 봉제구멍 또는 섬유사이로 털이 빠져나와 날리거나 함께 착용한 의류에 묻어나는 경우가 있는데, 그 정도가 심할 경우 품질불량으로 판단할 수 있습니다.   우선적으로 제조사나 구입처 등에 문제점을 제기하고, 하자의 원인 및 책임 소재에 대하여 분쟁이 발생한 경우에는 전문가(심의기구 등)에게 의뢰하여 의견을 구하는 것이 좋으며 품질 시험검사가 가능한 경우에는 이를 통해 보다 정확한 원인규명을 해볼 수 있습니다.    해당 제품이 원단불량 등 제품하자로 판명날 경우 공정거래위원회가 고시한 의복류 관련 ‘소비자분쟁해결기준’에 따라 제조사나 구입처에 수선이 가능한 경우에는 무상수선, 수선이 불가한 경우에는 동종 제품으로의 교환, 동종 제품이 없는 경우에는 환급을 요구할 수 있으며, 수선이 가능한 경우임에도 불구하고 소비자가 구입가의 환급을 요구하는 경우에 사업자는 이를 거부할 수 있습니다.   ※ 한국소비자원에서는 섬유·세탁 품질하자 유무 및 원인 규명을 위하여 해당 분야 전문가로 구성된 ‘섬유제품심의위원회’를 운영하고 있으며, 해당 심의·자문 결과(책임소재, 심의내용 등)를 토대로 공정거래위원회가 고시한 ‘소비자분쟁해결기준’에 따라 피해보상에 관한 합의를 권고할 수 있습니다. 다만, 심의·자문 결과는 당사자간 분쟁해결에 있어 근거자료로 활용되나 법적 강제력은 없습니다."
786, 원피스, 품질_털빠짐2,털 바지를 구입하여 1개월 정도 착용하였는데 전체적으로 털이 많이 빠져 함께 착용한 의류에 심하게 묻어납니다. 구제 방법이 있나요?,"털 소재 섬유제품의 특성상 어느 정도 털이 빠지는 것은 자연스럽게 발생할 수 있는 현상이며, 소재 특성에 따라 다른 제품보다 상대적으로 잘 빠지는 소재도 있지만(예: 토끼털, 알파카 등), 그 정도가 심할 경우 품질불량으로 판단할 수 있습니다.   우선적으로 제조사나 구입처 등에 문제점을 제기하고, 하자의 원인 및 책임 소재에 대하여 분쟁이 발생한 경우에는 전문가(심의기구 등)에게 의뢰하여 의견을 구하는 것이 좋으며 품질 시험검사가 가능한 경우에는 이를 통해 보다 정확한 원인규명을 해볼 수 있습니다.    해당 제품이 원단불량 등 제품하자로 판명날 경우 공정거래위원회가 고시한 의복류 관련 ‘소비자분쟁해결기준’에 따라 제조사나 구입처에 수선이 가능한 경우에는 무상수선, 수선이 불가한 경우에는 동종 제품으로의 교환, 동종 제품이 없는 경우에는 환급을 요구할 수 있으며, 수선이 가능한 경우임에도 불구하고 소비자가 구입가의 환급을 요구하는 경우에 사업자는 이를 거부할 수 있습니다.   ※ 한국소비자원에서는 섬유·세탁 품질하자 유무 및 원인 규명을 위하여 해당 분야 전문가로 구성된 ‘섬유제품심의위원회’를 운영하고 있으며, 해당 심의·자문 결과(책임소재, 심의내용 등)를 토대로 공정거래위원회가 고시한 ‘소비자분쟁해결기준’에 따라 피해보상에 관한 합의를 권고할 수 있습니다. 다만, 심의·자문 결과는 당사자간 분쟁해결에 있어 근거자료로 활용되나 법적 강제력은 없습니다."
787, 원피스, 품질_원형회복,원피스를 구입하여 약 4개월 착용하였는데 배 부분에 심한 구김이 발생하여 드라이클리닝을 하였지만 개선되지 않습니다. 구제 방법이 있나요?,"원단이 압력 또는 힘에 의하여 늘어났다가 다시 원상으로 회복되지 아니하여 원래의 크기보다 커지거나 원단에 구김이 발생할 수 있지만, 그 정도가 심할 경우 품질불량으로 판단할 수 있습니다.   우선적으로 제조사나 구입처 등에 문제점을 제기하고, 하자의 원인 및 책임 소재에 대하여 분쟁이 발생한 경우에는 전문가(심의기구 등)에게 의뢰하여 의견을 구하는 것이 좋으며 품질 시험검사가 가능한 경우에는 이를 통해 보다 정확한 원인규명을 해볼 수 있습니다.    해당 제품이 원단불량 등 제품하자로 판명날 경우 공정거래위원회가 고시한 의복류 관련 ‘소비자분쟁해결기준’에 따라 제조사나 구입처에 수선이 가능한 경우에는 무상수선, 수선이 불가한 경우에는 동종 제품으로의 교환, 동종 제품이 없는 경우에는 환급을 요구할 수 있으며, 수선이 가능한 경우임에도 불구하고 소비자가 구입가의 환급을 요구하는 경우에 사업자는 이를 거부할 수 있습니다.   ※ 한국소비자원에서는 섬유·세탁 품질하자 유무 및 원인 규명을 위하여 해당 분야 전문가로 구성된 ‘섬유제품심의위원회’를 운영하고 있으며, 해당 심의·자문 결과(책임소재, 심의내용 등)를 토대로 공정거래위원회가 고시한 ‘소비자분쟁해결기준’에 따라 피해보상에 관한 합의를 권고할 수 있습니다. 다만, 심의·자문 결과는 당사자간 분쟁해결에 있어 근거자료로 활용되나 법적 강제력은 없습니다."
788, 원피스, 품질_변색,원피스를 구입하여 2회 착용하였는데 어깨와 등 부분 등에서 변색이 발생하였습니다. 구제 방법이 있나요?,"햇빛에 직접 노출되는 부위(어깨 및 소매윗부분 등)나 땀이 발생하는 부위(등, 겨드랑이 등)에 변색이 발생할 수 있습니다. 바로 세탁하지 않고 방치하였을 때 발생한 변색에 대해서는 소비자과실로 판단하나, 햇빛, 땀 등에 변색되지 않고 견디는 정도가 심하게 낮으면 품질불량으로 판단할 수 있습니다.   우선적으로 제조사나 구입처 등에 문제점을 제기하고, 하자의 원인 및 책임 소재에 대하여 분쟁이 발생한 경우에는 전문가(심의기구 등)에게 의뢰하여 의견을 구하는 것이 좋으며 품질 시험검사가 가능한 경우에는 이를 통해 보다 정확한 원인규명을 해볼 수 있습니다.    해당 제품이 원단불량 등 제품하자로 판명날 경우 공정거래위원회가 고시한 의복류 관련 ‘소비자분쟁해결기준’에 따라 제조사나 구입처에 수선이 가능한 경우에는 무상수선, 수선이 불가한 경우에는 동종 제품으로의 교환, 동종 제품이 없는 경우에는 환급을 요구할 수 있으며, 수선이 가능한 경우임에도 불구하고 소비자가 구입가의 환급을 요구하는 경우에 사업자는 이를 거부할 수 있습니다.   ※ 한국소비자원에서는 섬유·세탁 품질하자 유무 및 원인 규명을 위하여 해당 분야 전문가로 구성된 ‘섬유제품심의위원회’를 운영하고 있으며, 해당 심의·자문 결과(책임소재, 심의내용 등)를 토대로 공정거래위원회가 고시한 ‘소비자분쟁해결기준’에 따라 피해보상에 관한 합의를 권고할 수 있습니다. 다만, 심의·자문 결과는 당사자간 분쟁해결에 있어 근거자료로 활용되나 법적 강제력은 없습니다."
789, 원피스, 품질_물듦,빨간색 원피스를 구입하여 약 2개월 착용하였는데 함께 착용한 내의가 빨갛게 물들었습니다. 구제 방법이 있나요?,"원단불량 등 제품 하자로 판명되면, 수선이 가능한 경우에는 무상수선, 수선이 불가한 경우에는 동종 제품으로의 교환, 동종 제품이 없는 경우에는 환급을 요구할 수 있습니다.   염색된 섬유제품이 마찰로 인해 염료가 탈락하는 경우가 발생할 수 있습니다. 약간의 염색 탈락은 허용가능하나, 그 정도가 심할 경우 품질불량으로 판단할 수 있습니다.   우선적으로 제조사나 구입처 등에 문제점을 제기하고, 하자의 원인 및 책임 소재에 대하여 분쟁이 발생한 경우에는 전문가(심의기구 등)에게 의뢰하여 의견을 구하는 것이 좋으며 품질 시험검사가 가능한 경우에는 이를 통해 보다 정확한 원인규명을 해볼 수 있습니다.    따라서, 해당 제품이 원단불량 등 제품하자로 판명된 경우 가방류 관련 「소비자분쟁해결기준」에 따라 수선이 가능한 경우에는 무상수선, 수선이 불가한 경우에는 동종 제품으로의 교환, 동종 제품이 없는 경우에는 환급을 요구할 수 있으며, 수선이 가능한 경우임에도 불구하고 소비자가 구입가의 환급을 요구하는 경우에 사업자는 이를 거부할 수 있습니다.   ※ 한국소비자원에서는 섬유·세탁 품질하자 유무 및 원인 규명을 위하여 해당 분야 전문가로 구성된 ‘섬유제품심의위원회’를 운영하고 있으며, 해당 심의·자문 결과(책임소재, 심의내용 등)를 토대로 공정거래위원회가 고시한 ‘소비자분쟁해결기준’에 따라 피해보상에 관한 합의를 권고할 수 있습니다. 다만, 심의·자문 결과는 당사자간 분쟁해결에 있어 근거자료로 활용되나 법적 강제력은 없습니다."
790, 원피스, 품질_자연적현상,구입한 지 5년 된 원피스를 보관하다가 입으려고 보니 버블 현상이 심합니다. 구제 방법이 있나요?,"원피스의 내용연수가 경과한 경우에는 제품하자로 보기 어렵습니다.   섬유제품의 소재특성으로 인하여 자연스럽게 발생하는 현상이나 내용연수(제품의 수명) 경과로 인해 발생한 제품의 하자는 과실로 보기 어려우므로 피해구제 처리대상이 아닙니다. 여기서 내용연수는 공정거래위원회가 고시한 ‘소비자분쟁해결기준’에서 정하는 품목별 내용연수를 따르며 착용횟수와는 관계가 없습니다.   소재특성으로 인한 자연스러운 현상의 대표적인 사례로 알파카의 털빠짐, 토끼털의 모근 약함, 면소재와 청바지의 물빠짐, 한복의 흰줄 발생, 신발 밑창 닳음 등이 있으며, 정도가 심한 경우 책임소재를 따질 수 있으나 해당 현상을 품질불량으로 보기 어려운 경우가 많습니다. 또한, 내용연수가 경과한 제품은 제품의 수명이 다하여 발생한 자연손상으로 보아 하자를 주장하기 어려울 수 있습니다.   따라서, 이 경우 원피스의 내용연수가 경과하면서 원단의 자연 취화 및 노화로 자연스럽게 발생할 수 있는 것으로 보아 제품하자로 볼 수 없다고 판단됩니다."
791, 원피스, 품질_마찰,원피스를 구입하여 착용하다가 1회 세탁하였는데 부분적으로 희뿌옇게 변색되었습니다. 구제 방법이 있나요?,"일반적으로 마찰이 잦은 부위에서는 약간의 탈색이 발생할 수 있습니다. 하지만 그 정도가 심할 경우 품질불량으로 판단할 수 있습니다.   우선적으로 제조사나 구입처 등에 문제점을 제기하고, 하자의 원인 및 책임 소재에 대하여 분쟁이 발생한 경우에는 전문가(심의기구 등)에게 의뢰하여 의견을 구하는 것이 좋으며 품질 시험검사가 가능한 경우에는 이를 통해 보다 정확한 원인규명을 해볼 수 있습니다.    해당 제품이 원단불량 등 제품하자로 판명날 경우 공정거래위원회가 고시한 의복류 관련 ‘소비자분쟁해결기준’에 따라 제조사나 구입처에 수선이 가능한 경우에는 무상수선, 수선이 불가한 경우에는 동종 제품으로의 교환, 동종 제품이 없는 경우에는 환급을 요구할 수 있으며, 수선이 가능한 경우임에도 불구하고 소비자가 구입가의 환급을 요구하는 경우에 사업자는 이를 거부할 수 있습니다.   ※ 한국소비자원에서는 섬유·세탁 품질하자 유무 및 원인 규명을 위하여 해당 분야 전문가로 구성된 ‘섬유제품심의위원회’를 운영하고 있으며, 해당 심의·자문 결과(책임소재, 심의내용 등)를 토대로 공정거래위원회가 고시한 ‘소비자분쟁해결기준’에 따라 피해보상에 관한 합의를 권고할 수 있습니다. 다만, 심의·자문 결과는 당사자간 분쟁해결에 있어 근거자료로 활용되나 법적 강제력은 없습니다."
792, 원피스, 품질_이염,1년 전 구입한 원피스를 세탁소에서 첫 세탁하였는데 흰색 배색 원단이 검게 이염되었습니다. 구제 방법이 있나요?,"세탁(물세탁 또는 드라이클리닝)에 의해 발생하는 제품 자체의 변색 및 이염, 타제품 오염 정도를 확인하고, 섬유제품 품질 권장기준에 따라 허용수준인지, 품질불량인지 판단이 필요합니다.   우선적으로 제조사나 구입처, 세탁소 등에 문제점을 제기하고, 하자의 원인 및 책임 소재에 대하여 분쟁이 발생한 경우에는 전문가(심의기구 등)에게 의뢰하여 의견을 구하는 것이 좋으며 품질 시험검사가 가능한 경우에는 이를 통해 보다 정확한 원인규명을 해볼 수 있습니다.    해당 제품이 원단불량 등 제품하자로 판명날 경우 공정거래위원회가 고시한 의복류 관련 ‘소비자분쟁해결기준’에 따라 제조사나 구입처에 수선이 가능한 경우에는 무상수선, 수선이 불가한 경우에는 동종 제품으로의 교환, 동종 제품이 없는 경우에는 환급을 요구할 수 있으며, 수선이 가능한 경우임에도 불구하고 소비자가 구입가의 환급을 요구하는 경우에 사업자는 이를 거부할 수 있습니다. 반면, 세탁 과정에서 발생한 하자로 판명날 경우 세탁사업자에게 원상회복, 불가능할 시 손해배상을 요구할 수 있습니다.   ※ 한국소비자원에서는 섬유·세탁 품질하자 유무 및 원인 규명을 위하여 해당 분야 전문가로 구성된 ‘섬유제품심의위원회’를 운영하고 있으며, 해당 심의·자문 결과(책임소재, 심의내용 등)를 토대로 공정거래위원회가 고시한 ‘소비자분쟁해결기준’에 따라 피해보상에 관한 합의를 권고할 수 있습니다. 다만, 심의·자문 결과는 당사자간 분쟁해결에 있어 근거자료로 활용되나 법적 강제력은 없습니다."
793, 원피스, 품질_봉제불량,원피스를 구입하여 2개월 간 착용하다가 집에서 손세탁하였는데 앞여밈 부위에 구멍이 발생하였습니다. 구제 방법이 있나요?,"해당 제품의 봉제 불량 여부와 함께 잘못된 세탁 또는 사용상 부주의에 의해 발생할 수 있는 불량인지 판단이 필요합니다.   우선적으로 제조사나 구입처 등에 문제점을 제기하고, 하자의 원인 및 책임 소재에 대하여 분쟁이 발생한 경우에는 전문가(심의기구 등)에게 의뢰하여 의견을 구하는 것이 좋으며 품질 시험검사가 가능한 경우에는 이를 통해 보다 정확한 원인규명을 해볼 수 있습니다.    해당 제품이 원단불량 등 제품하자로 판명날 경우 공정거래위원회가 고시한 의복류 관련 ‘소비자분쟁해결기준’에 따라 제조사나 구입처에 수선이 가능한 경우에는 무상수선, 수선이 불가한 경우에는 동종 제품으로의 교환, 동종 제품이 없는 경우에는 환급을 요구할 수 있으며, 수선이 가능한 경우임에도 불구하고 소비자가 구입가의 환급을 요구하는 경우에 사업자는 이를 거부할 수 있습니다.   ※ 한국소비자원에서는 섬유·세탁 품질하자 유무 및 원인 규명을 위하여 해당 분야 전문가로 구성된 ‘섬유제품심의위원회’를 운영하고 있으며, 해당 심의·자문 결과(책임소재, 심의내용 등)를 토대로 공정거래위원회가 고시한 ‘소비자분쟁해결기준’에 따라 피해보상에 관한 합의를 권고할 수 있습니다. 다만, 심의·자문 결과는 당사자간 분쟁해결에 있어 근거자료로 활용되나 법적 강제력은 없습니다."
794, 원피스, 품질_세탁방법 부적합,원피스를 세탁한 후 바깥쪽 원단이 심하게 수축되었습니다. 구제 방법이 있나요?,"부적합한 방법으로 세탁하였을 때 섬유제품에 변색, 변형, 경화 등의 하자가 나타날 수 있습니다. 세탁방법을 지키지 않아서 발생하는 하자는 세탁한 자의 책임이 되며, 세탁취급표시대로 세탁했음에도 하자가 발생하였을 경우에는 제조판매업체의 책임으로 판단할 수 있습니다.   세탁을 의뢰한 후 인도받은 물품에 하자가 발생하였을 경우에는 우선적으로 제조사나 구입처, 세탁소에 문제점을 제기하고, 하자의 원인 및 책임 소재에 대하여 분쟁이 발생한 경우에는 전문가(심의기구 등)에게 의뢰하여 의견을 구하는 것이 좋으며 품질 시험검사가 가능한 경우에는 이를 통해 보다 정확한 원인규명을 해볼 수 있습니다.   해당 제품이 원단불량 등 제품하자로 판명된 경우 공정거래위원회가 고시한 의복류 관련 ‘소비자분쟁해결기준’에 따라 수선이 가능한 경우에는 무상수선, 수선이 불가한 경우에는 동종 제품으로의 교환, 동종 제품이 없는 경우에는 환급을 요구할 수 있으며, 수선이 가능한 경우임에도 불구하고 소비자가 구입가의 환급을 요구하는 경우에 사업자는 이를 거부할 수 있습니다. 반면 세탁 과정에서 발생한 하자로 판명날 경우 세탁사업자에게 원상회복, 불가능할 시 손해배상을 요구할 수 있습니다.   ※ 한국소비자원에서는 섬유·세탁 품질하자 유무 및 원인 규명을 위하여 해당 분야 전문가로 구성된 ‘섬유제품심의위원회’를 운영하고 있으며, 해당 심의·자문 결과(책임소재, 심의내용 등)를 토대로 공정거래위원회가 고시한 ‘소비자분쟁해결기준’에 따라 피해보상에 관한 합의를 권고할 수 있습니다. 다만, 심의·자문 결과는 당사자간 분쟁해결에 있어 근거자료로 활용되나 법적 강제력은 없습니다."
795, 유사투자자문, 청약철회 ,전화권유로 유사투자자문서비스 12개월 약정으로 계약하였는데 충동적인 결정으로 다음날 청약철회를 요구하였으나 사업자가 계약서에 명시되었다는 이유로 거부하고 있습니다. 청약철회가 불가한가요?,"사업자에게 7일 이내 청약철회 의사를 전달하면 위약금(10%) 없이 경과일수에 대한 이용료만 공제하고 환급을 요구할 수 있습니다.   「전자상거래 등에서의 소비자보호에 관한 법률」(이하, ‘전자상거래법’) 제17조(청약철회등) 및 공정거래위원회가 고시한 인터넷콘텐츠업 관련 ‘소비자분쟁해결기준’에 따르면 ‘7일 이내 계약 취소 의사를 전달한 경우 청약철회가 가능하다’고 규정하고 있습니다.   따라서, 사업자에게 7일 이내에 청약철회 의사를 전달한다면 ‘전자상거래법’ 제17조 및 ‘소비자분쟁해결기준’에 따라 위약금(10%) 없이 경과일수에 대한 이용료만 공제하고 환급을 요구할 수 있다고 판단됩니다.   다만, 청약철회 의사를 전달한 날짜에 대한 분쟁이 발생할 수 있으므로 청약철회를 요구하는 서면을 우체국 내용증명 등을 통해 발송하시기 바랍니다.   참고로, 신용카드 할부 결제(20만원 이상 2개월 이상에 걸쳐 3회 이상 분할)한 경우에는 「할부거래에 관한 법률」 제8조(청약의 철회)도 적용되므로 카드사에도 내용증명우편을 함께 발송하시기 바랍니다."
796, 유사투자자문, 계약해제·해지,전화권유로 유사투자자문서비스 12개월 약정으로 계약하였는데 손실만 발생하여 3개월 후 계약 해지를 요구하자 사업자가 약관에 따라 중도해지는 불가하다고 주장하고 있습니다. 계약을 해지할 수 없나요?,"소비자의 귀책 사유로 계약해지를 요구할 경우 해지일까지의 이용일수에 해당하는 금액과 잔여기간 이용요금의 10% 공제 후 환급을 요구할 수 있습니다.   「방문판매 등에 관한 법률」(이하, ‘방문판매법’) 제31조(계약의 해지) 및 「약관의 규제에 관한 법률」 제9조(계약의 해제·해지)에 따르면 ‘1개월 이상의 계속거래를 계약한 소비자는 언제든지 계약을 해지할 수 있으며, 법률에 따른 고객의 해제권 또는 해지권을 배제하거나 그 행사를 제한하는 약관조항은 무효로 한다’고 규정하고 있습니다.   또한, 사업자의 환급 거부는 ‘방문판매법’ 제32조(계약해지 또는 해제의 효과와 위약금 등) 위반에 해당하므로 사업자는 관련 법률에 따른 금액을 조속히 환급해야 합니다.   따라서, 공정거래위원회가 고시한 인터넷콘텐츠업 관련 ‘소비자분쟁해결기준’에 따라 소비자 귀책 사유로 계약해지를 한다면, 해지일까지의 이용일수에 해당하는 금액과 잔여기간 이용요금의 10% 공제 후 환급을 요구할 수 있다고 판단됩니다.   다만, 계약해지 의사를 전달한 날짜에 대한 분쟁이 발생할 수 있으므로 계약해지를 요구하는 서면을 우체국 내용증명 등을 통해 발송하시기 바랍니다."
797, 유사투자자문, 계약해제·해지_위약금 공제_유료기간,전화권유로 유사투자자문서비스 12개월 이용하기로 약정하고 2개월 이용 후 계약 해지를 요구하였으나 사업자는 나머지 10개월이 서비스 기간이기 때문에 약관에 따라 환급금이 없다고 주장합니다. 이러한 경우 환급받을 수 있나요?,"사업자에게 해지일까지의 이용일수에 해당하는 금액과 잔여기간 이용요금의 10% 공제 후 환급을 요구할 수 있습니다.   「약관의 규제에 관한 법률」(이하, ‘약관규제법’) 제9조(계약의 해제·해지)에 따르면 유료기간을 기준으로 환급금을 계산하는 사업자의 환급 조항은 소비자에게 불리한 계약이자 계약의 해제 또는 해지로 인한 원상회복의무를 상당한 이유 없이 소비자에게 과중하게 부담시키거나 사업자의 원상회복의무를 부당하게 경감하는 조항에 해당하여 무효로 볼 수 있습니다.   따라서, 공정거래위원회가 고시한 인터넷콘텐츠업 관련 ‘소비자분쟁해결기준’에 따라 소비자 귀책 사유로 계약 해지를 한다면, 사업자에게 해지일까지의 이용일수에 해당하는 금액과 잔여기간 이용요금의 10% 공제 후 환급을 요구할 수 있다고 판단됩니다.   이때, 사업자는 총 기간 12개월을 기준으로 계산하여 환급해야 합니다.   다만, 계약해지 의사를 전달한 날짜에 대한 분쟁이 발생할 수 있으므로 계약해지를 요구하는 서면을 우체국 내용증명 등을 통해 발송하시기 바랍니다."
798, 유사투자자문, 계약해제·해지_위약금 공제_정상가,"전화권유로 유사투자자문서비스 12개월 이용하기로 약정하고 600만원을 지급하였으며, 개인적인 사정으로 계약 해지를 요구하였으나 사업자가 정상가격이 1,800만원이기 때문에 이를 기준으로 계산하면 약관에 따라 환급금이 없다고 주장합니다. 이러한 경우 환급받을 수 있나요?","소비자 귀책 사유로 계약 해지를 한다면, 사업자에게 해지일까지의 이용일수에 해당하는 금액과 잔여기간 이용요금의 10% 공제 후 환급을 요구할 수 있습니다.     「약관의 규제에 관한 법률」(이하, ‘약관규제법’) 제9조(계약의 해제·해지)에 따르면 ‘정상가를 기준으로 환급금을 계산하는 사업자의 환급 조항은 소비자에게 불리한 계약이자 계약의 해제 또는 해지로 인한 원상회복의무를 상당한 이유 없이 소비자에게 과중하게 부담시키거나 사업자의 원상회복의무를 부당하게 경감하는 조항에 해당하여 무효로 볼 수 있다’고 규정하고 있습니다.    따라서, ‘약관규제법’ 및 공정거래위원회가 고시한 인터넷콘텐츠업 관련 ‘소비자분쟁해결기준’에 따라 소비자 귀책 사유로 계약 해지를 한다면, 사업자에게 해지일까지의 이용일수에 해당하는 금액과 잔여기간 이용요금의 10% 공제 후 환급을 요구할 수 있다고 판단됩니다.    이때, 사업자는 소비자가 실제 결제한 금액을 기준으로 계산하여 환급해야 합니다.    다만, 계약해지 의사를 전달한 날짜에 대한 분쟁이 발생할 수 있으므로 계약해지를 요구하는 서면을 우체국 내용증명 등을 통해 발송하시기 바랍니다."
799, 유사투자자문, 계약해제·해지_위약금 공제_부가서비스,"전화권유로 유사투자자문서비스 3개월 이용하기로 약정하고 129만원을 지급하였으며, 개인적인 사정으로 계약해지를 요구하였으나 사업자가 약관에 따라 투자기법자료비 50만원을 요구합니다. 사업자가 요구하는 비용을 지급해야 하나요?","소비자 귀책 사유로 계약 해지를 한다면, 사업자에게 해지일까지의 이용일수에 해당하는 금액과 잔여기간 이용요금의 10% 공제 후 환급을 요구할 수 있습니다.   「방문판매 등에 관한 법률」(이하, ‘방문판매법’) 제32조(계약 해지 또는 해제의 효과와 위약금 등) 및 「약관의 규제에 관한 법률」(이하, ‘약관규제법’) 제9조(계약의 해제·해지)에 따르면 ‘대금의 약 39%를 차지하는 서비스 이용료를 공제하는 환급 조항은 소비자에게 불리한 계약이자 계약의 해제 또는 해지로 인한 원상회복의무를 상당한 이유 없이 소비자에게 과중하게 부담시키거나 사업자의 원상회복의무를 부당하게 경감하는 조항에 해당하여 무효로 볼 수 있다’고 규정하고 있습니다.   따라서, ‘방문판매법’, ‘약관규제법’ 및 공정거래위원회가 고시한 인터넷콘텐츠업 관련 「소비자분쟁해결기준」에 따라 소비자 귀책 사유로 계약 해지를 한다면, 사업자에게 해지일까지의 이용일수에 해당하는 금액과 잔여기간 이용요금의 10% 공제 후 환급을 요구할 수 있다고 판단됩니다.   다만, 계약해지 의사를 전달한 날짜에 대한 분쟁이 발생할 수 있으므로 계약해지를 요구하는 서면을 우체국 내용증명 등을 통해 발송하시기 바랍니다."
800, 유사투자자문, 계약해제·해지_위약금 공제_가입비·입회비,전화권유로 유사투자자문서비스 평생회원으로 가입하면서 가입비 300만원 및 첫 달 이용료 100만원을 지급하고 두 번째 달부터는 연장 이용료 월 30만원을 지급하기로 하였습니다.    1개월 후 계약 해지를 요구하였으나 약관에 따라 가입비 300만원은 전액 공제한다고 합니다. 사업자가 요구하는 가입비를 전액 지급해야 하나요?,"소비자 귀책 사유로 계약해지를 한다면 가입비를 잔여기간(평생)에 대한 이용요금으로 보아 사업자에게 위약금 10%(30만원)를 공제하고 남은 잔액(270만원)의 환급을 요구할 수 있습니다.   「방문판매 등에 관한 법률」 제32조(계약 해지 또는 해제의 효과와 위약금 등) 및 「약관의 규제에 관한 법률」 제9조(계약의 해제·해지)에 따르면 가입비 전액을 이용료로 간주하여 100% 공제하면 아니되고, 계약의 해제 또는 해지로 인한 원상회복의무를 상당한 이유 없이 소비자에게 과중하게 부담시키거나 사업자의 원상회복의무를 부당하게 경감하는 조항은 무효로 규정하고 있습니다. 또한, 평생회원 가입비는 서비스 이용에 대한 선불적 성격을 갖고 있습니다.   따라서, 공정거래위원회가 고시한 인터넷콘텐츠업 관련 ‘소비자분쟁해결기준’에 따라 소비자 귀책 사유로 계약 해지를 한다면, 가입비를 잔여기간(평생)에 대한 이용요금으로 보아 사업자에게 위약금 10%(30만원)를 공제하고 남은 잔액(270만원)의 환급을 요구할 수 있다고 판단됩니다."
801, 유사투자자문, 계약해제·해지_위약금 공제_USB 소프트웨어 결합상품,"본인은 2020.11.20. 전화권유로 유사투자자문서비스 및 소프트웨어 구매가 결합되어 있는 계약을 14개월 약정으로 체결하고 현금 800만원을 입금했습니다. 소프트웨어 이용에 필요한 USB가 동봉된 택배를 받고 미개봉 상태로 사업자에게 연락하여 USB는 이용하지 않고 문자로 제공되는 주식정보제공 서비스만 이용하겠다고 통보하였습니다. 따라서, 약관에 명시된 소프트웨어 이용을 위한 교육을 받지 않고 2개월 후 계약 해지를 요구하였으나 사업자는 계약서상 라이선스 구매에 관한 계약이고 약관에 따라 USB 소프트웨어 금액이 800만원이므로 오히려 위약금을 추가로 지급해야 한다고 주장합니다. 사업자가 요구하는 위약금을 추가로 지급해야 하나요?","소비자 귀책 사유로 계약해지를 한다면, 사업자에게 미개봉 USB를 반납하고 해지일까지의 이용일수에 해당하는 금액과 잔여기간 이용요금의 10% 공제 후 환급을 요구할 수 있습니다.   「방문판매 등에 관한 법률」 제31조(계약의 해지)에 따르면 주식정보제공 서비스는 계속거래 계약에 해당하므로 언제든지 계약을 해지할 수 있습니다.   또한, 사업자가 약관의 중요한 내용을 설명했다고 하더라도 소프트웨어가 저장된 USB를 개봉하면 계약금액 전액 및 위약금 10%를 지급하는 것으로 설정한 약관조항은 「약관의 규제에 관한 법률」 제9조(계약의 해제·해지)에 따라 소비자에게 계약의 해지로 인한 원상회복의무를 상당한 이유 없이 소비자에게 과중하게 부담시키거나 원상회복 청구권을 부당하게 포기하도록 하게 하는 조항이므로 그 효력을 인정하기 어렵습니다.   따라서, 공정거래위원회가 고시한 인터넷콘텐츠업 관련 ‘소비자분쟁해결기준’에 따라 소비자 귀책 사유로 계약해지를 한다면, 사업자에게 미개봉 USB를 반납하고 해지일까지의 이용일수에 해당하는 금액과 잔여기간 이용요금의 10% 공제 후 환급을 요구할 수 있다고 판단됩니다.   다만, 계약서의 개별 약정 내용 및 해지 상황에 따라 관련 법규 적용이 달라질 수 있습니다."
802, 유사투자자문,_계약해제·해지_위약금 공제_의무사용기간,유사투자자문서비스를 가입하여 유지하던 중 개인적인 사정으로 계약 해지를 요구하였으나 사업자가 계약서의 ‘중도해지 시 의무사용기간’ 조항을 근거로 과도한 위약금을 부과합니다. 의무사용기간 동안의 위약금을 공제하고 환급받아야 하나요?,"소비자 귀책 사유로 계약해지를 한다면, 사업자에 해지일까지의 이용일수에 해당하는 금액과 잔여기간 이용요금의 10% 공제 후 환급을 요구할 수 있습니다.   「방문판매 등에 관한 법률」 제32조(계약 해지 또는 해제의 효과와 위약금 등) 및 「약관의 규제에 관한 법률」 제9조(계약의 해제·해지)에 따르면 의무 사용기간을 이유로 환급금을 산정하면 안되고, 계약의 해제 또는 해지로 인한 원상회복의무를 상당한 이유 없이 소비자에게 과중하게 부담시키거나 사업자의 원상회복의무를 부당하게 경감하는 조항은 무효로 규정하고 있습니다.   따라서, 공정거래위원회가 고시한 인터넷콘텐츠업 관련 ‘소비자분쟁해결기준’에 따라 소비자 귀책사유로 계약해지를 한다면, 사업자에게 해지일까지의 이용일수에 해당하는 금액과 잔여기간 이용요금의 10% 공제 후 환급을 요구할 수 있다고 판단됩니다.   단, 사업자는 소비자가 실제 이용한 기간을 기준으로 계산하여 환급해야 합니다."
803, 유사투자자문, 계약해제·해지_위약금 공제_환급 지연,"유사투자자문서비스를 12개월 이용하기로 약정하고 500만원을 지급하였으며, 3개월 후 담당자에게 전화로 계약 해지를 요구하였습니다. 1개월이 지나도 환급되지 않아 사업자에 연락하니 해지 신청된 사실이 없고 담당자는 퇴사하였다며 1개월 이용료를 추가로 요구합니다. 해지 후 이용료도 공제하고 환급받아야 하나요?","계약해지 일자가 입증된다면 사업자에게 해지일까지의 이용일수에 해당하는 금액과 잔여기간 이용요금의 10% 공제 후 환급을 요구할 수 있습니다.   「방문판매 등에 관한 법률」 제32조(계약 해지 또는 해제의 효과와 위약금 등) 및 「민법」 제111조(의사표시의 효력발생시기)에 따르면 소비자가 계약을 해지한 경우 사업자는 3영업일 이내 대금을 환급해야 하며, 상대방이 있는 의사표시는 상대방에게 도달한 때에 그 효력이 발생한다고 규정하고 있습니다.    따라서, 계약해지 일자가 입증된다면 공정거래위원회가 고시한 인터넷콘텐츠업 관련 ‘소비자분쟁해결기준’에 따라 사업자에 해지일까지의 이용일수에 해당하는 금액과 잔여기간 이용요금의 10% 공제 후 환급을 요구할 수 있다고 판단됩니다.   참고로, 해당 일자에 실제로 해지를 요청했다는 입증자료(문자, 카카오톡, 내용증명서 등)를 통해 입증이 불가하다면 환급이 어려울 수 있습니다."
804, 유사투자자문, 계약불이행_투자손실 발생,정확한 정보를 제공한다는 약속을 믿고 유사투자자문서비스 12개월 약정으로 계약하여 제공받은 정보로 주식투자를 하였는데 손실이 발생하여 보상을 요구하자 사업자가 거부합니다. 보상을 요구할 수 없나요?,"일반적으로 투자손실에 대한 책임은 투자자에게 귀속되므로 단순히 주식투자정보서비스를 이용하였는데 손실이 발생하였다는 이유만으로 투자손실에 대한 배상을 요구할 수는 없고, 사업자의 불법행위 책임을 물을 수 있는 소지가 있다고 판단되더라도 불법행위 여부는 법원을 통해 최종적인 판단을 받을 수 있습니다.   참고로, 대법원 판례에 따르면 유사투자자문업자가 고객에게 금융투자상품에 대한 투자 판단 또는 금융투자상품의 가치에 관한 정보를 제공하고 조언을 할 때 고객의 투자 판단에 영향을 미칠 수 있는 중요한 사항에 관하여 허위의 정보를 제공하거나 합리적이고 객관적인 근거가 없는 정보를 마치 객관적인 근거가 있는 확실한 정보인 것처럼 제공하고, 고객이 위 정보를 진실한 것으로 믿고 금융투자상품에 관한 거래를 하여 손해를 입었다면 고객은 유사투자자문업자에 대하여 민법상 불법행위 책임을 물을 수 있습니다(대법원 2015. 6. 24. 선고 2013다13849 판결).   따라서, 대한법률구조공단(☎132)을 통해 무료로 법률자문을 받은 후 대응할 필요가 있습니다."
805, 유사투자자문, 계약불이행_약정 수익 미달성,계약 만료 시 누적수익률 500%를 달성하지 못한 경우 10%를 공제한 나머지 금액을 환급한다는 약정서(누적수익률의 판단 근거는 회사에서 계약기간 동안 매수 및 매도 사인을 드린 종목의 총 누적수익률에 따른다고 명시하고 계산 방법은 명확하게 기재되지 않음)를 믿고 유사투자자문서비스를 가입하였는데 약정 수익 미달성으로 90% 환급을 요구하자 사업자가 무조건 수익이 달성되었다고 주장하면서 환급을 거부하고 있습니다. 환급을 받을 수 있나요?,"사업자로부터 수익률 달성에 대한 근거자료를 확보 후 이를 근거로 환급 여부를 판단해볼 수 있습니다.    한국소비자원 소비자분쟁조정위원회에 따르면 “일반적으로 ‘수익률’이란 ‘자본에 대한 수익의 비율로서 일정한 단위의 자본으로 어느 정도의 이익을 올릴 수 있는가를 나타내는 것’을 의미하므로, 계약에서의 ‘수익률’이란 ‘투자자본 대비 투자자본으로 거둔 수익의 합의 비율’을 의미하는 것으로 봄이 타당하다. 또한, 수익률 달성에 대한 근거자료를 제시하지 않고 투자의 비중을 전혀 고려하지 않은 채 매도한 종목의 수익률을 단순히 합산하여 계산하는 등 통상적인 수익률 계산 방식에 부합하지 않는 것으로 보이므로 이를 그대로 인정하기는 어려울 것이다. 다만, 소비자도 고수익 광고에 대하여 주의를 기울여 계약을 체결했어야 하는 점, 주식투자의 특성상 정확한 예측이 불가능하고 소비자도 주식투자 손실에 대한 상당한 위험을 감내해야 하는 점, 소비자가 추천받은 종목을 모두 매수 및 매도하지 않아 투자금액에 따른 수익률 및 손해율을 명확하게 계산하기는 어려운 점 등을 고려하면, 손해의 공평타당한 분담이라는 손해배상제도의 지도이념 및 상호 양보를 통한 분쟁의 원만하고도 종국적인 해결이라는 조정의 취지를 고려하여 사업자에 60% 해당하는 금액을 결정함이 상당하다”고 조정한 바 있습니다(2020.12.14. 조정 결정 사건번호 2020일가 000212).    따라서, 해당 사업자에 수익률 달성에 대한 근거자료를 요구하여 보시기 바랍니다.    다만, 개별 약정에 따라 다르게 판단할 수 있으므로 보다 구체적인 법률 자문은 대한법률구조공단(☎132)을 통해 무료로 상담받을 수 있습니다."
806, 유사투자자문, 부당행위_1대1 자문,본인은 최근 유사투자자문서비스를 가입하였는데 사업자가 카카오톡을 통해 1대1 자문을 해주고 있습니다. 불법이라고 하는데 신고할 수 있나요?,"금융감독원 홈페이지를 통해 신고할 수 있습니다.   금융감독원은 1대1 투자자문 행위 및 자본시장법 위반에 대하여 신고포상제도를 운영하고 있습니다.    따라서, 금융감독원 홈페이지(www.fss.or.kr)-민원·신고-불법금융신고센터-유사투자자문피해신고-신고하기를 이용하시기 바랍니다."
807, 유사투자자문, 부당행위_비상장주식,"유사투자자문서비스를 가입하여 유지하던 중 담당자가 손실을 회복시켜 주겠다며 무조건 큰 수익을 볼 수 있는 비상장주식이 있으니 투자하라고 했습니다. 이를 믿고 현금 5,000만원을 입금하였는데 이후에 담당자가 전화를 받지 않습니다. 해결방안은 무엇인가요?",투자원금 및 고수익을 보장하면서 투자금을 모집하는 업체에게 자금을 입금하여 피해를 입은 경우에는 신속히 경찰(☎112)이나 금융감독원에 신고하시기 바랍니다.   ※ 금융감독원 홈페이지(0http\://www.fss.or.kr)-민원·신고-불법금융신고센터-불법사금융·개인정보;1;0;0;http://www.fss.or.kr)-민원·신고-불법금융신고센터-불법사금융·개인정보HWPHYPERLINK_TYPE_URLHWPHYPERLINK_TARGET_BOOKMARKHWPHYPERLINK_JUMP_CURRENTTABwww.fss.or.kr)-민원·신고-불법금융신고센터-불법사금융·개인정보 불법유통신고로 증빙자료와 함께 신고
808, 유사투자자문, 부당행위_가상화폐,"유사투자자문서비스를 가입하여 유지하던 중 담당자가 손실을 회복시켜 주겠다며 가상화폐 투자를 권유하여 현금 1,000만원을 입금하였습니다. 이후에 담당자가 전화를 받지 않는데 해결방안은 무엇인가요?",투자원금 및 고수익을 보장하면서 투자금을 모집하는 업체에게 자금을 입금하여 피해를 입은 경우에는 신속히 경찰(☎112)이나 금융감독원에 신고하시기 바랍니다.   ※ 금융감독원 홈페이지(0http\://www.fss.or.kr)-민원·신고-불법금융신고센터-불법사금융·개인정보;1;0;0;http://www.fss.or.kr)-민원·신고-불법금융신고센터-불법사금융·개인정보HWPHYPERLINK_TYPE_URLHWPHYPERLINK_TARGET_BOOKMARKHWPHYPERLINK_JUMP_CURRENTTABwww.fss.or.kr)-민원·신고-불법금융신고센터-불법사금융·개인정보 불법유통신고로 증빙자료와 함께 신고
809, 유사투자자문, 약관_중도해지 불가,유사투자자문서비스에 가입하여 유지하던 중 계약 해지를 요구하였으나 사업자가 계약서의   ‘중도해지 불가’ 조항을 근거로 계약 해지를 거부하고 있습니다. 계약을 해지할 수 없나요?,"소비자 귀책 사유로 계약해지를 한다면, 해지일까지의 이용일수에 해당하는 금액과 잔여기간 이용요금의 10% 공제 후 환급해줄 것을 요구할 수 있습니다.   「방문판매 등에 관한 법률」(이하, ‘방문판매법’) 제31조(계약의 해지) 및 「약관의 규제에 관한 법률」 제9조(계약의 해제·해지)에 따르면 1개월 이상의 계속거래를 계약한 소비자는 언제든지 계약을 해지할 수 있으며, 법률에 따른 고객의 해제권 또는 해지권을 배제하거나 그 행사를 제한하는 약관조항은 무효로 한다고 규정하고 있습니다.   또한, 사업자의 환급 거부는 ‘방문판매법’ 제32조(계약 해지 또는 해제의 효과와 위약금 등) 위반에 해당하므로 사업자는 관련 법률에 따른 금액을 조속히 환급해야 합니다.   따라서, 공정거래위원회가 고시한 인터넷콘텐츠업 관련 ‘소비자분쟁해결기준’에 따라 소비자 귀책 사유로 계약해지를 한다면, 해지일까지의 이용일수에 해당하는 금액과 잔여기간 이용요금의 10% 공제 후 환급을 요구할 수 있다고 판단됩니다."
810, 유사투자자문, 약관_의무사용기간,유사투자자문서비스를 가입하여 유지하던 중 개인적인 사정으로 계약 해지를 요구하였으나 사업자가 계약서의 ‘중도해지 시 의무 사용기간’ 조항을 근거로 과도한 위약금을 부과합니다. 의무 사용기간 동안의 위약금을 공제하고 환급받아야 하나요?,"소비자 귀책 사유로 계약해지를 한다면, 사업자에게 해지일까지의 이용일수에 해당하는 금액과 잔여기간 이용요금의 10% 공제 후 환급해줄 것을 요구할 수 있습니다.   「방문판매 등에 관한 법률」 제32조(계약 해지 또는 해제의 효과와 위약금 등) 및 「약관의 규제에 관한 법률」 제9조(계약의 해제·해지)에 따르면 의무 사용기간을 이유로 환급금을 산정하면 안되고, 계약의 해제 또는 해지로 인한 원상회복의무를 상당한 이유 없이 소비자에게 과중하게 부담시키거나 사업자의 원상회복의무를 부당하게 경감하는 조항은 무효로 규정하고 있습니다.   따라서, 공정거래위원회가 고시한 인터넷콘텐츠업 관련 ‘소비자분쟁해결기준’에 따라 소비자 귀책 사유로 계약해지를 한다면, 사업자에게 해지일까지의 이용일수에 해당하는 금액과 잔여기간 이용요금의 10% 공제 후 환급을 요구할 수 있다고 판단됩니다.   단, 사업자는 소비자가 실제 이용한 기간을 기준으로 계산하여 환급해야 합니다."
811, 유사투자자문, 약관_유료기간,전화권유로 유사투자자문서비스 12개월 이용하기로 약정하고 2개월 이용 후 계약 해지를 요구하였으나 사업자는 나머지 10개월이 서비스 기간이기 때문에 약관에 따라 환급금이 없다고 주장합니다. 이러한 경우 환급받을 수 있나요?,"소비자 귀책 사유로 계약해지를 한다면, 사업자에게 해지일까지의 이용일수에 해당하는 금액과 잔여기간 이용요금의 10% 공제 후 환급해줄 것을 요구할 수 있습니다.   「약관의 규제에 관한 법률」 제9조(계약의 해제·해지)에 따르면 유료기간을 기준으로 환급금을 계산하는 사업자의 환급 조항은 소비자에게 불리한 계약이자 계약의 해제 또는 해지로 인한 원상회복의무를 상당한 이유 없이 소비자에게 과중하게 부담시키거나 사업자의 원상회복의무를 부당하게 경감하는 조항에 해당하여 무효로 볼 수 있습니다.   따라서, 공정거래위원회가 고시한 인터넷콘텐츠업 관련 ‘소비자분쟁해결기준’에 따라 소비자 귀책 사유로 계약해지를 한다면, 사업자에게 해지일까지의 이용일수에 해당하는 금액과 잔여기간 이용요금의 10% 공제 후 환급을 요구할 수 있다고 판단됩니다.   단, 사업자는 총 기간 12개월을 기준으로 계산하여 환급해야 합니다."
812, 유사투자자문, 약관_정상가,"전화권유로 유사투자자문서비스 12개월 이용하기로 약정하고 600만원을 지급하였으며, 개인적인 사정으로 계약 해지를 요구하였으나 사업자가 정상가격이 1,800만원이기 때문에 이를 기준으로 계산하면 약관에 따라 환급금이 없다고 주장합니다. 이러한 경우 환급받을 수 있나요?","소비자 귀책 사유로 계약해지를 한다면, 사업자에게 해지일까지의 이용일수에 해당하는 금액과 잔여기간 이용요금의 10% 공제 후 환급해줄 것을 요구할 수 있습니다.   「약관의 규제에 관한 법률」 제9조(계약의 해제·해지)에 따르면 정상가를 기준으로 환급금을 계산하는 사업자의 환급 조항은 소비자에게 불리한 계약이자 계약의 해제 또는 해지로 인한 원상회복의무를 상당한 이유 없이 소비자에게 과중하게 부담시키거나 사업자의 원상회복의무를 부당하게 경감하는 조항에 해당하여 무효로 볼 수 있습니다.   따라서, 공정거래위원회가 고시한 인터넷콘텐츠업 관련 ‘소비자분쟁해결기준’에 따라 소비자 귀책 사유로 계약해지를 한다면, 사업자에게 해지일까지의 이용일수에 해당하는 금액과 잔여기간 이용요금의 10% 공제 후 환급을 요구할 수 있다고 판단됩니다.   단, 사업자는 소비자가 실제 결제한 금액을 기준으로 계산하여 환급해야 합니다."
813, 유사투자자문, 약관_부가서비스,"전화권유로 유사투자자문서비스 3개월 이용하기로 약정하고 129만원을 지급하였으며, 개인적인 사정으로 계약 해지를 요구하였으나 사업자가 약관에 따라 투자기법자료비 50만원을 요구합니다. 사업자가 요구하는 비용을 지급해야 하나요?","소비자 귀책 사유로 계약 해지를 한다면, 사업자에게 해지일까지의 이용일수에 해당하는 금액과 잔여기간 이용요금의 10% 공제 후 환급해 줄 것을 요구할 수 있습니다.   「방문판매 등에 관한 법률」 제32조(계약 해지 또는 해제의 효과와 위약금 등) 및 「약관의 규제에 관한 법률」 제9조(계약의 해제·해지)에 따르면 대금의 약 39%를 차지하는 서비스 이용료를 공제하는 환급 조항은 소비자에게 불리한 계약이자 계약의 해제 또는 해지로 인한 원상회복의무를 상당한 이유 없이 소비자에게 과중하게 부담시키거나 사업자의 원상회복의무를 부당하게 경감하는 조항에 해당하여 무효로 볼 수 있습니다.   따라서, 공정거래위원회가 고시한 인터넷콘텐츠업 관련 ‘소비자분쟁해결기준’에 따라 소비자 귀책 사유로 계약 해지를 한다면, 사업자에게 해지일까지의 이용일수에 해당하는 금액과 잔여기간 이용요금의 10% 공제 후 환급을 요구할 수 있다고 판단됩니다."
814, 유사투자자문, 약관_가입비·입회비,전화권유로 유사투자자문서비스 평생회원으로 가입하면서 가입비 300만원 및 첫 달 이용료 100만원을 지급하고 두 번째 달부터는 연장 이용료 월 30만원을 지급하기로 하였습니다. 1개월 후 계약해지를 요구하였으나 약관에 따라 가입비 300만원은 전액 공제한다고 합니다. 사업자가 요구하는 가입비를 전액 지급해야 하나요?,"소비자 귀책 사유로 계약해지를 한다면, 가입비를 잔여기간(평생)에 대한 이용요금으로 보아 사업자에게 위약금 10%(30만원)를 공제하고 남은 잔액(270만원)의 환급을 요구할 수 있습니다.   「방문판매 등에 관한 법률」 제32조(계약 해지 또는 해제의 효과와 위약금 등) 및 「약관의 규제에 관한 법률」 제9조(계약의 해제·해지)에 따르면 가입비 전액을 이용료로 간주하여 100% 공제하면 안되고, 계약의 해제 또는 해지로 인한 원상회복의무를 상당한 이유 없이 소비자에게 과중하게 부담시키거나 사업자의 원상회복의무를 부당하게 경감하는 조항은 무효로 규정하고 있으며, 평생회원 가입비는 서비스 이용에 대한 선불적 성격을 갖고 있습니다.   따라서, 공정거래위원회가 고시한 인터넷콘텐츠업 관련 ‘소비자분쟁해결기준’에 따라 소비자 귀책 사유로 계약해지를 한다면, 가입비를 잔여기간(평생)에 대한 이용요금으로 보아 사업자에게 위약금 10%(30만원)를 공제하고 남은 잔액(270만원)의 환급을 요구할 수 있다고 판단됩니다."
815, 유사투자자문, 약관_소프트웨어 결합상품,"본인은 2020.11.20. 전화권유로 유사투자자문서비스 및 소프트웨어 구매가 결합되어 있는 계약을 14개월 약정으로 체결하고 현금 800만원 입금했습니다. 소프트웨어 이용에 필요한 USB가 동봉된 택배를 받고 미개봉 상태로 사업자에게 연락하여 USB는 이용하지 않고 문자로 제공되는 주식정보제공 서비스만 이용하겠다고 통보하였습니다. 따라서, 약관에 명시된 소프트웨어 이용을 위한 교육을 받지 않고 2개월 후 계약 해지를 요구하였으나 사업자는 계약서상 라이선스 구매에 관한 계약이고 약관에 따라 USB 소프트웨어 금액이 800만원이므로 오히려 위약금을 추가로 지급해야 한다고 주장합니다. 사업자가 요구하는 위약금을 추가로 지급해야 하나요?","소비자 귀책 사유로 계약해지를 한다면, 사업자에게 미개봉 USB를 반납하고 해지일까지의 이용일수에 해당하는 금액과 잔여기간 이용요금의 10% 공제 후 환급을 요구할 수 있습니다.   「방문판매 등에 관한 법률」 제31조(계약의 해지)에 따르면 주식정보제공 서비스는 계속거래 계약에 해당하므로 언제든지 계약을 해지할 수 있습니다.   또한, 사업자가 약관의 중요한 내용을 설명했다고 하더라도 소프트웨어가 저장된 USB를 개봉하면 계약금액 전액 및 위약금 10%를 지급하는 것으로 설정한 약관조항은 「약관의 규제에 관한 법률」 제9조(계약의 해제·해지)에 따라 소비자에게 계약의 해지로 인한 원상회복의무를 상당한 이유 없이 소비자에게 과중하게 부담시키거나 원상회복 청구권을 부당하게 포기하도록 하게 하는 조항이므로 그 효력을 인정하기 어렵습니다.   따라서, 공정거래위원회가 고시한 인터넷콘텐츠업 관련 「소비자분쟁해결기준」에 따라 소비자 귀책 사유로 계약해지를 한다면, 사업자에게 미개봉 USB를 반납하고 해지일까지의 이용일수에 해당하는 금액과 잔여기간 이용요금의 10% 공제 후 환급을 요구할 수 있다고 판단됩니다.   다만, 계약서의 개별 약정 내용 및 해지 상황에 따라 관련 법규 적용이 다를 수 있습니다."
816, 이동전화서비스, 계약해지?해제_지체장애인 계약,"정신지체 3급을 받은 제 동생이 제3자에게 이동전화를 개통해 주었고, 제3자가 개통한 휴대폰을 판매하여 요금이 청구되고 있습니다. 위약금 없이 계약해지가 가능할까요? ","후견인의 동의 없이 피성년후견인과 이동전화 가입 계약을 한 사실이 확인될 경우 계약취소 후 잔여 할부금과 미납금을 면제하고 명의자가 납부한 요금에 대해 환급을 요구할 수 있습니다.   「민법」 제10조(피성년후견인의 행위와 취소)에 따르면 피성년후견인의 법률행위는 취소할 수 있으나 일용품의 구입 등 일상생활에 필요하고 그 대가가 과도하지 아니한 법률행위는 성년후견인이 취소할 수 없다고 규정하고 있습니다.따라서, 법률행위의 정도와 범위에 따라 취소 여부가 달라질 수 있으나 이동통신사업자가 후견인의 동의 없이 피성년후견인과 이동전화 가입 계약을 한 경우라면 「민법」에 따라 취소할 수 있는 범위에 해당한다고 볼 수 있어 이동전화서비스 계약취소 후 잔여 할부금과 미납금을 면제하고 명의자가 납부한 요금에 대해 환급을 요구할 수 있다고 판단됩니다.다만, 구매자가 성인이고 별도의 성년후견인 심판을 받지 않았다면 법률행위를 임의로 취소하거나 무효화 할 수 없습니다."
817, 이동전화서비스, 청약철회_설명과 다른 계약 내용으로 인한 청약철회,"이동통신사 대리점에서 가입 당시 설명과 달리 이동전화 단말기 할부 기간이 48개월로 약정되어 있어 3일 만에 개통철회를 요구하였습니다. 그러나 대리점에서는 이동전화 가치하락을 이유로 청약철회를 거부하는데, 청약철회가 가능한가요?","계약 당시 설명과 다르게 48개월 약정이 체결된 것을 입증한다면 ‘할부거래법’ 상 할부거래에 해당하여 청약철회가 가능합니다.「할부거래에 관한 법률」(이하, ‘할부거래법’) 제8조(청약의 철회)에 따르면 소비자는 재화를 받은 날부터 7일 이내에는 단순변심이라도 위약금 없이 총금액에 대해 청약철회 및 환급이 가능합니다.청약철회권은 할부거래의 경우 초기에 지급하여야 할 대금이 아주 적거나 없기 때문에 합리적인 숙고 없이 충동적으로 청약을 하는 경우가 많으므로 소비자가 숙고 없이 행한 청약에 구속되지 아니하고 아무런 불이익 없이 계약관계에서 벗어날 수 있도록 할 필요가 있기 때문에 인정하는 것으로(헌법재판소 `12. 5. 31. 선고 2011헌바78결정), 이에 관한 배제는 특별한 사정이 없는 한 이를 쉽게 유효하다고 해석하여서는 안된다는 것이 법원의 판결입니다(서울중앙지방법원 `18. 10. 24. 선고 2018나29442판결).따라서, 소비자가 이동통신사의 판매 위임을 받은 대리점에서 휴대폰 구입 대금을 이동통신사에 48개월의 기간에 걸쳐 나누어 지급하기로 하는 계약을 하였으므로 ‘할부거래법’ 상 할부거래에 해당하고 3일 만에 개통철회를 요구하였으므로 청약철회가 가능하다고 판단됩니다.다만, 청약철회의 의사표시를 담은 서면을 발송해야만 청약철회를 할 수 있으며, ‘할부거래법’ 제8조 제2항에 해당하는 경우 청약철회가 제한될 수 있습니다."
818, 이동전화서비스, 청약철회_청약철회기간 7일이 경과한 후 청약철회 요구,"이동통신서비스 이용 및 단말기매매 할부계약을 취소하려고 하였는데, 이동통신사업자로부터 통신상 문제가 없고 청약철회기간이 경과하였다며 개통철회를 거부당하였습니다. 청약철회가 불가능한가요?","청약철회기간인 7일을 경과 하였다면 주생활지에서 통화품질 불량 또는 단말기 불량이 아닌 이상 계약해제를 요구하기 어렵습니다.「할부거래에 관한 법률」 제8조(청약의 철회)에 따르면 계약서를 받은 날로부터 7일 이내에 할부계약에 관한 청약을 철회할 수 있고, 이러한 청약철회는 철회의 의사가 적힌 서면에 의해야만 그 효력이 인정되며 서면을 발송한 날에 그 효력이 발생한다고 규정하고 있습니다.   따라서, 청약철회 기간이 경과 하였다면 주생활지에서 통화품질 불량 또는 단말기 불량이 아닌 이상 계약을 해제하기는 어렵다고 판단됩니다."
819, 이동전화서비스, 계약불이행_사업자 과실로 인한 서비스 미이용에 대한 보상,이동통신사 대리점 직원의 과실로 12개월 할부로 구입한 단말기가 개통되지 않아 단말기 매매대금 환급 외에 단말기 미개통으로 인해 일상생활에 불편을 겪어 위자료를 요구하였는데 사업자가 거부하고 있습니다. 추가로 위자료를 받을 수 없을까요? ,"이동통신사업자에게 단말기의 매매대금 환급과 할부수수료 배상을 요구할 수 있으나 정신적 피해에 대한 위자료 배상 요구는 어려울 수 있습니다.대법원 판례에 따르면 계약상 채무불이행으로 인하여 재산적 손해가 발생한 경우, 그로 인하여 계약 당사자가 받은 정신적 고통은 재산적 손해가 배상됨으로써 회복된다고 보아야 할 것이므로, 재산적 손해에 대한 배상만으로는 회복될 수 없는 정신적 고통을 입었다는 특별한 사정이 있고, 상대방이 이와 같은 사정을 알았거나 알 수 있었을 경우에 한하여 정신적 고통에 대한 위자료를 인정할 수 있습니다(대법원 2004. 11. 12. 선고 2002다53865 판결).따라서, 이동통신사에 단말기의 매매대금 환급과 할부수수료 배상을 요구할 수 있으나 정신적 피해에 대한 위자료 배상 요구는 어렵다고 판단됩니다.다만, 이동통신사 대리점의 과실로 인해 개통 처리가 지연되면서 소비자가 불편을 겪었을 것으로 충분히 인정되는 등 구체적 사실관계에 따라 위자료 등 추가 배상을 요구할 수 있습니다."
820, 이동전화서비스, 계약불이행_자동납부 미등록으로 인한 배상 요구,"이동통신서비스 계약 체결과정에서 일정 금액을 자동납부할 경우 할인이 적용되는 제휴카드를 발급받았는데, 자동납부 등록이 누락되어 2년간 할인을 받지 못했습니다. 누락된 할인액과 연회비에 대해 배상을 받을 수 있을까요? ","계약서 및 표준안내서 등을 통해 제휴카드 혜택과 자동납부 등록 등 안내가 미흡하고 중요정보를 고지하지 않았음이 확인된다면 유효한 계약으로 보기 어려우므로 이동통신사업자에게 손해배상을 요구할 수 있습니다.계약체결 과정에서 사업자가 청구할인 카드의 사용 혜택 및 그 조건(자동납부 등록 등)에 대해 이용자에게 충실하게 고지하고, 이용자는 해당 제휴카드의 할인 정상 적용 여부를 직접 확인할 책임이 있습니다. 만약 이동통신사업자가 설명의무를 소홀히 한 과실이 인정된다면 이동통신사업자에게 그 손해를 배상할 책임이 있습니다.따라서, 계약서 및 표준안내서 등을 통해 제휴카드 혜택과 자동납부 등록 등 안내가 미흡하고 중요정보를 고지하지 않았음이 확인된다면 유효한 계약으로 보기 어려우므로 이동통신사업자에게 손해배상을 요구할 수 있다고 판단됩니다.다만, 손해배상 산정 시 이용자인 소비자가 자동납부 등록 및 할인을 받고 있는지 확인하지 않은 책임이 참작될 수 있습니다.제휴카드의 연회비에 대해서는 ?여신전문금융업법 시행령? 제6조의7(신용카드의 발급 및 회원 모집방법) 제5항에서 정한 바에 따라 부과하는 것이므로 계약 체결 당시 구체적인 연회비 금액을 안내하지 않은 책임을 이동통신사업자에게 묻기 어렵습니다."
821, 이동전화서비스, 계약불이행_5G 전용 단말기의 요금제 변경 불가," 이동통신 대리점 직원으로부터 6개월 고가요금제 사용 후 요금제 변경 및 24개월 뒤 단말기 잔여할부금 면제 조건으로 이동전화이용서비스 및 단말기매매 계약을 했는데, 해당 단말기는 5G 전용단말기로 타 요금제로 변경이 불가하다고 합니다. 이동통신 사업자는 대리점과의 개별 약정이라고 하면서 단말기 잔여할부금과 위약금을 청구하여 납부하였는데, 위 대금을 환급받을 수 있을까요?","이용 계약을 체결할 때 요금제 변경 및 24개월 뒤 단말기 할부금 면제 약속이 증명된다면 계약해지에 따라 발생한 단말기 할부금과 위약금에 대한 보상을 요구할 수 있습니다.「전기통신사업법」 제50조(금지행위) 제1항에 따르면 ‘전기통신사업자가 이용자에게 전기통신 서비스의 이용요금, 약정조건, 요금할인 등의 중요한 사항을 설명 또는 고지하지 아니하거나 거짓으로 설명 또는 고지하는 행위를 금지’한다고 규정하고 있습니다.  대리점은 이동통신사로부터 개통 관련 사무의 처리를 위임받아 통신서비스 이용계약을 체결한 것이고, 통신사는 계약의 당사자이자 계약에 따른 대금을 청구한 것이므로 계약체결 과정에서 잘못이 있다면 대리점과 이동통신사가 공동으로 책임을 부담합니다.   따라서, 요금제 변경 및 단말기 할부면제 등은 이동통신서비스 이용계약에 있어 중요한 사항이므로 이용 계약을 체결할 때 요금제 변경 및 24개월 뒤 단말기 할부금 면제 약속이 증명된다면 계약해지에 따라 발생한 단말기 할부금과 위약금에 대한 보상을 요구할 수 있다고 판단됩니다.   다만, 계약서상 요금제 변경 조건, 선택약정할인 등이 구체적으로 기재되어 있고 소비자의 주장을 입증할 수 있는 객관적인 자료가 없다면 보상이 제한될 수 있습니다.   추가로 해당 판매점에 대한 제재조치를 원할 경우 불공정행위 발생일 기준 2개월 이내에 이동전화 불공정행위 신고센터(080-2040-119, 홈페이지 0http\://www.cleanict.or.kr;1;0;0;http://www.cleanict.or.krHWPHYPERLINK_TYPE_URLHWPHYPERLINK_TARGET_BOOKMARKHWPHYPERLINK_JUMP_CURRENTTABwww.cleanict.or.kr)로 신고가 가능합니다.   신고센터에 해당 내용과 관련된 증빙자료를 가지고 신고하면, 신고내용에 대한 사실을 확인 후 위반행위에 대한 시정을 요구하며, 위반 판매점에 대해서는 사전승낙 제재조치를 시행할 수 있습니다."
822, 이동전화서비스, 계약불이행_불법지원금 지급불이행,이동통신사 대리점 직원으로부터 최신 스마트폰을 신규로 가입하면 기존 단말기 잔여할부금과 신규 단말기를 무료로 지급한다는 전화권유를 받고 휴대전화를 개통했는데 대리점이 약정한 내용을 이행하지 않고 있습니다. 약정이행을 강제할 수 있나요?  ,"기존 단말기 잔여할부금과 신규 단말기를 무료로 지급한다는 내용이 ‘단말기유통법’에서 금지하고 있는 불법행위에 해당할 경우 대리점이 약속을 이행하지 않는다고 하더라도 이를 강제하기 어렵고 피해보상도 요구하기 어렵습니다.「이동통신단말장치 유통구조 개선에 관한 법률」(이하, ‘단말기유통법’) 제3조(지원금의 차별 지급 금지)에 따르면 판매과정에서 불법지원금을 지급하거나 가입유형·요금제 등에 따른 지원금에 대해 차별지급을 금지하도록 규정하고 있으며, 제5조(지원금과 연계한 개별계약 체결 제한)는 ‘이용약관과 별도로 지원금을 지급하는 조건으로 특정 요금제, 부가서비스 등 일정기간 사용의무를 부과하고 이를 위반할 경우 위약금을 부과하는 등 서비스 가입, 이용 또는 해지를 거부, 배제하거나 행사를 제한하는 내용으로 체결한 개별계약은 효력이 없다’고 규정하고 있습니다.   따라서, ‘단말기유통법’에서 금지하고 있는 불법행위의 이행(불법지원금 등)을 요구할 수 없으므로 대리점이 가입 당시 추가 지급하기로 한 약속을 이행하지 않는다고 하더라도 이를 강제하기는 어렵고 실질적인 피해보상을 요구하기 어렵다고 판단됩니다.추가로 이면계약 등 '단말기유통법' 위반 불법계약은 불공정행위 발생일 기준 2개월 이내에 이동전화 불공정행위 신고센터(080-2040-119, 홈페이지 0http\://www.cleanict.or.kr;1;0;0;http://www.cleanict.or.krHWPHYPERLINK_TYPE_URLHWPHYPERLINK_TARGET_BOOKMARKHWPHYPERLINK_JUMP_CURRENTTABwww.cleanict.or.kr)로 신고가 가능합니다."
823, 이동전화서비스, 계약불이행_약정지원금 지급불이행,"신규 단말기 개통 시 기존의 이동통신서비스 해지 위약금을 지원해 주기로 했는데, 이동통신사는 기존 단말기 반납 조건이었다며 추가지원금 지급을 거부하고 있습니다. 단말기 반납 없이 약정한 추가지원금을 받을 수 있나요?","계약 당시 기존 단말기 반납 없이 공시지원금을 받기로 계약한 사실이 확인된다면 단말기 반납 없이 약정한 추가지원금을 요구할 수 있습니다.「이동통신단말장치 유통구조 개선에 관한 법률」(이하, ‘단말기유통법’) 제4조(지원금의 과다 지급 제한 및 공시) 제5항에 따르면 ‘대리점 및 판매점은 이동통신사업자가 공시한 지원금의 100분의 15의 범위에서 이용자에게 지원금을 추가로 지급할 수 있다’고 규정하고 있고, 「민법」 제390조(채무불이행과 손해배상)에 따르면 ‘채무자가 채무의 내용에 좆은 이행을 하지 아니한 때에는 채권자는 손해배상을 청구할 수 있다’고 규정하고 있습니다.   따라서, 대리점이나 판매점이 계약체결 당시 약속한 공시지원금의 15%의 범위에 해당하는 추가지원금을 지급하지 않았다면 금전 채무불이행에 해당하므로 ‘민법’ 제390조에 근거하여 약정한 추가지원금을 요구할 수 있다고 판단됩니다.다만, 추가지원금이 공시지원금의 15% 이상일 경우 '단말기유통법' 위반에 해당됩니다."
824, 이동전화서비스, 계약불이행_폐업한 판매점에 대한 이의제기,이동통신사 판매점에서 단말기 할부가 당초 안내한 24개월이 아닌 36개월로 개통되어 이의를 제기하려고 하는데 판매점이 폐업하였습니다. 계약해지를 하고 이동통신사업자에게 위약금 면제를 요구할 수 있을까요?,"이동통신사는 개별 계약의 당사자가 아니므로 판매점과의 개별계약 내용을 이동통신사가 이행하도록 요구하기는 어렵고, 계약상 의무이행을 원한다면 폐업한 판매점 대표자를 상대로 이행청구를 해야 합니다.판매점은 이동통신사가 통신서비스 이용계약을 위해 하부에 두는 대리점(이동통신사와 이용자 사이의 계약체결 등을 대리 또는 위탁받아 처리하는자)과의 협정에 따라 이동통신사와 이용자 사이의 계약체결을 복대리 또는 재위탁받아 처리하고 있어 피용인의 지위에 있는 것은 아니므로 이동통신사가 판매점의 부당영업 행위에 대해 책임질 의무가 있다고 보기 어렵습니다.따라서, 이동통신사는 계약의 당사자가 아니므로 판매점과의 개별계약 내용을 이동통신사가 이행하도록 요구하기는 어렵고, 계약상 의무이행을 원한다면 폐업한 판매점 대표자를 상대로 이행청구를 해야 한다고 판단됩니다.다만, 이동통신사는 판매점의 수탁업무수행에 관하여 지도하고 감독하는 등 직·간접적인 수단으로 영업행태를 관리·감독할 의무가 있으므로 이를 게을리하여 소비자가 피해를 입었을 경우, 소비자와 판매점 간 개별적으로 진행한 약정이 가입계약서에 명시되어 있지 않고, 이동통신사가 판매점에 타사 약정 만료시까지 이용요금 지금을 지원하도록 유도하였다거나 판매점과의 개별약정을 체결하였음을 알면서 계약을 체결했다는 내용이 객관적으로 확인되면 이동통신사업자에게 보상을 요구할 수도 있습니다."
825, 이동전화서비스, 계약불이행_일시정지 서비스 해지 누락,휴대폰을 분실하여 일시정지 서비스를 신청하였는데 최근 1년가량 요금이 매월 납부된 사실을 확인하였습니다. 매월 납부된 이용요금을 환급받을 수 있나요?,"이동통신사업자가 소비자에게 일시정지 서비스의 자동연장을 고지하지 않은 사실을 입증한다면 이용요금의 환급을 요구할 수 있습니다.「약관의 규제에 관한 법률」 제9조(계약의 해제?해지)에 따르면 계속적인 채권관계의 발생을 목적으로 하는 계약에서 그 존속기간을 부당하게 단기 또는 장기로 하거나 묵시적인 기간의 연장 또는 갱신이 가능하도록 정하여 고객에게 부당하게 불이익을 줄 우려가 있는 조항은 무효로 규정하고 있습니다.이동통신사업자가 소비자에게 일시정지 서비스의 자동연장 통지 없이 이용기간을 1년 동안 유지하는 것은 묵시적인 기간의 연장 또는 갱신이 가능하도록 정하여 고객에게 부당하게 불이익을 줄 우려가 있는 조항의 효력을 부정하고 있는 ‘약관법’의 취지에 비추어 볼 때 부당하다고 볼 수 있습니다.   따라서, 이동통신사업자가 소비자에게 일시정지 서비스의 자동연장을 고지하지 않아 소비자가 피해를 입었다면 그 손해를 배상할 책임이 있다고 판단됩니다.   다만, 손해배상 금액은 일시정지 요금이 장기간 납부되고 있음에도 소비자가 이에 대한 확인을 게을리하여 손해가 확대된 것으로 볼 수 있고, 계약해지 시 위약금이 발생했을 가능성이 있는 점 등을 참작하여 1년 동안 납부한 일시정지 요금의 일부를 요구할 수 있습니다."
826, 이동전화서비스, 계약불이행_장비 투자 거부로 인한 보상,"신도시의 신규아파트에 데이터 속도가 불량하여 이동통신사에 개선을 요구하자, 이동통신사는 아파트 입주자대표회의 반대로 장비 투자(옥상에 기지국 설치)가 거부되어 품질 개선이 어렵다고 합니다. 품질 개선이나 피해보상을 요구할 수 있나요?","공동주택 입주자대표회의에서 장비 설치를 거부하여 통화품질을 개선하지 못하고 있다면, 이동통신사의 책임으로 보기 어려워 보상을 강요하기 어렵습니다.공정거래위원회가 고시한 이동통신서비스업 관련 ‘소비자분쟁해결기준’에 따르면 이용자의 주생활지(주민등록지, 요금청구지, 직장소재지)에서 통화품질이 불량한 경우 가입 14일 이내라면 계약해제(단말기 매매계약이 결합된 경우 단말기는 반품), 가입 15일 이후 6개월 이내라면 계약해지 및 해지신청 직전 1개월 기본료 50% 감면, 가입 6개월 이후라면 통화품질개선을 하도록 규정하고 있습니다.그러나, 공동주택 입주자대표회의에서 장비 설치를 거부하여 통화품질을 개선하지 못하고 있다면, 이동통신사의 책임으로 보기 어려워 사업자의 자발적인 보상지원이 따르지 않는다면 보상을 강요하기 어렵다고 판단됩니다.참고로 통화품질 개선을 위해 가정내 중계기 설치 등의 필요한 조치를 요구할 수 있으나, 주택 내 설치하는 소형장비는 외부의 신호가 좋은 경우에 설치하는 장비로 아파트 단지 내 외부신호가 불량한 경우 가정내 소형장비를 설치하더라도 그 효과를 기대하기 어려울 수 있습니다."
827, 이동전화서비스, 가격?요금_이용요금 과다 청구,음성통화 무제한 요금제 광고를 보고 계약을 체결했고 당시 계약서에도 추가 통화요금에 대한 내용이 없는데 추가 요금을 청구받았습니다. 사업자는 무제한 요금제일지라도 약관에 따라 통화량이 많을 경우 요금이 부과된다고 합니다. 과다 청구 통화료 환급이 가능할까요?,"계약서에 무제한이라고 기재되어 있고 별도로 추가 요금에 대한 설명이 없었으며 달리 충분하게 설명을 받았다고 볼만한 사정이 없다면 과다하게 청구된 음성통화 요금에 대해 환급을 요구할 수 있습니다.「전기통신사업법」 제32조의 2(요금한도 초과 등의 고지) 및 ‘요금한도초과 등의 고지에 관한 기준’에 따르면 이동전화사업자는 요금이 발생하거나 약정한 요금한도를 초과한 경우에 단계별로 이용자에게 요금정보를 고지하도록 규정하고 있습니다.또한, 「약관의 규제에 관한 법률」 제3조(약관의 작성 및 설명의무 등)에 따르면 사업자는 고객이 약관의 내용을 쉽게 알 수 있도록 한글로 작성하고, 표준화?체계화된 용어를 사용하며, 약관의 중요한 내용을 부호, 색채, 굵고 큰 문자 등으로 명확하게 표시하여 알아보기 쉽게 약관을 작성하여야 하고, 약관에 정하여져 있는 중요한 내용을 고객이 이해할 수 있도록 설명해야 하며, 이를 위반하여 계약을 체결한 경우에는 해당 약관을 계약의 내용으로 주장할 수 없다고 규정하고 있습니다.따라서, 무제한이라는 표시광고와 달리 통화량 등에 따라 추가 요금이 발생한다면 이는 중요정보에 해당하므로, 계약서에 무제한이라고 기재되어 있고 별도로 추가요금에 대한 설명이 없었으며 달리 충분하게 설명을 받았다고 볼만한 사정이 없다면 과다하게 청구된 음성통화 요금에 대해 환급을 요구할 수 있다고 판단됩니다.다만, 이동통신사가 스팸문자 및 불법적 전화 차단, 과도한 사용에 따른 문제점을 방지하기 위해 별도 제한사항을 두고 있는데, 이러한 내용이 약관에 명시되어 있고 요금 과금에 대해 문자 등의 안내를 충분히 하였다면, 추가 통화요금 청구가 부당한 것이라고 볼 수 없습니다."
828, 이동전화서비스, 가격?요금_채권 소멸시효가 경과한 이동전화 요금 독촉,기존에 사용했던 A통신사로 기기변경을 하려고 문의하는 과정에서 A통신사가 5년 전 통신요금 체납자 등록을 누락했다고 하며 미납한 요금을 납부해야 이동통신서비스 이용 계약을 체결할 수 있다고 합니다. 미납 요금을 납부할 의무가 있나요?,"이동통신서비스 이용요금의 채권소멸시효는 3년이므로 이동통신사업자가 소멸시효 중단을 법원에 청구하지 않았다면 이미 채권소멸시효가 완성되었으므로 이동통신 요금 지급의무가 없는 것으로 판단됩니다.권리자가 자신의 권리를 행사할 수 있음에도 불구하고 자신의 권리를 일정기간(시효기간)동안 행사하지 않은 경우 그 권리를 소멸시키는 제도를 소멸시효라고 하는데, 「민법」 제163조(3년의 단기소멸시효)는 할부금 채권이나 상인이 판매한 생산물 및 상품의 대가 등의 소멸시효는 3년으로 규정하고 있습니다."
829, 이동전화서비스, 품질_통화품질불량으로 인한 계약해지,"이동통신 대리점에서 이동통신서비스 이용 계약을 체결하고 휴대폰을 개통하였는데, 통화품질 불량이 발생하여 통신사에 개통철회(계약해제)를 요구하자 거절당했습니다. 개통철회가 가능한가요? ","통신사에 요청하여 주생활지에서 통화품질 점검을 받아보고, 통화품질 불량이 확인된다면 ‘소비자분쟁해결기준’에 따라 계약해제나 해지 등을 요구할 수 있습니다.공정거래위원회가 고시한 이동통신서비스업 관련 ‘소비자분쟁해결기준’에 따르면 주민등록지, 요금청구지, 직장소재지 등의 주생활지에서 통화품질 불량 시 가입 14일 이내에는 계약해제가 가능하고, 가입 15일 이후 6개월 이내에는 계약해지 및 해지신청 직전 1개월 기본료의 50% 감면이 가능하도록 규정하고 있습니다.또한 가입 6개월 이후에는 통화품질개선(통화품질불량이 확인된 주생활지에 대해 중계기 설치 등의 필요한 조치를 한 후 통화품질 불량이 아님을 확인하는 것)을 하도록 정하고 있습니다.따라서, 가입한 통신사에 요청하여 주생활지에서 통화품질 점검을 받아보고, 엔지니어가 측정하여 통화품질 불량으로 확인되었다면 ‘소비자분쟁해결기준’에 따라 계약해제나 해지 등이 가능하고, 통화품질 테스트 결과 이상이 없다면 스마트폰 제조사를 통한 성능 및 기능 점검을 통해 원인규명 후 제품 교환이나 무상수리 등의 조치를 받을 수 있다고 판단됩니다.다만, 이동통신서비스 계약과 단말기(휴대폰 등)의 판매계약이 결합된 경우 단말기 및 주변기기를 포함하여 반품해야 합니다."
830, 이동전화서비스, 품질_5G 통화품질 불량,고가의 5G 이동통신서비스에 가입하였으나 지역에 따라 이용하지 못하고 LTE 서비스를 이용하는 경우가 많은데 5G 요금을 부담하고 있습니다. 5G 통신서비스 미이용에 따른 요금을 환급받을 수 있을까요? ,"계약 당시 5G 이동통신서비스 이용가능 지역과 음영지역에서는 LTE 이동통신서비스가 제공될 수 있다는 설명을 받았다면 이동통신사업자에게 이용요금 감면이나 개통철회를 요구하기 어렵습니다.「방문판매 등에 관한 법률」 제31조(계약의 해지)에 따르면 ‘계속거래업자등과 계속거래등의 계약을 체결한 소비자는 계약기간 중 언제든지 계약을 해지할 수 있다’고 규정하고 있어, 소비자는 계약 기간 중 언제든지 계약을 해지할 수 있고 사업자의 귀책으로 인해 계약을 해지할 경우라면 위약금 없이 이동통신서비스 계약을 해지할 수 있습니다.그러나, 5G 이동통신서비스 상용화 후 무선 서비스 특성상 사용 환경 및 사용 장소에 따라 통신 음영 지역이 발생할 수 있기때문에 이동통신사가 5G 이동통신서비스 계약 체결시 5G 이동통신서비스 이용가능 지역과 음영지역에서는 LTE 이동통신서비스가 제공될 수 있다는 설명 등을 하고 가입신청서와 함께 5G 커버리지에 대한 확인 및 동의서를 받았다면 사업자에게 해지에 이를 정도로 귀책이 있다고 보기 어렵습니다.따라서, 일부 지역에서 5G 이동통신서비스 이용에 어려움이 있다면 이동통신서비스 계약 목적을 달성할 수 없을 정도라고 보기 어렵기 때문에 이동통신사업자에게 이용요금 감면이나 개통철회를 요구하기 어렵다고 판단됩니다.다만, 가입당시 5G 이동통신서비스 통신 음영 지역에 대한 설명이나 동의를 받지 못한 경우라면 일부 요금 감면 등의 보상을 요구할 수 있습니다. "
831, 이동전화서비스, 품질_통신서비스 중단으로 인한 손해배상,이동전화 통신서비스가 중단되는 피해가 간헐적으로 발생하고 있습니다. 손해배상을 받을 수 있는지요?,이동통신서비스 제공 중단으로 피해를 입은 경우에는 ‘소비자분쟁해결기준’ 및 해당 이동통신사의 이용약관에 따라 장애시간 요금 등의 손해배상을 요구할 수 있습니다.공정거래위원회가 고시한 이동통신서비스업 관련 ‘소비자분쟁해결기준’에 따르면 이동통신서비스 장애시간이 연속 2시간 이상 또는 1개월 누적 6시간 이상 서비스 중지 또는 장애로 인한 피해가 발생할 경우 사업자에게 손해배상으로 서비스를 제공받지 못한 시간에 해당하는 기본료와 부가사용료의 10배에 상당하는 금액을 최저기준으로 규정하고 있습니다.
832, 이동전화서비스, 부당행위_고지한 내용보다 긴 약정으로 체결된 계약,휴대폰 구입 시 할부약정이 당초 안내받은 24개월이 아닌 30개월로 되어 있어 개통취소를 문의하자 위약금을 요구하고 있습니다. 위약금을 지급해야 하나요?,"할부약정이 조건과 다르거나 미고지한 사실을 계약서 및 녹취록 등을 통해 입증한다면, 위약금 없이 휴대폰 구입 대금의 환급을 요구할 수 있습니다.   「이동통신단말장치 유통구조개선에 관한 법률」(이하, ‘단말기유통법’) 제7조(이동통신단말장치 구입비용 구분 고지 등)에 따르면 ‘이동통신단말장치를 할부판매하는 경우 이용자가 합리적으로 선택할 수 있도록 할부기간과 추가적으로 청구되는 비용 등에 관하여 명확하게 고지’하도록 규정하고 있고, ‘단말기유통법’ 제18조(손해배상)에 따르면 ‘이 법을 위반한 행위로 피해를 입은 자는 위반행위를 한 자에게 손해배상을 청구할 수 있다’고 규정하고 있습니다.   따라서, 소비자가 이동통신사업자와 계약을 체결할 때, 고지받은 휴대폰 단말기 대금 할부 약정이 조건과 다르거나 미고지한 사실을 계약서 및 녹취록 등을 통해 입증된다면, 약정기간 이내라도 계약을 해지하고 휴대폰 단말기 구입계약을 취소하고 휴대폰 구입 대금의 환급을 요구할 수 있다고 판단됩니다.   다만, 이동전화 서비스를 이용한 경우 사용요금은 납부해야 하며, 사실조사 과정에서 ‘단말기유통법’에서 금지하고 있는 불법지원금(공시지원금과 추가지원금 외), 단말기대금 대납(할부금 지원), 반납 단말기 대금으로 위약금 전액지원, 사은품으로 태블릿PC 등 3만원 초과 고가제품 지급 등의 불법행위의 이행에 대해서는 피해보상을 요구하기 어렵습니다.    한편, 「할부거래에 관한 법률」(이하, ‘할부거래법’)에 따르면 소비자는 계약서 또는 재화 등을 공급받은 날로부터 7일 이내에 할부계약에 관한 청약을 철회할 수 있는데(제8조 제1항 및 제2항), 이때 소비자는 청약을 철회하는 의사표시가 적힌 서면을 발송함으로써 계약에 대한 청약철회를 요구할 수 있습니다.    다만, 이때에도 ‘할부거래법’ 제8조 제2항에 따라 청약철회가 제한되는 경우가 있을 수 있습니다."
833, 이동전화서비스, 부당행위_허위 과장광고로 인한 계약해지,"‘휴대폰 0원, 공짜, 무료’라는 이동통신사 대리점 광고를 보고 이동전화서비스에 가입하였습니다. 그런데 실제로는 48개월 할부로 계약이 체결되고 매월 신용카드 사용 등의 조건이 충족되어야 합니다. 계약을 취소하고 납부한 이용료 환급이 가능하나요?","허위, 과장광고에 의한 이동통신서비스 이용 계약을 체결하였음을 계약서 및 녹취록 등을 통해 입증한다면, 위약금 없이 이동전화서비스 이용 계약을 취소할 수 있습니다.「이동통신단말장치 유통구조개선에 관한 법률」 제7조(이동통신단말장치 구입비용 구분 고지 등)에 따르면 ‘요금할인액을 지원금으로 오인하게 하는 광고, 실제와 다르거나 객관적인 확인이 불가능한 광고, 중요정보를 누락한 광고’ 등을 금지행위로 규정하고 있습니다.   또한, 「표시·광고의 공정화에 관한 법률」 제10조(손해배상책임)에 따르면 ‘부당한 표시·광고행위를 한 사업자 등은 그로 인하여 피해를 입은 자에게 손해배상책임을 부담하여야 한다’고 규정하고 있습니다.   따라서, 신용카드사에서 제공하는 카드할인 등을 통한 할인금액을 휴대폰 지원금으로 오인하도록 했거나 휴대폰 0원 등 허위, 과장광고에 의한 이동통신서비스 이용계약을 체결한 것으로 확인되면, 위약금 없이 이동전화서비스 이용 계약을 취소할 수 있다고 판단됩니다."
834, 이동전화서비스, 부당행위_가입하지 않은 부가서비스 이용요금 반환,이동통신 대리점에서 휴대폰을 개통하면서 중고폰 가격보장 프로그램에 대한 설명을 하지 않은 채 가입하여 이용료를 청구하였습니다. 중고폰 가격보장 프로그램 이용료를 반환받을 수 있을까요?,"가입신청서에 설명을 듣고 확인하였음을 서명한 사실이 없다면 부당하게 청구된 금액에 대해 환급을 요구할 수 있습니다.「전기통신사업법」 제50조(금지행위) 제5의2에 따르면 ‘전기통신사업자가 이용자에게 이용요금, 약정 조건, 요금할인 등의 중요한 사항을 설명 또는 고지하지 아니하거나 거짓으로 설명 또는 고지하는 행위를 금지’한다고 규정하고 있고, 「민법」 제750조(불법행위의 내용)는 ‘고의 또는 과실로 인한 위법행위로 타인에게 손해를 가한 자는 그 손해를 배상할 책임이 있다’고 규정하고 있습니다.이에 따라 전기통신사업자가 위 금지행위로 인한 손해 발생 시 그 손해를 배상할 책임이 있고, 유료 부가서비스인 중고폰 가격프로그램은 서비스 이용 계약에 있어 중요사항에 해당하므로 이동통신사업자는 소비자가 서비스 내용을 충분히 인지할 수 있도록 정상적인 절차에 따라 보상내용을 등을 정확하게 설명해야 합니다.따라서, 가입신청서를 통해 중고폰가격보장 프로그램 가입에 대해 고지하였음이 증명되지 않거나, 가입신청서에 설명을 듣고 확인하였음을 서명한 사실이 없다면 이동통신사업자가 금지행위를 한 것으로 볼 수 있으므로 부당하게 청구된 금액에 대해 환급을 요구할 수 있다고 판단됩니다."
835, 이동전화서비스, 부당행위_가입하지 않은 부가서비스를 이유로 한 개통철회,"이동통신사 대리점에서 기존 단말기를 반환하고 새 단말기 할부금 50%를 지원받는 조건으로 이동전화서비스 이용 및 단말기 매매 계약을 체결했는데, 신청하지 않은 부가서비스 요금이 청구되었습니다. 개통철회를 요구하자 대리점에서는 계약서를 근거로 개통철회 시 위약금을 청구한다고 하는데, 위약금을 지급해야 하나요?","신청하지 않은 부가서비스 관련 납부 금액 환급은 가능하나 계약이 불이행된 부분이 없다면 이동전화서비스의 개통철회 요구는 어려울 수 있습니다.「전기통신사업」 제50조(금지행위)에 따르면 ‘전기통신서비스의 추가적인 이용에 대하여 가입자의 의사를 확인하는 절차를 거치지 않고 이용 계약을 체결하는 행위를 금지’한다고 규정하고 있으며, 공정거래위원회가 고시한 이동통신서비스업 관련 '소비자분쟁해결기준‘에 따르면 신청하지 않은 부가서비스 요금을 이동통신사업자가 징수한 경우 환급하도록 규정하고 있습니다.따라서, 신청하지 않은 부가서비스 관련 납부금액 환급은 가능하다고 판단됩니다. 다만,  주계약(단말기 매매계약 및 이동통신서비스 이용 계약)의 불이행된 부분이 없다면 이동전화서비스의 개통철회 요구는 어려울 수 있습니다. "
836, 이동전화서비스, 부당행위_파손보험 적용조건의 미고지,파손보험에 가입한 뒤 지인에게 중고로 구입한 휴대폰이 파손되어 수리받고 보험금을 청구하자 파손보험에 가입한 휴대폰이 아니라는 이유로 보상이 불가하다고 합니다. 보험가입시 단말기 변경 시 보험적용이 안된다는 설명을 듣지 못했는데 보상을 받을 수 없나요?,"계약 당시 제3의 휴대폰에 발생한 사고에 대해서는 보상이 되지 않는다는 설명이 없었고, 설명의무 소홀로 피해를 입었다면 손해배상을 요구할 수 있습니다.파손보험은 이동통신사에서 보험사와 제휴를 통하여 제공하는 서비스로 이 서비스에 가입된 휴대폰에 사고(분실, 파손) 발생 시 기기변경 비용 및 파손수리비의 일정부분을 지원해 주는 것입니다.보험 가입 대상자는 신규 및 보상 기기변경 후 30일 이내 가입이 가능하고, 서비스 가입 2년 만기 후 자동으로 해지되며, 전손보상 및 분손보상을 통해 보상한도가 소진되거나 보상기변, 서비스 중도해지 등의 경우에는 자동으로 해지됩니다.   「약관의 규제에 관한 법률」 제3조(약관의 작성 및 설명의무 등)에 따르면 사업자가 약관에 정해져 있는 중요한 내용을 고객이 이해할 수 있도록 설명을 하지 않고 체결한 계약은 해당 약관을 계약의 내용으로 주장할 수 없다고 규정하고 있고, 휴대폰보험은 이동통신 서비스 계약에 부수하는 의무로서 사업자는 소비자에게 설명의무를 충실히 하고 동의를 통해 계약을 체결할 책임이 있는바 계약 당시 설명의무를 소홀히 한 책임으로 소비자가 피해를 입었다면 통상의 손해를 배상할 책임을 부담합니다.   따라서, 계약 당시 제3의 휴대폰에 발생한 사고에 대해서는 보상이 되지 않는다는 설명이 없었고, 설명의무 소홀로 피해를 입었다면 손해배상을 요구할 수 있다고 판단됩니다.   다만, 소비자에게 보험내용이 충분히 고지되고 소비자와 사업자 모두 동의하에 계약이 체결된 사실이 확인된다면, 소비자가 파손보험에 가입한 휴대폰이 아닌 다른 휴대폰을 사용하던 중 파손되어 수리하였다면 파손보험금 청구는 어렵습니다."
837, 이동전화서비스, 부당행위_휴대폰신청 사전 예약 누락,무선이어폰 등의 혜택을 받기 위해 최신 단말기를 사전 예약하였으나 사업자의 실수로 사전 예약이 누락되어 사업자에게 사전 예약 누락으로 혜택을 제공받지 못한 제품 상당의 금액을 요구하였으나 거절되었습니다. 보상을 받을 수 없나요? ,"사업자의 과실로 사전 예약이 누락된 사실이 확인된다면 제품 제공 또는 보상을 요구할 수 있습니다.「민법」 제750조(불법행위의 내용)에 따르면 ‘고의 또는 과실로 인한 위법행위로 타인에게 손해를 가한 자는 그 손해를 배상할 책임이 있다’고 규정하고 있습니다.   따라서, 이동통신사업자에게 단말기 사전 예약을 신청하였고 이동통신사업자가 사전 예약 신청 서류를 정상적으로 접수하였으나 누락된 것이라면 사업자의 과실로 인정되므로 이동통신사업자가 제공하기로 한 제품 제공 또는 보상을 요구할 수 있다고 판단됩니다."
838, 이동전화서비스, 부당행위_동의 없이 유료로 전환된 부가서비스,"이동통신을 개통하면서 무료로 부가서비스를 받았는데, 동의 없이 부가서비스가 유료로 전환되었습니다. 그동안 납부한 부가서비스 이용요금을 받을 수 있을까요? ","계약 당시 무료로 제공 받은 부가서비스가 본인의 동의 없이 유료로 전환됨이 확인되었다면 부과된 요금의 환급을 요구할 수 있습니다. 공정거래위원회가 고시한 이동통신서비스업 관련 ‘소비자분쟁해결기준’에 따르면 이동통신 서비스 가입 시 무료 서비스였으나 유료로 전환된 경우 유료전환 시점에 다시 가입 동의를 받도록 규정하고 있습니다.또한 서비스 유료 전환은 약관에 명시되어야 하며, 해당 내용을 아주 작은 글씨로 적시하는 등 소비자에게 충분히 고지하지 않은 경우 유료전환 효력이 없는 것으로 간주될 수 있습니다.따라서, 부가서비스 계약을 해지한 후 유료로 전환된 시점에서 동의 없이 부가서비스가 유료로 전환됨이 확인되었다면 부과된 요금의 환급을 요구할 수 있다고 판단됩니다.다만, 가입 당시 소비자가 해당 부가서비스가 유료이며 한시적으로 요금을 면제해 준다는 점이 고지되었거나 알고 있었을 경우에는 계약해지에 따른 요금 환급 적용이 어렵습니다."
839, 이동전화서비스, 부당행위_동의 없이 체결된 미성년자 계약,최근 요금청구서를 받고 미성년인 자녀가 이동통신사 대리점 직원의 강매로 고가의 최신 스마트폰으로 교체하고 이동전화서비스 이용 계약을 체결한 사실을 알았습니다. 부모가 동의한 적이 없는데 계약취소가 가능한가요?,"미성년자가 법정대리인인 부모의 동의 없이 체결한 계약은 취소 가능하고, 납부한 요금의 전액 환급 및 미납 요금과 위약금 청구 불가 등을 요구할 수 있습니다.「민법」 제5조(미성년자의 능력)에 따르면 미성년자가 법률행위를 하려면 법정대리인의 동의를 얻어야 하고, 법정대리인의 동의를 얻지 못한 미성년자의 법률행위는 취소할 수 있다고 규정하고 있습니다. 또한 공정거래위원회가 고시한 이동통신서비스 관련 '소비자분쟁해결기준‘에 따르면 법정대리인의 동의없는 미성년자 계약은 취소할 수 있다고 규정하고 있습니다.따라서, 미성년자가 법정대리인인 부모의 동의 없이 체결한 계약은 취소 가능하고, 납부한 요금의 전액 환급 및 미납요금과 위약금 청구 불가 등을 요구할 수 있다고 판단됩니다.다만, 「민법」 제16조(제한능력자의 상대방의 철회권과 거절권)에 따르면 ‘제한능력자의 단독행위는 추인이 있을 때까지 상대방이 거절할 수 있다’고 규정하고 있어 부모가 미성년자인 자녀의 계약을 인지한 후 이용요금 납부 등 계약내용의 일부를 이행한 사실이 있다면 취소할 수 있는 행위를 추인한 것으로 간주하여 동 계약의 취소 요구가 어렵고 계약의 해지만 요구할 수 있으므로 주의가 필요합니다.또한, 미성년자가 사술 즉, 고의로 속여서 성년으로 믿게 하거나 법정대리인의 동의가 있는 것으로 믿게 한 때에는 취소권을 행사할 수 없습니다."
840, 이동전화서비스, 부당행위_명의도용으로 개통된 회선,채권추심 통보를 받고 확인해 보니 타인이 제 명의로 휴대폰을 개통했습니다. 이동전화 요금을 납부해야 하는지요?,"경찰 수사 의뢰 후 명의도용이 확인될 경우 사업자 측에 해당 요금 청구를 취소(계약해제)하고 잔여할부금과 미납금을 면제, 명의자가 납부한 요금에 대해 환급을 요구할 수 있습니다.공정거래위원회가 고시한 이동통신서비스업 관련 '소비자분쟁해결기준‘에 따르면 명의도용 계약으로 인한 피해를 입은 경우 계약을 취소하도록 규정하고 있습니다.또한, 소비자분쟁조정위원회는 이동통신서비스 이용계약 체결시 이동통신사업자가 본인 여부 확인을 소홀히하여 피해가 발생한 경우 선의의 제3자에게 일체의 요금 청구행위를 할 수 없으므로 소비자 본인이 가입하지 않은 이동전화(휴대폰) 요금을 납부할 의무가 없다고 결정한 바 있습니다.따라서, 경찰서에 수사를 의뢰한 후 그 결과가 명의도용 가입임이 확인된다면 `사건사고사실확인원`을 발급받아 사업자 측에 해당 요금 청구를 취소(계약해제)하고 잔여할부금과 미납금을 면제, 명의자가 납부한 요금에 대해 환급을 요구할 수 있다고 판단됩니다.참고로 명의도용방지서비스(1670-1382, 홈페이지 www.msafer.or.kr)에서 본인 명의의 통신가입현황조회를 해 보고 본인이 사용하는 회선 외에 타 회선에 대해서는 해당 통신사 고객센터로 명의도용 신고를 하시기 바랍니다. 고객센터 정보는 해당 사이트에서 확인 가능합니다. "
841, 이동전화서비스, 부당행위_명의도용으로 가입된 회선,이동통신사로부터 온라인으로 계약한바 없는 이동통신 요금과 단말기 대금을 납부하라는 청구서를 받았습니다. 이동전화 요금 및 단말기 대금 지급 의무가 있는지요?,"공인인증서 인증을 거치는 등 본인의 의사임을 인증하는 절차를 충실히 거쳤다면 소비자가 통신 이용요금과 단말기 대금을 지급할 책임이 있으나, 경찰서에 수사를 의뢰한 후 그 결과 명의도용 가입임이 확인된다면 `사건사고사실확인원`을 발급받아 피해 금액에 대해 보상을 요구할 수 있습니다.대법원의 판례에 따르면 전자서명법에 의해 발급된 소비자의 공인인증서를 통한 본인인증절차를 거쳐서 수신된 전자문서가 소비자의 것이 아님을 알지 못한 것에 대한 과실이 있다고 볼 수 없으므로 여전히 이동통신 이용 계약은 계약자의 의사에 따라 적법하게 체결되었다고 봄이 타당합니다(대법원 2018. 3. 29. 선고 2017다257395 판결).따라서, 이동통신서비스가 전자거래로 체결되는 과정에서 이동통신사가 공인인증서 인증을 거치는 등 본인의 의사임을 인증하는 절차를 충실히 거쳤다면 적법한 계약에 해당하므로 소비자가 통신 이용요금과 단말기 대금을 지급할 책임이 있다고 판단됩니다.다만, 본인이 가입하지 않은 이동전화이용서비스 가입 문자를 받았을 경우 이동통신사를 확인한 후 경찰서에 명의도용 신고를 하고 사건사고사실확인원을 제출받아 개인정보 유출이나 신분증 확인 미흡으로 인한 개통으로 이동통신사의 귀책이 확인되면 피해금액에 대해 보상을 요구할 수 있습니다."
842, 이동전화서비스, 부당행위_명의대여를 통해 가입된 계약,"성명불상자로부터 대출해 준다는 전화를 받고 팩스로 인감증명서와 신분증을 보냈는데, 대출이 이루어지지 않은 상태에서 제 명의로 단말기매매 및 이동통신서비스 이용 계약이 체결되었습니다. 요금을 지급해야 하나요?","명의자가 개인정보를 타인에게 제공한 경우는 명의도용이 아닌 명의대여에 해당되므로 이동통신 전화가 개통되었을 경우 이동통신사에 책임을 묻거나 보상을 요구하기  어렵습니다.다만, 이동통신사업자가 이동통신서비스 계약체결 시 본인확인 절차나 배송지 등 개통자가 본인인 것을 확인하는 절차를 준수하지 않는 등 주의 소홀로 인해 계약이 체결된 경우에는 개통자가 단말기 구입 대금 및 이동통신서비스 이용요금 등에 대해 보상을 요구할 수 있습니다. "
843, 이동전화서비스, 부당행위_휴대폰 도난으로 인한 소액결제 피해,휴대폰을 도난당한 후 결제하지도 않은 50만원 상당의 금액이 소액결제 되었습니다. 이동통신사에 결제금액에 대해 배상을 요구할 수 있나요? ,"휴대폰 도난 등 범죄행위로 금전적 피해를 입은 경우에는 경찰이나 검찰과 같은 수사기관에 수사를 의뢰하여 가해자를 찾은 후, 별도의 민사소송을 통하여 피해보상을 요구해야 합니다.휴대폰 소액결제는 각 통신사에서 제공되는 부가서비스로 통신사에 가맹되어있는 소액결제업체에서 청구하는 금액을 이용자에게 청구할 수 있는데, 도난이나 해킹 또는 명의도용에 의해 발생된 피해에 대한 1차적인 배상책임은 가해자에게 있고 이동통신사는 결제요금 청구 및 수납 대행만 진행하고 있으므로 결제된 금액에 대해 이동통신사에 환급이나 취소 권한이 없습니다.따라서, 휴대폰 도난으로 금전적 피해를 입은 경우에는 경찰이나 검찰과 같은 수사기관에 수사를 의뢰하여 가해자를 찾은 후, 가해자를 상대로 별도의 민사소송을 통하여 피해보상을 요구해야 한다고 판단됩니다.   다만, 소비자가 스미싱으로 인한 피해를 인지하고 소액결제를 차단했는데 휴대폰 단말기를 통해 이루어지는 모든 결제내역을 관리하고 대금을 청구하는 이동통신사가 본인인증 등의 절차를 소홀히 한 책임으로 피해가 발생한 경우라면 이동통신사에 보상을 요구할 수 있습니다."
844, 이동전화서비스, 부당행위_메신저 피싱으로 인한 소액결제 피해," 자녀를 사칭한 성명불상자에게 메신저 피싱을 당해 개인정보를 제공하였는데, 다음날 이동통신서비스 이용계약 체결 및 국제통화요금이 발생하였습니다. 개통과정에서 당사자 확인 절차 소홀을 사유로 이동통신사에 인출금액에 대해 보상을 요구할 수 있는지요?","경찰수사 결과, 사업자들의 고의?과실임이 입증될 경우 사업자에게 그 책임을 물을 수 있으나 소비자의 중대한 과실이 인정되는 등 예외적인 경우에는 그 책임을 묻기 어려울 수 있습니다.피싱 관련 피해는 불법행위를 한 자를 검거하거나 관련 사업자들의 부실한 DB관리로 인해 개인정보가 유출되었거나 또는 승인절차 등 본인확인 의무 미준수로 인해 제3자가 명의를 도용하여 소비자 동의 없는 소액결제가 발생했는지 여부 등에 대하여 경찰 수사결과가 나와야 합니다.따라서, 경찰 수사 결과 사업자들의 개인정보 유출이나 결제과정 중 본인확인 의무를 고의 내지 과실로 다하지 아니한 부작위로 제3자가 소비자의 명의를 도용하여 통신서비스 계약을 체결하고 소액 결제하는 행위를 용이하게 한 것으로 드러난 경우에는 사업자(결제대행사, 이동통신사 등)에게 그 책임을 물을 수 있다고 판단됩니다.   다만, 소비자의 중대한 과실이 인정되는 등 예외적인 경우에는 그 책임을 묻기 어려울 수도 있습니다. "
845, 이동전화서비스, 부당행위_스미싱 피해,스마트폰으로 `상품권 무료쿠폰`을 준다는 문자메시지를 받고 해당 인터넷주소를 클릭했는데 다음날 휴대폰 요금청구서에 이용하거나 결제한 바 없는 00사이트에서 소액결제가 되었습니다. 자동 결제된 피해 금액을 환급받을 수 있나요? ,"이동통신사업자의 개인 정보 유출이나 결제과정 중 관리 소홀 등의 책임이 있는 경우에는 사업자(결제대행사, 통신사등)에게 그 책임을 물을 수 있으나, 통신사, 결제대행사의 업무상 고의 및 과실 여부가 확인되지 않는다면 그 책임을 묻기 어렵습니다.스미싱은 출처가 불분명한 문자메시지에 포함된 인터넷주소에 접속했을 때, 악성코드가 스마트폰에 설치되어 개인정보, 금융정보 유출, 소액결제 피해 등을 일으키는 사기 수법입니다.스미싱 등으로 인해 소액결제 피해가 발생한 경우에는 이동통신사 고객센터를 통해 스미싱 피해 신고를 하고 소액결제확인서를 발급받아 경찰청(https://www.police.go.kr) 또는 사이버범죄신고시스템(ecrm.cyber.go.kr)이나 금감원(1332)에 피해 사실을 신고하여 도움을 요청하시고, 경찰서에 수사를 의뢰한 후 `사건사고사실확인원`을 발급받아 이동통신사에 명의도용 신고서를 제출한 후 이동통신사, 결제대행사의 상호 협의를 통해 스미싱으로 인한 피해 사실이 확인되면 해당 청구금액의 청구 취소 또는 지급된 경우에는 환급을 요구할 수 있다고 판단됩니다.그러나, 스미싱 관련 피해는 불법행위를 한 자를 검거하거나 경찰 수사 결과, 이동통신사업자의 개인정보 유출이나 결제과정 중 관리소홀 등의 책임이 있는 것으로 드러난 경우에는 사업자(결제대행사, 통신사등)에게 그 책임을 물을 수 있으나, 통신사, 결제대행사의 업무상 고의 및 과실 여부가 확인되지 않는다면 그 책임을 묻기 어려울 수 있습니다.따라서, 보이스피싱이나 스미싱의 경우 피해구제가 어렵기 때문에 피해 예방이 중요한데, 출처가 확인되지 않은 문자메시지의 인터넷주소 또는 전화번호를 클릭하지 말아야 하고 미확인 앱이 함부로 설치되지 않도록 스마트폰의 보안 설정이 필요합니다. "
846, 인터넷교육서비스, 계약해제·해지_중도해지_소비자 귀책,"인터넷 강의를 12개월 약정으로 체결하였으나, 4강까지 수강한 후 개인 사정으로 중도해지를 요청하였습니다. 사업자는 약관상 3강 이하 수강한 경우에만 중도해지가 가능하다며 환급을 거절하고 있습니다. 구제 방법이 있나요?","4강까지 수강하였더라도 사업자에게 중도해지 및 환급을 요구할 수 있습니다.   1개월 이상의 기간 동안 계속하여 상품이나 서비스를 공급하되 중도해지 시 대금 환급에 제한이 있는 계약을 「방문판매 등에 관한 법률」(이하, ‘방문판매법’) 제2조(정의) 제10호의 계속거래 계약이라고 하며, 12개월 약정으로 인터넷 강의를 체결한 경우 계속거래로 보아 ‘방문판매법’ 제31조(계약의 해지)에 따라 계약 기간 중에 계약을 해지할 수 있습니다.    다만, 소비자 귀책으로 계약을 중도 해지할 경우 위약금이 부과될 수 있으며, 공정거래위원회가 고시한 인터넷교육서비스 등 인터넷 콘텐츠업 관련 ‘소비자분쟁해결기준’에 따르면 1개월 이상의 계속적 이용계약인 경우로서 소비자가 계약해지를 요구한 경우에는 해지일까지의 이용 일수에 해당하는 금액과 잔여기간 이용금액의 10%를 공제한 후 환급하도록 규정하고 있습니다. 또한, 계약 체결일 또는 서비스 이용 가능일로부터 7일 이내에 해지를 요구하는 경우에는 위약금 없이 이용 일수에 해당하는 금액만 공제하고 환급을 요구할 수 있습니다.   중도해지 시 할인 전 정상가로 계산하여 환급하거나 특가로 인한 계약해지를 금지하는 특약을 근거로 위약금을 과다하게 부과하는 경우가 많으므로 계약 체결 시 특약사항 및 해지 위약금 등 계약서 내용을 꼼꼼히 확인하고, 구두로 약정하는 내용도 반드시 계약서에 기재할 필요가 있습니다."
847, 인터넷교육서비스, 계약해제·해지_중도해지_사업자 귀책,"인터넷 강의를 12개월 약정으로 체결하고 1개월 정도 수강 중 갑작스레 저작권 문제로 인하여 강의가 중단되며 향후에도 수강이 불가능하다는 안내를 받았습니다. 사업자는 위약금 및 사은품 대금을 공제하고 환급해주겠다고 하는데, 구제 방법이 있나요?","사업자가 저작권 문제로 갑작스레 강의를 중단하여 향후 수강이 불가능하다면 잔여기간의 이용료 및 동 금액의 10%에 해당하는 금액을 더하여 환급을 요구할 수 있습니다.    1개월 이상의 기간 동안 계속하여 상품이나 서비스를 공급하되 중도해지 시 대금 환급에 제한이 있는 계약을 「방문판매 등에 관한 법률」(이하, ‘방문판매법’) 제2조(정의) 제10호의 계속거래 계약이라고 하며, 12개월 약정으로 인터넷 강의를 체결한 경우 계속거래로 보아 ‘방문판매법’ 제31조(계약의 해지)에 따라 계약 기간 중에 계약을 해지할 수 있습니다.    다만, 사업자 귀책으로 계약을 중도 해지할 경우 사업자에게 일부 책임을 물을 수 있는데, 공정거래위원회가 고시한 인터넷교육서비스 등 인터넷 콘텐츠업 관련 ‘소비자분쟁해결기준’에 따르면 1개월 이상의 계속적 이용계약인 경우로서 사업자의 귀책 사유로 인한 계약해지 시 잔여기간의 이용료 및 동 금액의 10%에 해당하는 금액을 더하여 환급하도록 규정하고 있습니다. 이때, 이용료는 교재비 및 별도의 부대비용 등 소비자가 지급한 모든 비용을 포함합니다.    중도해지 시 할인 전 정상가로 계산하여 환급하거나 특가로 인한 계약해지를 금지하는 특약을 근거로 위약금을 과다하게 부과하는 경우가 많으므로 계약 체결 시 특약사항 및 해지 위약금 등 계약서 내용을 꼼꼼히 확인하고, 구두로 약정하는 내용도 반드시 계약서에 기재할 필요가 있습니다."
848, 인터넷교육서비스, 계약해제·해지_중도해지 시 사은품 환급 관련,"인터넷 강의를 12개월 약정으로 체결하였으나, 3개월 후 중도해지를 요구하니 사은품으로 제공한 전자수첩 및 화상 카메라 대금을 공제하고 나면 환급해 줄 금액이 없다고 합니다. 계약 당시에는 사은품 품목이나 가격에 대해 전혀 고지받지 못했습니다. 이와 같은 경우 어느 정도 위약금을 부담해야 하나요?","계약 당시 지급받은 사은품에 대해서는 사은품을 미사용한 경우에는 반환이 가능하고, 사은품을 사용한 경우에는 동종상품의 시중 가격에서 손율 등에 따른 금액을 지급하고 반환할 수 있습니다.   공정거래위원회가 고시한 인터넷교육서비스 등 인터넷 콘텐츠업 관련 ‘소비자분쟁해결기준’에 따르면 소비자의 귀책 사유로 인한 계약해지 시 해지일까지의 이용 일수에 해당하는 금액과 잔여기간 이용금액의 10% 공제 후 환급하도록 규정하고 있습니다.   따라서, 사업자가 계약서에 사은품의 품목이나 가격을 기재하지 않은 경우에는 현존 상태로 반환하거나, 반환이 불가능한 경우에는 동종상품의 시중 가격에서 손율 등에 따른 금액을 지급하고 반환할 수 있다고 판단됩니다."
849, 인터넷교육서비스, 계약해제·해지_법정대리인의 동의 없는 계약,법정대리인의 동의 없이 미성년자가 인터넷교육서비스 계약을 체결한 경우 환급이 가능한가요?,"법정대리인의 동의 없는 계약인 경우 환급을 요구할 수 있습니다.   「민법」 제5조(미성년자의 능력) 제1항 및 제2항에 따르면 미성년자(만 19세 미만)가 법정대리인의 동의 없이 행한 법률행위는 취소할 수 있고, 「민법」 제141조(취소의 효과)에 따르면 미성년자가 계약을 취소한 경우 그 계약으로 인하여 받은 이익이 현존하는 한도에서 반환할 책임이 있다고 규정하고 있습니다.   또한, 공정거래위원회가 고시한 인터넷교육서비스 등 인터넷 콘텐츠업 관련 ‘소비자분쟁해결기준’에 따르면 법정대리인의 동의 없는 계약인 경우 계약 취소가 가능하도록 규정하고 있으므로 환급을 요구할 수 있다고 판단됩니다.   단, 미성년자에 의한 행위였다는 점은 이를 주장하는 신청인 측이 입증해야 하며, 미성년자가 사술 즉, 고의로 속여서 성년으로 믿게 하거나 법정대리인의 동의가 있는 것으로 믿게 한때에는 취소권을 행사할 수 없습니다."
850, 인터넷교육서비스, 계약해제·해지_동의 없이 유료전환,인터넷에서 3개월 동안 무료 강의를 진행한다는 이벤트 광고 글을 보고 계약을 체결하였습니다. 몇 개월 후 카드 대금 결제내역 확인 도중 수강료가 결제되고 있다는 사실을 알게 되었습니다. 구제 방법이 있나요?,"소비자의 동의 없이 인터넷 강의가 유료로 전환되었다면 유료 청구 금액에 대한 환급을 요구할 수 있습니다.    「전자상거래 등에서의 소비자보호에 관한 법률」 제13조(신원 및 거래조건에 대한 정보의 제공) 제2항에 따르면 통신판매업자는 소비자가 계약 체결 전에 재화 등에 대한 거래 조건을 정확하게 이해하고 실수나 착오 없이 거래할 수 있도록 중요사항에 대하여 적절한 방법으로 고지하여야 한다고 규정하고 있습니다.    또한, 공정거래위원회가 고시한 인터넷교육서비스 등 인터넷 콘텐츠업 관련 ‘소비자분쟁해결기준’에 따르면 자동으로 매월 또는 일정 시기에 대금을 결제하기로 한 경우 사업자는 소비자에게 결제 금액, 시기, 방법 등 결제내역에 대하여 전자우편 또는 휴대전화 문자 등으로 고지하도록 규정하고 있습니다.    따라서, 소비자의 동의 없이 인터넷 강의 무료 이용기간이 경과한 후 유료로 전환된 경우 유료 청구 금액에 대하여 환급을 요구할 수 있다고 판단됩니다."
851, 인터넷교육서비스, 청약철회_7일 이내 취소,"영업사원의 방문판매로 자녀의 인터넷교육서비스 1년 계약을 체결하였으나, 강의 개시 전 6일 만에 개인적인 사정으로 해지를 요청했더니 사업자가 6개월은 수강 의무 사용기간이라며 해당 기간만큼 위약금을 공제하고 환급해주겠다고 합니다. 청약철회가 가능한가요?","14일 이내 청약철회 의사를 밝혔으므로 위약금 없는 대금 환급을 요구할 수 있습니다.    1개월 이상의 기간 동안 계속하여 상품이나 서비스를 공급하는 계약을 체결하고 판매하는 거래를 계속거래라 하며, 1년 약정으로 인터넷 강의를 체결한 경우 「방문판매 등에 관한 법률」(이하, ‘방문판매법’) 제2조(정의) 및 제31조(계약의 해지)에 따른 계속거래로 보아 해당 법률의 적용을 받습니다. ‘방문판매법’ 제8조(청약철회등) 제1항에 따르면 방문판매 또는 전화권유판매의 방법으로 재화 등의 구매에 관한 계약을 체결한 소비자는 계약서를 교부받은 날로부터 14일, 계약서를 교부받은 때보다 재화 등의 공급이 늦게 이루어진 경우에는 재화 등을 공급받거나 공급이 개시된 날로부터 14일 이내에 청약을 철회할 수 있도록 규정하고 있습니다.   이 사례에서는 구체적으로 발생한 손해나 발생할 수 있는 손해의 가능성을 고려하지 아니하고 일률적으로 수강 의무기간의 교육비를 손해배상액으로 하고 있어 소비자에게 부당하게 과중한 손해배상 의무를 부담시키거나 계약의 해제 또는 해지로 인한 사업자의 원상회복의무나 손해배상 의무를 부당하게 경감하는 조항에 해당하므로, 「약관의 규제에 관한 법률」 제6조(일반원칙) 제1항 및 제2항에 따라 그 효력을 인정하기 어려울 수 있습니다.   따라서, 이 경우 기간 내 계약에 관한 청약철회 의사를 밝혔으므로 위약금 없는 대금 환급을 요구할 수 있다고 판단됩니다."
852, 인터넷교육서비스, 중요사항 미고지,"인터넷 강의를 6개월 약정으로 체결하고 수강 중 강좌 내용의 기초 과정만 학습할 수 있고, 심화 과정은 별도로 구매해야 한다는 사실을 알게 되었습니다. 강의 구매 당시 기초 및 심화 과정에 대한 구체적 강의 내용과 커리큘럼에 대한 설명을 듣지 못했는데 환급이 가능할까요?","계약 전 구체적 강의 내용과 커리큘럼에 대한 설명을 듣지 못했다면 계약 취소를 요구할 수 있습니다.    「전자상거래 등에서의 소비자보호에 관한 법률」 제13조(신원 및 거래조건에 대한 정보의 제공)에 따르면 통신판매자가 재화 등의 판매에 관한 계약을 체결하기 전에 소비자가 계약 내용을 이해할 수 있도록 소비자의 구매 여부 판단에 영향을 주는 거래 조건 등을 설명해야 한다고 규정하고 있습니다.    또한, 공정거래위원회가 고시한 인터넷교육서비스 등 인터넷 콘텐츠업 관련 ‘소비자분쟁해결기준’에 따르면 콘텐츠의 명칭, 종류 및 내용(이러닝의 경우 시범 학습을 포함) 등과 같이 사업자가 계약 전 중요사항을 고지하지 않은 경우 계약 취소로 규정하고 있어 계약 취소를 요구할 수 있다고 판단됩니다.   계약 전 사업자가 중요사항을 빠짐없이 고지하고 있는지 꼼꼼히 확인할 필요가 있습니다."
853, 인터넷교육서비스, 서비스의 중지·장애_사전고지 안한 경우_4시간 이상,"인터넷 강의 1개월을 계약하고 수강 도중 음향 불량, 속도 저하 등 서비스 장애가 발생하였습니다. 수강하지 못한 시간에 대하여 보상을 요구할 수 있나요?","수강 도중 4시간 이상 음향 불량이나 속도 저하가 발생하여 정상적인 수강이 어려웠던 경우에는 수강 시간의 3배를 무료로 연장할 것을 요구할 수 있습니다.   공정거래위원회가 고시한 인터넷교육서비스 등 인터넷 콘텐츠업 관련 ‘소비자분쟁해결기준’에 따르면 4시간 이상 서비스 중지 또는 장애로 인한 피해 시 서비스 중지, 장애 시간의 3배를 무료로 연장가능하도록 규정하고 있습니다.    다만, 중지 및 장애 시간은 소비자가 회사에 통지한 후부터 계산하되, 서비스가 불가항력(천재지변 등)이나 업체의 사전고지(회선 공사 등), 소비자의 고의 또는 과실로 인하여 중지되거나 장애가 발생한 경우에는 서비스 중지, 장애 시간 계산에서 제외됩니다. "
854, 인터넷교육서비스, 서비스의 중지·장애_사전고지 안한 경우_3일 이상 또는 1개월 누적 72시간 초과,"인터넷 강의 1개월을 계약하고 수강 도중 음향 불량, 속도 저하 등 서비스 장애가 발생하였습니다. 서비스 장애로 인해 일주일 정도 강의를 정상적으로 수강하지 못했습니다. 수강하지 못한 기간에 대하여 보상을 요구할 수 있나요?","서비스 장애로 인해 일주일 동안 강의를 정상적으로 수강하지 못한 경우에는 계약해지 또는 잔여기간에 대한 이용료 환급을 요구할 수 있습니다.   공정거래위원회가 고시한 인터넷교육서비스 등 인터넷 콘텐츠업 관련 ‘소비자분쟁해결기준’에 따르면 3일 이상 서비스 중지 또는 장애로 인한 피해 시 계약해지 및 잔여기간에 대한 이용료 환급이 가능하도록 규정하고 있습니다.   다만, 서비스 중지 및 장애 시간은 소비자가 회사에 통지한 후부터 계산하되, 서비스가 불가항력(천재지변 등)이나 업체의 사전고지(회선 공사 등), 소비자의 고의 또는 과실로 인하여 중지되거나 장애가 발생한 경우에는 서비스 중지, 장애 시간 계산에서 제외됩니다."
855, 인터넷교육서비스, 서비스의 중지·장애_사전고지 한 경우,"인터넷 강의 1개월을 계약하고 수강 도중 음향 불량, 속도 저하 등 서비스 장애가 발생하였습니다. 서비스 장애가 발생하기 하루 전에 홈페이지 메인에 공지글이 올라온 것을 확인하였습니다. 이 경우에도 수강하지 못한 시간에 대하여 보상을 요구할 수 있나요?","서비스 중지나 장애 시간이 10시간을 초과한다면 초과된 시간만큼 이용 기간 연장을 요구할 수 있습니다.   공정거래위원회가 고시한 인터넷교육서비스 등 인터넷 콘텐츠업 관련 ‘소비자분쟁해결기준’에 따르면 서버 점검 등의 사유로 서비스 중지 또는 장애를 사전에 고지하였더라도 서비스 중지 또는 장애 시간이 10시간을 초과하는 경우, 초과된 시간만큼 이용 기간을 무료로 연장하도록 규정하고 있습니다.   다만, 서비스 중지 및 장애 시간은 소비자가 회사에 통지한 후부터 계산하되, 서비스가 불가항력(천재지변 등)이나 업체의 사전고지(회선 공사 등), 소비자의 고의 또는 과실로 인하여 중지되거나 장애가 발생한 경우에는 서비스 중지, 장애 시간 계산에서 제외됩니다."
856, 인터넷교육서비스, 계약불이행_허위설명1,"상담원과 전화상담 후, 방문한 판매원의 시연을 보고 6개월간 월 12만원 지급조건으로 컴퓨터통신 교육 수강 계약을 체결하였습니다. 2일 정도 강의를 수강하였으나 시연한 구성과 다르고 콘텐츠가 열악하여 해지를 요청하고 싶은데 환급이 가능할까요?","사업자가 계약 당시 시연한 내용과 해당 강의 내용이 다르다는 것을 입증할 수 있으면 이용료 전액 환급을 요구할 수 있습니다.    공정거래위원회가 고시한 인터넷교육서비스 등 인터넷 콘텐츠업 관련 ‘소비자분쟁해결기준’에 따르면 허위, 과장 광고에 의한 이용계약의 경우에는 계약해제 및 이용료 전액 환급을 받을 수 있도록 규정하고 있습니다.    콘텐츠가 열악하다는 것에 대한 소비자의 주관적인 판단만으로는 허위, 과장 광고임을 주장하기 어려우므로 입증자료를 필수적으로 제시하여야 합니다. "
857, 인터넷교육서비스, 계약불이행_허위설명2,"학원에서 인터넷 강의를 개시한다고 하여 대금 40만원을 지급하고 계약을 체결하였으나, 학원 측에서 강의 개시 일자를 한달 이상 연기하고 있습니다. 구제 방법이 있나요?","해당 경우 사업자가 계약 내용을 이행하지 않고 있다는 사실을 입증할 수 있다면 계약 불이행을 사유로 계약해제를 요구할 수 있습니다.   공정거래위원회가 고시한 인터넷교육서비스 등 인터넷 콘텐츠업 관련 ‘소비자분쟁해결기준’에 따르면 허위, 과장 광고에 의한 이용계약의 경우에는 계약해제 및 이용료 전액 환급을 받을 수 있도록 규정하고 있습니다.   다만, 사업자의 부당행위를 주장하기 위해서는 입증자료를 필수적으로 제시하여야 합니다. "
858, 인터넷교육서비스, 표시·광고_허위광고,"소방공무원 관련 정보를 보고 인터넷 동영상 강의를 12개월 약정으로 체결하였습니다. 광고상에는 합격시까지 최신기출문제를 모두 제공한다고 하였으나, 실제로는 기출문제가 마련되어 있지 않았습니다. 해지를 요청하고 싶은데 환급이 가능할까요?","사업자가 광고상 고지한 내용대로 강좌가 이루어지지 않고 있으므로 이용료 전액 환급을 요구할 수 있습니다.   공정거래위원회가 고시한 인터넷교육서비스 등 인터넷 콘텐츠업 관련 ‘소비자분쟁해결기준’에 따르면 허위, 과장 광고에 의한 이용계약의 경우에는 계약해제 및 이용료 전액 환급을 받을 수 있도록 규정하고 있습니다.   다만, 소비자의 주관적인 판단만으로는 허위, 과장 광고임을 주장하기 어려우므로 입증자료를 필수적으로 제시하여야 합니다. "
859, 인터넷정보이용서비스, 계약해지?해제_비환급 조건으로 체결한 로또 당첨번호제공서비스,로또 당첨번호제공서비스 1년 이용 계약을 해지하고 잔여대금 환급을 요구하였는데 사업자가 비환급 조건 계약이었다며 환급할 금액이 없다고 합니다. 잔여대금을 환급받을 수 있을까요?,"로또당첨번호 예측서비스를 제공받되 중도해지 시 대금환급에 제한이 있는 계약은 계약기간 중 언제든지 계약을 해지할 수 있고 잔여 대금의 환급을 요구할 수 있습니다.「방문판매 등에 관한 법률」(이하, ‘방문판매법’) 제31조(계약의 해지)에 따르면 ‘계속거래업자등과 계속거래 등의 계약을 체결한 소비자는 계약기간 중 언제든지 계약을 해지할 수 있다’고 규정하고 있고, ‘방문판매법’ 제52조(소비자 등에게 불리한 계약의 금지)에 따르면 소비자에게 불리한 것은 효력이 없다고 규정하고 있습니다.따라서, 1개월 이상에 걸쳐 로또당첨번호 예측서비스를 제공받되 중도해지 시 대금환급에 제한이 있는 계약은 계약기간 중 언제든지 계약을 해지할 수 있고, 비환급 조건 약관은 계약해지로 인한 원상회복의무를 상당한 이유 없이 고객에게 과중하게 부담시키거나 고객의 원상회복 청구권을 부당하게 포기하도록 하는 것으로 무효로 볼 수 있어 잔여대금의 환급을 요구할 수 있다고 판단됩니다.이때, 잔여대금의 산정은 분쟁당사자 사이에 분쟁해결 방안에 관한 별도의 의사표시가 없는 경우 공정거래위원회가 고시한 인터넷콘텐츠업 관련 '소비자분쟁해결기준'에 따라 산정할 수 있으므로 총 계약대금 중 이용기간에 해당하는 금액과 잔여기간 이용요금의 10% 공제한 나머지 금액에 대해 환급을 요구할 수 있습니다."
860, 인터넷정보이용서비스, 계약해지?해제_로또 당첨번호 제공서비스의 양도양수,3년 동안 1~2등 미당첨 시 계약대금 환급받는 조건으로 계약한 로또 당첨번호 제공서비스 업체가 현재 이용하고 있는 업체로 인수합병되었습니다. 그런데 양수받은 업체가 양도한 업체의 계약 내용을 이행할 수 없다고 합니다. 양수받은 업체에 환급을 요구할 수 있나요?,"3년 동안 1, 2등에 당첨된 사실이 없다면 양수받은 사업자에게 위약금 없이 약속한 계약대금 전액에 대해 환급을 요구할 수 있습니다.「상법」 제42조(상호를 속용하는 양수인의 책임)에 따르면 ‘영업양수인이 양도인의 상호를 계속 사용하는 경우에는 양도인의 영업으로 인한 제3자의 채권에 대하여 양수인도 변제할 책임이 있다’고 규정하고 있고, 「상법」 제44조(채무인수를 광고한 양수인의 책임)에 따르면 ‘영업양수인이 양도인의 상호를 계속 사용하지 아니하는 경우에 양도인의 영업으로 인한 채무를 인수한 것을 광고한 때에는 양수인도 변제할 책임이 있다’고 규정하고 있습니다.따라서, 양수받은 업체가 소비자에게 서비스를 제공하였고 1~2등 미당첨 시 계약대금을 환급하기로 약정이 되어 있었다면 계약 관련 채무도 새로운 사업자가 인수한 것으로 보는 것이 타당하므로 새로운 사업자에게 계약대금을 환급할 책임이 있어 3년 동안 1, 2등에 당첨된 사실이 없다면 양수받은 사업자에게 위약금 없이 약속한 계약대금 전액에 대해 환급을 요구할 수 있다고 판단됩니다.다만, 양도양수계약서 확인 등 구체적 사실관계의 확인이 필요하며 이에 따라 환급이 제한될 수 있습니다."
861, 인터넷정보이용서비스, 계약해지?해제_주식자동매매정보서비스의 투자손실,안내받은 내용과 달리 3개월 만에 투자손실이 발생하여 주식자동매매 프로그램 구매 대금 환급을 요구하였는데 사업자가 계약의 내용이 모두 이행되었다며 환급을 거부합니다. 사업자에게 계약대금 전액 및 투자손실 금액을 요구할 수 있을까요?,"해지일까지의 이용 일수에 해당하는 금액과 위약금을 공제한 나머지 금액의 환불을 요구할 수 있으나, 수익이 보장되지 않고 위험성이 있는 주식시장이라는 점을 고려할 때 사업자에게 투자손실 금액에 대한 보상을 요구하기는 어렵습니다.「방문판매 등에 관한 법률」 제31조(계약의 해지)에 따르면 ‘계속거래업자등과 계속거래 등의 계약을 체결한 소비자는 계약기간 중 언제든지 계약을 해지할 수 있다’고 규정하고 있고, 한국소비자원 소비자분쟁조정위원회는 일반적으로 투자 손실에 대한 책임은 투자자에게 귀속되므로 단순히 주식투자 정보서비스를 이용하였는데 손실이 발생하였다는 이유로 투자손실에 대한 배상을 요구할 수는 없다고 조정 결정한 바 있습니다(소비자분쟁조정위원회 조정례 2014일가471 참고).따라서, 해지일까지의 이용 일수에 해당하는 금액과 위약금을 공제한 나머지 금액의 환불을 요구할 수 있으나, 수익이 보장되지 않고 위험성이 있는 주식시장이라는 점을 고려할 때 사업자에게 투자손실 금액에 대한 보상을 요구하기는 어렵다고 판단됩니다.다만, 중도해지 시 프로그램 이용을 위한 것으로 소비자에게 제공된 노트북 등은 전기기기의 사용이익으로 볼 수 있어 일부 금액이 감면될 수 있습니다."
862, 인터넷정보이용서비스, 계약해지?해제_미성년자가 계약한 인터넷방송 서비스,"미성년 자녀가 부모동의 없이 엄마의 아이디를 이용하여 인터넷방송 12개월 정기구독 및 별풍선 구입계약을 체결하고 엄마의 신용카드로 결제하고 이용했는데, 구입대금 환급이 가능한가요?","부모 명의의 신용카드로 결제가 이루어져 결제자가 미성년임을 인지하기 어려웠을 것으로 판단된다면, 결제금액의 환급을 요구하기는 어렵습니다.「민법」 제5조(미성년자의 능력)에 따르면 법정대리인의 동의를 받지 않은 미성년자의 계약은 취소할 수 있다고 규정하고 있습니다. 그러나, 「전자문서 및 전자거래 기본법」 제7조(작성자가 송신한 것으로 보는 경우)에 따르면 ‘자동으로 전자문서를 송신·수신하도록 구성된 컴퓨터프로그램이나 그 밖의 전자적 수단에 의하여 송신된 전자문서에 포함된 의사표시는 작성자가 송신한 것’으로 보며, ‘수신된 전자문서가 작성자 또는 그 대리인과의 관계에 의하여 수신자가 그것이 작성자 또는 그 대리인의 의사에 기한 것이라고 믿을 만한 정당한 이유가 있는 자에 의하여 송신된 경우 그 전자문서의 수신자는 전자문서에 포함된 의사표시를 작성자의 것으로 보아 행위 할 수 있다’고 규정하고 있습니다.이때, 미성년자가 온라인 상태에서 성인의 신용카드로 결제하였을 경우 사업자가 미성년자 계약인지 여부를 명확하게 확인하기 어렵고 유료결제서비스를 제공하는 사업자가 안전결제 방식 등 통상적인 본인확인 의무(비밀번호 입력 내지 등록된 지문 인증)를 다했다면 계약의 취소가 어렵습니다.따라서, 엄마가 금융정보를 제대로 관리하지 않아 미성년 자녀가 인터넷방송 서비스를 이용하기 위해 엄마의 아이디를 이용하여 인터넷방송 서비스를 이용하여 사업자가 정상적인 성년의 아이디로 접속되었고, 엄마 명의의 신용카드로 결제가 이루어져 사업자가 통상적인 방법으로 결제자가 미성년임을 인지하기 어려웠을 것으로 판단된다면, 별풍선 및 방송 정기구독권 구입대금 전액에 대해 환급을 요구하기 어렵다고 판단됩니다."
863, 인터넷정보이용서비스, 계약해지?해제_중도해지 시 과도한 위약금 청구,"온라인 동영상서비스 연간 이용 약정을 하고 요금을 월별로 결제했습니다. 4개월 후 구독서비스를 해지하려고 하자 사업자가 잔여기간 약정 의무액의 50%를 청구한다고 하는데, 위 금액을 모두 지급해야 하나요? ","‘계속거래’는 계약기간 중 언제든지 해지할 수 있고, 잔여 약정 의무액의 50%만 환불하는 조항을 고객에게 부당하게 과중한 손해배상 의무를 부담시키는 약관으로 보아 무효로 볼 수 있다면 '소비자분쟁해결기준'에 따라 잔여기간 이용요금의 10%을 지급한 후 계약을 해지할 수 있습니다.「방문판매 등에 관한 법률」(이하, ‘방문판매법’) 제31조(계약의 해지)에 따르면 ‘계속거래업자등과 계속거래 등의 계약을 체결한 소비자는 계약기간 중 언제든지 계약을 해지할 수 있다’고 규정하고 있고, ‘방문판매법’ 제52조(소비자 등에게 불리한 계약의 금지)에 따르면 소비자에게 불리한 것은 효력이 없다고 규정하고 있습니다.따라서, 콘텐츠제공서비스는 1개월 이상 제공되는 서비스로 중도해지하면 대금 환급의 제한 또는 위약금에 관한 약정이 있는 거래이므로 계속거래에 해당한다고 볼 수 있습니다.또한, 잔여 약정 의무액의 50%만 환불하는 조항은 고객에게 부당하게 과중한 손해배상 의무를 부담시키는 약관조항일 뿐만 아니라 계약해지로 인한 사업자의 원상회복의무 등을 부당하게 경감하는 조항으로서 무효에 해당하므로 적법하게 정기구독을 해지했을 경우에는 공정거래위원회가 고시한 인터넷콘텐츠업 관련 '소비자분쟁해결기준'에 따라 잔여기간 이용요금의 10%을 지급한 후 계약을 해지할 수 있다고 판단됩니다."
864, 인터넷정보이용서비스, 계약해지?해제_동영상콘텐츠_유료서비스 자동 전환,7일간 무료체험이벤트에 참가하여 7일 이후에는 자동 해지되는 것으로 알았습니다. 그런데 8일째 회원으로 가입되고 요금이 결제되었다는 문자를 받고 환급을 요청하자 사업자는 무료체험기간 동안 해지 신청을 하지 않을 경우 자동으로 회원에 가입된다는 안내를 했다며 환급을 거부하는데 결제금액을 환급받을 수 있을까요?,"무료체험 이벤트 기간 후 자동으로 유료회원으로 전환되는 조항의 불공정성이 인정되어 무효로 볼 수 있다면, 소비자의 동의 절차 없이 자동 결제된 금액에 대해 환급을 요구할 수 있습니다.「전자상거래등에서의 소비자보호에 관한 법률」 제21조(금지행위)에 따르면 전자상거래를 행하는 사업자는 기만적 방법을 사용해 소비자를 유인 또는 거래하거나 소비자의 청약 없이 일방적으로 재화를 공급하고 대금을 청구하는 행위를 금지행위로 규정하고 있고, 「약관의 규제에 관한 법률」 제6조(일반원칙)에 따르면 고객에게 부당하게 불리한 조항은 공정성을 잃은 조항으로 추정하며 공정성을 잃은 조항은 무효로 규정하고 있습니다. 또한 공정거래위원회가 고시한 인터넷콘텐츠업 관련 '소비자분쟁해결기준'에 따르면 소비자의 동의 없이 무료이용기간이 경과한 후 유료로 전환한 경우 유료청구 금액을 환급하도록 정하고 있습니다.따라서, 무료체험 이벤트 기간 후 자동으로 유료회원으로 전환되는 조항은 고객을 기만하는 예상하기 어려운 기습조항으로 그 불공정성이 인정될 경우 무효로 볼 수 있고, 결제금액 변경에 대해 소비자의 동의 절차 없이 자동결제 되었다면 청구한 사업자 또는 결제대행업체를 통해 해당 금액에 대해 환급을 요구할 수 있다고 판단됩니다.다만, 사업자의 약관에 따라 자동결제 대금환급이 어려울 수 있으며, 이러한 피해를 예방하기 위해서는 가입 전 자동결제의 여부, 의무 사용기간 등의 약관 내용을 확인하는 것이 중요합니다."
865, 인터넷정보이용서비스, 청약철회_전화권유판매로 계약한 주식자동매매 정보서비스의 청약철회,"사업자로부터 고수익을 올릴 수 있다는 전화 안내를 받고 주식추천 프로그램 구매계약을 했는데, 계약 당시 설명한 내용과 다른 점이 많아 2일 후 청약철회를 요구하였으나 사업자가 지적재산권으로 환급 불가 상품이라며 환급을 거절합니다. 계약대금을 환급받을 수 있을까요?","청약철회 기간 이내이면 환급 요구가 가능하나 청약철회 등이 불가능하다는 사실의 표시와 함께 시험사용 상품을 제공하는 등의 방법으로 청약철회 등의 권리행사가 방해받지 않도록 조치를 했다면 청약철회가 제한될 수 있습니다.「방문판매 등에 관한 법률」(이하, ‘방문판매법’) 제8조(청약철회등)에 따르면 전화권유판매의 방법으로 재화 등의 구매에 관한 계약을 체결한 소비자는??계약서를?받은?날부터?14일?이내(다만 계약서를 받은 날보다 재화 등이 늦게 공급된 경우에는 재화 등을 공급받거나 공급이 시작된 날)에?그?계약에?관한?청약철회 등을?할?수?있다고 규정하고 있고, ‘방문판매법’ 제9조(청약철회 등의 효과)에 따르면 청약철회 등을 한 경우 공급받은 재화 등을 반환하여야 한다고 규정하고 있습니다. 또한 ‘방문판매법’ 제8조(청약철회등) 제5항에 따르면 방문판매자 등은 청약철회 등을?할?수?없는?재화 등의?경우에는?그?사실을?재화 등의?포장이나?그?밖에 소비자가?쉽게?알?수 있는?곳에?분명하게?표시하거나 시용(試用)?상품을?제공하는?등의?방법으로?청약철회 등의?권리행사가?방해받지?않도록 조치하여야 한다고 규정하고 있습니다.따라서, 사업자는 청약철회 등을 이유로 소비자에게 위약금 또는 손해배상을 청구할 수 없으므로 청약철회 기간이 도과하지 않았고(청약철회 초일 불산입) 적법하게 청약철회가 되었다면 소비자는 이미 지급한 계약대금에 대해 환급을 요구할 수 있다고 판단됩니다.다만, 디지털콘텐츠의 제공이 개시되었고 통신사업자 등이 청약철회 등이 불가능하다는 사실의 표시와 함께 시험사용 상품을 제공하는 등의 방법으로 청약철회 등의 권리행사가 방해받지 않도록 조치를 했다면 청약철회가 제한될 수 있습니다."
866, 인터넷정보이용서비스, 청약철회_소개서비스의 청약철회,"소개팅 4회 이용 계약을 체결한 후 상대방과 대화를 하다가 중단되었습니다. 서비스가 미흡하게 진행되어 다음 날 계약을 해지하려고 하는데 사업자는 서비스를 이용했다는 이유로 청약철회가 불가능하다고 하는데, 이용하지 못한 서비스 대금 환급이 가능한가요? ","남은 3회에 해당하는 금액에 대해 환급을 요구할 수 있으나 디지털콘텐츠의 제공이 개시되고 이에 대한 청약철회가 불가능하다는 사실이 표시된 경우 청약철회가 어려울 수 있습니다.「전자상거래에 등에서의 소비자보호에 관한 법률」(이하, ‘전자상거래법’) 제17조(청약철회등)에 따르면 계약에 관한 서면을 받은 날부터 7일 이내에 청약철회를 할 수 있고, 가분적 용역 또는 가분적 디지털콘텐츠로 구성된 계약의 경우에는 제공이 개시되지 아니한 부분에 대해서는 청약철회가 가능하다고 규정하고 있고, ‘전자상거래법’ 제21조(금지행위)에 따르면 청약철회 또는 계약의 해지를 방해한 행위를 금지행위로 규정하고 있습니다.따라서, 가분적 용역으로 구성된 소개팅 이용 계약의 일부를 사용하였더라도 계약 다음날 계약해제를 요청한 경우에 남은 3회에 해당하는 금액에 대해 환급을 요구할 수 있다고 판단됩니다.다만, 디지털콘텐츠의 제공이 개시되고 이에 대한 청약철회가 불가능하다는 사실이 표시된 경우 청약철회가 어려울 수 있습니다."
867, 인터넷정보이용서비스, 청약철회_OTT동영상콘텐츠의 7일 이내 청약철회 요구,"온라인 동영상 콘텐츠 이용 계약을 체결했다가 단순 변심으로 다음 날 청약철회를 요구했는데, 사업자가 약관에 따라 콘텐츠에 문제가 있을 경우에만 환불이 가능하다고 합니다. 대금 환급이 불가능한가요? ","소비자는 구매 후 시청 이력이 없는 경우라면 '소비자분쟁해결기준'에 따라 청약철회 기간 내 대금 환급을 요구할 수 있습니다.「전자상거래 등에서의 소비자보호에 관한 법률」(이하, ‘전자상거래법’) 제17조(청약철회등) 및 ‘콘텐츠이용자보호지침’에 따르면 소비자는 온라인동영상과 같은 디지털콘텐츠를 구매하고 이를 시청하지 않은 경우, 구매한 날로부터 7일 이내에 언제든지 그 구매를 취소(청약철회)하고 구매금액을 전액 환불받을 수 있도록 규정하고 있습니다.또한, ‘전자상거래법’ 제21조(금지행위)에 따르면 거짓 또는 과장된 사실을 알리거나 기만적 방법을 사용하여 소비자를 유인 또는 소비자와 거래하거나 청약철회등 또는 계약의 해지를 방해하는 행위를 금지행위로 규정하고 있습니다. 따라서, 사업자가 소비자의 청약철회 권리에 관한 사항들을 사실과 다르게 알림에 따라 법정 기간 내에 정당하게 계약해지 등을 할 수 없었다면 이는 `거짓 또는 과장된 사실을 알려 청약철회를 방해한 행위`에 해당하여 ‘전자상거래법’ 위반으로 볼 수 있어, 소비자는 구매 후 시청 이력이 없는 경우라면 단순 변심의 경우라도 공정거래위원회가 고시한 인터넷콘텐츠업 관련 '소비자분쟁해결기준'에 따라 청약철회기간 내 대금 환급을 요구할 수 있다고 판단됩니다.다만, 소비자에게 책임 있는 사유로 콘텐츠가 멸실 또는 훼손된 경우에는 청약철회가 제한되며, 콘텐츠의 훼손에 대하여 소비자의 책임이 있는지 여부, 콘텐츠 구매에 관한 계약이 체결된 사실 및 그 시기, 콘텐츠 제공 사실 및 그 시기 등에 관하여 다툼이 있는 경우에는 사업자가 이를 증명하여야 합니다."
868, 인터넷정보이용서비스, 계약불이행_사업자 계약불이행에 대한 손해배상 요구,인터넷 도메인 연장 시 혜택 광고를 보고 서비스 이용 계약을 1년 연장하였는데 사업자가 제공하기로 한 부가 혜택을 이행하지 않고 있습니다. 손해배상을 요구할 수 있는지요?,"사업자와 도메인 이용 계약의 기간을 1년 연장하였는데도 사업자가 부가 혜택을 정상적으로 제공하지 않는다면 이에 대한 손해배상을 요구할 수 있습니다.「민법」 제390조(채무불이행과 손해배상)에 따르면 채무자가 채무의 내용에 좆은 이행을 하지 아니한 때에는 채권자는 손해배상을 청구할 수 있다고 규정하고 있으며, 「민법」 제393조(손해배상의 범위)에 따르면 채무불이행으로 인한 손해배상은 통상의 손해를 그 한도로 한다고 규정하고 있습니다.따라서, 소비자가 도메인 연장 시 혜택 광고를 확인하고 도메인 연장 시 부가 혜택 제공 여부를 문의한 뒤 사업자와 도메인 이용 계약의 기간을 1년 연장하였는데도 사업자가 부가 혜택을 정상적으로 제공하지 않는다면 이에 대한 손해배상을 요구할 수 있다고 판단됩니다."
869, 인터넷정보이용서비스, 표시·광고_적용 조건을 제대로 고지받지 못한 OTT동영상콘텐츠 프로모션에 대한 보상,"월 멤버십 스트리밍 서비스 30일 무료 이용 프로모션에 가입했는데, 최초 가입 회원에 한하여 제공되는 서비스라며 요금이 청구되었습니다. 사업자로부터 무료 이용 프로모션 자격 유무를 정확하게 고지받지 못했는데 요금 전액을 환급받을 수 있을까요?","가격 및 서비스 변경·적용을 위해서는 고객에게 명확히 알리거나 동의를 받아야 하므로 이를 고지하지 않았다면 '소비자분쟁해결기준'에 따라 계약을 취소하고 납부한 요금에 대해 환급을 요구할 수 있습니다.「전자상거래 등에서의 소비자보호에 관한 법률」(이하, ‘전자상거래법’) 제7조(조작 실수 등의 방지)에 따르면 사업자는 전자상거래에서 소비자의 조작 실수 등으로 인한 의사표시의 착오 등으로 발생하는 피해를 예방할 수 있도록 거래 대금이 부과되는 시점이나 청약 전에 그 내용을 확인하거나 바로잡는 데에 필요한 절차를 마련해야 한다고 규정하고 있고, ‘전자상거래법’ 제8조(전자적 대금 지급의 신뢰 확보)에 따르면 전자적 대금 지급이 이루어지는 경우 소비자의 청약 의사가 진정한 의사표시에 의한 것인지 확인하기 위하여 거래 조건 등을 명확히 고지하고 소비자의 확인 절차를 마련할 의무를 규정하고 있습니다.따라서, 가격 및 서비스에 대한 사항은 고객이 계약을 체결할 때 고려하는 중요한 내용으로 불리하게 변경·적용하기 위해서는 고객에게 명확히 알리거나 동의를 받아야 하므로 이를 고지하지 않았다면 공정거래위원회가 고시한 인터넷콘텐츠업 관련 '소비자분쟁해결기준'에 따라 계약을 취소하고 납부한 요금에 대해 환급을 요구할 수 있다고 판단됩니다.다만, 사업자가 별도로 재가입 회원에 대한 요금 부과 계약을 체결하거나 이에 준하는 명확한 고지를 통해 청약자의 의사표시를 확인하였다면 대금 환급이 어려울 수 있습니다. "
870, 인터넷정보이용서비스, 표시·광고_계약조건을 표시하지 않은 서비스 환급 요구,"온라인 몰에서 멤버십 회원은 무조건 추가적립을 해 준다는 광고를 보고 멤버십 서비스 이용 계약(9900원/월)을 체결하고 물품을 구입했는데, 세부 조건 미충족을 이유로 적립금을 지급할 수 없다고 합니다. 멤버십 서비스 이용 대금 환급이 가능할까요?","특정 조건에서만 혜택이 주어짐에도 이러한 조건이나 상황을 누락 또는 은폐하여 광고한 것으로서 ‘기만적인 광고’에 해당된다고 인정되면 사업자에게 서비스 이용대금 환급을 요구할 수 있습니다.「표시·광고의 공정화에 관한 법률」 제10조(손해배상책임)에 따르면 기만적인 표시·광고 등 부당한 표시·광고행위를 한 사업자 등은 그로 인하여 피해를 입은 자에게 손해배상책임을 지도록 규정하고 있습니다.광고가 소비자를 속이거나 소비자로 하여금 잘못 알게 할 우려가 있는지는 보통의 주의력을 가진 일반 소비자가 당해 광고를 받아들이는 전체적·궁극적 인상을 기준으로 하여 객관적으로 판단되어야 합니다.따라서, 특정 조건이나 제한적 상황하에서만 해당 광고에서 주장 또는 제시하는 결과·효과(효능) 등을 거둘 수 있음에도 불구하고 이러한 조건이나 상황을 누락 또는 은폐하여 광고한 것으로서 ‘기만적인 광고’에 해당된다고 인정되면 사업자에게 서비스 이용대금 환급을 요구할 수 있다고 판단됩니다.다만, 소비자 또한 세부 조건을 확인하는 등 소비자로서 책무를 다하지 않은 책임 정도에 따라 환급범위가 달라질 수 있습니다. "
871, 인터넷정보이용서비스, 약관_주식자동매매 정보서비스의 정상가 공제,1년 동안 이용하기로 한 주식 매매프로그램을 통한 정보서비스가 불필요하여 계약해지를 요구하자 사업자가 약관에 따라 정상가를 기준으로 위약금을 공제하면 환급할 금액이 없다고 합니다. 사전에 정상가 차감에 대해 설명을 듣지 못했는데 환급을 받을 수 있나요? ,"정상가를 기준으로 위약금을 산정하는 규정의 효력이 인정되기 어려울 경우 ‘소비자분쟁해결기준’에 따라 해지일까지의 이용 일수에 해당하는 금액과 잔여기간 이용요금의 10%를 공제한 나머지 금액에 대해 환급을 요구할 수 있습니다.「약관의 규제에 관한 법률」 제3조(약관의 작성 및 설명의무 등)에 따르면 사업자가 계약 내용의 중요한 내용을 고객이 이해할 수 있도록 설명하도록 규정하고 있고, 「방문판매 등에 관한 법률」 제52조(소비자 등에게 불리한 계약의 금지)에 따르면 소비자에게 불리한 것은 효력이 없다고 규정하고 있습니다.따라서, 정상가를 기준으로 위약금을 산정하는 규정은 소비자의 계약해지로 발생하는 손실을 현저하게 초과하는 위약금을 청구하는 결과를 초래할 뿐만 아니라 결합 계약의 해지로 인한 원상회복의무를 상당한 이유 없이 과중하게 부담시키거나 소비자의 원상회복 청구권을 부당하게 포기하도록 하게 하는 조항이므로 그 효력을 인정하기 어렵습니다.이때, 분쟁당사자 사이에 분쟁해결 방안에 관한 별도의 의사표시가 없는 경우 공정거래위원회가 고시한 인터넷콘텐츠업 관련 '소비자분쟁해결기준'에 따라 해지일까지의 이용 일수에 해당하는 금액과 잔여기간 이용요금의 10%를 공제한 나머지 금액에 대해 환급을 요구할 수 있다고 판단됩니다.다만, 할인전 대금을 기준으로 이용대금을 산정한다는 내용이 약관에 기재되어 있고, 계약체결 당시 명확하게 그 내용에 대해 설명을 듣고 동의한 경우라면 할인전 대금을 기준으로 환급금액이 산정될 수도 있습니다."
872, 인터넷정보이용서비스, 약관_주식자동매매프로그램의 중도해지 시 환불불가,"주식 이용 및 매매프로그램 이용 계약을 해지하려고 하는데, 사업자가 계약서상 ‘oo주식 카페 리포트 이용 시 플랫폼 이용으로 간주하여 환불불가’ 조항을 근거로 계약해지를 거부하고 있습니다. 이 경우 환급받을 수 없나요?","‘계속거래’는 계약기간 중 언제든지 해지할 수 있고, 사업자가 약관을 사유로 중도해지를 거부하는 경우 무효로 볼 수 있어 환급을 요구할 수 있습니다.「방문판매 등에 관한 법률」(이하, ‘방문판매법’) 제31조(계약의 해지)에 따르면 ‘계속거래업자등과 계속거래 등의 계약을 체결한 소비자는 계약기간 중 언제든지 계약을 해지할 수 있다’고 규정하고 있고, ‘방문판매법’ 제52조(소비자 등에게 불리한 계약의 금지)에 따르면 소비자에게 불리한 것은 효력이 없다고 규정하고 있습니다.따라서, 1개월 이상에 걸쳐 계속적으로 서비스를 제공받는 바 ‘계속거래’에 해당하므로 소비자는 계약기간 중 언제든지 해지할 수 있고 사업자가 ‘oo주식 카페리포트 이용 시 플랫폼 이용으로 간주하여 환불 불가’ 약관을 사유로 중도해지를 거부하는 경우 무효로 볼 수 있어, 환급을 요구할 수 있다고 판단됩니다.이때, 분쟁당사자 사이에 분쟁해결 방안에 관한 별도의 의사표시가 없는 경우 공정거래위원회가 고시한 인터넷콘텐츠업 관련 '소비자분쟁해결기준'에 따라 해지일까지의 이용 일수에 해당하는 금액과 잔여기간 이용요금의 10%를 공제한 나머지 금액에 대해 환급을 요구할 수 있습니다."
873, 인터넷정보이용서비스, 약관_OTT구독서비스의 1개월 이내 계약해지 불가,"동영상 콘텐츠 멤버십에 가입하여 매월 1일 12,000원을 결제하고 이용하다가 해지를 요구하자 사업자는 결제 주기(1개월) 내에는 환급 불가라고 합니다. 부당하게 자동 결제된 요금을 환급받을 수 있을까요?","‘계속거래’는 계약기간 중 언제든지 해지할 수 있고, 사업자가 약관을 사유로 중도해지를 거부하는 경우 무효로 볼 수 있어 환급을 요구할 수 있습니다.「방문판매 등에 관한 법률」(이하, ‘방문판매법’) 제31조(계약의 해지)에 따르면 ‘계속거래업자등과 계속거래 등의 계약을 체결한 소비자는 계약기간 중 언제든지 계약을 해지할 수 있다’고 규정하고 있고 ‘방문판매법’ 제52조(소비자 등에게 불리한 계약의 금지)에 따르면 소비자에게 불리한 것은 효력이 없다고 규정하고 있습니다.따라서, 일정기간 구독료를 내고 상품이나 서비스를 제공받는 OTT 구독 거래는 계속거래에 해당하므로 언제든지 해지할 수 있고, 귀책 여부와 이용 여부 등을 고려하지 않고 중도해지 시 무조건 환급하지 않는 약관은 고객의 해제권 또는 해지권을 배제하거나 그 행사를 제한하는 조항으로서 무효로 볼 수 있어 환급을 요구할 수 있다고 판단됩니다.이때, 공정거래위원회가 고시한 인터넷콘텐츠업 관련 '소비자분쟁해결기준'에 따라 계약이 적법하게 해지되었고 고객이 서비스를 이용하지 않은 경우 매 결제일 이후 7일 이내(구독기간 1개월 기준)에 해지하면 자동 납부한 금액 환급을 요구할 수 있습니다.다만, 해당 결제 주기에 내려받기 등의 방식으로 서비스 제공이 개시되거나 이용 내역이 있는 경우 등 사실관계에 따라 환급이 제한될 수 있습니다."
874, 인터넷정보이용서비스, 부당행위_주식자동매매정보서비스의 환급 거부,1년 동안 주식투자 정보를 제공받고 프로그램 설치받았으나 개인사정으로 계약해지 및 잔여 이용료 환급을 요구하자 사업자가 전자상거래법상 청약철회 기간이 지났다며 환급을 거부합니다. 환급을 받을 수 없나요?,"사업자와 1년 동안 주식정보를 제공받기로 하는 계약은 계속거래 계약에 해당하므로 계약기간 중 언제든지 해지하여 환급을 요구할 수 있습니다.「방문판매 등에 관한 법률」 제31조(계약의 해지)에 따르면 ‘계속거래업자등과 계속거래 등의 계약을 체결한 소비자는 계약기간 중 언제든지 계약을 해지할 수 있다’고 규정하고 있습니다.따라서, 프로그램 설치는 약정기간 내에 사업자가 제공하는 주식투자 관련 정보를 받아 주식을 매매하기 위해 사용되는 부수적인 수단으로 볼 수 있고, 사업자와 1년 동안 주식정보를 제공받기로 하는 계약은 계속거래 계약에 해당하므로 소비자는 계약기간 중 언제든지 해지하여 환급을 요구할 수 있다고 판단됩ㄴ디ㅏ.이때, 분쟁당사자 사이에 분쟁해결 방안에 관한 별도의 의사표시가 없는 경우 공정거래위원회가 고시한 인터넷콘텐츠업 관련 '소비자분쟁해결기준'에 따라 해지일까지의 이용 일수에 해당하는 금액과 잔여기간 이용요금의 10%를 공제한 나머지 금액에 대해 환급을 요구할 수 있습니다.다만, 프로그램 이용을 위한 것으로 제공된 PC 등 전기기기 등을 훼손 및 사용하지 않고 반환해야 합니다."
875, 인터넷정보이용서비스, 부당행위_회원 가입 시 자동 유료회원 전환,"7일 동안 무료로 방송이나 음악, 도서 중 한 품목을 선택하여 이용할 수 있다는 광고를 보고 무료사이트에 가입하였으나 유료회원으로 자동 전환되어 5개월 동안 비용을 지급한 사실을 알게되었습니다. 결제금액에 대해 환급을 받을 수 있을까요? ","계약체결 당시 사업자로부터 유료 전환에 대해 어떠한 설명이나 동의를 하지 않았음이 확인된다면 환급을 요구할 수 있습니다.공정거래위원회가 고시한 인터넷콘텐츠업 관련 '소비자분쟁해결기준'에 따르면 1개월 이상의 계속적 이용계약 체결 후 대금 자동결제 시 소비자에게 고지하지 않은 경우 청구금액을 환급하도록 규정하고 있습니다. 또한, 「약관의 규제에 관한 법률」 제12조(의사표시의 의제)에 따르면 상당한 기한 내에 의사표시를 하지 아니하면 의사표시가 표명되거나 표명되지 아니한 것으로 본다는 뜻을 명확하게 따로 고지하지 않고 고객이 일정한 행동을 하지 않은 경우 의사표시가 있었던 것으로 간주하는 약관을 무효로 규정하고 있습니다.따라서, 계약체결 당시 사업자로부터 유료 전환에 대해 어떠한 설명도 듣지 못했고, 유료전환 시 어떠한 고지나 동의요구도 받지 못하였다면 유료전환 계약의 무효를 주장하고 이미 청구받은 금액에 대해 환급을 요구할 수 있으며, 이용자의 동의 여부 등에 다툼이 있는 경우에는 사업자가 이를 증명해야 합니다(콘텐츠이용자보호지침, 문화체육관광부 고시).다만, 계약체결 당시 사업자가 유료 전환에 대해 명확하게 설명하였고, 유료전환 시 이메일, SMS 문자 등을 통해 유료전환 사실을 통보하였다면 환급을 요구하기 어렵습니다."
876, 인터넷정보이용서비스, 부당행위_디지털 캐시로 환급,만화 콘텐츠 이용서비스가 원활하게 진행되지 않아 해지하려고 하자 사업자가 코인으로 충전해 주겠다고 합니다. 현금으로 환급을 받을 수 있나요? ,"콘텐츠제공서비스 제공 중지 또는 장애 등으로 피해를 입었다면 사업자에게 계약을 해지하고 환급을 요구할 수 있습니다. 손해배상은 「민법」 상 금전 배상이 원칙이므로 사이버머니로 보상하는 것은 불공정하며, 공정거래위원회가 고시한 인터넷콘텐츠업 관련 '소비자분쟁해결기준'은 3일 이상 서비스가 중지되거나 장애가 발생한 경우 또는 1개월 동안의 서비스 중지·장애 발생 누적 시간이 72시간을 초과한 경우 계약해지 및 잔여기간에 대한 이용료를 환급하도록 규정하고 있습니다.따라서, 콘텐츠제공서비스 제공 중지 또는 장애 등으로 피해를 입었다면 사업자에게 계약을 해지하고 환급을 요구할 수 있다고 판단됩니다. "
877, 인터넷정보이용서비스, 부당행위_홈쇼핑 서비스 회원 자격 정지,쇼핑몰 사업자의 쇼핑몰 이용 제한으로 상품구매 시 결제금액의 10%에 해당하는 적립금 지급 및 7% 카드 할인 프로모션에 참여할 수 없었습니다. 사업자에게 회원자격 철회 및 프로모션에 참여하지 못하여 정신적 피해를 입은데 따른 위자료 보상을 요구할 수 있을까요? ,"단순히 사업자의 채무불이행으로 인해 소비자가 피해를 입었다고 볼 만한 사정이 확인되지 않은 상태에서 회원자격 정지로 프로모션 해당 상품을 구입할 수 없었음을 사유로 사업자에게 위자료 지급을 요구하기는 어렵습니다.「민법」 제393조(손해배상의 범위)에 따르면 채무불이행으로 인한 손해배상은 통상의 손해를 그 한도로 한다고 규정하고 있습니다.따라서, 단순히 사업자의 채무불이행으로 인해 소비자가 피해를 입었다고 볼 만한 사정이 확인되지 않은 상태에서 회원자격 정지로 프로모션 해당 상품을 구입할 수 없었음을 사유로 사업자에게 위자료 지급을 요구하기는 어렵다고 판단됩니다.다만, 사업자의 운영정책이나 약관에 따라 소비자가 이용자의 의무를 다하지 않거나 금지행위를 반복적으로 한 경우 등에 있어서 사업자의 회원 자격 정지가 부당하다고 단정할 수 없으며, 소비자와 사업자 간의 거래를 지속할 수 없는 원인과 자격상실 사유가 확인되지 않은 상태에서 회원자격 철회 요구 부분은 제3자를 통한 조정에 한계가 있을 수 있습니다."
878, 인터넷정보이용서비스, 부당행위_이벤트 당첨 경품의 변경,이벤트 당첨 경품이 변경되어 불만을 제기하자 사업자가 일방적으로 경품 당첨을 취소하였습니다. 변경 전 이벤트 당첨 경품으로 제공할 것을 요구할 수 있을까요?,"경품 변경에 대해 불만을 제기한 사실만으로 소비자가 계약해제에 합의한 것으로 보기 어려우므로 사업자에게 계약대로 경품제공을 요구할 수 있습니다.「민법」 제527조(계약의 청약의 구속력)에 따르면 ‘계약의 청약은 이를 철회하지 못한다’라고 규정하고 있으며, 대법원 판례에 따르면 ‘청약의 상대방이 청약에 대하여 승낙을 하기만 하면 당해 계약을 저버리는 일이 없도록 함으로써 상대방을 보호하고 이로써 거래의 안전을 확보하는 것이라고 할 것이므로 계약 청약의 철회는 원칙적으로 무효로 봅니다(대구지방법원 2010. 6. 1 선고 2009가합14351 판결).따라서, 소비자가 위 이벤트 경품에 당첨되었고 경품을 수령하기 위해 개인정보를 사업자에게 제공하였다면 청약이 성립된 것으로 보아야 하며, 경품 변경에 대해 불만을 제기한 사실만으로 소비자가 계약해제에 합의한 것으로 보기 어려우므로 사업자에게 경품제공을 요구할 수 있다고 판단됩니다.만약, 경품 재고 소진 등으로 사업자가 소비자에게 해당 경품을 제공할 수 없다면 경품 상당액을 요구할 수 있을 것입니다."
879, 자동차대여(렌트), 계약해제·해지_대여전_소비자귀책_사용개시일시로부터 24시간 전 취소 통보시,"자동차 대여 계약 후 사용개시일시로부터 3일이상 남아 있는 상태에서 개인사정으로 예약취소 및 예약금 환급을 요청하였으나, 사업자가 예약금 환급을 거부합니다. 이런 경우 예약금을 환급 받을 수 있나요?","사업자에게 예약금 환급을 요구할 수 있습니다.   공정거래위원회고시「자동차대여 표준약관」 및 자동차대여업 관련 「소비자분쟁해결기준」에 따르면 사용개시일시로부터 24시간 전 취소 통보 시 예약금 전액 환급하도록 명시하고 있습니다. 따라서, 소비자의 개인사정으로 사용개시일시로부터 24시간 전 취소 통보한 경우라면 예약금 환급을 요구해 볼 수 있습니다.   다만, 사건별 약관 규정의 내용, 사업자의 약관명시·설명의무 이행 여부 등에 비추어 계약 약관이 유효한 것으로 판단되는 경우에는 소비자분쟁해결기준에 따른 환급이 어려울 수도 있습니다."
880, 자동차대여(렌트), 계약해제·해지_대여전_소비자귀책_사용개시일시로부터 24시간 이내 취소 통보 시,"자동차 대여 계약 후 사용개시일시로부터 19시간 남아 있는 상태에서 개인사정으로 예약취소 및 예약금 환급을 요청하였으나, 사업자가 예약금 환급을 거부합니다. 이런 경우 예약금 환급 받을 수 있나요?","예약금 중 대여 예정 요금의 10%를 공제한 금액에 대해 환급을 요구할 수 있습니다.   자동차대여업 관련 「소비자분쟁해결기준」에 따르면 사용개시일시로부터 24시간 이내 취소 통보 시 예약금 중 대여예정 요금의 10% 공제 후 환급하도록 명시하고 있습니다. 따라서, 소비자의 개인사정으로 사용개시일시로부터 19시간 전 취소 통보한 경우라면 예약금 중 대여예정 요금의 10%를 공제한 금액에 대해 환급을 요구해 볼 수 있습니다.   다만, 사건별 약관 규정의 내용, 사업자의 약관명시·설명의무 이행 여부 등에 비추어 계약 약관이 유효한 것으로 판단되는 경우에는 소비자분쟁해결기준에 따른 환급이 어려울 수도 있습니다."
881, 자동차대여(렌트), 계약해제·해지_사업자귀책_대여전_예약금이 대여 예정 요금의 10% 범위 내,자동차 대여 계약하였으나 사업자로부터 차량이 없어 제공할 수 없다며 일방적인 취소 통보 및 예약금을 환급 받았습니다. 이런 경우 예약금 제외한 추가 보상은 없나요?,"예약금에 대여 예정 요금의 10% 범위내로 가산된 금액에 대해 환급을 요구할 수 있습니다.   공정거래위원회 고시 「자동차대여 표준약관」에 따르면 회사는 예약금을 수령한 후 회사의 사정으로 예약을 취소하거나 대여 계약을 체결하지 못할 경우에는 고객에게 사유를 설명하고 예약금의 배액을 지급하도록 되어 있습니다. 따라서, 사업자의 사정에 의하여 예약을 취소하는 경우라면 예약금의 배액을 요구해 볼 수 있습니다.   단, 이 경우 예약금은 대여 예정 요금의 10% 범위내로 한정합니다."
882, 자동차대여(렌트), 계약해제·해지_사업자귀책_대여전_예약금이 총 대여요금의 10% 이상일때,자동차 대여 계약하였으나 사업자로부터 차량이 없어 제공할 수 없다며 일방적인 취소 통보 및 예약금을 환급 받았습니다. 이런 경우 예약금 제외한 추가 보상은 없나요? ,"예약금에 대여 예정 요금의 10% 가산된 금액에 대해 환급을 요구할 수 있습니다.   자동차대여업 관련 「소비자분쟁해결기준」에 따르면 대여 전 사업자의 사정에 의한 예약취소 또는 계약의 미체결 시 예약금에 대여 예정 요금의 10% 가산 후 환급하도록 명시되어 있습니다. 따라서, 대여 전 사업자의 사정에 의하여 예약이 취소된 경우라면 예약금에 대여 예정 요금의 10% 가산된 금액에 대해 환급을 요구해 볼 수 있습니다."
883, 자동차대여(렌트), 계약해제·해지_대여전_사업자 귀책_동급의 대체차량 제공 불가,렌트사를 통해 쏘나타LPG 차량을 대여 계약 후 당일 차량을 인도받고자 방문하니 쏘나타 LPG가 아닌 가솔린 차량으로 업체측에 이의제기하니 현재 LPG 차량이 없다며 예약취소 및 예약금만 환급하여 준다고 합니다. 이런 경우 예약금을 제외한 추가 보상을 받을 수 없나요?,"예약금에 대여 예정 요금의 10% 가산된 금액에 대해 환급을 요구할 수 있습니다.   자동차 대여 「소비자분쟁해결기준」에 따르면 사업자의 사정에 의한 예약취소 또는 계약의 미체결된 경우, 예약금에 대여 예정 요금의 10% 가산 후 환급하도록 명시되어 있습니다. 따라서, 사업자의 귀책으로 예약 차량에 대해 제공 불가하여 예약 취소되는 경우라면 예약금에 대여 예정 요금의 10% 가산 후 환급을 요구해 볼 수 있습니다."
884, 자동차대여(렌트), 계약해제·해지_대여전_사업자귀책_동급의 대체차량 제공 가능 시,"자동차 대여 계약 후 당일 차량을 인도받고자 방문하니 예약차량의 하자로 사용 불가하여, 동급의 다른 차량을 제공하겠다고 합니다. 이런 경우 계약취소 및 대여요금 환급받을 수 없나요?","대체 차량 제공 또는 기지급한 대여 요금 전액 환급 중 선택해 요구할 수 있습니다. 단,    공정거래위원회고시 「자동차대여표준약관」 제8조 제1항에 의하면 고객은 렌터카 인도 이전의 차량 하자로 인하여 렌터카를 사용할 수 없는 때에는 제20조 제3항에 의한 조치를 받거나 대여 계약을 해지할 수 있다고 규정하고 있고, 제20조 제3항에 의하면 고객은 회사로부터 대체 렌터카의 제공 또는 이에 준하는 조치를 받을 수 있다고 정하고 있습니다. 또한 자동차대여업 관련 「소비자분쟁해결기준」에 따르면 대여개시일 당일(인도이전) 차량하자로 사용 불가능할 경우 동급의 대체 차량 제공 가능 시 대체차량 제공 또는 기지급한 대여요금 전액 환급으로 명시되어 있습니다. 따라서, 대여 차량의 하자로 사용 불가능한 경우라면 대체 차량 제공 또는 기지급한 대여 요금 전액 환급 중 선택하시어 사업자에게 요구해 볼 수 있습니다.   참고로, 동급의 대체차량 제공 불가능 시 기지급한 대여 요금 전액 및 총 대여 예정 요금의 10% 가산 후 환급을 주장하실 수 있습니다.    다만, 사건별 약관 규정의 구체적 내용, 사업자의 명시·설명의무 이행 여부 등에 비추어 계약 약관이 유효한 것으로 판단되는 경우에는 소비자분쟁해결기준에 따른 환급이 어려울 수도 있습니다."
885, 자동차대여(렌트), 계약해제·해지_중도해지_사업자의 귀책,"A씨는 차량을 5박6일 대여하여 이용 중 하루 만에 시동이 걸리지 않는 현상으로 렌트업체측에 차량 반납하니, 사업자는 잔여기간 대여요금만 환급하여 주겠다고 합니다. 이런 경우 피해에 대한 보상기준이 없나요?","잔여기간 대여 요금의 10% 가산 후 환급을 요구할 수 있습니다.   자동차대여업 관련 「소비자분쟁해결기준」에 따르면 대여기간 중 사업자의 귀책사유로 인한 중도 해지 시 잔여기간 대여요금의 10% 가산 후 환급으로 명시되어 있습니다. 따라서, 대여기간중 차량하자 등 사업자의 귀책 사유로 인해 중도 해지하는 경우라면 잔여기간 대여요금의 10% 가산 후 환급을 요구해 볼 수 있습니다.   다만, 대여일 내에 위와 같은 하자로 인해 정상적인 운행이 불가했다는 점은 이를 주장하는 소비자가 증명해야 합니다."
886, 자동차대여(렌트), 계약해제·해지_중도해지_소비자의 귀책,"자동차 4박5일 대여한 상태에서 개인 사정으로 하루만에 중도해지를 요구하였으나, 사업자가 잔여기간 대여요금에 대한 환급을 거부합니다. 이런 경우 환급이 안되나요?","잔여기간 대여 요금의 10% 공제 후 환급을 요구할 수 있습니다.   공정거래위원회고시 「자동차대여 표준약관」 및 자동차대여업 관련 「소비자분쟁해결기준」 에 따르면 대여기간 중 소비자의 귀책사유로 인한 중도 해지 시 잔여기간 대여요금의 10% 공제 후 환급으로 명시되어 있습니다. 따라서, 4박5일 대여 기간 중 소비자의 개인사정에 의하여 하루만에 해지를 요구한 경우라면 잔여기간 대여요금의 10% 공제 후 환급을 요구해 볼 수 있습니다.   다만, 사건별 약관 규정의 구체적 내용, 사업자의 명시·설명의무 이행 여부 등에 비추어 계약 약관이 유효한 것으로 판단되는 경우에는 소비자분쟁해결기준에 따른 환급이 어려울 수도 있습니다."
887, 자동차대여(렌트), 계약해제·해지_대여전_천재지변,제주 여행을 위해 차량을 2박3일 대여한 상태에서 예약당일 태풍으로 비행기가 결항되었습니다. 이로 인해 이용 불가한 차량대여 계약에 대한 취소를 요구하며 대여요금 환급을 요구하였으나 자신들의 과실이 아니기에 환급은 불가하다고 합니다. 이런 경우 환급 받을 수 없나요?,"사업자에게 대여 요금의 환급을 요구할 수 있습니다.   공정거래위원회고시 「자동차대여 표준약관」 및 자동차대여업 관련 「소비자분쟁해결기준」 에 따르면 대여 계약 후 천재지변 등 불가항력적인 사유로 인하여 계약을 체결할 수 없게 된 경우에는 회사는 예약금을 고객에게 반환하게 되어 있습니다. 따라서, 태풍으로 항공편이 결항되어 계약을 체결할 수 없게 된 경우라면 사업자에게 대여요금의 환급을 요구해 볼 수 있습니다.   참고로, 천재지변은 기상청이 강풍, 풍랑, 호우, 대설, 폭풍해일, 지진해일, 태풍주의보 또는 경보를 발령한 경우로 한정됩니다.    다만, 사건별 약관 규정의 구체적 내용, 사업자의 명시·설명의무 이행 여부 등에 비추어 계약 약관이 유효한 것으로 판단되는 경우에는 소비자분쟁해결기준에 따른 환급이 어려울 수도 있습니다."
888, 자동차대여(렌트), 계약해제·해지_중도해지_천재지변,자동차를 7박8일 대여하여 이용하는 과정에서 천재지변(대설)으로 사용 불가함에 따라 중도해지 요구하였으나 사업자는 이를 거부합니다. 이런 경우 중도해지 불가하나요?,"사업자에게 대여 요금의 환급을 요구할 수 있습니다.   공정거래위원회고시 「자동차대여 표준약관」 및 자동차대여업 관련「소비자분쟁해결기준」에 따르면 대여기간 중 천재지변에 의한 사용불능으로 해지 시 잔여기간 대여요금 환급으로 명시되어 있습니다. 따라서, 천재지변으로 사용 불가한 경우라면 잔여기간 대여요금 환급을 요구해 볼 수 있습니다.   참고로, 천재지변은 기상청이 강풍, 풍랑, 호우, 대설, 폭풍해일, 지진해일, 태풍 주의보 또는 경보를 발령한 경우로 한정됩니다.    다만, 사건별 약관 규정의 구체적 내용, 사업자의 명시·설명의무 이행 여부 등에 비추어 계약 약관이 유효한 것으로 판단되는 경우에는 소비자분쟁해결기준에 따른 환급이 어려울 수도 있습니다."
889, 자동차대여(렌트), 계약해제·해지_장기대여_중도해지 위약금 ,"자동차를 4년 약정으로 장기대여하여 이용 중 계약기간이 남아 있는 상태에서 개인사정으로 중도해지 요구한 바, 사업자가 과도한 위약금(25% 등)을 공제하겠다고 주장합니다. 부당행위 아닌가요?","계약 시 사업자와 약정한 계약 내용을 근거하여 위약금을 청구하는 경우라면 부당하다 보긴 어렵습니다.   공정거래위원회고시 「자동차대여 표준약관」 제8조(고객의 대여계약 해지)에 따르면 고객의 사정에 의하여 대여계약 해지 시 6개월 이상 장기계약의 경우 회사와 고객은 회사의 손실을 고려하여 중도해지시의 수수료를 별도로 약정할 수 있다고 규정하고 있습니다.    따라서, 계약 시 사업자와 약정한 계약 내용을 근거하여 위약금을 청구하는 경우라면 부당하다 보긴 어렵습니다.   다만, 중도해지 수수료를 산정 시 차량 잔존 가치를 포함시키는 조항에 대해서는 공정거래위원회에서 불공정 약관으로 시정 조치한 바 있으니 이점 참고하시기 바랍니다. "
890, 자동차대여(렌트), 계약해제·해지_카셰어링_중도 해지,"본인은 카셰어링 서비스 이용 중 개인 사정으로 중도 해지를 요구하니, 업체측에서는 대여 요금 일체에 대해 반환할 수 없다고 합니다. 일부라도 반환 받을 수 없나요?","잔여기간 대여 요금의 10% 공제 후 환급을 요구할 수 있습니다.   공정거래위원회고시 「자동차대여 표준약관」 및 자동차대여업 관련 「소비자분쟁해결기준」 에 따르면 대여기간 중 소비자의 귀책사유로 인한 중도 해지 시 잔여기간 대여요금의 10% 공제 후 환급으로 명시되어 있습니다.    따라서, 대여 기간 중 소비자의 개인사정에 의하여 중도 해지를 요구한 경우라면 잔여기간 대여요금의 10% 공제 후 환급을 요구해 볼 수 있습니다.   다만, 사건별 약관 규정의 구체적 내용, 사업자의 명시·설명의무 이행 여부 등에 비추어 계약 약관이 유효한 것으로 판단되는 경우에는 소비자분쟁해결기준에 따른 환급이 어려울 수도 있습니다.  "
891, 자동차대여(렌트), 계약해제·해지_카셰어링_하자로 인한 중도 해지,카셰어링 서비스 이용 중 지속된 도어 조작 불가로 업체측에 연락을 취하니 단말기에 이상이 있는 것 같다며 지정차고지로 즉시 반납하면 잔여시간 이용요금에 대해 환급하여 주겠다고 합니다. 이런 경우 추가 보상을 받을 수 없나요?,"사업자측에 잔여기간 대여 요금의 10% 가산 후 환급을 요구해 볼 수 있습니다.   공정거래위원회고시 「자동차대여표준약관」 제8조 제1항에 의하면 고객은 렌터카 인도 이전의 차량 하자로 인하여 렌터카를 사용할 수 없는 때에는 제20조 제3항에 의한 조치를 받거나 대여 계약을 해지할 수 있다고 규정하고 있고, 제20조 제3항에 의하면 고객은 회사로부터 대체 렌터카의 제공 또는 이에 준하는 조치를 받을 수 있다고 정하고 있습니다. 또한 자동차대여업 관련 「소비자분쟁해결기준」에 따르면 대여기간중 사업자의 귀책사유로 인한 중도해지시 잔여기간 대여 요금의 10% 가산 후 환급으로 명시되어 있습니다. 따라서, 이용 개시 시점부터 지속적으로 도어 조작 등 문제가 발생하여 조기 반납하는 경우라면 사업자측에 잔여기간 대여 요금의 10% 가산 후 환급을 요구해 볼 수 있습니다.  "
892, 자동차대여(렌트), 계약불이행_대여전_동급의 대체차량 제공 불가,"자동차 대여 계약 후 당일 차량을 인도받고자 방문하니 예약 차량의 하자로 사용 불가하여, 동급의 대체 차량도 제공 불가하다며 대여 요금만 환급하여 주겠다고 합니다. 이런 경우 대여요금 제외한 추가 보상은 없나요?","기지급한 대여 요금 전액 및 총 대여 예정 요금의 10% 가산 후 환급을 요구할 수 있습니다.   자동차대여업 관련 「소비자분쟁해결기준」에 따르면 대여개시일 당일(인도이전) 차량 하자로 사용 불가능한 상태에서 동급의 대체 차량 제공 불가능 시 기지급한 대여 요금 전액 및 총 대여 예정 요금의 10% 가산 후 환급으로 명시되어 있습니다.    따라서, 예약 차량의 하자로 사용 불가능한 상태에서 동급의 대체 차량 제공도 불가능한 경우라면 기지급한 대여 요금 전액 및 총 대여 예정 요금의 10% 가산 후 환급을 요구해 볼 수 있습니다."
893, 자동차대여(렌트), 계약불이행_대여전＿차량하자_동급의 대체차량 제공 가능 시," 자동차 대여 계약 후 당일 차량을 인도받고자 방문하니 예약차량의 하자로 사용 불가하여, 동급의 다른 차량을 제공하겠다고 합니다. 이런 경우 계약취소 가능한가요?","대체 차량 제공 또는 기지급한 대여 요금 전액 환급 중 선택하시어 사업자에게 요구할 수 있습니다.   공정거래위원회고시 「소비자분쟁해결기준」 및 「자동차대여 표준약관」에 따르면 대여개시일 당일(인도이전) 차량하자로 사용 불가능할 경우 동급의 대체 차량 제공 가능 시 대체차량 제공 또는 기지급한 대여요금 전액 환급으로 명시되어 있습니다. 따라서, 대여 차량의 하자로 사용 불가능한 경우라면 대체 차량 제공 또는 기지급한 대여 요금 전액 환급 중 선택하시어 사업자에게 요구해 볼 수 있습니다.   참고로, 동급의 대체 차량 제공 불가능 시 기지급한 대여 요금 전액 및 총 대여 예정 요금의 10% 가산 후 환급을 주장하실 수 있습니다."
894, 자동차대여(렌트), 계약불이행_대여전_편의장치 미장착,본인은 초보운전자로 블랙박스와 내비게이션이 지원되는지 문의 후 해당 기능이 지원된다고 하여 차량을 대여하였습니다. 당일 차량을 확인하니 블랙박스 미장착 및 내비게이션 작동 불량으로 사업자 측에 이의제기하니 예약금만 환급하여 주겠다고 합니다. 보상기준이 어떻게 되나요?,"기지급한 대여 요금 전액 및 총대여 예정 요금의 10% 가산 후 환급을 요구할 수 있습니다.   자동차대여업 관련 「소비자분쟁해결기준」에 따르면 사업자의 사정에 의한 예약취소 또는 계약의미체결의 경우 예약금에 대여 예정 요금의 10% 가산 후 환급하도록 명시하고 있으며, 대여개시일 당일(인도이전) 차량 하자로 사용 불가능한 상태에서 동급의 대체 차량 제공 불가능 시 기지급한 대여 요금 전액 및 총 대여 예정 요금의 10% 가산 후 환급으로 명시하고 있습니다. 따라서, 예약 차량이 계약 내용과 다르게 블랙박스 미장착되고 내비게이션은 작동 불량인 상태에서 동급의 대체 차량 제공도 불가능한 경우라면 기지급한 대여 요금 전액 및 총대여 예정 요금의 10% 가산 후 환급을 요구해 볼 수 있습니다.   다만, 이 경우 블랙박스와 내비게이션 지원이 계약조건이었음을 확인할 수 있는 증빙자료가 필요합니다.  "
895, 자동차대여(렌트), AS불만_휴차비 과다청구 ,신청인이 A승용차를 임차하여 운행 중에 운전 미흡으로 사고 발생하였습니다. 수리기간이 10일정도 소요된다며 이에 대한 휴차비로 10일 렌트비용을 청구합니다. 이를 지급해야 하나요?,"사업자가 고객이 부담할 손해액에 대해 객관적인 산정자료를 제시하지 않는 경우라면 수리기간에 해당하는 대여요금의 50% 부담(5일)을 주장할 수 있습니다.   공정거래위원회고시 「자동차대여 표준약관」 제19조에 따르면 고객은 고객의 귀책사유에 의한 사고로 렌터카를 수리할 경우에는 그 수리기간의 영업손해를 배상토록 되어 있습니다. 회사가 고객이 부담할 손해액을 정하는 경우 동종차량의 대여 요금 등을 감안한 객관적인 산정자료를 제시하여야 하며, 객관적인 산정자료를 제시하지 않는 경우 고객은 수리기간에 해당하는 대여요금의 50%를 부담하도록 되어 있습니다. 이때 대여요금은 수리기간에 소요되는 기간에 해당하는 일일대여요금(고객이 실제 납부한 요금을 말한다)을 기준으로 산정토록 되어 있습니다.    따라서, 소비자의 귀책사유에 의한 사고로 수리가 필요한 상태에서 사업자가 고객이 부담할 손해액에 대해 객관적인 산정자료를 제시하지 않는 경우라면 수리간에 해당하는 대여요금의 50% 부담을 주장할 수 있습니다. "
896, 자동차대여(렌트), AS불만_보험처리거부_임대차계약서상 운전자 이외의 자,A씨는 자동차 대여 이용 중 다리 부상(다리 골절 등)으로 대리운전기사를 불러 운전 중 사고가 발생하였습니다. 자차보험(차량손해면책제도)에 가입된 상태임에도 사업자는 계약서상의 운전자가 아니라는 이유로 보험처리를 거부합니다. 이런 경우 보험 적용을 받을 수 없나요?,"업체측에 보험처리를 요구해 볼 수 있으나, 소비자(대리운전 용역제공자)의 귀책사유로 인한 사고의 경우 보험사(자기차량손해보험) 또는 회사(차량손해면책제도)에 대여자동차의 손해에 대한 자기부담금을 별도로 부담하여야 합니다.   공정거래위원회고시 「자동차대여 표준약관」 제 18조(보험처리 등)에 따르면 사고 발생 시 회사가 체결한 자동차보험 및 제11조 제2항에 의한 자기차량손해보험 또는 차량손해면책제도의 보장범위 내에서 손해를 보상 받을 수 있도록 되어 있으며, 임대차 계약서상의 운전자 이외의 자라 하더라도 고객이 임차 후 임대차 계약서상의 운전자가 주취, 신체부상 등의 사유로 직접 운전이 불가능하여 대리운전 용역제공자(「소득세법」제 173조제1항)에게 운전을 대리하게 한 경우 그 대리운전 용역제공자는 제한적으로 보험 적용되도록 명시되어 있습니다.   따라서, 소비자가 자동차 대여 이용 중 신체 부상으로 대리운전 용역제공자에게 운전을 대리한 상태에서 발생된 사고의 경우라면 임대차계약서상의 운전자가 아니라고 하더라도 업체측에 보험처리를 요구해 볼 수 있습니다.    단, 소비자(대리운전 용역제공자)의 귀책사유로 인한 사고의 경우 보험사(자기차량손해보험) 또는 회사(차량손해면책제도)에 대여자동차의 손해에 대한 자기부담금을 별도로 부담하여야 합니다."
897, 자동차대여(렌트), AS불만_면책금 과다 청구,"신청인은 A 차량을 임차하여 운행하던 중 B차량과 경미한 접촉사고가 발생하여 렌트업체측에 보험처리를 요구한 바 계약약관을 근거로 대물처리 면책금 500,000원을 청구합니다. 이를 지급해야 하나요?","보험 처리시 사고의 경중 등을 구분하지 아니하고 동일한 액수의 면책금을(50만원) 청구하는 경우라면 면책금 조정을 요구해 볼 수 있습니다.   사고의 종류, 정도 및 보험금액 등에 따라 해당 사고가 임대인이 부담하게 될 금원의 크기에 미치는 영향이 다름에도 사고의 경중이나 수리비 다소를 구분하지 아니하고 동일한 액수의 면책금을 지급하도록 정하는 약관은 경미한 사고를 낸 이용자와 중한 사고를 낸 이용자간 형편에 반하여 부당하므로 「약관의 규제에 관한 법률」 제6조제 1항, 제2항 제1호에 의하여 무효로 볼 수 있습니다. [공정거래위원회 시정권고 제2008-023호 참조]    따라서, 보험 처리시 사고의 경중 등을 구분하지 아니하고 동일한 액수의 면책금을(50만원) 청구하는 경우라면 면책금 조정을 요구해 볼 수 있습니다.   "
898, 자동차대여(렌트), 부당행위_정비내역서 발급 거부, 자차보험 미가입 조건으로 차량을 렌트하여 이용 중 가드레일과 충돌하며 단독사고가 발생되어 업체측에 통보하니 어떠한 자료 및 근거도 없이 차량수리비 120만원을 청구합니다. 이 경우 정비내역서 등을 요구할 수 없나요?   ,"대여 업체측에 증빙자료(정비명세서 등)를 요구할 수 있습니다.   공정거래위원회고시 「자동차대여 표준약관」 제17조에 따르면 사고로 렌터카를 수리하는 경우 사전에 예상 비용을 고객에게 통지하고, 수리 후에는 소요된 비용을 고객에게 청구하도록 되어 있으며 이 경우 고객이 요청하면 수리내역에 대한 증빙자료(수리 전 정비견적서, 수리 후 정비명세서)를 제공토록 명시되어 있습니다.   따라서, 대여 업체측에 이에 대한 증빙자료(정비명세서 등)를 요청할 수 있습니다. "
899, 자동차대여(렌트), 부당행위_연료량,자동차 대여 이용 후 반환하는 과정에서 잔여 연료량이 임대시의 연료량을 초과하여 업체측에 초과분에 대한 연료대금을 요청하였으나 이를 거부합니다. 이런 경우 초과분에 대한 연료대금을 환급 받을 수 없나요?,"초과분에 대한 연료 대금에 대해 환급을 요구할 수 있습니다.   공정거래위원회고시 「자동차대여 표준약관」 제22조에 따르면 회사는 고객이 렌터카를 반환할 때의 연료량이 임대 시의 연료량보다 부족한 경우에는 당해 부족분에 대한 연료 대금을 요청할 수 있고 고객은 반환 시의 연료량이 임차 시의 연료량을 초과하는 경우에는 당해 초과분에 대한 연료대금을 회사에 요청할 수 있도록 규정하고 있습니다.   따라서, 반환 시의 연료량이 임차 시의 연료량을 초과하는 경우라면 초과분에 대한 연료 대금에 대해 환급을 요구해 볼 수 있습니다.   다만, 연료 정산의 편의와 정확성을 위해 회사가 연료탱크에 연료를 100% 채워 인도하는 경우 고객은 연료탱크에 연료를 100% 채워 반환하도록 권고하고 있습니다."
900, 자동차수리, 품질(물품.용역)_정비과실/차령1년 미만 또는 주행거리 2만km 이내 차량,"신차 구입 후 4개월만에 차량사고로 정비업체를 통해 차량 수리를 받았으나, 해당 부위 하자가 재발한 경우 무상수리를 요구할 수 있나요?","차량 점검.정비일로부터 90일 이내 정비 잘못으로 해당 부위 또는 관련 부위에 하자 재발한 경우라면 무상 수리를 요구할 수 있습니다.   「자동차관리법」 제58조 제5항 제7호, 동법 시행규칙 제134조 제1항 제2호 및 자동차정비업 관련 「소비자분쟁해결기준」에 따르면 정비 잘못으로 인하여 해당 부위 또는 관련 부위에 하자 재발한 경우 차령 1년 미만 또는 주행거리 2만km 이내 차량에 대해서는 점검.정비일부터 90일 이내 무상 수리로 규정하고 있습니다.   따라서, 차량 점검.정비일로부터 90일 이내 정비 잘못으로 해당 부위 또는 관련 부위에 하자 재발한 경우라면 무상 수리를 요구해 볼 수 있습니다.   참고로, 정비 부위 또는 정비 관련 부위의 하자가 정비 잘못으로 발생한 경우에만 정비업자가 보증 책임을 지며 이때 ‘정비 잘못으로 인하여 해당 부위 또는 관련 부위에 하자 재발한 경우‘에 대한 판단 여부는 사업자가 발급한 수리용 견적서를 기준으로 하되, 수리용 견적서를 발급하지 않은 경우에는 사업자가 입증 책임을 지도록 되어 있습니다."
901, 자동차수리, 품질(물품.용역)_정비과실/차령3년 미만 또는 주행거리 6만km이내 차량,"30개월전 신차 구입하여 주행 중 차량사고로 정비업소를 통해 차량 수리를 받았으나, 해당 부위 하자 발생된 상태로 이런 경우 무상 수리를 요구할 수 있나요?","차량 점검·정비일로부터 60일 이내 정비 잘못으로 해당 부위 또는 관련 부위에 하자 재발한 경우라면 무상 수리를 요구할 수 있습니다.   「자동차관리법」 제58조 제5항 제7호, 동법 시행규칙 제134조 제1항 제2호 및 자동차정비업 관련 「소비자분쟁해결기준」에 따르면 정비 잘못으로 인하여 해당 부위 또는 관련 부위에 하자 재발한 경우 차령 3년 미만 또는 주행거리 6만km 이내 차량에 대해서는 점검·정비일부터 60일 이내 무상 수리로 규정하고 있습니다.   따라서, 차량 점검·정비일로부터 60일 이내 정비 잘못으로 해당 부위 또는 관련 부위에 하자 재발한 경우라면 무상 수리를 요구해 볼 수 있습니다.   참고로, 정비 부위 또는 정비 관련 부위의 하자가 정비 잘못으로 발생한 경우에만 정비업자가 보증 책임을 지며 이때 ‘정비 잘못으로 인하여 해당 부위 또는 관련 부위에 하자 재발한 경우‘에 대한 판단 여부는 사업자가 발급한 수리용 견적서를 기준으로 하되, 수리용 견적서를 발급하지 않은 경우에는 사업자가 입증 책임을 지도록 되어 있습니다."
902, 자동차수리, 품질(물품.용역)_정비과실/차령 3년 이상 또는 주행거리 6만km 이상 차량,"2년전 중고로 구입한 2015년식 쏘나타 차량을 운행 중 차량하자로 정비업소를 통해 정비를 받았으나, 해당 부위 하자 발생된 상태로 이런 경우 무상수리를 요구할 수 있나요?","차량 점검·정비일로부터 30일 이내 정비 잘못으로 해당 부위 또는 관련 부위에 하자 재발한 경우라면 무상 수리를 요구할 수 있습니다.   「자동차관리법」 제58조 제5항 제7호, 동법 시행규칙 제134조 제1항 제2호 및 자동차정비업 관련 「소비자분쟁해결기준」에 따르면 정비 잘못으로 인하여 해당 부위 또는 관련 부위에 하자 재발한 경우 차령 3년 이상 또는 주행거리 6만km 이상 차량에 대해서는 점검·정비일부터 30일 이내 무상 수리로 규정하고 있습니다.   따라서, 차량 점검·정비일로부터 30일 이내 정비 잘못으로 해당 부위 또는 관련 부위에 하자 재발한 경우라면 무상 수리를 요구해 볼 수 있습니다.   참고로, 정비 부위 또는 정비 관련 부위의 하자가 정비 잘못으로 발생한 경우에만 정비업자가 보증 책임을 지며 이때 ‘정비 잘못으로 인하여 해당 부위 또는 관련 부위에 하자 재발한 경우‘에 대한 판단 여부는 사업자가 발급한 수리용 견적서를 기준으로 하되, 수리용 견적서를 발급하지 않은 경우에는 사업자가 입증 책임을 지도록 되어 있습니다."
903, 자동차수리, 품질(물품.용역)_보관 과실로 벌과금 부과,정비업소에 차량 정비를 의뢰한 상태에서 정비업자가 차량을 도로에 방치함에 따라 과태료가 부과되었습니다. 정비업소에 과태료를 청구할 수 있나요?,"정비사업자의 보관상 과실로 과태료 부과된 경우라면, 해당 비용에 대해 사업자에게 요구할 수 있습니다.   자동차정비업 관련 「소비자분쟁해결기준」에 따르면 정비의뢰 후 사업자의 보관상 과실로 인하여 벌과금 등이 소비자에게 부과된 경우 해당 비용을 보상토록 명시되어 있습니다.    따라서 정비사업자의 보관상 과실로 과태료 부과된 경우라면 해당 비용에 대해 사업자에게 요구해 볼 수 있습니다."
904, 자동차수리, 부당행위_정비 의뢰 후 정비명세서 발급 거부,자동차 정비를 의뢰하며 정비견적서와 정비명세서를 요구하였으나 이를 거부합니다. 신고 가능한가요?,"정비 의뢰업체를 통해 정비내역서(정비명세서)를 요구하였으나 이를 거부하는 경우 지자체로 신고 가능합니다.   「자동차관리법」 제58조 제5항 제6호에 따르면 정비를 의뢰한 자에게 동법 시행규칙 제134조 제2항으로 정하는 바에 따라 점검·정비견적서와 점검·정비명세서를 발급하고 사후관리 내용을 고지하도록 되어 있습니다.   따라서, 정비 의뢰업체를 통해 정비내역서(정비명세서)를 요구해 볼 수 있습니다.   참고로 이를 위반할 경우 동법 제66조 제1항 제13호에 따라 관할 지자체로 신고 가능하니 이를 참고하시어 도움 받으시기 바랍니다. "
905, 자동차수리, 부당행위_수리하지 않은 내용에 대한 수리비 청구,자동차 하자로 A정비업소를 통해 정비를 받았으나 차량 이상으로 타 정비업체를 통해 재점검을 받던 중 A정비업소에서 수리하지 않은 부분에 대한 수리비를 부당 청구한 것이 확인되었습니다. 이런 경우 수리비용을 환급받을 수 있나요?,"수리하지 않은 부분에 대해 수리비가 부당하게 청구된 경우라면 해당 금액 청구 취소를 요구할 수 있습니다.   자동차정비업 관련 「소비자분쟁해결기준」에 따르면 수리하지 않은 내용을 청구하거나 사전에 고지하지 않은 부분을 수리하여 수리비를 청구하는 경우 해당 금액 청구 취소로 명시되어 있습니다.    따라서, 수리하지 않은 부분에 대해 수리비가 부당하게 청구된 경우라면 해당 금액 청구 취소를 요구해 볼 수 있습니다."
906, 자동차수리, 품질(물품.용역)_사전에 고지하지 않은 부분을 임의 수리하여 수리비 청구,"차량 하자로 B정비업소를 통해 차량 견적을 받아 정비를 의뢰하였으나, 견적 내용과 달리 수리비용이 과다청구되어 문의하니 사전에 고지하지 않은 부분을 임의 수리한 것으로 확인되었습니다. 이런 경우 수리비를 지급해야 하나요?","사전 고지 없이 임의로 수리하고 수리비를 부당하게 청구한 경우라면 해당 금액 청구 취소를 요구해 볼 수 있습니다.   자동차정비업 관련 「소비자분쟁해결기준」에 따르면 수리하지 않은 내용을 청구하거나 사전에 고지하지 않은 부분을 수리하여 수리비를 청구하는 경우 해당 금액 청구 취소로 명시되어 있습니다.    따라서, 사전 고지 없이 임의로 수리하고 수리비를 부당하게 청구한 경우라면 해당 금액 청구 취소를 요구해 볼 수 있습니다."
907, 자동차수리, 계약불이행_수리지연,차량 하자로 정비업소에 정비 의뢰하였습니다. 의뢰 시 10일이면 수리 가능하다고 하였으나 30일이 경과 되도록 수리되지 않아 차량을 인도받지 못하고 있습니다. 이런 경우 보상 받을 수 있나요?,"해당 정비업소에서 정당한 사유의 통보 없이 약정한 날로부터 수리 기간이 초과된 경우라면, 초과 기간에 대해서는 교통비 실비를 요구할 수 있습니다.   자동차정비업 관련 「소비자분쟁해결기준」에 따르면 정당한 사유의 통보 없이 약정한 날로부터 수리 기간이 초과한 경우 초과 기간에 대해 교통비 실비를 제공토록 명시되어 있습니다.   따라서, 해당 정비업소에서 정당한 사유의 통보 없이 약정한 날로부터 수리 기간이 초과된 경우라면 초과 기간에 대해서는 교통비 실비를 요구해 볼 수 있습니다.   단, 수리 기간은 초일을 산입하되 공휴일, 파업, 천재지변, 기타 불가항력으로 인한 수리 지연 기간은 제외되며 차량 수리 의뢰 계약서(견적서 등)에 기재된 날짜를 기준으로 합니다."
908, 자동차수리, 가격.요금_자동차 보관료,차량 하자로 정비업체 입고 후 하루만에 수리비 등의 분쟁으로 다른 장소로 차량을 이동하려고 하니 관리 비용을 청구합니다. 이를 지급해야 하나요?,"관리비용 청구를 거부할 수 있습니다.   「자동차관리법 시행규칙」 제137조에 따르면 정비업자는 정비사업장에 72시간 이상 계속하여 방치한 후 정비를 하지 아니하고 다른 장소로 이동하거나 정비 완료 사실을 자동차 소유자에게 통보한 이후에도 통보한 날부터 72시간 계속하여 정비사업장에 방치하는 자동차의 보관, 관리에 소요되는 실제비용을 청구할 수 있다고 규정하고 있습니다.   단, 그 금액은 당해 지역의 공영주차장의 주차요금을 초과할 수 없으며 입고일 또는 정비완료사실 통보일부터 72시간 이내의 기간은 이를 징수할 수 없습니다.   따라서, 해당 정비사업장에 72시간 이상 계속하여 방치한 것이 아닌 24시간만에 정비를 하지 아니하고 다른 장소로 이동하는 경우라면 관리비용을 징수할 수 없습니다."
909, 자동차수리, 가격.요금_견적요금,차량 사고로 정비업체를 통해 견적을 받아 보니 다른 곳에 비해 비싼 것 같아 다른 장소로 이동하려고하니 견적비를 청구하는데 이를 부담해야 하나요?,"차량사고 처리를 목적으로 견적서만 발행한 상태에서 소요된 실제 비용을 청구하는 경우라면, 견적비 거부는 어려울 수 있습니다.   「자동차관리법」 제65조 제1항 및 동법 시행규칙 제137조에 따르면 정비업자는 교통사고 등의 처리를 목적으로 견적서만을 발행하는 경우에 한하여 견적을 산출하는데 소요되는 실제 비용을 청구할 수 있도록 규정하고 있습니다.   따라서, 차량사고 처리를 목적으로 견적서만 발행한 상태에서 소요된 실제 비용을 청구하는 경우라면 부당하다 보기는 어렵습니다."
910, 자동차수리, 가격.요금_진단요금,차량 고장으로 정비업체에 점검을 의뢰하였으나 수리비용이 타 정비업체 비해 비싼 것 같아 정비하지 않고 출고하려고 하니 진단요금을 청구하는데 부당한 것이 아닌가요?,"고장 진단 의뢰 시 사업자로부터 진단요금 청구될 수 있다는 사전 고지가 있었다면, 진단요금을 청구한다고 하여 부당하다고 보기는 어렵습니다.   「자동차관리법」 제65조 제1항 및 동법 시행규칙 제137조에 따르면 정비업자는 자동차의 고장 진단에 소요되는 실제 비용을 청구할 수 있도록 규정되어 있습니다.   다만, 해당 진단에 따른 정비요금을 받지 아니하는 경우로서 미리 진단요금을 받을 것을 고지한 경우로 한정됩니다.   따라서, 고장 진단 의뢰 시 사업자로부터 진단요금 청구될 수 있다는 사전 고지가 있었다면 진단요금을 청구한다고 하여 부당하다고 보기는 어렵습니다."
911, 자동차수리, 부당행위_고지 없이 중고부품으로 교체,자동차 정비를 의뢰한 상태에서 당연하게 신부품으로 교환되었을 것으로 생각했던 것과 달리 정비내역서를 받아보니 중고부품으로 교체된 것을 알게 되었습니다. 중요내용에 대해 제대로 고지하지 않은 정비업체를 신고하고자 합니다. 가능할까요?,"정비에 필요한 부품에 대해 제대로 된 안내를 받지 못한 경우라면, 관할 지자체에 위법사실 검토 및 조치를 요구할 수 있습니다.   「자동차관리법」 제58조 제5항 제2호에 따르면 자동차 정비업자는 정비에 필요한 신부품(新部品), 중고부품, 재생부품 또는 동법 제30조의5에 따른 대체 부품 등을 정비 의뢰자가 선택할 수 있게 알려주도록 규정하고 있습니다.   따라서, 정비 의뢰시 정비업자로부터 정비에 필요한 부품에 대해 제대로 된 안내를 받지 못하신 경우라면 동법 제66조 제1항 제13호에 따라 관할 지자체에 위법사실 검토 및 조치를 요구해 볼 수 있습니다."
912, 자동차수리, 부당행위_정비명세서 허위 발급한 업체 신고,자동차 하자로 A정비업소를 통해 정비를 받았으나 차량 이상으로 타 정비업체를 통해 재점검을 받던 중 A정비업소에서 수리하지 않은 부분에 대해 거짓으로 정비명세서를 발급한 것이 확인되었습니다. 이런 경우 피해보상을 받을 수 있나요? 또 해당 업체에 대해 신고할 수 있나요?,"해당 정비업체에서 수리하지 않은 내용에 대해 거짓으로 작성한 정비명세서를 발급하여 수리비용을 청구한 경우라면, 해당 금액에 대해 청구 취소를 요구할 수 있습니다. 또한 관할 지자체에 위법사실 검토 및 조치를 요구할 수 있습니다.   「자동차관리법」 제58조 제5항 제8호에 따르면 거짓으로 점검·정비견적서와 점검·정비명세서를 작성하여 발급하지 않을 것을 규정하고 있으며, 자동차 정비업 관련 「소비자분쟁해결기준」에 따르면 수리하지 않은 내용을 청구한 경우 해당 금액에 대해 청구 취소토록 명시되어 있습니다.    따라서, 해당 정비업체에서 수리하지 않은 내용에 대해 거짓으로 작성한 정비명세서를 발급하여 수리비용을 청구한 경우라면 해당 금액에 대해 청구 취소를 요청할 수 있습니다.    또한, 동법 제66조 제1항 제13호에 따라 관할 지자체에 위법사실 검토 및 조치를 요구해 볼 수 있습니다."
913, 자동차수리, 가격.요금_공임비 과다 청구,정비업체를 통해 엔진 오일 및 브레이크 오일을 교환하였습니다. 터무니 없이 공임비를 과다청구하는 것 같아 공임비 적정여부 확인 및 해당업체를 신고하고자 합니다. 신고 가능한가요?,"엔진오일 및 브레이크 오일 교환작업에 대한 시간당 공임 비용 및 표준 정비시간에 대해 게시하지 않은 것으로 확인될 경우, 관할 지자체에 위법사실 검토 및 조치를 요구할 수 있습니다. 또한 게시한 내용과 다르게 과다 청구된 경우, 증빙자료를 확보해 피해구제 신청이 가능합니다.    「자동차관리법」 제58조 제5항 제5호에 따르면 동법 시행규칙 제133조 제4항으로 정하는 주요 정비작업에 대해서는 시간당 공임 및 표준 정비시간을 정비 의뢰자가 잘 볼 수 있도록 사업장 내에 게시할 것으로 규정하고 있으며, 엔진오일 및 브레이크오일 교환 작업의 경우 동법 시행규칙 제133조 제4항으로 정하는 주요 정비작업 범위에 포함됩니다.     따라서, 엔진오일 및 브레이크 오일 교환작업에 대한 시간당 공임 비용 및 표준 정비시간에 대해 정비 의뢰자가 잘 볼 수 있도록 사업장 내에 게시하였는지 확인하시어 만약 게시하지 않은 것으로 확인될 경우 동법 제66조 제1항 제13호에 따라 관할 지자체에 위법사실 검토 및 조치를 요구해 볼 수 있습니다.   또한, 사업장내 게시하였으나 게시한 내용과 다르게 과다 청구한 경우 증빙자료(사업장내 게시한 시간당 공임 및 표준 정비시간에 대한 사진 등)를 확보하시어 한국소비자원으로 피해구제 신청 가능합니다."
914, 자동차수리, 부당행위_무허가 정비업체 신고 ,정비 후 정비명세서 미발급 및 현금결제만 강요하여 알아보던 중 무허가 업체라는 것을 알게 되었습니다. 이런 경우 신고 가능할까요?,"관할 경찰청에 위법사실 검토 및 조치를 요구할 수 있습니다.   「자동차관리법」 제53조 제1항에 따르면 자동차관리사업을 하려는 자는 시장·군수·구청장에게 등록하여야 한다고 규정하고 있어 이를 위반하여 시장·군수·구청장에게 등록을 하지 아니하고 자동차 관리사업을 할 경우, 동법 제79조 제13호에 따라 형사처벌 대상이 될 수도 있습니다.   따라서 해당 업체가 무허가 업체로 의심되는 경우 관할 경찰청에 위법사실 검토 및 조치를 요구해 볼 수 있습니다."
915, 자동차수리, 품질(물품.용역)_중고품이라는 이유로 보증수리 거부,본인은 7년 전 출고된 경차 운전자로  2주전 차량 엔진 결함으로 A정비업체를 통해 정비를 받았습니다. 정비 의뢰 시 정비업자로부터 중고 부품도 괜찮다고 하여 중고부품으로 교환한 것이나 교환 후 일주일만에 동일 현상으로 보증수리를 요구한 바 중고 부품은 보증이 불가하다며 책임을 회피합니다. 어떻게 해결해야 하나요?,"차량 점검.정비일로부터 30일 이내 정비 잘못으로 해당 부위 또는 관련 부위에 하자 재발한 경우 무상 수리를 요구할 수 있습니다. 또한 관할 지자체에 위법사실 검토 및 조치를 요구할 수 있습니다.   「자동차관리법」 제58조 제5항 제3호에 따르면 중고부품 또는 재생부품을 사용하여 정비할 경우 그 이상 여부를 확인하도록 규정하고 있으며, 동법 시행규칙 제134조 제1항 제2호 및 자동차 정비업 관련 '소비자분쟁해결기준'에 따르면 정비 잘못으로 인하여 해당 부위 또는 관련 부위에 하자 재발한 경우 차령 3년 이상 또는 주행거리 6만km 이상 차량에 대해서는 점검.정비일부터 30일 이내 무상 수리로 규정하고 있습니다.    따라서, 차량 점검.정비일로부터 30일 이내 정비 잘못으로 해당 부위 또는 관련 부위에 하자 재발한 경우라면 해당 정비업체측에 무상 수리를 요구할 수 있습니다. 또한 동법 제66조 제1항 제13호에 의거하여 관할 지자체에 위법사실 검토 및 조치를 요구해 볼 수 있습니다.   참고로, 정비 부위 또는 정비 관련 부위의 하자가 정비 잘못으로 발생한 경우에만 정비업자가 보증 책임을 지며 이때 ‘정비 잘못으로 인하여 해당 부위 또는 관련 부위에 하자 재발한 경우‘에 대한 판단 여부는 사업자가 발급한 수리용 견적서를 기준으로 하되, 수리용 견적서를 발급하지 않은 경우에는 사업자가 입증 책임을 지도록 되어 있습니다."
916, 자동차수리, 부당행위_「자동차관리법」상 작업범위 초과 ,본인은 6년전 출고된 중형세단 운전자로 2주전 차량 이상으로 A정비업체를 통해 정비(중고 엔진 교체)를 받았습니다. 그러나 하자가 개선되지 않아 직영정비사업소에 입고하여 확인하던 중 A정비업체는 엔진 교체를 할 수 없는 정비업소임을 알게 되었습니다. 이 경우 해당 업체에 대한 신고 및 보상기준이 어떻게 되나요?,"관할 지자체에 위법사실 검토 및 조치를 요구할 수 있으며, 해당 정비업체측에 재수리 비용을 요구할 수 있습니다.   「자동차관리법」 제53조 제2항 및 동법 시행규칙 제131조에 세분된 자동차정비업의 업무범위에 초과하여 자동차를 정비하지 못하도록 금지하고 있습니다. 이 경우 동법 제66조 제1항 제13호에 의거하여 관할 지자체에 위법사실 검토 및 조치를 요구해 볼 수 있습니다.   또한 자동차정비업 관련 ‘소비자분쟁해결’에 따르면 정비 잘못으로 인하여 해당 부위 또는 관련 부위에 하자 재발한 경우 차령 3년 이상 또는 주행거리 6만km 이상 차량에 대해서는 점검.정비일부터 30일 이내 무상 수리로 규정하고 있으며 이 경우 자동차 관리법상 작업 범위를 초과한 경우에는 관허정비업소의 재수리 비용을 부담하도록 명시되어 있습니다.   따라서, 해당 정비업체측에서 작업범위를 초과하여 수리함에 따라 하자 개선되지 않는 경우 관허정비업소를 통한 재수리 비용을 요구해 볼 수 있습니다.   참고로, 정비 부위 또는 정비 관련 부위의 하자가 정비 잘못으로 발생한 경우에만 정비업자가 보증책임을 지며 이때 ‘정비 잘못으로 인하여 해당 부위 또는 관련 부위에 하자 재발한 경우‘에 대한 판단 여부는 사업자가 발급한 수리용 견적서를 기준으로 하되, 수리용 견적서를 발급하지 않은 경우에는 사업자가 입증 책임을 지도록 되어 있습니다."
917, 전자상거래법, 계약해제·해지_착오로 인한 의사표시,"인터넷쇼핑몰에서 350,000원짜리 휴대폰이 35,000원으로 게시되어 있는 것을 보고 2대를 청약했으나 쇼핑몰에서는 가격이 잘못 게시됐다며 판매할 수 없다고 주장합니다. 계약대로 물품을 받을 수 있나요?","사업자의 가격 표기에 중대한 착오가 있는 경우 물품 인도를 주장하기 어렵습니다.   「민법」 제109조(착오로 인한 의사표시)에 따르면 계약에 있어서 중요 부분에 착오가 있었다면 취소할 수 있도록 규정하고 있습니다. 일반적인 상거래에서 특별한 사정이 없는 한 물품을 90% 할인하여 판매하는 경우는 거의 없어 사업자의 가격 표기에 중대한 착오가 있다고 볼 수 있고, 사업자가 이를 이유로 계약의 취소를 주장하면 소비자는 계약의 이행을 주장하기 어렵다고 판단됩니다.   이와 관련하여 2002년 서울지방법원에서는 다른 인터넷쇼핑몰의 판매가격을 감안하면 90% 할인판매 표시는 법률 행위 내용의 중요 부분에 착오가 있는 것으로 판단되고, 또한 수많은 종류의 상품을 판매하면서 할인율·판매·대금결제 등이 컴퓨터 프로그램에 따라 자동 실행되는 점 등에 비추어 보면 잘못된 판매 가격을 적시에 발견하지 못했다고 해서 중대한 과실이 있었다고 보기 어렵기 때문에 사업자의 의사표시의 취소가 인정된다고 판시한 바 있습니다.    이 판례에서는 정상가격에서 90% 할인된 가격 표시는 인터넷쇼핑몰 계약의 중요 부분으로 보아 민법상 계약 취소를 인정하였지만 어느 정도의 가격 오기를 중요 부분으로 보느냐는 사례에 따라 다르게 판단될 수 있다고 판시하였습니다."
918, 전자상거래법, 청약철회_청약철회 기간 경과,인터넷쇼핑몰에서 전기진공청소기를 현금으로 주문 후 물품을 받아보니 마음에 들지 않아 10일 만에 반품하려 했으나 기간이 지났다며 거부당했습니다. 구제 방법이 있나요?,"제품 수령 후 10일이 지났으므로 청약철회 기간이 경과하여 사업자의 의사에 반한 청약철회는 불가합니다.   「전자상거래 등에서의 소비자보호에 관한 법률」 제17조(청약철회등) 제1항에 따르면 통신판매업자(인터넷쇼핑몰, TV홈쇼핑, 카탈로그 등) 등으로부터 물품을 구입한 경우 소비자 변심으로 인한 청약철회기간은 7일로 규정하고 있습니다.   이 기간은 계약서를 교부받은 날부터, 계약서 교부보다 물품을 늦게 받은 경우에는 물품을 공급을 받거나 공급이 개시된 날부터, 계약서의 미교부나 주소 변경 등으로 청약철회를 할 수 없었던 경우는 그 주소를 안 날 또는 알 수 있었던 날부터 7일 이내입니다."
919, 전자상거래법, 청약철회_표시·광고와 다른 제품 청약철회,인터넷쇼핑몰에서 순모 100% 안내된 코트를 구입하고 얼마 후 확인해보니 합성섬유가 일부 섞인 것을 알게 되어 반품 및 환급을 요구하였으나 구입 후 20일이 경과되었다고 하며 반품을 거부하고 있습니다. 구제 방법이 있나요?,"소비자가 인도받은 코트가 합성섬유가 섞였으나 사업자가 100% 순모라고 안내한 사실을 입증할 수 있는 근거(인터넷화면 자료 등)를 제시하면 청약철회 후 반품이 가능합니다.   「전자상거래 등에서의 소비자보호에 관한 법률」 제17조(청약철회등) 제1항, 제3항에 따르면 통신판매로 구입한 물품에 대한 소비자의 청약철회 기간은 7일이지만, 재화 등의 내용이 표시·광고 내용과 다르거나 계약 내용과 다른 경우에는 물품을 받은 날로부터 3개월 이내에, 그 사실을 안 날 또는 날 수 있었던 날부터 30일 이내에 청약철회를 할 수 있도록 규정하고 있습니다(위 3개월, 30일 기간은 모두 충족되어야 합니다)."
920, 전자상거래법, 청약철회_반품비용 부담 주체1,인터넷쇼핑몰에서 신발을 구입하였는데 색상이 마음에 들지 않아 반품하고 구입대금 환급을 요구하니 왕복 택배비를 부담하라고 합니다. 구제 방법이 있나요?,"사전에 반품 시 왕복 택배비를 부담하는 것으로 고지되었다면 그에 따르는 것이 타당합니다.   「전자상거래 등에서의 소비자보호에 관한 법률」 제17조(청약철회등) 제1항, 제18조 제9항에 따르면 통신판매로 구입한 물품에 대해서 소비자에게 7일 이내에 청약철회를 할 수 있도록 권리를 부여하고 있으나 물품 반환에 필요한 비용을 소비자가 부담하도록 규정하고 있으므로 소비자의 변심 등에 의한 청약철회의 경우에는 당연히 반환에 필요한 택배비는 소비자가 부담하도록 규정하고 있습니다.   그러나, 당초 사업자가 소비자에게 물품을 보내올 때 소요된 택배비에 대해 사업자와 소비자 사이에 다툼이 많이 발생하는 바, 이에 대해서는 ‘전자상거래 등에서의 소비자보호 지침’ 상 ‘Ⅲ. 권고사항 ? 1. 청약철회등 관련 ? 나목’에 당사자 간의 사전 약정에 따르도록 되어 있습니다.    즉, 사업자와 소비자가 사전에 구매 시의 배송비를 소비자가 부담하는 것으로 약정하였다면 소비자가 부담하여야 할 것이나 이러한 약정이 없었다면 소비자가 부담하지 않습니다."
921, 전자상거래법, 청약철회_반품비용 부담 주체2,"인터넷쇼핑몰에서 진공청소기를 구입하여 사용 중 당초 광고에는 골프공을 흡입할 정도로 흡입 성능이 좋다고 광고하였으나 실제 사용해 보니 수박씨 정도도 제대로 흡입되지 않을 정도로 성능이 나빠 2주 만에 반품하고자 하는데, 반송비용 부담자는 누구인가요?","물품이 표시·광고 내용과 다를 경우에는 이를 수령한 날부터 3개월 이내, 그 사실을 안 날 또는 알 수 있었던 날부터 30일 이내에 청약철회를 요구할 수 있으며, 이때 반송 비용 부담자는 사업자입니다.   「전자상거래 등에서의 소비자보호에 관한 법률」 제17조(청약철회등) 제3항, 제18조 제10항에 따르면 물품의 내용이 표시·광고 내용과 다른 경우에는 반환에 필요한 비용은 사업자가 부담하도록 규정하고 있습니다. 이 경우에 청약철회 기간은 당해 물품을 공급받은 날부터 3개월 이내, 그 사실을 안 날 또는 알 수 있었던 날부터 30일 이내입니다.   이러한 소비자의 권리가 인정되려면 물품에 대한 광고가 실제와 다르게 과장된 점이 인정되어야 하는데, 「표시·광고의 공정화에 관한 법률」 제3조(부당한 표시·광고 행위의 금지) 및 ‘부당한 표시·광고행위의 유형 및 기준 지정 고시’ 상 ‘Ⅲ. 표시·광고에 관한 일반지침- 5. 품질, 성능, 효능 등에 관한 표시·광고’에 따르면 상품의 품질 또는 성능이 일정한 수준에 해당하지 아니함에도 불구하고 당해 수준에 해당한다고 하거나 해당하는 것처럼 표시·광고하는 행위는 부당한 표시·광고로 규정하고 있음을 참고하면, 이 사례에서 진공청소기가 골프공을 흡입할 수 있다는 광고는 실제의 성능과 상당한 차이가 확인되므로 물품의 내용이 표시·광고 내용과 다른 경우에 해당한다고 볼 수 있습니다."
922, 전자상거래법, 청약철회_고가의 상품 포장 훼손,인터넷쇼핑몰에서 주문한 스피커를 수령해 겉포장을 뜯어보니 원하던 제품이 아니어서 내부 비닐포장을 개봉하지 않은 상태에서 반품을 요구하였으나 사업자는 겉포장을 뜯었기 때문에 교환이나 환급이 불가하다며 거부합니다. 구제 방법이 있나요?,"단순히 물품의 내용물을 확인하기 위하여 포장을 개봉한 경우에 해당되어 청약철회가 제한되지 않으므로 반품을 요구할 수 있습니다.   「전자상거래 등에서의 소비자보호에 관한 법률」 제17조(청약철회등) 제2항에 따르면 소비자에게 책임이 있는 사유로 재화 등이 멸실되거나 훼손된 경우, 재판매가 곤란할 정도로 재화의 가치가 현저히 감소한 경우 등에는 청약철회를 할 수 없다고 규정하고 있습니다.   따라서, 고가의 의류나 해외구매대행 제품 등은 포장지에 제품의 정보를 담고 있는 바코드 스티커와 로고가 각인되어 있는 경우가 많으며, 이 경우 사업자가 사전에 “포장 훼손 시 청약철회 불가”를 고지했다면 사안에 따라 청약철회가 어려울 수 있습니다."
923, 전자상거래법, 청약철회_하자입증책임,"인터넷쇼핑몰에서 구입한 프린터 잉크가 불량으로 사용할 수 없어 교환을 요구하였으나, 사업자는 소비자가 취급을 잘못하여 포장이 개봉되고 제품이 훼손되었기 때문에 교환이 불가하다며 거부합니다. 구제 방법이 있나요?","물품이 소비자의 잘못으로 인해 훼손되었다는 것을 사업자가 입증하지 못한다면 제품을 교환해주거나 청약철회를 받아들여 환급해주어야 합니다.   「전자상거래 등에서의 소비자보호에 관한 법률」(이하, ‘전자상거래법’) 제17조(청약철회등)에 따르면 소비자는 전자상거래로 구입한 제품에 대하여 공급받은 날로부터 7일 이내(표시·광고의 내용과 다르거나 계약 내용과 다르게 이행된 경우에는 공급받은 날부터 3개월, 사실을 안 날 또는 알 수 있었던 날부터 30일 이내)에 청약철회를 요청할 수 있으나, 소비자에게 책임이 있는 사유로 재화 등이 멸실되거나 훼손된 경우, 재판매가 곤란할 정도로 재화의 가치가 현저히 감소한 경우 등에는 청약철회를 제한하도록 규정하고 있습니다. 이때 재화 등의 훼손에 대하여 소비자의 책임이 있는지의 여부 등에 관하여 다툼이 있을 경우에는 사업자가 이를 입증하도록 규정하고 있습니다.    또한, ‘전자상거래법’ 제17조 제11항에 따라 통신판매중개자는 재화 등을 판매함에 있어서 책임이 없다는 사실을 약정하지 아니하거나 미리 고지하지 아니한 경우에는 통신판매 중개를 의뢰한 자의 고의 또는 과실로 소비자에게 발생한 재산상의 손해에 대하여 통신판매업자와 연대하여 배상할 책임이 있음을 규정하고 있는 바, 만일 소비자의 교환 요구에 대해 사업자가 책임을 회피한다면 통신판매중개자인 인터넷쇼핑몰에 보상을 요청할 수도 있습니다. "
924, 전자상거래법, 청약철회_주문 제작,인터넷쇼핑몰에서 구두를 주문해 받아보니 색상이 마음에 들지 않아 반품을 요구했으나 맞춤 구두이기 때문에 환불이나 교환이 안된다고 합니다. 구제 방법이 있나요?,"사업자가 주문 제작으로 청약철회가 어렵다는 사실을 고지하고 이에 소비자가 동의하였으며, 청약철회 시 중대한 피해가 예상된다는 것을 증명한 경우에는 청약철회를 요구하기 어렵습니다.   「전자상거래 등에서의 소비자보호에 관한 법률」(이하, ‘전자상거래법’) 제17조(청약철회등)에 따르면 소비자는 전자상거래나 통신판매로 물품을 구입한 경우 7일 이내 청약철회를 할 수 있습니다.   사업자는 구두가 맞춤 제작이기 때문에 반품을 받아줄 수 없다고 하나, ‘전자상거래법’ 시행령 제21조(청약철회등의 제한)에서는 청약철회가 제한되는 주문 제작 물품에 대해 ‘청약철회를 인정할 경우 사업자에게 중대한 피해가 예상되고 그 사실을 사전에 고지하여 소비자의 서면에 의한 동의를 얻은 경우’로 제한하고 있습니다.   그러나, 제화점 맞춤 구두가 아닌 일정 치수별로 규격화되어 제작되는 구두는 청약을 철회하여도 재판매가 가능하기 때문에 사업자에게 피해가 발생한다고 볼 수 없어 청약철회 제한사유가 된다고 볼 수 없습니다."
925, 전자상거래법, 청약철회_청약철회 거부,인터넷쇼핑몰에서 계절 상품으로 반품이 되지 않는다는 사항이 표기된 의류를 구입한 후 사이트에서 본 것과 달리 색상에 차이가 있고 사이즈가 맞지 않아 반품을 요청하였으나 사업자는 당초에 반품이 안되는 점을 고지하였음을 이유로 이를 거부하고 있습니다. 구제 방법이 있나요?,"소비자는 사업자에게 청약철회를 요구할 수 있습니다.   「전자상거래 등에서의 소비자보호에 관한 법률」(이하, ‘전자상거래법’) 제17조(청약철회등) 제1항에 따르면 전자상거래나 통신판매로 물품을 구입한 경우 7일 이내에는 청약철회를 할 수 있으며, ‘전자상거래법’ 제35조(소비자에게 불리한 계약의 금지)는 청약철회 등과 관련하여 소비자에게 불리한 조항은 효력이 없는 것으로 규정하고 있습니다.   이 사례에서 사업자는 전자상거래로 물품을 판매하며 청약철회 자체를 금지하였으며, 이는 소비자에게 불리한 조항이므로 효력이 없다고 볼 수 있습니다."
926, 전자상거래법, 계약불이행_사이트 폐쇄,"인터넷쇼핑몰에 물품을 주문하고 대금을 송금하였는데 물품은 오지 않고 사이트는 폐쇄되었으며, 사업자와 연락도 되지 않은 상태입니다. 구제 방법이 있나요?","사이버경찰청에 신고하거나 신용카드 할부 결제(물품 대금 20만원 이상, 3개월 이상 할부의 경우) 시 신용카드사에 항변권을 행사하여 구제받을 수 있습니다.   사업자의 부도나 고의적 사이트 폐쇄 등으로 사업자의 행방이 파악되지 않고 연락도 닿지 않는 경우에는 한국소비자원이나 소비자단체 등의 합의 권고를 통한 피해보상은 어려우므로 소비자가 사이버경찰청에 신고하여 도움을 받야야 합니다.   물품대금이 20만원 이상이고, 신용카드로 3개월 이상 할부로 결제한 경우에는 「할부거래에 관한 법률」 제8조(청약의 철회)의 청약철회 또는 제16조(소비자의 항변권)의 항변권을 행사할 수 있으므로 신용카드사에 내용증명 우편으로 청약철회의 사실을 통보하고 대금결제 요구를 거부할 수 있습니다."
927, 전자상거래법, 계약불이행_사업자 변경,"인터넷쇼핑몰에서 주문한 제품을 받지 못하여 그에 해당하는 금액을 적립금으로 받았는데, 이후 3개월 정도 지나 사이트에 접속해보니 임의 회원 탈퇴 및 적립금이 소멸되어 있었으며 이에 대해 사업자는 쇼핑몰 운영자가 변경되어 이전 적립금을 인정할 수 없다고 주장합니다. 구제 방법이 있나요?","소비자에 대한 채권, 채무를 그대로 승계한 사업자에 채무 이행을 요구할 수 있습니다.   「상법」 제42조(상호를 속용하는 양수인의 책임)에 따르면 영업양수인이 양도인의 상호를 계속 사용하는 경우에는 양도인의 영업으로 인한 제3자의 채권에 대하여 양수인도 변제할 책임이 있음을 규정하고 있습니다.    따라서, 인터넷쇼핑몰 대표자만 변경되고 회사명이나 인터넷 도메인 등을 이전의 것과 동일하게 사용하는 경우에는 인터넷쇼핑몰은 운영과 관련하여 발생한 소비자에 대한 채권 채무는 그대로 승계되었다고 볼 여지가 높아 이전에 발생한 소비자에 대한 채무의 이행을 청구할 수 있을 것으로 판단됩니다."
928, 전자상거래법, 계약불이행_배송 지연1,인터넷쇼핑몰에서 의류를 주문하고 현금 결제한 후 배송이 지연되어 여러 차례 배송을 독촉하였으나 나중에 제품이 품절되었다며 제품이 입고될 때까지 기다리라고 합니다. 구제 방법이 있나요?,"주문을 취소하고 지연배상금을 가산하여 환급을 요구할 수 있습니다.   「전자상거래 등에서의 소비자보호에 관한 법률」(이하, ‘전자상거래법’) 제15조(재화등의 공급 등)에 따르면 통신판매업자는 소비자가 청약을 한 날부터 7일 이내에 재화 등의 공급에 필요한 조치를 하여야 하고, 이미 재화 등의 대금의 전부 또는 일부를 받은 경우(선불식 통신판매)에는 공급시기에 관하여 별도의 약정이 없다면 대금을 받은 날부터 3영업일 이내에 재화 등의 공급을 위하여 필요한 조치를 하여야 하며, 통신판매업자가 주문받은 물품을 공급하기 곤란할 때는 그 사유를 소비자에게 지체없이 알려야 하고, 선불식 통신판매의 경우에는 그 대금을 지급 받은 날부터 3영업일 이내에 환급하거나 환급에 필요한 조치를 하도록 규정하고 있습니다.   이때 사업자가 대금의 환급을 지연한 때에는 ‘전자상거래법’ 시행령 제21조의3(지연배상금의 이율)에 따라 그 지연 기간에 대하여 연 100분의 15의 이율을 곱하여 산정한 지연이자(지연배상금)를 지급받을 수 있습니다."
929, 전자상거래법, 계약불이행_배송 지연2,인터넷쇼핑몰에서 감자떡을 현금 주문하였으나 예정일보다 3일 경과하여 떡이 변질된 채로 배송되었습니다. 구입 가격의 환급을 요구하였으나 사업자는 택배업체의 과실이라며 거부하고 있습니다. 구제 방법이 있나요?,"물품을 정상적으로 소비자에게 인도하지 못한 인터넷쇼핑몰 측은 우선 소비자에게 물품 대금을 환급하여 주고, 택배업체의 과실이 인정된다면 구상권을 행사할 수 있습니다.   소비자가 인터넷쇼핑몰과 체결한 물품매매계약에 따라 인터넷쇼핑몰은 소비자에게 정상적인 물품을 인도하여야 합니다. 인터넷쇼핑몰은 자신의 책임하에 물품을 배송하게 되는데 소비자에게 인도되기 전까지 택배를 이용한 물품 배송과정도 인터넷쇼핑몰의 관리하에 있기 때문에 이 과정에서 발생한 물품 훼손은 인터넷쇼핑몰이 책임을 져야 합니다."
930, 전자상거래법, 계약불이행_사은품 미제공,인터넷쇼핑몰을 통해 사은품 증정 광고를 보고 화장품을 주문하였으나 광고와 달리 사은품이 배송되지 않았습니다. 사업자가 사은품은 베스트 제품에만 제공하고 있다며 거부하고 있으나 주문 당시에는 사은품 제공 대상 제품을 한정한 적이 없는 것으로 확인됩니다. 구제 방법이 있나요?,"사업자가 약정한 사은품 제공은 매매계약의 조건으로 당연히 이행되어야 하므로 소비자는 사은품 제공을 요구할 수 있습니다.   전자상거래업자가 실제로 사은품을 제공하지 않으면서도 소비자를 유인할 목적으로 허위 광고하였다면 허위 또는 과장된 사실을 알리거나 기만적 방법을 사용하여 소비자를 유인 또는 거래하는 행위에 해당하는 바, 「전자상거래 등에서의 소비자보호에 관한 법률」 제21조(금지행위), 제32조(시정조치 등)에 따라 공정거래위원회의 시정조치 명령을 받을 수 있으며, 제45조(과태료)에 따라 1천만원 이하의 과태료도 부과받을 수 있습니다."
931, 전자상거래법, 계약불이행_하자 제품,인터넷쇼핑몰에서 유모차를 구입하여 제품을 배송받아 보니 뒷바퀴가 흔들리고 바구니 올이 풀리는 하자가 확인되어 교환을 요구하였으나 사업자는 배송 중 발생한 하자라며 수리만 가능하다고 주장합니다. 구제 방법이 있나요?,"청약철회 기간 이내에 사업자가 배송 중에 발생한 하자를 소비자 책임으로 전가하며 교환을 거부하는 것은 부당하므로 소비자는 정상적인 물품으로 재배송을 요구할 수 있고, 청약철회권 행사로 반품도 가능합니다.   「전자상거래 등에서의 소비자보호에 관한 법률」 제17조(청약철회등)에 따르면 소비자는 전자상거래로 구입한 제품에 대하여 공급받은 날로부터 7일 이내(표시·광고의 내용과 다르거나 계약내용과 다르게 이행된 경우에는 공급받은 날부터 3개월, 사실을 안 날 또는 알 수 있었던 날부터 30일 이내)에 청약철회를 요청할 수 있습니다.   전자상거래로 물품을 주문하면 소비자에게는 정상적인 물품이 인도되어야 하는데, 소비자에게 인도되기 전 배송과정에서 하자가 발생하였다면 이는 사업자가 정상적으로 물품을 배송하지 못한 것으로 보아야 합니다."
932, 전자상거래법, 계약불이행_수리 거부,"인터넷쇼핑몰에서 디지털카메라를 구입 후 보름 정도 지나 다른 사이트에서 주문한 메모리카드를 넣어 사용해 보니 저장이 되지 않는 등 기능에 하자가 있어 판매자에게 수리를 요청하였으나, 병행수입품은 유상 수리라면서 수리비 35만원 중 50%를 부담하라고 주장합니다. 구제 방법이 있나요?","병행수입품은 유상 수리가 원칙이라고 사전에 명확히 안내하지 않았다면 「민법」 하자담보책임을 주장할 수 있으며, ‘소비자분쟁해결기준’에 따라 교환도 요구할 수 있습니다.   소비자가 제품 구입 후 일정 기간 사용하다가 하자를 발견하는 경우 그 하자가 구입시부터 존재하던 것인지 입증하기가 쉽지 않아 청약철회의 가능 여부를 놓고 다툼이 있을 수 있습니다.   한편, 판매자는 병행수입품의 경우에는 유상 수리가 원칙이라고 주장하나 이는 수입업자와 판매자 사이의 관계일 뿐이지 물품 거래 시 판매자가 소비자에게 구매 시 이러한 조건을 명확히 제시하지 않았다면 판매자에게 「민법」 제580조(대조인의 하자담보책임)에 따라 하자담보책임이 발생합니다.   공정거래위원회가 고시한 가전제품 등 공산품 관련 ‘소비자분쟁해결기준’에 따르면 제품의 구입 후 1개월 이내에 정상적인 사용상태에서 중요한 수리를 요하는 성능·기능상의 하자가 발생한 경우 제품교환이나 무상 수리를 받을 수 있도록 규정하고 있어, 이 기준에 의해 교환도 가능할 수 있습니다."
933, 전자상거래법, 법·제도_계정삭제,"인터넷쇼핑몰 최초 가입 이후 오랜만에 접속하니 1년 이상 휴면계정으로 정리되어 몇 년간의 비용, 시간 등 노력을 기울여 쌓은 적립금 등이 사라졌음을 알게 되었습니다. 사업자는 휴면계정의 삭제조치를 한 달 동안 공지했었다고 하나 알지 못하였습니다. 구제 방법이 있나요?","사업자 직권으로 휴면계정을 삭제할 수 있다는 이용약관이 있거나 문자, 이메일 등의 방법을 통해 사전에 삭제 예정 사실을 통보하였다면 계정 복구를 요구하기 어렵습니다.    소비자는 인터넷쇼핑몰에 가입함으로써, 소비자 고유의 아이디를 생성함과 동시에 사업자와 계약관계가 발생하였다고 할 수 있습니다. 따라서 이 계약관계는 ‘이용약관’에 구속되는 바, ‘1년 이상 접속하지 않으면 휴면계정으로 직권 삭제할 수 있다’는 규정이 있다면 사업자의 계정 삭제 조치는 정당하다 할 수 있지만 ‘이용약관’에 이러한 규정이 담겨 있지 않다면 부당한 행위로 볼 수 있습니다.   또한, 사업자는 ‘휴면계정’ 삭제를 고지했다고 하나 소비자가 이러한 통보를 받은 적이 없으므로 사업자가 우편 등으로 고지 의무를 성실히 하였다는 사실을 입증하지 못한다면 일방적인 계정 삭제는 소비자의 권리를 부당하게 침해하는 것으로 볼 수 있으므로 계정을 복구시켜 주는 것이 타당할 것으로 보입니다. "
934, 전자상거래법, 법·제도_명의도용,"미성년 자녀가 ‘아이템을 주겠다’는 다른 온라인게임 이용자의 말에 속아 부모의 휴대폰 번호와 주민등록번호를 알려주었는데, 15만원 상당의 사이버머니가 충전되어 일부 사용되었습니다. 온라인게임 운영자에게 취소를 요구하였으나 거부하고 있습니다. 구제 방법이 있나요?","개인의 사기성 범죄로 사업자에게 책임을 묻기 어려우며, 사용하지 않은 사이버머니에 대해서는 환급을 요구할 수 있습니다.   미성년자인 자녀가 부모의 휴대폰 번호 등을 명의 도용자에게 알려주어 사이버머니 구입에 이용되는 피해는 사업자 측에서 유발한 것이 아닌 개인의 사기성 범죄로 인한 피해로 볼 수 있습니다.   이러한 피해는 사이버경찰청에 고발하여 ID 추적 등을 통해 결제 도용자를 밝혀야만 할 것으로 사업자에게 직접적인 책임을 묻기 어렵다고 판단됩니다.   단, 사업자에게는 충전한 사이버머니의 충전내역을 조회하고 사용되지 않은 부분에 대하여는 일정한 환급 절차를 거쳐서 환급을 요구할 수 있습니다."
935, 전자상거래법, 법·제도_부정 사용,신용카드를 분실하거나 다른 사람에게 카드를 빌려준 사실이 없는데 얼마 전 신용카드 이용대금 청구서에 인터넷쇼핑몰에서 본인이 사용하지 않은 카드 대금이 청구되었습니다. 구제 방법이 있나요?,"소비자에게 카드 정보 유출책임이 없다면, 사이버경찰청에 타인의 부정 사용에 대해 수사를 의뢰할 수 있습니다.     인터넷 등 온라인에서는 카드번호와 비밀번호 등의 정보에 의해서 비대면 방식으로 거래가 이루어지기 때문에 이 같은 정보들이 유출되면 타인에 의한 부정 사용에 악용될 수 있으며, 이에 대한 책임은 카드 정보 유출책임이 누구에게 있는가에 따라 결정됩니다.   따라서, 카드 정보 유출책임이 카드 회원 본인에게 있는 것으로 밝혀지면 부정 사용 금액은 본인이 부담하여야 하며, 본인의 명의를 도용하여 부정거래를 발생시킨 자를 찾기 위해서는 사이버경찰청에 신고하여 수사토록 하는 것이 도움이 될 수 있습니다."
936," 점퍼, 재킷류", 계약해제·해지_일반매장 구입,보세 매장에서 재킷을 구입하고 당일 환급을 요구하였으나 사업자는 환급이 불가하다는 자사 방침을 사전에 고지했다며 거부하고 있습니다. 환급을 받을 수 있나요?,"사업자가 환급 불가라는 자사 방침을 충분히 설명하였고, 이에 소비자가 동의하였을 경우에는 환급을 요구하는 것이 어렵습니다.   공정거래위원회가 고시한 의복류 관련 ‘소비자분쟁해결기준’에 따르면, 치수(사이즈)가 맞지 않거나 디자인·색상에 불만이 발생했을 때 제품 구입 후 7일 이내로서 제품에 손상이 없는 경우에 한하여 교환 또는 환급을 요구할 수 있습니다. 다만, 구매 당시 교환 및 환급 불가 사실을 판매자가 명시적으로 표기 또는 고지를 하였다면 당사자 간에 이러한 내용의 계약을 체결한 것으로 보아 교환 및 환급을 요구하기 어렵다고 판단됩니다.   일반매장에서 상품 구입 후 교환 및 반품과 관련된 분쟁이 자주 발생하는데, 매장의 환급 규정, 교환 가능 유무 등을 꼼꼼히 확인 후 상품을 구입할 필요가 있습니다."
937," 점퍼, 재킷류", 계약해제·해지_가격기재 오류,"전자상거래로 5,000원 특가 점퍼를 주문하였으나 이틀 후 사업자가 50,000원 점퍼를 5,000원으로 잘못 기재하였다고 주장하면서 일방적으로 주문 취소를 해버렸습니다. 계약이행을 주장할 수 있나요?","계약이행을 주장하기 어렵습니다.   「민법」 제109조(착오로 인한 의사표시)에 따르면 계약은 신의성실의 원칙에 따라 이행되어야 하나, 의사표시 당사자가 중요 부분에 착오가 있었다면 취소할 수 있습니다. 또한, 「전자상거래 등에서의 소비자보호에 관한 법률」 제15조(재화등의 공급 등)에 따르면 사업자가 청약을 받은 재화를 공급하기 곤란하다는 것을 알았을 때 그 사유를 소비자에게 알리고 대금을 3영업일 이내에 환급하거나 해당 조치를 하도록 규정하고 있습니다.   따라서, 제품 가격 5,000원이 통상가격의 10% 이하 가격인 점을 감안하면 사업자의 착오 주장은 인정될 수 있으며, 사업자는 계약체결 및 결제 이틀 이내 소비자에게 ’고지 및 환급‘ 조치를 완료했으므로 사업자의 계약취소 요구에 대해 소비자가 계약이행을 주장하기는 어렵다고 판단됩니다."
938," 점퍼, 재킷류", 계약해제·해지_정품 의심,"전자상거래로 명품 재킷을 구입한 후 정품이 아닌 것 같은 느낌이 들어 환급을 요구하였으나, 사업자는 가품이라는 말에 화를 내며 환급을 거부합니다. 환급을 받을 수 있나요?","청약철회 기간이 경과한 후에는 정품이 의심되는 주관적인 추측, 정황만으로는 환급을 요구하기 어렵습니다.   「전자상거래 등에서의 소비자보호에 관한 법률」 제17조(청약철회등)에 따르면 소비자는 전자상거래로 구입한 제품에 대하여 공급받은 날로부터 7일 이내(표시·광고의 내용과 다르거나 계약 내용과 다르게 이행된 경우에는 공급받은 날부터 3개월, 사실을 안 날 또는 알 수 있었던 날부터 30일 이내)에 청약철회를 요청할 수 있으나, 해당 제품이 재판매가 불가할 정도로 훼손된 경우에는 청약철회를 제한하도록 규정하고 있습니다.   이 사안에서 청약철회 기간 내에 환급을 요구할 경우에는 단순 변심에 따른 청약철회가 가능하며, 청약철회 기간이 경과한 후 환급을 요구할 경우에는 정품이 의심되는 주관적인 추측만으로는 청약철회를 요구하기 어렵다고 판단됩니다.   다만, 육안상 가품으로 의심되는 경우에는 감정기관의 가품판정서, 상표권자의 가품확인서 등을 가품 입증자료를 확보하면 피해구제 신청이 가능합니다."
939," 점퍼, 재킷류", 청약철회_배송 지연,전자상거래로 점퍼를 구입한 후 몇 주가 지나도 배송이 되지 않아 환급을 요구하였으나 사업자는 현재 배송중이라며 이를 거부합니다. 송장번호도 확인이 안되는데 환급을 받을 수 있나요?,"환급을 요구할 수 있습니다.   「전자상거래 등에서의 소비자보호에 관한 법률」 제15조(재화등의 공급 등)에 따르면 사업자는 소비자가 청약을 한 날부터 7일 이내에 재화 등의 공급에 필요한 조치를 하여야 하고, 소비자가 재화 등의 대금을 전부 또는 일부를 지급한 날부터 3영업일 이내에 재화 등의 공급에 필요한 조치를 하여야 한다고 규정하고 있습니다. 또한, 청약을 받은 재화 등을 공급하기 곤란하다는 것을 알았을 때에는 지체 없이 그 사유를 소비자에게 알려야 하고, 소비자가 그 대금의 전부 또는 일부를 지급한 날부터 3 영업일 이내에 환급하거나 환급에 필요한 조치를 하도록 규정하고 있습니다.   따라서, 사업자가 물품의 배송이 힘들 것으로 판단되었을 때 그에 따른 안내를 소비자에게 하여야 할 의무가 있음에도 불구하고 이를 고지하지 않고 배송 중이라는 사유로 청약철회를 거부하고 있으며, 청약철회의 효과와 동일하게 대금의 환급이 이루어져야 함에도 불구하고 이를 이행하고 있지 않은 것으로 판단됩니다. 따라서, 소비자는 사업자에게 환급을 요구할 수 있다고 판단됩니다.   통신판매업자에 대한 청약철회 의사표시 방법은 법률상 특별한 제한이 없으므로 전화, 서면, 전자문서 모두 가능합니다. 다만, 전화로 의사표시를 한 경우 간혹 판매자가 청약철회 요구를 받은 사실이 없다고 주장하는 경우가 있으므로, 쇼핑몰 게시판에 청약철회 의사를 표시하고 그 화면을 캡처하여 보관하거나 서면으로 발송하는 것이 좋습니다. 서면으로 발송한 경우에는 발송한 날에 그 효력이 발생합니다. 또한, 사업자에게 청약철회를 요청하였는데도 특별한 사유없이 이를 거부할 경우, 「전자상거래 등에서의 소비자보호에 관한 법률」 제18조(청약철회등의 효과)에 따라 신용카드로 대금을 결제하였다면 신용카드사에 처리를 요구할 수 있습니다."
940," 점퍼, 재킷류"," 청약철회_제품 훼손, 오염, 냄새","청약철회 의사를 밝히고 수령한 재킷을 그대로 반송하였으나, 사업자가 반송된 제품의 훼손, 오염, 냄새 등으로 인해 거부하고 있습니다. 청약철회가 가능한가요? ","사업자가 제품의 훼손, 오염, 냄새의 원인이 소비자에게 있다고 입증하지 못한다면 청약철회를 요구할 수 있습니다.   「전자상거래 등에서의 소비자보호에 관한 법률」 제17조(청약철회등) 제2항에 따르면 소비자의 책임 있는 사유로 재화 등이 멸실되거나 훼손된 경우, 소비자의 사용 또는 일부 소비로 재화 등의 가치가 현저히 감소한 경우와 같이 예외적인 경우 청약철회를 할 수 없다고 규정하고 있습니다.   재화 등의 훼손에 대하여 소비자의 책임이 있는지 여부에 관하여 다툼이 있는 경우에는 사업자가 이를 입증해야 하므로, 소비자는 사업자가 발송한 제품에 하자가 존재하지 않는다는 점에 대한 입증을 요구하고 이를 입증하지 못하는 한 청약철회를 요구할 수 있다고 판단됩니다.   통신판매업자에 대한 청약철회 의사표시 방법은 법률상 특별한 제한이 없으므로 전화, 서면, 전자문서 모두 가능합니다. 다만, 전화로 의사표시를 한 경우 간혹 판매자가 청약철회 요구를 받은 사실이 없다고 주장하는 경우가 있으므로, 쇼핑몰 게시판에 청약철회 의사를 표시하고 그 화면을 캡처하여 보관하거나 서면으로 발송하는 것이 좋습니다. 서면으로 발송한 경우에는 발송한 날에 그 효력이 발생합니다. 또한, 사업자에게 청약철회를 요청하였는데도 특별한 사유 없이 이를 거부할 경우, 「전자상거래 등에서의 소비자보호에 관한 법률」 제18조(청약철회등의 효과)에 따라 신용카드로 대금을 결제하였다면 신용카드사에 처리를 요구할 수 있습니다."
941," 점퍼, 재킷류", 청약철회_주문제작,전자상거래로 점퍼를 구입하고 단순 변심으로 청약철회를 요구하였으나 사업자는 주문 즉시 제작하는 ‘Order Made’ 상품임을 주장하면서 거절하고 있습니다. 청약철회가 가능한가요?,"사업자가 주문제작으로 청약철회가 어렵다는 사실을 고지하고 이에 소비자가 동의하였으며, 청약철회 시 중대한 피해가 예상된다는 것을 증명한 경우에는 청약철회를 요구하기 어렵습니다.   「전자상거래 등에서의 소비자보호에 관한 법률」 제17조(청약철회등)에 따르면 소비자의 청약철회 권리를 보호하고 있으나, ‘소비자의 사용 또는 책임 있는 사유로 재화가 훼손되거나 가치가 감소한 경우, 시간의 경과로 재판매가 곤란할 정도로 가치가 하락된 경우, 복제 가능한 재화 등의 포장을 훼손한 경우’에는 그 권리를 제한하고 있으며, 동법 시행령 제21조(청약철회등의 제한)에 따르면 소비자의 주문에 의하여 개별적으로 생산되는 재화‘의 청약철회를 인정하는 경우, 통신판매업자에게 회복할 수 없는 중대한 피해가 예상되는 경우로서 사전에 당해 거래에 대하여 별도로 그 사실을 고지하고 소비자의 서면(전자문서를 포함한다)에 의한 동의를 얻은 경우에는 청약철회 요청을 거부할 수 있다고 규정하고 있습니다.   따라서, 사업자가 청약철회 시 재판매 등이 어렵다는 사실을 사전에 고지하면서 소비자의 서면(전자문서를 포함한다)에 의한 동의를 얻었고, 특정 개인의 요구사항에 맞게 그 구성이 개별적으로 달리하게 된 제품이면서 청약철회 시 재판매 등이 어려워 중대한 피해가 예상된다는 것을 증명할 경우에는 청약철회가 어렵다고 판단됩니다.   다만, 소비자가 해당 제품이 이미 사이즈의 종류가 정해져 있는 상황에서 단순히 선택만 하였거나 청약철회 시 주문제작 착수 전일 경우에는 청약철회를 요구할 수 있습니다."
942," 점퍼, 재킷류", 청약철회_SNS 판매,SNS에서 재킷을 구입하고 단순변심으로 반품을 요청하였으나 이를 거부하며 SNS를 차단한 후 연락이 되지 않습니다. 청약철회가 가능한가요?,"SNS 운영자가 통신판매업자로 등록하지 않은 개인이거나 사업자정보가 확인하기 어려운 경우에는 청약철회를 요구하기 어렵습니다.   「전자상거래 등에서의 소비자보호에 관한 법률」 제9조의2(전자게시판서비스 제공자의 책임)에 따르면 전자게시판서비스 제공자는 해당 게시판을 이용하여 통신판매 또는 통신판매중개가 이루어지는 경우 이로 인한 소비자피해가 발생하지 아니하도록 소비자보호조치를 이행하도록 규정하고 있습니다. 또한, 이에 따른 의무를 준수하도록 안내 및 권고를 하고, 소비자의 피해구제신청을 대행하는 장치를 마련하고 운영하며, 기타 소비자피해를 방지하기 위한 사항을 이행함과 동시에 사업자정보 역시 제공할 의무가 있습니다.   따라서, 통신판매업자로 등록한 사업자의 경우에는 해당 지자체(사업자 소재지)를 통해 연락 두절, 폐업, 폐쇄 등의 사실을 확인한 후 청약철회를 요구할 수 있으나, 통신판매업자로 등록하지 않은 개인이거나 또는 사업자정보(상호, 대표자명, 주소, 전화번호, 전자우편주소, 통신판매신고 번호 등) 확인이 불가한 경우에는 청약철회를 요구하기 어렵다고 판단됩니다."
943," 점퍼, 재킷류", 청약철회_구성품 누락,전자상거래로 고가의 재킷을 구입하고 사이즈 착오로 반품을 요청하였으나 사업자가 구성품(포장지 비닐) 누락을 이유로 거부합니다. 청약철회가 가능한가요?,"구성품이 일부라도 누락된 상태라면 청약철회를 요구하기 어렵습니다.   「전자상거래 등에서의 소비자보호에 관한 법률」 제17조(청약철회등)에 따르면 소비자에게 책임이 있는 사유로 재화 등이 멸실되거나 훼손된 경우 청약철회를 할 수 없다고 규정하고 있습니다.   고가의 의류나 해외 구매대행 제품 등은 포장지에 제품의 정보를 담고 있는 바코드 스티커와 로고가 각인되어 있는 경우가 많아 개봉 시 주의할 필요가 있으며, 이 경우 사업자가 사전에 “포장 훼손 시 청약철회 불가”를 고지했다면 청약철회가 어렵다고 판단됩니다.   따라서, 제품 확인을 위해 포장을 개봉했다 하더라도 청약철회를 요청하기 위해서는 배송된 상태(제품 및 바코드 스티커 등 구성품 일체) 그대로 보존하여 반품해야 합니다.   ※ 통신판매업자에 대한 청약철회 의사표시 방법은 법률상 특별한 제한이 없으므로 전화, 서면, 전자문서 모두 가능합니다. 다만, 전화로 의사표시를 한 경우 간혹 판매자가 청약철회 요구를 받은 사실이 없다고 주장하는 경우가 있으므로, 쇼핑몰 게시판에 청약철회 의사를 표시하고 그 화면을 캡처하여 보관하거나 서면으로 발송하는 것이 좋습니다. 서면으로 발송한 경우에는 발송한 날에 그 효력이 발생합니다. 또한, 사업자에게 청약철회를 요청하였는데도 특별한 사유없이 이를 거부할 경우, 「전자상거래 등에서의 소비자보호에 관한 법률」 제18조에 따라 신용카드로 대금을 결제하였다면 신용카드사에 처리를 요구할 수 있으니 참고하시기 바랍니다."
944," 점퍼, 재킷류", 청약철회_7일 이내 반품 미완료,전자상거래로 재킷을 구입하고 단순 변심으로 반품을 요청하였으나 사업자가 7일 이내 제품이 도착하지 않았다는 이유로 거부합니다. 청약철회가 가능한가요?,"청약철회를 요구할 수 있습니다.   「전자상거래 등에서의 소비자보호에 관한 법률」(이하, ‘전자상거래법’) 제17조(청약철회등)에 따르면 소비자는 단순 변심에 의한 청약철회의 경우 상품 수령일로부터 7일 이내에 청약철회를 할 수 있고, 이를 위반한 약정으로써 소비자에게 불리한 것은 효력이 없는 것으로 규정하고 있습니다.   따라서, 만약 사업자가 “반품은 상품이 7일 이내 쇼핑몰에 도착해야만 환급 가능하다”고 표시하였다고 하더라도 이는 ‘전자상거래법’ 제17조를 위반한 약정으로 소비자에게 불리한 것이므로 효력이 없다고 보며, 소비자가 제품을 수령한 날로부터 7일 이내 청약철회 의사표시를 하고 반품 절차를 진행했다면 설령 반품한 상품이 7일 이내 쇼핑몰에 도착하지 못했다 하더라도 청약철회 권리를 제한할 수는 없다고 판단됩니다.   ※ 통신판매업자에 대한 청약철회 의사표시 방법은 법률상 특별한 제한이 없으므로 전화, 서면, 전자문서 모두 가능합니다. 다만, 전화로 의사표시를 한 경우 간혹 판매자가 청약철회 요구를 받은 사실이 없다고 주장하는 경우가 있으므로, 쇼핑몰 게시판에 청약철회 의사를 표시하고 그 화면을 캡처하여 보관하거나 서면으로 발송하는 것이 좋습니다. 서면으로 발송한 경우에는 발송한 날에 그 효력이 발생합니다. 또한, 사업자에게 청약철회를 요청하였는데도 특별한 사유없이 이를 거부할 경우, 「전자상거래 등에서의 소비자보호에 관한 법률」 제18조에 따라 신용카드로 대금을 결제하였다면 신용카드사에 처리를 요구할 수 있으니 참고하시기 바랍니다."
945," 점퍼, 재킷류", 청약철회_사이즈 표기 오류,"전자상거래로 105 사이즈 점퍼를 구입하고 박스 표면에 표기된 사이즈를 확인한 후 그대로 보관했는데, 7일을 경과한 후 제품을 열어보니 100 사이즈였습니다. 이에 사업자에게 반품을 요구하였으나 청약철회기간인 7일이 지났다며 이를 거부합니다. 청약철회가 가능한가요?","소비자가 통상적 주의력을 가지고도 제품의 하자 또는 계약불이행 여부를 확인하기 어려운 상황이라면 청약철회를 요구할 수 있습니다.   「전자상거래 등에서의 소비자보호에 관한 법률」 제17조(청약철회등)에 따르면 재화 등을 공급받거나 재화 등의 공급이 시작된 날부터 7일 이내에 청약철회를 할 수 있지만, 재화 등의 내용이 표시, 광고의 내용과 다르거나 계약내용과 다르게 이행된 경우에는 그 재화 등을 공급받은 날부터 3개월 이내, 그 사실을 안 날 또는 알 수 있었던 날부터 30일 이내에 청약철회 권리를 행사할 수 있다고 규정하고 있습니다.   이 사례에서는 포장 박스에 105 사이즈로 표기가 되어 있었고, 소비자가 제품을 전혀 착용하지 않았기 때문에 소비자가 통상적인 주의력을 가지고 해당 하자 또는 계약불이행 여부를 확인하기 어려운 상태로 볼 수 있으므로 계약내용과 다르게 이행되었다는 사실을 안 날로부터 30일 이내인 점을 고려했을 때, 청약철회 요구가 가능하다고 판단됩니다.   단, 이때 사업자는 청약철회를 수용하더라도 소비자가 제품의 일부 사용, 소비로 얻은 이익 또는 그에 상당하는 비용을 소비자에게 청구할 수 있습니다.    ※ 통신판매업자에 대한 청약철회 의사표시 방법은 법률상 특별한 제한이 없으므로 전화, 서면, 전자문서 모두 가능합니다. 다만, 전화로 의사표시를 한 경우 간혹 판매자가 청약철회 요구를 받은 사실이 없다고 주장하는 경우가 있으므로, 쇼핑몰 게시판에 청약철회 의사를 표시하고 그 화면을 캡처하여 보관하거나 서면으로 발송하는 것이 좋습니다. 서면으로 발송한 경우에는 발송한 날에 그 효력이 발생합니다. 또한, 사업자에게 청약철회를 요청하였는데도 특별한 사유없이 이를 거부할 경우, 「전자상거래 등에서의 소비자보호에 관한 법률」 제18조에 따라 신용카드로 대금을 결제하였다면 신용카드사에 처리를 요구할 수 있으니 참고하시기 바랍니다."
946," 점퍼, 재킷류", 청약철회_사이즈 문제,"전자상거래로 점퍼를 구입하고 수령 후 사이즈가 맞지 않아 반품을 요구하였으나, 사업자는 소재 특성상 반품이 불가함을 미리 고지하였다며 거절하고 있습니다. 청약철회가 가능한가요?","재판매가 곤란할 정도의 제품 훼손이 없다면 청약철회를 요구할 수 있습니다.   「전자상거래 등에서의 소비자보호에 관한 법률」 제17조(청약철회등)에 따르면 소비자는 계약내용에 관한 서면을 교부받은 날(서면을 교부받은 때보다 재화 등의 공급이 늦게 이루어진 경우에는 재화 등의 공급을 받거나 공급이 개시된 날)부터 7일 이내에 당해 계약에 관한 청약을 철회할 수 있으며, 동법 제18조에는 색상, 디자인 혹은 사이즈 불만 등의 사유로 청약철회를 요청한 경우 반환에 소요되는 비용(반품비)은 소비자가 부담해야 한다고 규정하고 있습니다.   따라서, 홈페이지에 반품, 교환, 환급 등이 불가하다고 쓰여 있거나, 반품을 원할 경우에는 적립금으로 환급 처리된다고 고지되어 있더라도 청약철회와 관련하여 소비자에게 불리한 약정은 효력이 없기 때문에 재판매가 곤란할 정도의 제품 훼손이 없다면 반품비를 소비자가 부담하고 청약철회를 요구할 수 있다고 판단됩니다.   ※ 통신판매업자에 대한 청약철회 의사표시 방법은 법률상 특별한 제한이 없으므로 전화, 서면, 전자문서 모두 가능합니다. 다만, 전화로 의사표시를 한 경우 간혹 판매자가 청약철회 요구를 받은 사실이 없다고 주장하는 경우가 있으므로, 쇼핑몰 게시판에 청약철회 의사를 표시하고 그 화면을 캡처하여 보관하거나 서면으로 발송하는 것이 좋습니다. 서면으로 발송한 경우에는 발송한 날에 그 효력이 발생합니다. 또한, 사업자에게 청약철회를 요청하였는데도 특별한 사유없이 이를 거부할 경우, 「전자상거래 등에서의 소비자보호에 관한 법률」 제18조에 따라 신용카드로 대금을 결제하였다면 신용카드사에 처리를 요구할 수 있으니 참고하시기 바랍니다."
947," 점퍼, 재킷류", 청약철회_반품·교환불가 사전 고지,"전자상거래로 점퍼를 구입하고 수령 후 단순 변심으로 반품을 요구하였으나, 사업자는 반품, 교환, 환급이 불가하다는 문구를 쇼핑몰에 고지하였음을 근거로 거절하고 있습니다. 청약철회가 가능한가요?","재판매가 곤란할 정도의 제품 훼손이 없다면 청약철회를 요구할 수 있습니다.      「전자상거래 등에서의 소비자보호에 관한 법률」 제17조(청약철회등)에 따르면 소비자는 계약내용에 관한 서면을 교부받은 날(서면을 교부받은 때보다 재화 등의 공급이 늦게 이루어진 경우에는 재화 등의 공급을 받거나 공급이 개시된 날)부터 7일 이내에 당해 계약에 관한 청약을 철회할 수 있으며, 동법 제18조에는 색상, 디자인 혹은 사이즈 불만 등의 사유로 청약철회를 요청한 경우 반환에 소요되는 비용(반품비)은 소비자가 부담해야 한다고 규정하고 있습니다.   따라서, 홈페이지에 반품, 교환, 환급 등이 불가하다고 쓰여 있거나, 반품을 원할 경우에는 적립금으로 환급 처리된다고 고지되어 있더라도 청약철회와 관련하여 소비자에게 불리한 약정은 효력이 없기 때문에 재판매가 곤란할 정도의 제품 훼손이 없다면 반품비를 소비자가 부담하고 청약철회를 요구할 수 있다고 판단됩니다.   ※ 통신판매업자에 대한 청약철회 의사표시 방법은 법률상 특별한 제한이 없으므로 전화, 서면, 전자문서 모두 가능합니다. 다만, 전화로 의사표시를 한 경우 간혹 판매자가 청약철회 요구를 받은 사실이 없다고 주장하는 경우가 있으므로, 쇼핑몰 게시판에 청약철회 의사를 표시하고 그 화면을 캡처하여 보관하거나 서면으로 발송하는 것이 좋습니다. 서면으로 발송한 경우에는 발송한 날에 그 효력이 발생합니다. 또한, 사업자에게 청약철회를 요청하였는데도 특별한 사유없이 이를 거부할 경우, 「전자상거래 등에서의 소비자보호에 관한 법률」 제18조에 따라 신용카드로 대금을 결제하였다면 신용카드사에 처리를 요구할 수 있으니 참고하시기 바랍니다."
948," 점퍼, 재킷류", 청약철회_흰색 제품 반품 거부,"전자상거래로 흰색 점퍼를 구입하고 수령 후 단순 변심으로 반품을 요구하였으나, 사업자는 흰색 제품은 반품이 불가하다는 문구를 쇼핑몰에 고지하였음을 근거로 거절하고 있습니다. 청약철회가 가능한가요?","재판매가 곤란할 정도의 제품 훼손이 없다면 청약철회를 요구할 수 있습니다.      「전자상거래 등에서의 소비자보호에 관한 법률」 제17조(청약철회등)에 따르면 소비자의 청약철회 권리를 보호하고 있으나, ‘소비자의 사용 또는 책임 있는 사유로 재화가 훼손되거나 가치가 감소한 경우, 시간의 경과로 재판매가 곤란할 정도로 가치가 하락된 경우, 복제 가능한 재화 등의 포장을 훼손한 경우’에는 그 권리를 제한하고 있습니다. ‘주문에 의해 개별적으로 생산되는 재화’ 또한 통신판매사업자에게 회복할 수 없는 중대한 피해가 예상되는 경우, 사전에 당해 거래에 대해 별도로 그 사실을 고지하고 소비자의 서면 동의를 받아 두었다면 청약철회 요청을 거부할 수 있습니다.   하지만, 흰색 제품은 반품이 어렵다고 고지되어 있더라도 청약철회와 관련하여 소비자에게 불리한 약정으로 효력이 없으며, 공정거래위원회에서도 ‘흰색계열, 세일 상품’ 등의 이유로 청약철회를 거부하는 것을 ‘청약철회 방해 행위’로 보고 있기 때문에 재판매가 곤란할 정도의 제품 훼손이 없다면 반품비를 소비자가 부담하고 청약철회를 요구할 수 있다고 판단됩니다.   ※ 통신판매업자에 대한 청약철회 의사표시 방법은 법률상 특별한 제한이 없으므로 전화, 서면, 전자문서 모두 가능합니다. 다만, 전화로 의사표시를 한 경우 간혹 판매자가 청약철회 요구를 받은 사실이 없다고 주장하는 경우가 있으므로, 쇼핑몰 게시판에 청약철회 의사를 표시하고 그 화면을 캡처하여 보관하거나 서면으로 발송하는 것이 좋습니다. 서면으로 발송한 경우에는 발송한 날에 그 효력이 발생합니다. 또한, 사업자에게 청약철회를 요청하였는데도 특별한 사유없이 이를 거부할 경우, 「전자상거래 등에서의 소비자보호에 관한 법률」 제18조에 따라 신용카드로 대금을 결제하였다면 신용카드사에 처리를 요구할 수 있으니 참고하시기 바랍니다."
949," 점퍼, 재킷류", 청약철회_묶음배송 반품비_제품 불량,"전자상거래로 재킷과 티셔츠 두 벌을 70,000원에 구입하였으며, 50,000원 이상 구매 시 무료배송이어서 사업자에게 묶음배송을 요청하였습니다. 이후 재킷이 불량인 것을 확인하여 반품을 요구했는데, 사업자는 반품비를 입금할 것을 주장합니다. 반품비를 제가 부담하는게 맞나요?","제품의 불량 등 사업자의 귀책사유로 반품하는 경우에는 사업자가 반품비 전액을 부담합니다.     「전자상거래 등에서의 소비자보호에 관한 법률」 제17조(청약철회등)에 따르면 소비자는 계약내용에 관한 서면을 교부받은 날(서면을 교부받은 때보다 재화 등의 공급이 늦게 이루어진 경우에는 재화 등의 공급을 받거나 공급이 개시된 날)부터 7일 이내에 당해 계약에 관한 청약을 철회할 수 있으며, 동법 제18조 제10항에는 표시 광고의 내용과 다르거나 계약내용과 다르게 이행된 경우 등의 사유로 청약철회를 요청한 경우 반환에 소요되는 비용(반품비)은 사업자가 부담해야 한다고 규정하고 있습니다.   따라서, 제품 하자 등 사업자의 귀책사유로 반품하는 경우에는 사업자가 반품 택배비 전액을 부담해야 한다고 판단됩니다."
950," 점퍼, 재킷류", 청약철회_묶음배송 반품비_단순 변심,"전자상거래로 재킷과 티셔츠 두 벌을 70,000원에 구입하였으며, 50,000원 이상 구매 시 무료배송이어서 사업자에게 묶음배송을 요청하였습니다. 이후 재킷 사이즈가 맞지 않아 반품을 요구했는데, 사업자는 반품비를 입금할 것을 주장합니다. 반품비를 제가 부담하는게 맞나요?","사이즈 오류 등 개인 변심으로 반품하는 경우에는 소비자가 반품비 전액을 부담합니다.   「전자상거래 등에서의 소비자보호에 관한 법률」 제17조(청약철회등)에 따르면 소비자는 계약내용에 관한 서면을 교부받은 날(서면을 교부받은 때보다 재화 등의 공급이 늦게 이루어진 경우에는 재화 등의 공급을 받거나 공급이 개시된 날)부터 7일 이내에 당해 계약에 관한 청약을 철회할 수 있으며, 동법 제18조 제9항에는 색상, 디자인 혹은 사이즈 불만 등의 사유로 청약철회를 요청한 경우 반환에 소요되는 비용(반품비)은 소비자가 부담해야 한다고 규정하고 있습니다.   따라서, 소비자의 개인 변심으로 반품하는 경우에는 반품 택배비는 소비자가 전액 부담해야 한다고 판단됩니다."
951," 점퍼, 재킷류", 계약불이행_미환급,전자상거래로 재킷을 주문하고 대금을 신용카드로 결제하였습니다. 구입 후 7일 이내 청약철회를 요구하여 재킷을 반품하였는데 물품 대금을 환급해 주지 않고 있습니다. 환급받을 방법이 있나요?,"사업자가 환급을 지연하는 경우 신용카드사에 사업자로부터 환급받을 금액을 상계할 것을 요청하고 결제 대금의 매출 취소를 요구할 수 있습니다.   「전자상거래 등에서의 소비자보호에 관한 법률」 제18조(청약철회등의 효과) 제2항에 따르면 청약철회 시 소비자는 이미 공급받은 제품을 사업자에게 반환해야 하며, 사업자는 물품을 반환 받은 날(또는 재화 등을 공급하지 않은 경우에는 청약철회를 한 날)로부터 3영업일 이내에 이미 지급받은 대금을 환급하여야 합니다. 이때 사업자가 대금의 환급을 지연한 경우에는 가산이자를 지급하도록 규정하고 있습니다. 또한, 동법 제18조(청약철회등의 효과) 제3항, 제6항에 따르면 사업자가 신용카드로 결제한 대금의 환급을 지연할 경우 신용카드사에 환급에 필요한 조치를 요구할 수 있으며, 이 경우에 신용카드사는 환급에 필요한 조치를 취해야하며 사업자에게 지급할 대금이 있을 경우 이를 주지 않고 소비자가 결제한 대금을 상계 처리한 후 소비자의 결제 대금의 매출을 취소해주도록 규정하고 있습니다.   따라서, 소비자는 신용카드사에 사업자와의 다른 채무와의 상계를 요구하면서 대금 청구를 정지하거나 취소하도록 요구할 수 있다고 판단됩니다."
952," 점퍼, 재킷류", 가격·요금_과도한 반품 배송비 요구,"전자상거래로 병행수입 점퍼를 구입하고 반품을 요구하였으나 사전에 고지된 반품 배송비 이외에 ‘현지 운송료, 제비용 등’의 명목으로 추가 대금 지급을 요구합니다. 추가로 지급해야 하나요?","사업자가 반품 배송비 외의 비용 발생에 대해 사전에 고지하지 않았고, 이를 입증하지 못한다면 반품 배송비만 공제한 후 환급을 요구할 수 있습니다.   병행수입을 비롯한 수입제품 판매 시 발생하는 배송비는 사업자마다 수입절차 및 재고관리 방식에 따라 다를 수 있으나 「전자상거래 등에서의 소비자보호에 관한 법률」(이하, ‘전자상거래법’) 제18조(청약철회등의 효과) 제9항, 제10항에 따라 부과하는 반품비용은 소비자의 구매 여부 판단에 영향을 주는 중요한 거래조건에 해당되므로 적절한 방법으로 고지하여야 할 사항으로 볼 수 있습니다.    따라서, 사업자가 수입 과정에서 ‘현지 및 국제운송료’, ‘수입세금 및 제비용’의 비용이 발생한 사실을 사전에 고지하였고, 이에 대해 입증할 수 있는 경우 소비자는 그에 대한 금액을 지급해야 하나, 입증할 수 없는 경우 제품을 반품한 뒤 반품과정에서 발생한 비용을 공제한 후 환급을 요구할 수 있다고 판단됩니다.   반면, ‘전자상거래법’에 따라 사업자는 소비자에게 청약철회를 이유로 위약금이나 손해배상을 청구할 수 없으므로 미리 고지한 반품 배송비 이외에 다른 명목의 위약금을 추가 청구하는 것은 인정되기 어렵습니다."
953," 점퍼, 재킷류", 가격·요금_적립금 환급,전자상거래로 점퍼를 신용카드로 구입하고 제품 수령 다음날 단순 변심으로 반품을 신청하였으나 사업자는 결제금액을 적립금으로만 돌려주겠다고 주장합니다. 신용카드 결제 취소를 요구할 수 있나요?,"사업자에게 신용카드 결제 취소를 요구할 수 있습니다.   「전자상거래 등에서의 소비자보호에 관한 법률」(이하, ‘전자상거래법’) 제17조(청약철회등)에 따르면 소비자는 상품을 공급 받은 날로부터 7일 이내에는 소비자의 귀책사유로 인한 상품의 멸실 또는 훼손된 경우 등을 제외하고는 단순변심으로 인한 청약철회를 할 수 있다고 규정하고 있습니다. 이에 소비자가 제품을 수령한 날로부터 7일 이내 청약철회 의사표시를 명확히 하였다면 해당 쇼핑몰은 ‘전자상거래법’ 제18조 제3항에 의거하여 신용카드사에게 대금 청구를 정지하거나 취소하도록 요청하여야 합니다.   따라서, 신용카드로 결제하였으나 적립금으로만 환급이 가능하다는 것은 「민법」 제548조(해제의 효과, 원상회복의무)에 따른 원상회복이라고 보기 어려우므로 소비자가 사용한 결제수단에 따른 환급 이행을 해당 쇼핑몰에 요구할 수 있다고 판단됩니다."
954," 점퍼, 재킷류", 표시·광고_반품비1,"‘캐시미어 100%’라고 광고하는 재킷을 전자상거래로 구입하고, 10일 뒤에 착용하던 과정에서 실제로는 캐시미어는 10%만 포함된 사실을 알게 되었습니다. 이 경우에 반품비 부담자는 누구인가요?","이 사례에서는 부당한 표시·광고행위 유형에 해당하여, 재킷을 받은 날부터 3월 이내, 표시·광고와 다르다는 사실을 안 날 또는 알 수 있었던 날부터 30일 이내에 청약철회가 가능하며, 사업자 귀책사유에 해당하므로 반품비는 사업자가 부담합니다.   「전자상거래 등에서의 소비자보호에 관한 법률」 제18조(청약철회등의 효과)에 따르면 물품의 내용이 표시·광고 내용과 다른 경우에는 반환에 필요한 비용은 사업자가 부담함은 물론 소비자에게 물품을 배달할 때의 배송비도 사업자가 부담하여야 하며, 이미 소비자가 지급한 경우에는 환급하도록 규정하고 있습니다. 이 경우에는 청약철회기간은 당해 물품을 공급받은 날부터 3월 이내, 그 사실을 안 날 또는 알 수 있었던 날부터 30일 이내로 연장됩니다.   이러한 소비자의 권리가 인정되려면 물품 관련 표시·광고의 내용이 누가 보아도 명백하게 허위이거나 과장된 점이 인정되어야 하는데, 「표시·광고의 공정화에 관한 법률」 제3조(부당한 표시·광고 행위의 금지) 및 ‘부당한 표시·광고행위의 유형 및 기준 지정 고시’에 따르면 부된 원재료나 성분을 가지고 전체의 주된 성분인 것처럼 표시·광고한 행위를 부당한 표시·광고로 규정하고 있습니다.    따라서, 성분 표시가 잘못된 것이 명확히 확인될 경우에는 물품의 내용이 표시·광고 내용과 다른 경우에 해당하여 청약철회가 가능하고, 반품비는 사업자가 부담하도록 요구할 수 있다고 판단됩니다."
955," 점퍼, 재킷류", 표시·광고_반품비2,"전자상거래 사업자가 운영하고 있는 FAQ에서 ‘모든 상품은 무료 반품 가능’이라는 문구를 확인하고 점퍼를 구입하였고, 이후 7일 이내 반품을 요구하였으나 사업자가 반품비를 요구합니다. 제가 비용을 지급해야 하나요?","FAQ 게시물도 광고에 해당되며, 표시·광고와 다르게 계약이 이행된 경우에는 사업자 귀책사유에 해당하므로 반품비는 사업자가 부담합니다.    대법원 판례에 따르면 “FAQ 게시물은 일반 소비자가 누구나 접근할 수 있는 사업자의 인터넷 홈페이지에 게시되어 있으며, 게시 경위도 소비자들이 사업자에게 한 질문에 대해 개별적으로 답변한 것이 아니라 사업자가 일반 소비자들에게 알리고 싶은 내용을 선정하여 질문과 답변의 형식으로 게시해 놓은 것이라는 점에 비추어 보면, 사업자가 ‘널리 소비자들에게 제시하거나 알리기 위하여’ 게시해 놓은 것이라고 볼 수 있으므로 해당 FAQ 게시물은 「표시·광고의 공정화에 관한 법률」 상의 광고에 해당합니다(대법원 2009.5.28., 선고, 2009두843, 판결).   또한, 「표시·광고의 공정화에 관한 법률」 제3조(부당한 표시·광고 행위의 금지) 및 ‘부당한 표시·광고행위의 유형 및 기준 지정 고시‘에 따르면 반품, 교환, 대금지급방법 등 기타 거래내용 및 거래조건 등에 관하여 표시·광고함에 있어서는 사실대로 하여야 하며, 이를 사실과 다르게 표시·광고한 행위를 부당한 표시·광고로 규정하고 있습니다.    따라서, 이 사례에서는 사실과 다르게 반품비를 요구하는 것이 명확히 확인되므로 물품의 내용이 표시·광고 내용과 다른 경우에 해당하며, 「전자상거래 등에서의 소비자보호에 관한 법률」 제18조(청약철회등의 효과)에 따라 사업자에게 반품비 부담을 요구할 수 있다고 판단됩니다."
956," 점퍼, 재킷류", 표시·광고_광고와 차이 있는 제품,전자상거래로 점퍼를 구입하고 10일 뒤 착용하던 과정에서 광고 사진과 너무 다르다는 사실을 알게되었습니다. 청약철회가 가능한가요?,"상품이 광고 사진과 다르다는 소비자의 주관적인 판단만으로는 계약내용과 다르게 이행되었다고 보기 어려우므로 7일이 경과한 후에는 청약철회를 요구하기 어렵습니다.   「전자상거래 등에서의 소비자보호에 관한 법률」 제17조(청약철회등)에 따르면 소비자는 전자상거래로 구입한 제품에 대하여 공급받은 날로부터 7일 이내(표시·광고의 내용과 다르거나 계약내용과 다르게 이행된 경우에는 공급받은 날부터 3개월, 사실을 안 날 또는 알 수 있었던 날부터 30일 이내)에 청약철회를 요청할 수 있으나, 소비자에게 책임이 있는 사유로 재화 등이 멸실되거나 훼손된 경우에는 청약철회를 요구할 수 없습니다.   다만, 광고 사진과 다르다는 소비자의 주관적인 판단만으로는 「표시·광고의 공정화에 관한 법률」 상 부당한 표시·광고임을 주장하기 어려우며, 광고 사진과 실제 받은 제품이 완전 다른 경우와 같이 중대한 하자가 있다면 청약철회를 요구할 수 있다고 판단됩니다."
957," 점퍼, 재킷류", 품질_보풀,"재킷을 구입하고 1회 착용하였는데, 겨드랑이 부분에 보풀이 심하게 발생하였습니다. 구제 방법이 있나요?","어느 정도의 보풀은 의류를 착용할 때 자연스럽게 발생할 수 있는 현상으로 품질불량으로 보지 않습니다. 그러나 보풀이 심할 경우 외관을 해칠 뿐만 아니라 섬유의 질감을 변화시키기 때문에 품질불량으로 판단할 수 있습니다.   우선적으로 제조사나 구입처 등에 문제점을 제기하고, 하자의 원인 및 책임 소재에 대하여 분쟁이 발생한 경우에는 전문가(심의기구 등)에게 의뢰하여 의견을 구하는 것이 좋으며 품질 시험검사가 가능한 경우에는 이를 통해 보다 정확한 원인규명을 해볼 수 있습니다.    해당 제품이 원단불량 등 제품하자로 판명날 경우 공정거래위원회가 고시한 의복류 관련 ‘소비자분쟁해결기준’에 따라 제조사나 구입처에 수선이 가능한 경우에는 무상수선, 수선이 불가한 경우에는 동종 제품으로의 교환, 동종 제품이 없는 경우에는 환급을 요구할 수 있으며, 수선이 가능한 경우임에도 불구하고 소비자가 구입가의 환급을 요구하는 경우에 사업자는 이를 거부할 수 있습니다.   ※ 한국소비자원에서는 섬유·세탁 품질하자 유무 및 원인 규명을 위하여 해당 분야 전문가로 구성된 ‘섬유제품심의위원회’를 운영하고 있으며, 해당 심의·자문 결과(책임소재, 심의내용 등)를 토대로 공정거래위원회가 고시한 ‘소비자분쟁해결기준’에 따라 피해보상에 관한 합의를 권고할 수 있습니다. 다만, 심의·자문 결과는 당사자간 분쟁해결에 있어 근거자료로 활용되나 법적 강제력은 없습니다."
958," 점퍼, 재킷류", 품질_올 당겨짐,재킷을 구입하고 착용하다 보니 장식으로 들어간 실에서 쉽게 올이 나옵니다. 구제 방법이 있나요?,"날카롭거나 뾰쪽한 물체에 걸려 올이 당겨지거나 끊어진 경우에는 착용자의 과실로 판단하여 품질불량으로 보지 않습니다. 그러나 자연스럽게 발생할 수 있는 일상적인 마찰에도 올이 쉽게 당겨지거나 끊어질 경우 품질불량으로 판단할 수 있습니다.   우선적으로 제조사나 구입처 등에 문제점을 제기하고, 하자의 원인 및 책임 소재에 대하여 분쟁이 발생한 경우에는 전문가(심의기구 등)에게 의뢰하여 의견을 구하는 것이 좋으며 품질 시험검사가 가능한 경우에는 이를 통해 보다 정확한 원인규명을 해볼 수 있습니다.   해당 제품이 원단불량 등 제품하자로 판명날 경우 공정거래위원회가 고시한 의복류 관련 ‘소비자분쟁해결기준’에 따라 제조사나 구입처에 수선이 가능한 경우에는 무상수선, 수선이 불가한 경우에는 동종 제품으로의 교환, 동종 제품이 없는 경우에는 환급을 요구할 수 있으며, 수선이 가능한 경우임에도 불구하고 소비자가 구입가의 환급을 요구하는 경우에 사업자는 이를 거부할 수 있습니다.   ※ 한국소비자원에서는 섬유·세탁 품질하자 유무 및 원인 규명을 위하여 해당 분야 전문가로 구성된 ‘섬유제품심의위원회’를 운영하고 있으며, 해당 심의·자문 결과(책임소재, 심의내용 등)를 토대로 공정거래위원회가 고시한 ‘소비자분쟁해결기준’에 따라 피해보상에 관한 합의를 권고할 수 있습니다. 다만, 심의·자문 결과는 당사자간 분쟁해결에 있어 근거자료로 활용되나 법적 강제력은 없습니다."
959," 점퍼, 재킷류", 품질_실 미어짐,재킷을 구입하여 처음 착용하였는데 오른쪽 소매 윗부분 봉제가 뜯어지고 미어졌습니다. 구제 방법이 있나요?,"제품의 봉제 부위에 외력(힘)을 가했을 때 원단이 미끄러지면서 밀리는 것을 실 미어짐이라고 합니다. 미어지는 정도에 따라 품질불량 여부를 판단하며, 주로 미끄러운 성질의 원단에 이와 같은 현상이 나타날 수 있습니다.   우선적으로 제조사나 구입처 등에 문제점을 제기하고, 하자의 원인 및 책임 소재에 대하여 분쟁이 발생한 경우에는 전문가(심의기구 등)에게 의뢰하여 의견을 구하는 것이 좋으며 품질 시험검사가 가능한 경우에는 이를 통해 보다 정확한 원인규명을 해볼 수 있습니다.   해당 제품이 원단불량 등 제품하자로 판명날 경우 공정거래위원회가 고시한 의복류 관련 ‘소비자분쟁해결기준’에 따라 제조사나 구입처에 수선이 가능한 경우에는 무상수선, 수선이 불가한 경우에는 동종 제품으로의 교환, 동종 제품이 없는 경우에는 환급을 요구할 수 있으며, 수선이 가능한 경우임에도 불구하고 소비자가 구입가의 환급을 요구하는 경우에 사업자는 이를 거부할 수 있습니다.   ※ 한국소비자원에서는 섬유·세탁 품질하자 유무 및 원인 규명을 위하여 해당 분야 전문가로 구성된 ‘섬유제품심의위원회’를 운영하고 있으며, 해당 심의·자문 결과(책임소재, 심의내용 등)를 토대로 공정거래위원회가 고시한 ‘소비자분쟁해결기준’에 따라 피해보상에 관한 합의를 권고할 수 있습니다. 다만, 심의·자문 결과는 당사자간 분쟁해결에 있어 근거자료로 활용되나 법적 강제력은 없습니다."
960," 점퍼, 재킷류", 품질_털빠짐1,다운 점퍼를 구입 후 1회 착용하였는데 봉제 및 칼라 주위에서 충전재(털)가 심하게 빠져나옵니다. 구제 방법이 있나요?,"다운 제품 사용 중에 오리털, 거위털 등이 봉제구멍 또는 섬유사이로 빠져나와 날리거나 함께 착용한 의류에 묻어나는 경우가 있는데, 그 정도가 심할 경우 품질불량으로 판단할 수 있습니다.   우선적으로 제조사나 구입처 등에 문제점을 제기하고, 하자의 원인 및 책임 소재에 대하여 분쟁이 발생한 경우에는 전문가(심의기구 등)에게 의뢰하여 의견을 구하는 것이 좋으며 품질 시험검사가 가능한 경우에는 이를 통해 보다 정확한 원인규명을 해볼 수 있습니다.    해당 제품이 원단불량 등 제품하자로 판명날 경우 공정거래위원회가 고시한 의복류 관련 ‘소비자분쟁해결기준’에 따라 제조사나 구입처에 수선이 가능한 경우에는 무상수선, 수선이 불가한 경우에는 동종 제품으로의 교환, 동종 제품이 없는 경우에는 환급을 요구할 수 있으며, 수선이 가능한 경우임에도 불구하고 소비자가 구입가의 환급을 요구하는 경우에 사업자는 이를 거부할 수 있습니다.   ※ 한국소비자원에서는 섬유·세탁 품질하자 유무 및 원인 규명을 위하여 해당 분야 전문가로 구성된 ‘섬유제품심의위원회’를 운영하고 있으며, 해당 심의·자문 결과(책임소재, 심의내용 등)를 토대로 공정거래위원회가 고시한 ‘소비자분쟁해결기준’에 따라 피해보상에 관한 합의를 권고할 수 있습니다. 다만, 심의·자문 결과는 당사자간 분쟁해결에 있어 근거자료로 활용되나 법적 강제력은 없습니다."
961," 점퍼, 재킷류", 품질_털빠짐2,털 점퍼를 구입하여 1개월 정도 착용하였는데 전체적으로 털이 많이 빠져 함께 착용한 의류에 심하게 묻어납니다. 구제 방법이 있나요?,"털 소재 섬유제품의 특성상 어느 정도 털이 빠지는 것은 자연스럽게 발생할 수 있는 현상이며, 소재 특성에 따라 다른 제품보다 상대적으로 잘 빠지는 소재도 있지만(예: 토끼털, 알파카 등), 그 정도가 심할 경우 품질불량으로 판단할 수 있습니다.   우선적으로 제조사나 구입처 등에 문제점을 제기하고, 하자의 원인 및 책임 소재에 대하여 분쟁이 발생한 경우에는 전문가(심의기구 등)에게 의뢰하여 의견을 구하는 것이 좋으며 품질 시험검사가 가능한 경우에는 이를 통해 보다 정확한 원인규명을 해볼 수 있습니다.    해당 제품이 원단불량 등 제품하자로 판명날 경우 공정거래위원회가 고시한 의복류 관련 ‘소비자분쟁해결기준’에 따라 제조사나 구입처에 수선이 가능한 경우에는 무상수선, 수선이 불가한 경우에는 동종 제품으로의 교환, 동종 제품이 없는 경우에는 환급을 요구할 수 있으며, 수선이 가능한 경우임에도 불구하고 소비자가 구입가의 환급을 요구하는 경우에 사업자는 이를 거부할 수 있습니다.   ※ 한국소비자원에서는 섬유·세탁 품질하자 유무 및 원인 규명을 위하여 해당 분야 전문가로 구성된 ‘섬유제품심의위원회’를 운영하고 있으며, 해당 심의·자문 결과(책임소재, 심의내용 등)를 토대로 공정거래위원회가 고시한 ‘소비자분쟁해결기준’에 따라 피해보상에 관한 합의를 권고할 수 있습니다. 다만, 심의·자문 결과는 당사자간 분쟁해결에 있어 근거자료로 활용되나 법적 강제력은 없습니다."
962," 점퍼, 재킷류", 품질_원형회복,점퍼를 구입하여 약 4개월 착용하였는데 팔 부분에 심한 구김이 발생하여 드라이클리닝을 하였지만 개선되지 않습니다. 구제 방법이 있나요?,"원단이 압력 또는 힘에 의하여 늘어났다가 다시 원상으로 회복되지 아니하여 원래의 크기보다 커지거나 원단에 구김이 발생할 수 있지만, 그 정도가 심할 경우 품질불량으로 판단할 수 있습니다.   우선적으로 제조사나 구입처 등에 문제점을 제기하고, 하자의 원인 및 책임 소재에 대하여 분쟁이 발생한 경우에는 전문가(심의기구 등)에게 의뢰하여 의견을 구하는 것이 좋으며 품질 시험검사가 가능한 경우에는 이를 통해 보다 정확한 원인규명을 해볼 수 있습니다.    해당 제품이 원단불량 등 제품하자로 판명날 경우 공정거래위원회가 고시한 의복류 관련 ‘소비자분쟁해결기준’에 따라 제조사나 구입처에 수선이 가능한 경우에는 무상수선, 수선이 불가한 경우에는 동종 제품으로의 교환, 동종 제품이 없는 경우에는 환급을 요구할 수 있으며, 수선이 가능한 경우임에도 불구하고 소비자가 구입가의 환급을 요구하는 경우에 사업자는 이를 거부할 수 있습니다.   ※ 한국소비자원에서는 섬유·세탁 품질하자 유무 및 원인 규명을 위하여 해당 분야 전문가로 구성된 ‘섬유제품심의위원회’를 운영하고 있으며, 해당 심의·자문 결과(책임소재, 심의내용 등)를 토대로 공정거래위원회가 고시한 ‘소비자분쟁해결기준’에 따라 피해보상에 관한 합의를 권고할 수 있습니다. 다만, 심의·자문 결과는 당사자간 분쟁해결에 있어 근거자료로 활용되나 법적 강제력은 없습니다."
963," 점퍼, 재킷류", 품질_변색,점퍼를 구입하여 2회 착용하였는데 소매와 등 부분 등에서 변색이 발생하였습니다. 구제 방법이 있나요?,"햇빛에 직접 노출되는 부위(어깨 및 소매윗부분 등)나 땀이 발생하는 부위(등, 겨드랑이 등)에 변색이 발생할 수 있습니다. 바로 세탁하지 않고 방치하였을 때 발생한 변색에 대해서는 소비자과실로 판단하나, 햇빛, 땀 등에 변색되지 않고 견디는 정도가 심하게 낮으면 품질불량으로 판단할 수 있습니다.   우선적으로 제조사나 구입처 등에 문제점을 제기하고, 하자의 원인 및 책임 소재에 대하여 분쟁이 발생한 경우에는 전문가(심의기구 등)에게 의뢰하여 의견을 구하는 것이 좋으며 품질 시험검사가 가능한 경우에는 이를 통해 보다 정확한 원인규명을 해볼 수 있습니다.    해당 제품이 원단불량 등 제품하자로 판명날 경우 공정거래위원회가 고시한 의복류 관련 ‘소비자분쟁해결기준’에 따라 제조사나 구입처에 수선이 가능한 경우에는 무상수선, 수선이 불가한 경우에는 동종 제품으로의 교환, 동종 제품이 없는 경우에는 환급을 요구할 수 있으며, 수선이 가능한 경우임에도 불구하고 소비자가 구입가의 환급을 요구하는 경우에 사업자는 이를 거부할 수 있습니다.   ※ 한국소비자원에서는 섬유·세탁 품질하자 유무 및 원인 규명을 위하여 해당 분야 전문가로 구성된 ‘섬유제품심의위원회’를 운영하고 있으며, 해당 심의·자문 결과(책임소재, 심의내용 등)를 토대로 공정거래위원회가 고시한 ‘소비자분쟁해결기준’에 따라 피해보상에 관한 합의를 권고할 수 있습니다. 다만, 심의·자문 결과는 당사자간 분쟁해결에 있어 근거자료로 활용되나 법적 강제력은 없습니다."
964," 점퍼, 재킷류", 품질_물듦,빨간색 점퍼를 구입하여 약 2개월 착용하였는데 함께 착용한 티셔츠가 빨갛게 물들었습니다. 구제 방법이 있나요?,"염색된 섬유제품이 마찰 등으로 인해 염료가 탈락하는 경우가 발생할 수 있습니다. 약간의 염색 탈락은 허용가능하나, 그 정도가 심할 경우 품질불량으로 판단할 수 있습니다.   우선적으로 제조사나 구입처 등에 문제점을 제기하고, 하자의 원인 및 책임 소재에 대하여 분쟁이 발생한 경우에는 전문가(심의기구 등)에게 의뢰하여 의견을 구하는 것이 좋으며 품질 시험검사가 가능한 경우에는 이를 통해 보다 정확한 원인규명을 해볼 수 있습니다.    해당 제품이 원단불량 등 제품하자로 판명날 경우 공정거래위원회가 고시한 의복류 관련 ‘소비자분쟁해결기준’에 따라 제조사나 구입처에 수선이 가능한 경우에는 무상수선, 수선이 불가한 경우에는 동종 제품으로의 교환, 동종 제품이 없는 경우에는 환급을 요구할 수 있으며, 수선이 가능한 경우임에도 불구하고 소비자가 구입가의 환급을 요구하는 경우에 사업자는 이를 거부할 수 있습니다.   ※ 한국소비자원에서는 섬유·세탁 품질하자 유무 및 원인 규명을 위하여 해당 분야 전문가로 구성된 ‘섬유제품심의위원회’를 운영하고 있으며, 해당 심의·자문 결과(책임소재, 심의내용 등)를 토대로 공정거래위원회가 고시한 ‘소비자분쟁해결기준’에 따라 피해보상에 관한 합의를 권고할 수 있습니다. 다만, 심의·자문 결과는 당사자간 분쟁해결에 있어 근거자료로 활용되나 법적 강제력은 없습니다."
965," 점퍼, 재킷류", 품질_자연적현상,구입한 지 5년 된 점퍼를 보관하다가 입으려고 보니 버블 현상이 심합니다. 구제 방법이 있나요?,"점퍼의 내용연수가 경과한 경우에는 제품하자로 보기 어렵습니다.   섬유제품의 소재특성으로 인하여 자연스럽게 발생하는 현상이나 내용연수(제품의 수명) 경과로 인해 발생한 제품의 하자는 과실로 보기 어려우므로 피해구제 처리대상이 아닙니다. 여기서 내용연수는 공정거래위원회가 고시한 ‘소비자분쟁해결기준’에서 정하는 품목별 내용연수를 따르며 착용횟수와는 관계가 없습니다.   소재특성으로 인한 자연스러운 현상의 대표적인 사례로 알파카의 털빠짐, 토끼털의 모근 약함, 면소재와 청바지의 물빠짐, 한복의 흰줄 발생, 신발 밑창 닳음 등이 있으며, 정도가 심한 경우 책임소재를 따질 수 있으나 해당 현상을 품질불량으로 보기 어려운 경우가 많습니다. 또한, 내용연수가 경과한 제품은 제품의 수명이 다하여 발생한 자연손상으로 보아 하자를 주장하기 어려울 수 있습니다.   따라서, 이 경우 점퍼의 내용연수가 경과하면서 원단의 자연 취화 및 노화로 자연스럽게 발생할 수 있는 것으로 보아 제품하자로 볼 수 없다고 판단됩니다."
966," 점퍼, 재킷류", 품질_마찰,점퍼를 구입하여 착용하다가 1회 세탁하였는데 부분적으로 희뿌옇게 변색되었습니다. 구제 방법이 있나요?,"일반적으로 마찰이 잦은 부위에서는 약간의 탈색이 발생할 수 있습니다. 하지만 그 정도가 심할 경우 품질불량으로 판단할 수 있습니다.   우선적으로 제조사나 구입처 등에 문제점을 제기하고, 하자의 원인 및 책임 소재에 대하여 분쟁이 발생한 경우에는 전문가(심의기구 등)에게 의뢰하여 의견을 구하는 것이 좋으며 품질 시험검사가 가능한 경우에는 이를 통해 보다 정확한 원인규명을 해볼 수 있습니다.    해당 제품이 원단불량 등 제품하자로 판명날 경우 공정거래위원회가 고시한 의복류 관련 ‘소비자분쟁해결기준’에 따라 제조사나 구입처에 수선이 가능한 경우에는 무상수선, 수선이 불가한 경우에는 동종 제품으로의 교환, 동종 제품이 없는 경우에는 환급을 요구할 수 있으며, 수선이 가능한 경우임에도 불구하고 소비자가 구입가의 환급을 요구하는 경우에 사업자는 이를 거부할 수 있습니다.   ※ 한국소비자원에서는 섬유·세탁 품질하자 유무 및 원인 규명을 위하여 해당 분야 전문가로 구성된 ‘섬유제품심의위원회’를 운영하고 있으며, 해당 심의·자문 결과(책임소재, 심의내용 등)를 토대로 공정거래위원회가 고시한 ‘소비자분쟁해결기준’에 따라 피해보상에 관한 합의를 권고할 수 있습니다. 다만, 심의·자문 결과는 당사자간 분쟁해결에 있어 근거자료로 활용되나 법적 강제력은 없습니다."
967," 점퍼, 재킷류", 품질_이염,1년 전 구입한 점퍼를 세탁소에서 첫 세탁하였는데 흰색 배색 원단이 검게 이염되었습니다. 구제 방법이 있나요?,"세탁(물세탁 또는 드라이클리닝)에 의해 발생하는 제품 자체의 변색 및 이염, 타제품 오염 정도를 확인하고, 섬유제품 품질 권장기준에 따라 허용수준인지, 품질불량인지 판단이 필요합니다.   우선적으로 제조사나 구입처, 세탁소 등에 문제점을 제기하고, 하자의 원인 및 책임 소재에 대하여 분쟁이 발생한 경우에는 전문가(심의기구 등)에게 의뢰하여 의견을 구하는 것이 좋으며 품질 시험검사가 가능한 경우에는 이를 통해 보다 정확한 원인규명을 해볼 수 있습니다.    해당 제품이 원단불량 등 제품하자로 판명날 경우 공정거래위원회가 고시한 의복류 관련 ‘소비자분쟁해결기준’에 따라 제조사나 구입처에 수선이 가능한 경우에는 무상수선, 수선이 불가한 경우에는 동종 제품으로의 교환, 동종 제품이 없는 경우에는 환급을 요구할 수 있으며, 수선이 가능한 경우임에도 불구하고 소비자가 구입가의 환급을 요구하는 경우에 사업자는 이를 거부할 수 있습니다. 반면, 세탁 과정에서 발생한 하자로 판명날 경우 세탁사업자에게 원상회복, 불가능할 시 손해배상을 요구할 수 있습니다.   ※ 한국소비자원에서는 섬유·세탁 품질하자 유무 및 원인 규명을 위하여 해당 분야 전문가로 구성된 ‘섬유제품심의위원회’를 운영하고 있으며, 해당 심의·자문 결과(책임소재, 심의내용 등)를 토대로 공정거래위원회가 고시한 ‘소비자분쟁해결기준’에 따라 피해보상에 관한 합의를 권고할 수 있습니다. 다만, 심의·자문 결과는 당사자간 분쟁해결에 있어 근거자료로 활용되나 법적 강제력은 없습니다."
968," 점퍼, 재킷류", 품질_봉제불량,점퍼를 구입하여 2개월 간 착용하다가 집에서 손세탁하였는데 앞여임 부위에 구멍이 발생하였습니다. 구제 방법이 있나요?,"해당 제품의 봉제 불량 여부와 함께 잘못된 세탁 또는 사용상 부주의에 의해 발생할 수 있는 불량인지 판단이 필요합니다.   우선적으로 제조사나 구입처 등에 문제점을 제기하고, 하자의 원인 및 책임 소재에 대하여 분쟁이 발생한 경우에는 전문가(심의기구 등)에게 의뢰하여 의견을 구하는 것이 좋으며 품질 시험검사가 가능한 경우에는 이를 통해 보다 정확한 원인규명을 해볼 수 있습니다.    해당 제품이 원단불량 등 제품하자로 판명날 경우 공정거래위원회가 고시한 의복류 관련 ‘소비자분쟁해결기준’에 따라 제조사나 구입처에 수선이 가능한 경우에는 무상수선, 수선이 불가한 경우에는 동종 제품으로의 교환, 동종 제품이 없는 경우에는 환급을 요구할 수 있으며, 수선이 가능한 경우임에도 불구하고 소비자가 구입가의 환급을 요구하는 경우에 사업자는 이를 거부할 수 있습니다.   ※ 한국소비자원에서는 섬유·세탁 품질하자 유무 및 원인 규명을 위하여 해당 분야 전문가로 구성된 ‘섬유제품심의위원회’를 운영하고 있으며, 해당 심의·자문 결과(책임소재, 심의내용 등)를 토대로 공정거래위원회가 고시한 ‘소비자분쟁해결기준’에 따라 피해보상에 관한 합의를 권고할 수 있습니다. 다만, 심의·자문 결과는 당사자간 분쟁해결에 있어 근거자료로 활용되나 법적 강제력은 없습니다."
969," 점퍼, 재킷류", 품질_세탁방법 부적합,재킷을 세탁한 후 바깥쪽 원단이 심하게 수축되었습니다. 구제 방법이 있나요?,"부적합한 방법으로 세탁하였을 때 섬유제품에 변색, 변형, 경화 등의 하자가 나타날 수 있습니다. 세탁방법을 지키지 않아서 발생하는 하자는 세탁한 자의 책임이 되며, 세탁취급표시대로 세탁했음에도 하자가 발생하였을 경우에는 제조판매업체의 책임으로 판단할 수 있습니다.   세탁을 의뢰한 후 인도받은 물품에 하자가 발생하였을 경우에는 우선적으로 제조사나 구입처, 세탁소에 문제점을 제기하고, 하자의 원인 및 책임 소재에 대하여 분쟁이 발생한 경우에는 전문가(심의기구 등)에게 의뢰하여 의견을 구하는 것이 좋으며 품질 시험검사가 가능한 경우에는 이를 통해 보다 정확한 원인규명을 해볼 수 있습니다.   해당 제품이 원단불량 등 제품하자로 판명된 경우 공정거래위원회가 고시한 의복류 관련 ‘소비자분쟁해결기준’에 따라 수선이 가능한 경우에는 무상수선, 수선이 불가한 경우에는 동종 제품으로의 교환, 동종 제품이 없는 경우에는 환급을 요구할 수 있으며, 수선이 가능한 경우임에도 불구하고 소비자가 구입가의 환급을 요구하는 경우에 사업자는 이를 거부할 수 있습니다. 반면 세탁 과정에서 발생한 하자로 판명날 경우 세탁사업자에게 원상회복, 불가능할 시 손해배상을 요구할 수 있습니다.   ※ 한국소비자원에서는 섬유·세탁 품질하자 유무 및 원인 규명을 위하여 해당 분야 전문가로 구성된 ‘섬유제품심의위원회’를 운영하고 있으며, 해당 심의·자문 결과(책임소재, 심의내용 등)를 토대로 공정거래위원회가 고시한 ‘소비자분쟁해결기준’에 따라 피해보상에 관한 합의를 권고할 수 있습니다. 다만, 심의·자문 결과는 당사자간 분쟁해결에 있어 근거자료로 활용되나 법적 강제력은 없습니다."
970, 정수기대여, 계약해제·해지_방문판매,방문판매원을 통해 정수기 렌탈계약을 체결했습니다. 계약 직후 변심으로 계약해제를 요구하였으나 사업자가 거부합니다. 계약해제가 가능한가요?,"소비자의 개인 사정으로 인한 청약철회의 경우에 14일 이내이므로 위약금 없이 총 계약대금 전액 환급을 요구할 수 있습니다.   방문판매원을 통해 계약을 체결하였다면 「방문판매 등에 관한 법률」 제8조(청약철회등)에 따라 정수기를 설치한 날로부터 14일 이내에 서면으로 계약의 해제 또는 청약의 철회를 요구할 수 있습니다.    또한, 「약관의 규제에 관한 법률」 제9조(계약의 해제·해지) 및 「방문판매 등에 관한 법률」 제31조(계약의 해지), 제32조(계약 해지 또는 해제의 효과와 위약금 등) 제1항에 따르면 소비자의 계약 해지권 행사를 제한하는 조항은 무효로 볼 수 있으며, 계약 해지 시 해지로 인해 발생하는 손실을 현저하게 초과하는 위약금을 청구해서는 아니된다고 규정하고 있습니다.   따라서, 소비자의 개인 사정으로 인한 청약철회의 경우에 14일 이내이므로 위약금 없이 총 계약대금 전액 환급을 요구할 수 있다고 판단됩니다.   다만, 청약철회 시 발생하는 철거비용 등은 소비자가 부담합니다.   참고로, 청약철회의 통보는 전화나 우편, 팩스, 이메일 등 모두 가능하지만, 철회 기간 내에 청약 철회한 사실을 사업자가 부인하고 소비자가 입증하지 못하면 청약철회를 인정받을 수 없으므로 가능하면 사후 입증이 가능한 방법(내용증명 우편 등)으로 하는 것이 필요합니다."
971, 정수기대여, 계약해지·해제_소비자의 귀책 사유로 인한 계약해지_의무사용기간을 1년 이하로 정한 경우,"정수기를 6개월 약정, 2년 계약으로 렌탈하였습니다. 사용 도중 개인 사정으로 중도해지를 요구하니 사업자는 중도해지의 경우 설치비와 등록비, 그리고 위약금을 납부해야 한다며 위약금을 과도하게 요구합니다. 위약금 기준이 어떻게 되나요?","정수기 렌탈계약 시 의무사용기간을 1년 이하로 정하고 소비자의 귀책 사유로 인한 계약해지 시 의무사용기간의 잔여 월 임대료의 30%에 해당하는 금액과 임대차 기간 임대료 총합의 10%에 해당하는 금액 중 적은 금액으로 조정을 요구할 수 있습니다.   공정거래위원회에서 고시한 물품대여서비스업 관련 ‘소비자분쟁해결기준’에 따르면 소비자의 귀책 사유로 인한 계약해지 시 의무사용기간을 1년 이하로 정한 경우 의무사용기간의 잔여 월 임대료의 30%에 해당하는 금액과 임대차 기간 임대료 총합의 10%에 해당하는 금액 중 적은 금액을 배상하도록 규정하고 있습니다.   따라서, 이 사례에서는 정수기 렌탈계약 시 의무사용기간을 1년 이하로 정하고 소비자의 귀책 사유로 인한 계약해지 시 의무사용기간의 잔여 월 임대료의 30%에 해당하는 금액과 임대차 기간 임대료 총합의 10%에 해당하는 금액 중 적은 금액으로 조정을 요구할 수 있다고 판단됩니다.   다만, 위약금과 별도로 계약해지 시 발생하는 철거 비용 등은 소비자가 부담하되, 청구 사실과 금액 등이 약관이나 계약서에 명시되고 고지된 경우에 한합니다."
972, 정수기대여, 계약해지·해제_소비자의 귀책 사유로 인한 계약해지_의무사용기간을 1년 초과로 정한 경우,"정수기를 3년 약정, 5년 계약으로 렌탈하였습니다. 사용 도중 개인 사정으로 중도해지를 요구하니 사업자는 중도해지의 경우 설치비와 등록비, 그리고 위약금을 납부해야 한다며 위약금을 과도하게 요구합니다. 위약금 기준이 어떻게 되나요?","정수기 렌탈계약 시 의무사용기간을 1년 초과로 정하고 소비자의 귀책 사유로 인한 계약해지 시 의무사용기간의 잔여 월 임대료의 10%에 해당하는 금액으로 조정을 요구할 수 있습니다.   공정거래위원회에서 고시한 물품대여서비스업 관련 ‘소비자분쟁해결기준’에 따르면 소비자의 귀책 사유로 인한 계약해지 시 의무사용기간을 1년 초과로 정한 경우 의무사용기간의 잔여 월 임대료의 10%에 해당하는 금액을 배상하도록 규정하고 있습니다.   따라서, 이 사례에서는 정수기 렌탈계약 시 의무사용기간을 1년 초과로 정하고 소비자의 귀책 사유로 인한 계약해지 시 의무사용기간의 잔여 월 임대료의 10%에 해당하는 금액으로 조정을 요구할 수 있다고 판단됩니다.   다만, 위약금과 별도로 계약해지 시 발생하는 철거 비용 등은 소비자가 부담하되, 청구 사실과 금액 등이 약관이나 계약서에 명시되고 고지된 경우에 한하며 장기유지조건으로 가입 시 제공받은 면제(할인) 금액이 있을 경우 소비자는 잔존기간에 해당하는 금액(일할계산)을 사업자에게 반환할 의무가 있습니다."
973, 정수기대여, 계약해지·해제_소비자의 귀책 사유로 인한 계약해지_의무사용기간은 없고 임대차 기간을 1년 이하로 정한 경우,"정수기를 의무사용기간 없이 6개월 단기 렌탈하였습니다. 사용 도중 개인 사정으로 중도해지를 요구하니 사업자는 중도해지의 경우 설치비와 등록비, 그리고 위약금을 납부해야 한다며 위약금을 과도하게 요구합니다. 위약금 기준이 어떻게 되나요?","정수기 렌탈계약 시 의무사용기간은 없이 임대차 기간을 1년 이하로 정하고 소비자의 귀책 사유로 계약해지 시 임대차 기간 잔여 월 임대료 30%에 해당하는 금액과 임대료 종합의 10%에 해당하는 금액 중 적은 금액으로 조정을 요구할 수 있습니다.   공정거래위원회에서 고시한 물품대여서비스업 관련 ‘소비자분쟁해결기준’에 따르면 소비자의 귀책 사유로 인한 계약해지 시 의무사용기간은 없고 임대차 기간을 1년 이하로 정한 경우 임대차 기간 잔여 월 임대료 30%에 해당하는 금액과 임대료 종합의 10%에 해당하는 금액 중 적은 금액을 배상하도록 규정하고 있습니다.   따라서, 이 사례에서는 정수기 렌탈계약 시 의무사용기간은 없이 임대차 기간을 1년 이하로 정하고 소비자의 귀책 사유로 계약해지 시 임대차 기간 잔여 월 임대료 30%에 해당하는 금액과 임대료 종합의 10%에 해당하는 금액 중 적은 금액으로 조정을 요구할 수 있다고 판단됩니다.   다만, 위약금과 별도로 계약해지 시 발생하는 철거 비용 등은 소비자가 부담하되, 청구 사실과 금액 등이 약관이나 계약서에 명시되고 고지된 경우에 한합니다."
974, 정수기대여, 계약해지·해제_소비자의 귀책 사유로 인한 계약해지_의무사용기간은 없고 임대차 기간을 1년 초과로 정한 경우,"정수기를 의무사용기간 없이 계약기간을 2년으로 정하고 렌탈계약을 체결하였습니다. 사용 도중 개인 사정으로 중도해지를 요구하니 사업자는 중도해지의 경우 설치비와 등록비, 그리고 위약금을 납부해야 한다며 위약금을 과도하게 요구합니다. 위약금 기준이 어떻게 되나요?","정수기 렌탈계약 시 의무사용기간은 없이 임대차 기간을 1년 초과로 정하고 소비자의 귀책 사유로 계약해지 시 임대차 기간 잔여 월 임대료 10%에 해당하는 금액으로 조정을 요구할 수 있습니다.   공정거래위원회에서 고시한 물품대여서비스업 관련 ‘소비자분쟁해결기준’에 따르면 소비자의 귀책 사유로 인한 계약해지 시 의무사용기간은 없고 임대차 기간을 1년 초과로 정한 경우 임대차 기간 잔여 월 임대료 10%에 해당하는 금액을 배상하도록 규정하고 있습니다.    따라서, 이 사례에서는 정수기 렌탈계약 시 의무사용기간은 없이 임대차 기간을 1년 초과로 정하고 소비자의 귀책 사유로 계약해지 시 임대차 기간 잔여 월 임대료 10%에 해당하는 금액으로 조정을 요구할 수 있다고 판단됩니다.   다만, 위약금과 별도로 계약해지 시 발생하는 철거 비용 등은 소비자가 부담하되, 청구 사실과 금액 등이 약관이나 계약서에 명시되고 고지된 경우에 한하며 장기유지조건으로 가입 시 제공받은 면제(할인) 금액이 있을 경우 소비자는 잔존기간에 해당하는 금액(일할계산)을 사업자에게 반환할 의무가 있습니다."
975, 정수기대여, 계약해지·해제_계약해지 후 사업자의 원상회복 불이행,약 3년 전 정수기 렌탈계약을 체결하고 의무사용기간 만료 후 해지하기로 하였습니다. 이후 정수기 업체에 기사 방문을 통해 철거를 요청하였는데 방문이 지연되고 있습니다. 이 경우 요금도 납부해야 하나요?,"상호 협의 후 계약을 해지하기로 하였으나 사업자가 원상회복을 이행하지 않는 경우 계약해지 이후 사용료 면제를 요구할 수 있습니다.   공정거래위원회에서 고시한 물품대여서비스업 관련 ‘소비자분쟁해결기준’에 따르면 계약해지 후 사업자의 원상회복 불이행 시 계약해지 이후 사용료를 면제하도록 규정하고 있습니다.   따라서, 상호 협의 후 계약을 해지하기로 하였으나 사업자가 원상회복을 이행하지 않는 경우 계약해지 이후 사용료 면제를 요구할 수 있다고 판단됩니다.   다만, 소비자의 사유로 계약해지 시 위약금과 별도로 발생하는 철거 비용 등은 소비자가 부담합니다. "
976, 정수기대여, 계약해지·해제_허위·과장 권유에 의한 이용계약,"온라인 광고를 통해 정수기 렌탈 계약을 체결하고 설치를 받았습니다. 광고에서는 지속적인 케어서비스를 제공한다고 하여 관리를 받는 제품으로 이해하였는데, 실제 설치하고 필터 교체를 요청했더니 이 상품은 구매 렌탈 상품으로 케어서비스 제공이 안되는 상품이라고 합니다. 케어서비스가 불가한 상품이라면 계약하지 않았을텐데 계약을 무효로 할 수 있나요?","케어서비스가 제공된다고 광고하였으나 실제 렌탈 시 케어서비스 제공이 불가하다면 공정거래위원회에서 고시한 물품대여서비스업 관련 ‘소비자분쟁해결기준’에 따라 계약해제를 요구할 수 있습니다.   「표시·광고의 공정화에 관한 법률」 제3조(부당한 표시·광고 행위의 금지)에 따르면 사업자가 소비자를 속이거나 소비자로 하여금 잘못 알게 할 우려가 있는 표시·광고 행위로서 공정한 거래 질서를 해칠 우려가 있는 거짓·과장의 표시·광고를 금지하고 있습니다.   따라서, 케어서비스가 제공된다고 광고하였으나 실제 렌탈시 케어서비스 제공이 불가하다면 공정거래위원회에서 고시한 물품대여서비스업 관련 ‘소비자분쟁해결기준’에 따라 계약해제를 요구할 수 있다고 판단됩니다.   참고로, 「표시·광고의 공정화에 관한 법률」 상 부당한 표시·광고임을 주장하려면 광고 사진 등 객관적인 자료를 확보해두시는 것이 필요합니다."
977, 정수기대여, 계약해지·해제_사업자의 서비스 지연,정수기를 렌탈하여 사용하고 있습니다. 4개월마다 필터 교체 등의 관리를 받기로 하였는데 정수기 업체에서 제때 방문을 하지 않는 등 여러 차례 관리가 되지 않아 계약을 해지하려고 하니 약정기간이 남아 있다며 위약금을 내라고 합니다. 관리를 못받아 계약을 해지하는 경우에도 위약금을 납부하여야 하나요?,"정수기를 렌탈하여 이용하던 중 정기적인 관리가 되지 않는 경우 지연한 기간만큼 렌탈서비스요금의 감액을 요구해볼 수 있고, 재발하는 경우 위약금 없이 계약해지를 요구할 수 있습니다.   공정거래위원회에서 고시한 물품대여서비스업 관련 ‘소비자분쟁해결기준’에 따르면 사업자의 서비스가 지연되는 경우 지연한 기간만큼 렌탈서비스 요금을 감액하되 재발하는 경우(2회부터) 위약금 없이 계약을 해지하도록 규정하고 있습니다.    따라서, 정수기를 렌탈하여 이용하던 중 정기적인 관리가 되지 않는 경우 지연한 기간만큼 렌탈서비스 요금의 감액을 요구할 수 있고, 재발하는 경우 위약금 없이 계약을 해지할 수 있다고 판단됩니다.   다만, 소비자의 고의 또는 중과실로 인해 필터 교체 및 A/S가 지연된 경우는 제외됩니다. "
978, 정수기대여, 계약해지·해제_사업자의 서비스 지연,"렌탈 중인 정수기에 대해 A/S를 요청한 상태인데, 사업자의 노조 파업으로 연락이 닿지 않아 A/S를 받지 못하고 있습니다. 정수기 고장으로 사용하지 못해 불편함을 겪고 있는데, 이러한 경우에도 계약해지를 요구할 수 있나요?","사업자의 귀책 사유로 A/S가 지연되었다면 지연된 기간만큼 렌탈료 감액을 요구할 수 있습니다.   공정거래위원회에서 고시한 물품대여서비스업 관련 ‘소비자분쟁해결기준’에 따르면 사업자의 서비스가 지연되는 경우 지연한 기간만큼 렌탈서비스 요금을 감액하되 재발하는 경우(2회부터) 위약금 없이 계약을 해지하도록 규정하고 있습니다.    따라서, 이 사례에서 사업자의 귀책 사유인 파업으로 인해 A/S가 지연된 기간만큼 렌탈료 감액을 요구할 수 있다고 판단됩니다."
979, 정수기대여, 계약해지·해제_이물질 혼입 및 수질 이상,정수기를 렌탈하여 이용 중 물을 받아 마시다가 입구 부분에서 이물질이 나오는 것을 발견했습니다. 계약해지를 요구하니 사업자는 위약금이 발생한다고 합니다. 그동안 정기적으로 필터 교체를 받았음에도 불구하고 이물질이 발생했는데 위약금을 납부해야 하나요?,"정수기 렌탈 계약 후 지속적인 관리서비스를 받았음에도 불구하고 이물질이 발생한 경우 제품교환 또는 위약금 없이 계약해지를 요구할 수 있습니다.   공정거래위원회에서 고시한 물품대여서비스업 관련 ‘소비자분쟁해결기준’에 따르면 이물질 혼입 및 수질 이상이 있는 경우 제품교환 또는 위약금 없이 계약을 해지하도록 규정하고 있습니다.   따라서, 정수기 렌탈 계약 후 지속적인 관리서비스를 받았음에도 불구하고 이물질이 발생한 경우 제품교환 또는 위약금 없이 계약해지를 요구할 수 있다고 판단됩니다.   다만, 필터 하자로 인한 이물 혼입 및 수질 이상인 경우에는 필터를 교체하며 동일 하자가 재발(2회부터)하는 경우에는 제품교환 또는 계약해지를 요구할 수 있습니다."
980, 정수기대여, 계약해지·해제_계약기간 정기 관리가 안되는 지역으로 이사하는 경우,정수기를 렌탈하여 이용 중 이사를 하게 되었습니다. 이사하는 곳이 정기 점검 서비스 불가 지역이라고 하는데 위약금 없이 해지가 가능한가요?,"계약기간 내 정기 관리가 안되는 다른 지역으로 이사했다면 위약금 없이 해지를 요구할 수 있습니다.   공정거래위원회에서 고시한 물품대여서비스업 관련 ‘소비자분쟁해결기준’에 따르면 정수기 렌탈 후 계약기간 이내에 정기 관리가 되지 않는 지역으로 이사하는 경우 위약금 없이 계약을 해지하도록 규정하고 있습니다.   따라서, 정수기 렌탈 계약 후 계약기간 내 정기 관리가 안되는 다른 지역으로 이사했다면 위약금 없이 해지를 요구할 수 있다고 판단됩니다.   다만, 위약금과 별도로 계약 중도해지 시 발생하는 철거 비용 등은 소비자가 부담하되, 청구 사실과 금액 등이 약관이나 계약서에 명시되고 고지된 경우에 한하며 장기유지조건으로 가입 시 제공받은 면제(할인) 금액이 있을 경우 소비자는 잔존 기간에 해당하는 금액(일할계산)을 사업자에게 반환할 의무가 있습니다."
981, 정수기대여, 계약해지·해제_계약기간 이내에 제품 본래의 기능 상실이 우려되는 지역으로 이사하는 경우,정수기 렌탈 후 이용하던 중 이사를 하게 되었습니다. 이전 설치를 요구하니 이사가는 지역은 지하수를 사용하고 있다며 제가 설치한 모델은 상수도 전용 모델로 수질 저하가 우려된다며 신제품 설치를 권유합니다. 이 경우 위약금 없이 해지가 가능한가요?,"정수기 렌탈계약 후 계약기간 내 다른 지역으로 이사하였으나 전용 모델이 달라 수질 저하가 우려되어 사실상 이전 설치가 불가한 경우 위약금 없이 해지를 요구할 수 있습니다.    공정거래위원회에서 고시한 물품대여서비스업 관련 ‘소비자분쟁해결기준’에 따르면 정수기 렌탈 후 계약기간 이내에 제품 본래의 기능 상실이 우려되는 지역으로 이사하는 경우 위약금 없이 계약을 해지하도록 규정하고 있습니다.   따라서, 정수기 렌탈계약 후 계약기간 내 다른 지역으로 이사하였으나 전용 모델이 달라 수질 저하가 우려되어 사실상 이전 설치가 불가한 경우 위약금 없이 해지를 요구할 수 있다고 판단됩니다.   다만, 위약금과 별도로 계약 중도해지 시 발생하는 철거 비용 등은 소비자가 부담하되, 청구 사실과 금액 등이 약관이나 계약서에 명시되고 고지된 경우에 한하며 장기유지조건으로 가입 시 제공받은 면제(할인) 금액이 있을 경우 소비자는 잔존 기간에 해당하는 금액(일할계산)을 사업자에게 반환할 의무가 있습니다."
982, 정수기대여, 계약해지·해제_계약기간 이내에 해외로 이주하는 경우,정수기를 렌탈하여 이용하던 중 해외로 이주하게 되어 정수기 업체에게 해지를 요구하였으나 위약금을 과도하게 요구합니다. 불가피한 사유로 이전 설치가 불가한 것인데 위약금 전액을 납부해야 하나요?,"계약기간 이내에 해외로 이주하는 경우 해외이주신고확인서 등 관련 자료를 제출하여 위약금 50% 조정을 요구할 수 있습니다.   공정거래위원회에서 고시한 물품대여서비스업 관련 ‘소비자분쟁해결기준’에 따르면 정수기 렌탈 후 계약기간 이내에 해외로 이주하는 경우 관련 자료 제출 및 위약금 50% 감면하도록 규정하고 있습니다.   따라서, 정수기 렌탈 계약기간 이내에 해외로 이주하는 경우 해외이주신고확인서 등 관련 자료를 제출하시어 위약금 50% 조정을 요구할 수 있다고 판단됩니다.   다만, 위약금과 별도로 계약해지 시 발생하는 철거 비용 등은 소비자가 부담하되 청구 사실과 금액 등이 약관이나 계약서에 명시되고 고지된 경우에 한하며 장기유지조건으로 가입 시 제공받은 면제(할인) 금액이 있을 경우 소비자는 잔존 기간에 해당하는 금액(일할계산)을 사업자에게 반환할 의무가 있습니다."
983, 정수기대여, 청약철회_방문판매,방문판매원을 통해 정수기 렌탈계약을 체결했습니다. 계약 직후 변심으로 청약철회를 요구하였으나 사업자가 거부합니다. 청약철회가 가능한가요?,"소비자의 개인 사정으로 인한 청약철회의 경우에 14일 이내라면 위약금 없이 총 계약대금 전액 환급을 요구할 수 있습니다.   방문판매원을 통해 계약을 체결하였다면 「방문판매 등에 관한 법률」(이하, ‘방문판매법’) 제8조(청약철회등)에 따라 정수기를 설치한 날로부터 14일 이내에 서면으로 계약의 해제 또는 청약의 철회를 요구할 수 있습니다.    또한, 「약관의 규제에 관한 법률」 제9조(계약의 해제·해지) 및 ‘방문판매법’ 제31조(계약의 해지), 제32조(계약 해지 또는 해제의 효과와 위약금 등) 제1항에 따르면 소비자의 계약해지권 행사를 제한하는 조항은 무효로 볼 수 있으며 계약 해지 시 해지로 인해 발생하는 손실을 현저하게 초과하는 위약금을 청구해서는 아니된다고 규정하고 있습니다.   따라서, 소비자의 개인 사정으로 인한 청약철회의 경우에도 14일 이내이므로 위약금 없이 총 계약대금 전액 환급을 요구할 수 있다고 판단됩니다.   다만, 청약철회시 발생하는 철거 비용 등은 소비자가 부담합니다.   참고로, 청약철회의 통보는 전화나 우편, 팩스, 이메일 등 모두 가능하지만, 철회 기간 내에 청약 철회한 사실을 사업자가 부인하고 소비자가 입증하지 못하면 청약철회를 인정받을 수 없으므로 가능하면 사후 입증이 가능한 방법(내용증명 우편 등)으로 하는 것이 좋습니다."
984, 정수기대여, 계약불이행_사업자의 귀책 사유로 인한 고장·훼손 발생,"정수기 의무사용기간 3년, 총 5년 계약을 체결하고 사용하던 중 같은 해 정수기 하자로 누수가 발생하여 싱크대와 마룻바닥이 손상되었습니다. 견적서를 받아 보상을 요구하였으나 사업자는 이미 위약금 없이 해지처리 하기로 함에 따라 보상금액이 과도하다고 주장합니다. 전액 보상을 받을 수 있나요?","사업자가 과실을 인정하거나 정수기 누수의 원인이 제품 하자로 인해 발생된 것이라면 사업자에게 무상 수리, 부품교환 및 손해배상을 요구할 수 있습니다.   공정거래위원회에서 고시한 물품대여서비스업 관련 ‘소비자분쟁해결기준’에 따르면 사업자의 귀책 사유로 인한 고장·훼손 발생 시 무상 수리·부품교환 및 손해배상을 하도록 규정하고 있습니다.   따라서, 이 사례에서 사업자가 과실을 인정하거나 정수기 누수의 원인이 제품 하자로 인해 발생된 것이라면 사업자에게 무상 수리, 부품교환 및 손해배상을 요구할 수 있다고 판단됩니다.   다만, 손상 부분에 따라 책임 범위가 다르게 인정될 수 있습니다. "
985, 정수기대여, 계약불이행_사업자의 귀책 사유로 인한 장애 발생_계약해지 시,1년 전 얼음 정수기를 렌탈하였습니다. 사용 도중 얼음이 나오지 않고 기기가 뜨겁게 가열되는 현상으로 위약금 없이 해지를 하게되었는데 렌탈 요금이 청구되었습니다. 수거 후 해지기간 동안 정수기 하자로 인해 사실상 사용을 하지 못하였는데 이용료를 전부 납부해야 하나요?,"사업자의 귀책 사유로 인한 기기 장애로 계약해지 시 사업자에게 금액 조정을 요구할 수 있습니다.   공정거래위원회에서 고시한 물품대여서비스업 관련 ‘소비자분쟁해결기준’에 따르면 사업자의 귀책 사유로 인한 장애 발생에 따라 계약해지 시 등록비 상당의 손해배상금액을 소비자에게 반환, 소비자는 해지 월의 실제 사용일까지의 사용기간에 비례하여 정산한 월 임대료를 사업자에게 지급하도록 규정하고 있습니다.   따라서, 사업자의 귀책 사유로 인한 기기 장애로 계약해지 시 사업자에게 동 기준으로 금액 조정을 요구할 수 있다고 판단됩니다."
986, 정수기대여, 계약불이행_사업자의 귀책 사유로 인한 장애 발생_계약 지속 시,1년 전 얼음 정수기를 렌탈하였습니다. 사용 도중 얼음이 나오지 않고 기기가 뜨겁게 가열되는 현상이 발생해 두차례 수리를 받았습니다. 그러나 동일한 현상이 지속되어 사업자로부터 제품을 교환받았습니다. AS기사가 2차례 방문하는 기간 동안 기기 불량으로 사실상 사용이 불가했는데 청구된 요금을 전부 납부해야 하나요?,"사업자의 귀책 사유로 인한 장애 발생 시 제품 교환을 통해 계약을 지속하기로 하였다면 장애가 발생한 해당 기간의 사용료 면제를 요구하거나 기 납부하신 요금의 반환을 요구할 수 있습니다.   공정거래위원회에서 고시한 물품대여서비스업 관련 ‘소비자분쟁해결기준’에 따르면 사업자의 귀책 사유로 인한 장애 발생 후 계약 지속 시 장애 발생 해당 기간 사용료를 면제(기지급액 반환)하도록 규정하고 있습니다.    따라서, 사업자의 귀책 사유로 인한 장애 발생 시 제품 교환을 통해 계약을 지속하기로 하였다면 장애가 발생한 해당 기간의 사용료 면제를 요구하거나 기 납부하신 요금의 반환을 요구할 수 있다고 판단됩니다."
987, 정수기대여, 계약불이행_계약해지 후 사업자의 원상회복 불이행,약 3년 전 정수기 렌탈계약을 체결하고 의무사용기간 만료 후 해지하기로 하였습니다. 이후 정수기 업체에 기사 방문을 통해 철거를 요청하였는데 방문이 지연되고 있습니다. 이 경우 요금도 납부해야 하나요?,"상호 협의 후 계약을 해지하기로 하였으나 사업자가 원상회복을 이행하지 않는 경우 계약해지 이후 사용료 면제를 요구할 수 있습니다.   공정거래위원회에서 고시한 물품대여서비스업 관련 ‘소비자분쟁해결기준’에 따르면 계약해지 후 사업자의 원상회복 불이행 시 계약해지 이후 사용료를 면제하도록 규정하고 있습니다.   따라서, 상호 협의 후 계약을 해지하기로 하였으나 사업자가 원상회복을 이행하지 않는 경우 계약해지 이후 사용료 면제를 요구할 수 있다고 판단됩니다.   다만, 소비자의 사유로 계약 중도해지 시 위약금과 별도로 발생하는 철거 비용 등은 소비자가 부담할 수 있습니다."
988, 정수기대여, 계약불이행_사업자의 서비스 지연,정수기를 렌탈하여 사용하고 있습니다. 4개월마다 필터 교체 등의 관리를 받기로 하였는데 정수기 업체에서 제때 방문을 하지 않는 등 여러 차례 관리가 되지 않아 계약을 해지하려고 하니 약정기간이 남아 있다며 위약금을 내라고 합니다. 관리를 받지 못해 계약을 해지하는 경우에도 위약금을 지급하여야 하나요?,"정기적인 관리가 되지 않는 경우 지연한 기간만큼 렌탈서비스 요금의 감액을 요구할 수 있고, 재발하는 경우 위약금 없이 계약 해지를 요구할 수 있습니다.   공정거래위원회에서 고시한 물품대여서비스업 관련 ‘소비자분쟁해결기준’에 따르면 사업자의 서비스가 지연되는 경우 지연한 기간만큼 렌탈서비스 요금을 감액하되, 재발하는 경우 (2회부터) 위약금 없이 계약을 해지하도록 규정하고 있습니다.    따라서, 정수기를 렌탈하여 이용하던 중 정기적인 관리가 되지 않는 경우 지연한 기간만큼 렌탈서비스 요금의 감액을 요구해볼 수 있고, 재발하는 경우 위약금 없이 계약을 해지할 수 있다고 판단됩니다.    다만, 고객의 고의 또는 중과실로 인해 필터 교체 및 A/S가 지연된 경우는 제외됩니다. "
989, 정수기대여, 계약불이행_사업자의 서비스 지연,"렌탈 중인 정수기에 대해 A/S를 요청한 상태인데, 사업자의 노조 파업으로 연락이 닿지 않아 A/S를 받지 못하고 있습니다. 정수기 고장으로 사용하지 못해 불편함을 겪고 있는데, 이러한 경우에도 보상을 받을 수 있나요?","사업자의 귀책 사유로 A/S가 지연되었다면 지연된 기간만큼 렌탈로 감액을 요구할 수 있습니다.   공정거래위원회에서 고시한 물품대여서비스업 관련 ‘소비자분쟁해결기준’에 따르면 사업자의 서비스가 지연되는 경우 지연한 기간만큼 렌탈서비스 요금을 감액하되, 재발하는 경우 (2회부터) 위약금 없이 계약을 해지하도록 규정하고 있습니다.    따라서, 이 사건은 사업자의 귀책 사유인 파업으로 인해 A/S가 지연된 기간만큼 렌탈료 감액을 요구할 수 있다고 판단됩니다."
990, 정수기대여, 계약불이행_렌탈서비스가 이루어지지 않고 청구된 요금,"정수기 렌탈 시 1년 2회 정기점검, 3개월마다 필터 교체 서비스를 받기로 약정하고 계약을 체결하였고 요금은 자동이체로 납부하고 있습니다. 약정 내용에 따라 정기 점검 및 필터 교체 서비스를 요청하였으나 담당 기사 배정 지연을 사유로 이루어지지 않고 있습니다. 서비스를 제공받지 못한 정수기는 안전상의 우려로 사용하지 않고 있는데 이런 경우도 요금을 부담해야 하나요? ","약정 내용에 따라 점검 및 서비스를 요청하였으나 이행되지 않는 경우 해당 요금의 환급을 요구할 수 있습니다.   공정거래위원회에서 고시한 물품대여서비스업 관련 ‘소비자분쟁해결기준’에 따르면 정수기 렌탈서비스가 이루어지지 않고 요금이 청구된 경우 환급하도록 규정하고 있습니다.   따라서, 약정 내용에 따라 점검 및 서비스를 요청하였으나 이행되지 않는 경우 해당 요금의 환급을 요구할 수 있다고 판단됩니다."
991, 정수기대여, 계약불이행_계약기간 이내에 정기 관리가 안되는 지역으로 이사하는 경우,정수기를 렌탈하여 이용 중 이사를 하게 되었습니다. 이사하는 곳이 정기 점검 서비스 불가 지역이라고 하는데 이런 경우 어떻게 해야 하나요?,"계약기간 내 정기 관리가 되지 않는 다른 지역으로 이사했다면 위약금 없이 해지를 요구할 수 있습니다.   공정거래위원회에서 고시한 물품대여서비스업 관련 ‘소비자분쟁해결기준’에 따르면 정수기 렌탈 후 계약기간 이내에 정기 관리가 되지 않는 지역으로 이사하는 경우 위약금 없이 계약을 해지하도록 규정하고 있습니다.   따라서, 정수기 렌탈 계약 후 계약기간 내 정기 관리가 되지 않는 다른 지역으로 이사했다면 위약금 없이 해지를 요구할 수 있다고 판단됩니다.   다만, 위약금과 별도로 계약해지 시 발생하는 철거 비용 등은 소비자가 부담하되, 청구 사실과 금액 등이 약관이나 계약서에 명시되고 고지된 경우에 한하며 장기유지조건으로 가입 시 제공받은 면제(할인) 금액이 있을 경우 소비자는 잔존 기간에 해당하는 금액(일할계산)을 사업자에게 반환할 의무가 있습니다."
992, 정수기대여, 계약불이행_계약기간 이내에 제품 본래의 기능 상실이 우려되는 지역으로 이사하는 경우,정수기 렌탈 후 이용하던 중 이사를 하게 되었습니다. 이전 설치를 요구하니 이사가는 지역은 지하수를 사용하고 있다며 제가 설치한 모델은 상수도 전용 모델로 수질 저하가 우려된다며 신제품 설치를 권유합니다. 이런 경우에는 어떻게 하나요?,"계약기간 내 다른 지역으로 이사하였으나 전용 모델이 달라 수질 저하가 우려되어 사실상 이전 설치가 불가한 경우 위약금 없이 해지를 요구할 수 있습니다.   공정거래위원회에서 고시한 물품대여서비스업 관련 ‘소비자분쟁해결기준’에 따르면 정수기 렌탈 후 계약기간 이내에 제품 본래의 기능 상실이 우려되는 지역으로 이사하는 경우 위약금 없이 계약을 해지하도록 규정하고 있습니다.   따라서, 정수기 렌탈 계약 후 계약기간 내 다른 지역으로 이사하였으나 전용 모델이 달라 수질 저하가 우려되어 사실상 이전 설치가 불가한 경우 위약금 없이 해지를 요구할 수 있다고 판단됩니다.   다만, 위약금과 별도로 계약 중도해지 시 발생하는 철거 비용 등은 소비자가 부담하되, 청구 사실과 금액 등이 약관이나 계약서에 명시되고 고지된 경우에 한하며 장기유지조건으로 가입 시 제공받은 면제(할인) 금액이 있을 경우 소비자는 잔존기간에 해당하는 금액(일할계산)을 사업자에게 반환할 의무가 있습니다."
993, 정수기대여, 계약불이행_계약기간 이내에 해외로 이주하는 경우,정수기를 렌탈하여 이용하던 중 해외로 이주하게 되어 정수기 업체에게 해당 사유로 해지를 요구하였으나 위약금을 과도하게 요구합니다. 불가피한 사유로 이전 설치가 불가한 것인데 위약금 전액을 납부해야 하나요?,"계약기간 이내에 해외로 이주하는 경우 해외이주신고확인서 등 관련 자료를 제출하시어 위약금 50% 조정을 요구할 수 있습니다.   공정거래위원회에서 고시한 물품대여서비스업 관련 ‘소비자분쟁해결기준’에 따르면 정수기 렌탈 후 계약기간 이내에 해외로 이주하는 경우 관련 자료 제출 및 위약금 50% 감면하도록 규정하고 있습니다.   따라서, 정수기 렌탈 계약기간 이내에 해외로 이주하는 경우 해외이주신고확인서 등 관련 자료를 제출하시어 위약금 50% 조정을 요구할 수 있다고 판단됩니다.   다만, 위약금과 별도로 계약해지 시 발생하는 철거비용 등은 소비자가 부담하되, 청구사실과 금액 등이 약관이나 계약서에 명시되고 고지된 경우에 한하며 장기유지조건으로 가입 시 제공받은 면제(할인) 금액이 있을 경우 소비자는 잔존기간에 해당하는 금액(일할계산)을 사업자에게 반환할 의무가 있습니다."
994, 정수기대여, 가격·요금_사업자의 귀책 사유로 인한 장애 발생_계약해지 시,1년 전 얼음 정수기를 렌탈하였습니다. 사용 도중 얼음이 나오지 않고 기기가 뜨겁게 가열되는 현상으로 위약금 없이 해지를 하게되었는데 렌탈요금이 청구되었습니다. 수거 후 해지기간 동안 기기 불량으로 사실상 사용을 하지 못하였는데 요금을 전부 납부해야 하나요?,"기기 장애로 계약해지 시 사업자에게 금액 조정을 요구할 수 있습니다.   공정거래위원회에서 고시한 물품대여서비스업 관련 ‘소비자분쟁해결기준’에 따르면 사업자의 귀책 사유로 인한 장애 발생에 따라 계약해지 시 등록비 상당의 손해배상금액을 소비자에게 반환, 소비자는 해지 월의 실제 사용일까지의 사용기간에 비례하여 정산한 월 임대료를 사업자에게 지급하도록 규정하고 있습니다.   따라서, 사업자의 귀책 사유로 인한 기기 장애로 계약해지 시 사업자에게 동 기준으로 금액 조정을 요구할 수 있다고 판단됩니다."
995, 정수기대여, 가격·요금_사업자의 귀책 사유로 인한 장애 발생_계약 지속 시,1년 전 얼음 정수기를 렌탈하였습니다. 사용 도중 얼음이 나오지 않고 기기가 뜨겁게 가열되는 현상이 발생해 두차례 수리를 받았습니다. 그러나 동일한 현상이 지속되어 사업자로부터 제품을 교환받았습니다. AS기사가 2차례 방문하는 기간 동안 기기 불량으로 사실상 사용이 불가했는데 청구된 요금을 전부 납부해야 하나요?,"공정거래위원회에서 고시한 물품대여서비스업 관련 ‘소비자분쟁해결기준’에 따르면 사업자의 귀책 사유로 인한 장애 발생 후 계약지속 시 장애가 발생한 해당 기간의 사용료를 면제(기지급액 반환)하도록 규정하고 있습니다.   따라서, 사업자의 귀책 사유로 인한 장애 발생 시 제품 교환을 통해 계약을 지속하기로 하였다면 장애가 발생한 해당 기간의 사용료 면제를 요구하거나 기 납부하신 요금의 반환을 요구할 수 있다고 판단됩니다."
996, 정수기대여, 가격·요금_소비자의 귀책 사유로 인한 고장·훼손,A사의 정수기를 렌탈하여 사용하고 있습니다. 며칠 전 튀김 요리를 하던 중 기름이 튀어 정수기 배관이 녹아 누수가 발생하였고 현재 사용을 중단하였습니다. 큰 피해는 없지만 렌탈료와 별개로 수리비도 소비자가 부담해야 하나요?,"소비자의 귀책 사유로 배관이 녹아 부품 교체가 필요한 경우 소비자가 비용을 부담하고 사업자에게 수리 및 부품교환을 요청할 수 있습니다.   공정거래위원회에서 고시한 물품대여서비스업 관련 ‘소비자분쟁해결기준’에 따르면 소비자의 귀책 사유로 인한 고장·훼손 시 소비자의 비용으로 사업자에게 수리 및 부품교환 요청하도록 규정하고 있습니다.   따라서, 해당 사례처럼 소비자의 귀책 사유로 배관이 녹아 부품 교체가 필요한 경우 소비자가 비용을 부담하고 사업자에게 수리 및 부품교환을 요청할 수 있다고 판단됩니다."
997, 정수기대여, 가격·요금_소비자의 귀책 사유로 인한 계약해지_의무사용기간을 1년 이하로 정한 경우,"정수기를 6개월 약정, 2년 계약으로 렌탈하였습니다. 사용 도중 개인 사정으로 중도해지를 요구하니 사업자는 중도해지의 경우 설치비와 등록비, 그리고 위약금을 납부해야 한다며 위약금을 과도하게 요구합니다. 위약금 기준이 어떻게 되나요?","정수기 렌탈계약 시 의무사용기간을 1년 이하로 정하고 소비자의 귀책 사유로 인한 계약해지 시 의무사용기간의 잔여 월 임대료의 30%에 해당하는 금액과 임대차 기간 임대료 총합의 10%에 해당하는 금액 중 적은 금액으로 조정을 요구할 수 있습니다.   공정거래위원회에서 고시한 물품대여서비스업 관련 ‘소비자분쟁해결기준’에 따르면 소비자의 귀책 사유로 인한 계약해지 시 의무사용기간을 1년 이하로 정한 경우 의무사용기간의 잔여 월 임대료의 30%에 해당하는 금액과 임대차기간 임대료 총합의 10%에 해당하는 금액 중 적은 금액을 배상하도록 규정하고 있습니다.   따라서, 이 사례에서 정수기 렌탈계약 시 의무사용기간을 1년 이하로 정하고 소비자의 귀책 사유로 인한 계약해지 시 의무사용기간의 잔여 월 임대료의 30%에 해당하는 금액과 임대차 기간 임대료 총합의 10%에 해당하는 금액 중 적은 금액으로 조정을 요구할 수 있다고 판단됩니다.   다만, 위약금과 별도로 계약해지 시 발생하는 철거 비용 등은 소비자가 부담하되, 청구 사실과 금액 등이 약관이나 계약서에 명시되고 고지된 경우에 한합니다."
998, 정수기대여, 가격·요금_소비자의 귀책 사유로 인한 계약해지_의무사용기간을 1년 초과로 정한 경우,"정수기를 3년 약정, 5년 계약으로 렌탈하였습니다. 사용 도중 개인 사정으로 중도해지를 요구하니 사업자는 중도해지의 경우 설치비와 등록비, 그리고 위약금을 납부해야 한다며 위약금을 과도하게 요구합니다. 위약금 기준이 어떻게 되나요?","정수기 렌탈계약 시 의무사용기간을 1년 초과로 정하고 소비자의 귀책 사유로 인한 계약해지 시 의무사용기간의 잔여 월 임대료의 10%에 해당하는 금액으로 조정을 요구할 수 있습니다.   공정거래위원회에서 고시한 물품대여서비스업 관련 ‘소비자분쟁해결기준’에 따르면 소비자의 귀책 사유로 인한 계약해지 시 의무사용기간을 1년 초과로 정한 경우 의무사용기간의 잔여 월 임대료의 10%에 해당하는 금액을 배상하도록 규정하고 있습니다.   따라서, 이 사례에서 정수기 렌탈 계약 시 의무사용기간을 1년 초과로 정하고 소비자의 귀책 사유로 인한 계약해지 시 의무사용기간의 잔여 월 임대료의 10%에 해당하는 금액으로 조정을 요구할 수 있다고 판단됩니다.   다만, 위약금과 별도로 계약해지 시 발생하는 철거 비용 등은 소비자가 부담하되, 청구 사실과 금액 등이 약관이나 계약서에 명시되고 고지된 경우에 한하며 장기유지조건으로 가입 시 제공받은 면제(할인) 금액이 있을 경우 소비자는 잔존기간에 해당하는 금액(일할계산)을 사업자에게 반환할 의무가 있습니다."
999, 정수기대여, 가격·요금_소비자의 귀책 사유로 인한 계약해지_의무사용기간은 없고 임대차 기간을 1년 이하로 정한 경우,"정수기를 의무사용기간 없이 6개월 단기 렌탈하였습니다. 사용 도중 개인 사정으로 중도해지를 요구하니 사업자는 중도해지의 경우 설치비와 등록비, 그리고 위약금을 납부해야 한다며 위약금을 과도하게 요구합니다. 위약금 기준이 어떻게 되나요?","정수기 렌탈계약 시 의무사용기간은 없이 임대차 기간을 1년 이하로 정하고 소비자의 귀책 사유로 계약해지 시 임대차 기간 잔여 월 임대료 30%에 해당하는 금액과 임대료 종합의 10%에 해당하는 금액 중 적은 금액으로 조정을 요구할 수 있습니다.   공정거래위원회에서 고시한 물품대여서비스업 관련 ‘소비자분쟁해결기준’에 따르면 소비자의 귀책 사유로 인한 계약해지 시 의무사용기간은 없고 임대차 기간을 1년 이하로 정한 경우 임대차 기간 잔여 월 임대료 30%에 해당하는 금액과 임대료 종합의 10%에 해당하는 금액 중 적은 금액을 배상하도록 규정하고 있습니다.   따라서, 이 사례에서 정수기 렌탈계약 시 의무사용기간은 없이 임대차 기간을 1년 이하로 정하고 소비자의 귀책 사유로 계약해지 시 임대차 기간 잔여 월 임대료 30%에 해당하는 금액과 임대료 종합의 10%에 해당하는 금액 중 적은 금액으로 조정을 요구할 수 있다고 판단됩니다.   다만, 위약금과 별도로 계약해지 시 발생하는 철거 비용 등은 소비자가 부담하되, 청구 사실과 금액 등이 약관이나 계약서에 명시되고 고지된 경우에 한합니다."
1000, 정수기대여, 가격·요금_소비자의 귀책 사유로 인한 계약해지_의무사용기간은 없고 임대차 기간을 1년 초과로 정한 경우,"정수기를 의무사용기간 없이 계약기간을 2년으로 정하고 렌탈 계약을 체결하였습니다. 사용 도중 개인 사정으로 중도해지를 요구하니 사업자는 중도해지의 경우 설치비와 등록비, 그리고 위약금을 납부해야 한다며 위약금을 과도하게 요구합니다. 위약금 기준이 어떻게 되나요?","정수기 렌탈계약 시 의무사용기간은 없이 임대차 기간을 1년 초과로 정하고 소비자의 귀책 사유로 계약해지 시 임대차 기간 잔여 월 임대료 10%에 해당하는 금액으로 조정을 요구할 수 있습니다.   공정거래위원회에서 고시한 물품대여서비스업 관련 ‘소비자분쟁해결기준’에 따르면 소비자의 귀책 사유로 인한 계약해지 시 의무사용기간은 없고 임대차 기간을 1년 초과로 정한 경우 임대차 기간 잔여 월 임대료 10%에 해당하는 금액을 배상하도록 규정하고 있습니다.    따라서, 이 사례에서 정수기 렌탈계약 시 의무사용기간은 없이 임대차 기간을 1년 초과로 정하고 소비자의 귀책 사유로 계약해지 시 임대차 기간 잔여 월 임대료 10%에 해당하는 금액으로 조정을 요구할 수 있다고 판단됩니다.   다만, 위약금과 별도로 계약해지 시 발생하는 철거 비용 등은 소비자가 부담하되, 청구 사실과 금액 등이 약관이나 계약서에 명시되고 고지된 경우에 한하며 장기유지조건으로 가입 시 제공받은 면제(할인) 금액이 있을 경우 소비자는 잔존기간에 해당하는 금액(일할계산)을 사업자에게 반환할 의무가 있습니다."
1001, 정수기대여, 가격·요금_계약불이행 계약해지 후 사업자의 원상회복 불이행,약 3년 전 정수기 렌탈계약을 체결하고 의무사용기간 만료 후 해지하기로 하였습니다. 이후 정수기 업체에 기사 방문을 통해 철거를 요청하였는데 방문이 지연되고 있습니다. 이 경우 요금도 납부해야 하나요?,"상호 협의 후 계약을 해지하기로 하였으나 사업자가 원상회복을 이행하지 않는 경우 계약해지 이후 사용료 면제를 요구할 수 있습니다.   공정거래위원회에서 고시한 물품대여서비스업 관련 ‘소비자분쟁해결기준’에 따르면 계약해지 후 사업자의 원상회복 불이행 시 계약해지 이후 사용료를 면제하도록 규정하고 있습니다.   따라서, 상호 협의 후 계약을 해지하기로 하였으나 사업자가 원상회복을 이행하지 않는 경우 계약해지 이후 사용료 면제를 요구할 수 있다고 판단됩니다.   다만, 소비자의 사유로 계약해지 시 위약금과 별도로 발생하는 철거비용 등은 소비자가 부담할 수 있습니다."
1002, 정수기대여, 가격·요금_렌탈서비스가 이루어지지 않고 청구된 요금,"정수기 렌탈 시 1년 2회 정기 점검, 3개월마다 필터 교체 서비스를 받기로 약정하고 계약을 체결하고 요금은 자동이체로 납부하고 있습니다. 약정 내용에 따라 정기 점검 및 필터 교체 서비스를 요청하였으나 담당 기사 배정 지연을 사유로 이루어지지 않고 있습니다. 서비스를 제공 받지 않은 정수기는 안전상의 우려로 사용을 하지 않고 있는데 이런 경우도 요금을 부담해야 하나요? ","해당 요금의 환급을 요구할 수 있습니다.   공정거래위원회에서 고시한 물품대여서비스업 관련 ‘소비자분쟁해결기준’에 따르면 정수기 렌탈 서비스가 이루어지지 않고 요금이 청구된 경우 환급하도록 규정하고 있습니다.   따라서, 약정 내용에 따라 점검 및 서비스를 요청하였으나 이행되지 않는 경우 해당 요금의 환급을 요구할 수 있다고 판단됩니다. "
1003, 정수기대여, 가격·요금_렌탈서비스비 체납,몇 년 전 정수기 렌탈 계약을 체결하고 이용하던 중 경제적인 사유로 계약해지를 하려고 합니다. 해지 전 미납된 요금의 조정이 가능한가요? ,"소비자의 사유로 렌탈서비스 요금이 체납되었다면 체납금액을 지급해야 합니다.   공정거래위원회에서 고시한 물품대여서비스업 관련 ‘소비자분쟁해결기준’에 따르면 정수기 렌탈 서비스 요금 체납 시 체납금액을 지급하도록 규정하고 있습니다.   따라서, 소비자의 사유로 렌탈서비스 요금이 체납되었다면 체납금액을 지급해야 한다고 판단됩니다.   다만, 렌탈서비스는 임대료(렌탈비)와 유지관리비(서비스비)로 구성되어 있어 체납기간 중 유지관리서비스가 제공되지 않은 경우, 체납임대료와 체납임대료에 대해 민법상 법정이율(5%)에 따라 산정한 지연배상금만 지급하도록 요구할 수 있습니다.   참고로, 체납 분쟁해결 시 임대료는 렌탈서비스 요금의 10분의 70을 한도로 합니다."
1004, 정수기대여, 가격·요금_사업자의 서비스 지연_렌탈료 감액,"렌탈 중인 정수기에 대해 A/S를 요청한 상태인데, 사업자의 노조 파업으로 연락이 닿지 않아 A/S를 받지 못하고 있습니다. 정수기 고장으로 사용하지 못해 불편함을 겪고 있는데, 이러한 경우에도 요금을 납부해야 하나요?","사업자의 귀책 사유로 A/S가 지연되었다면 지연된 기간만큼 렌탈료 감액을 요구할 수 있습니다.   공정거래위원회에서 고시한 물품대여서비스업 관련 ‘소비자분쟁해결기준’에 따르면 사업자의 서비스가 지연되는 경우 지연한 기간만큼 렌탈서비스 요금을 감액하되, 재발하는 경우(2회부터) 위약금 없이 계약을 해지하도록 규정하고 있습니다.   따라서, 이 사례에서는 사업자의 귀책 사유인 파업으로 인해 A/S가 지연된 기간만큼 렌탈료 감액을 요구할 수 있다고 판단됩니다."
1005, 정수기대여, 품질_사업자의 귀책 사유로 인한 고장·훼손 발생,"정수기 의무사용기간 3년, 총 5년 계약을 체결하고 사용하던 중 같은 해 정수기 하자로 누수가 발생하여 싱크대와 마룻바닥이 손상되었습니다. 견적서를 받아 보상을 요구하였으나 사업자는 이미 위약금 없이 해지처리 하기로 함에 따라 보상금액이 과도하다고 주장합니다. 전액 보상을 받을 수 있나요?","사업자가 과실을 인정하거나 정수기 누수의 원인이 제품 하자로 인해 발생된 것이라면 사업자에게 무상 수리, 부품교환 및 손해배상을 요구할 수 있습니다.   공정거래위원회에서 고시한 물품대여서비스업 관련 ‘소비자분쟁해결기준’에 따르면 사업자의 귀책 사유로 인한 고장·훼손 발생 시 무상 수리 · 부품교환 및 손해배상을 하도록 규정하고 있습니다.    따라서, 해당 사례처럼 사업자가 과실을 인정하거나 정수기 누수의 원인이 제품 하자로 인해 발생된 것이라면 사업자에게 무상 수리, 부품교환 및 손해배상을 요구할 수 있다고 판단됩니다.   다만, 손상 부분에 따라 책임 범위가 다르게 인정될 수 있습니다. "
1006, 정수기대여, 품질_사업자의 귀책 사유로 인한 장애 발생_계약해지 시,1년 전 얼음 정수기를 렌탈하였습니다. 사용 도중 얼음이 나오지 않고 기기가 뜨겁게 가열되는 현상으로 위약금 없이 해지를 하게되었는데 렌탈요금이 청구되었습니다. 수거 후 해지기간 동안 정수기 하자로 인해 사실상 사용을 하지 못하였는데 요금을 전부 납부해야 하나요?,"기기 장애로 계약해지 시 사업자에게 금액 조정을 요구할 수 있습니다.   공정거래위원회에서 고시한 물품대여서비스업 관련 ‘소비자분쟁해결기준’에 따르면 사업자의 귀책 사유로 인한 장애 발생에 따라 계약해지 시 등록비 상당의 손해배상금액을 소비자에게 반환, 소비자는 해지 월의 실제 사용일까지의 사용기간에 비례하여 정산한 월 임대료를 사업자에게 지급하도록 규정하고 있습니다.   따라서, 사업자의 귀책 사유로 인한 기기 장애로 계약해지 시 사업자에게 동 기준으로 금액 조정을 요구할 수 있다고 판단됩니다."
1007, 정수기대여, 품질_사업자의 귀책 사유로 인한 장애 발생_계약 지속 시,1년 전 얼음 정수기를 렌탈하였습니다. 사용 도중 얼음이 나오지 않고 기기가 뜨겁게 가열되는 현상이 발생해 두차례 수리를 받았습니다. 그러나 동일한 현상이 지속되어 사업자로부터 제품을 교환받았습니다. AS기사가 2차례 방문하는 기간 동안 기기 불량으로 사실상 사용이 불가했는데 청구된 요금을 전부 납부해야 하나요?,"사업자의 귀책 사유로 인한 장애 발생 시 제품 교환을 통해 계약을 지속하기로 하였다면 장애가 발생한 해당 기간의 사용료 면제를 요구하거나 기 납부하신 요금의 반환을 요구할 수 있습니다.   공정거래위원회에서 고시한 물품대여서비스업 관련 ‘소비자분쟁해결기준’에 따르면 사업자의 귀책 사유로 인한 장애 발생 후 계약지속 시 장애가 발생한 해당 기간의 사용료를 면제(기지급액 반환)하도록 규정하고 있습니다.   따라서, 사업자의 귀책 사유로 인한 장애 발생 시 제품 교환을 통해 계약을 지속하기로 하였다면 장애가 발생한 해당 기간의 사용료 면제를 요구하거나 기 납부하신 요금의 반환을 요구할 수 있다고 판단됩니다."
1008, 정수기대여, 품질_이물질 혼입 및 수질 이상,정수기를 렌탈하여 이용 중 물을 받아 마시다가 입구 부분에서 이물질이 나오는 것을 발견했습니다. 계약해지를 요구하니 사업자는 위약금이 발생한다고 합니다. 그동안 정기적으로 필터 교체를 받았음에도 불구하고 이물질이 발생했는데 위약금을 납부해야 하나요?,"지속적인 관리서비스를 받았음에도 불구하고 이물질이 발생한 경우 제품 교환 또는 위약금 없이 계약해지를 요구할 수 있습니다.   공정거래위원회에서 고시한 물품대여서비스업 관련 ‘소비자분쟁해결기준’에 따르면 이물질 혼입 및 수질 이상이 있는 경우 제품 교환 또는 위약금 없이 계약을 해지하도록 규정하고 있습니다.   따라서, 정수기 렌탈 계약 후 지속적인 관리서비스를 받았음에도 불구하고 이물질이 발생한 경우 제품 교환 또는 위약금 없이 계약해지를 요구할 수 있다고 판단됩니다.   다만, 필터 하자로 인한 이물 혼입 및 수질이상인 경우에는 필터를 교체하며 동일 하자가 재발(2회부터)하는 경우에는 제품 교환 또는 계약해지를 요구할 수 있습니다."
1009, 정수기대여, 품질_부작용 또는 인체에 이상이 생겼을 경우,정수기를 렌탈하여 이용 중 물을 받아 마시다가 입구 부분에서 이물질이 나오는 것을 발견했습니다. 그 후 복통이 발생하여 병원에 내원하니 장염을 진단 받았습니다. 정수기 업체는 계약을 위약금 없이 해지해주겠다고 하였으나 치료비 보상을 거부합니다. 치료비 보상을 받을 수 있나요?,"정수기의 물을 먹고 장염 등의 신체상 손해가 발생한 경우 치료비 및 일실소득의 배상을 요구할 수 있습니다.   공정거래위원회에서 고시한 물품대여서비스업 관련 ‘소비자분쟁해결기준’에 따르면 부작용 또는 인체에 이상이 생겼을 경우 치료비 및 일실소득을 배상하도록 규정하고 있습니다.   따라서, 정수기의 물을 먹고 장염 등의 신체상 손해가 발생한 경우 치료비 및 일실소득의 배상을 요구할 수 있다고 판단됩니다.   일실소득이란, 피해로 인하여 소득 상실이 발생된 것이 입증된 때에 한하며 금액을 입증할 수 없는 경우 시중 노임단가를 기준으로 합니다.   다만, 사업자가 인정하지 않을 시 전문의의 소견서 등을 통해 신체상 손해가 정수기로 인해 발생한 것을 입증하기 어려운 경우 배상이 인정되기 어렵습니다."
1010, 정수기대여, 표시·광고_허위·과장 권유에 의한 이용계약,"온라인 광고를 통해 정수기 렌탈 계약을 체결하고 설치를 받았습니다. 광고에서는 지속적인 케어서비스를 제공한다고 하여 관리를 받는 제품으로 이해하였는데, 실제 설치하고 필터 교체를 요청했더니 이 상품은 구매 렌탈 상품으로 케어서비스 제공이 안되는 상품이라고 합니다. 케어서비스가 불가한 상품이라면 계약하지 않았을텐데 계약을 무효할 수 있나요?","케어서비스 제공이 불가하다면 사업자에게 계약해제를 요구할 수 있습니다.   「표시·광고의 공정화에 관한 법률」 제3조(부당한 표시·광고 행위의 금지)에 따르면 사업자가 소비자를 속이거나 소비자로 하여금 잘못 알게 할 우려가 있는 표시·광고 행위로서 공정한 거래질서를 해칠 우려가 있는 거짓·과장의 표시·광고를 금지하고 있습니다.   또한, 공정거래위원회에서 고시한 물품대여서비스업 ‘소비자분쟁해결기준’에 따르면 허위·과장 권유에 의한 이용계약 시 계약을 해제하도록 규정하고 있습니다.   따라서, 케어서비스가 제공된다고 광고하였으나 실제 렌탈 시 케어서비스 제공이 불가하다면 공정거래위원회에서 고시한 물품대여서비스업 ‘소비자분쟁해결기준’에 따라 계약해제를 요구할 수 있다고 판단됩니다.   참고로, 「표시·광고의 공정화에 관한 법률」 상 부당한 표시·광고임을 주장하려면 광고 사진 등 객관적인 자료를 확보해두시는 것이 필요합니다."
1011, 정수기대여, 안전(제품/시설)_이물질 혼입 및 수질 이상,정수기를 렌탈하여 이용 중 물을 받아 마시다가 입구 부분에서 이물질이 나오는 것을 발견했습니다. 계약해지를 요구하니 사업자는 위약금이 발생한다고 합니다. 그동안 정기적으로 필터 교체를 받았음에도 불구하고 이물질이 발생했는데 위약금을 납부해야 하나요?,"제품 교환 또는 위약금 없이 계약해지를 요구할 수 있습니다.   공정거래위원회에서 고시한 물품대여서비스업 관련 ‘소비자분쟁해결기준’에 따르면 이물질 혼입 및 수질 이상이 있는 경우 제품 교환 또는 위약금 없이 계약을 해지하도록 규정하고 있습니다.   따라서, 정수기 렌탈 계약 후 지속적인 관리서비스를 받았음에도 불구하고 이물질이 발생한 경우 제품 교환 또는 위약금 없이 계약해지를 요구할 수 있다고 판단됩니다.   다만, 필터 하자로 인한 이물 혼입 및 수질 이상인 경우에는 필터를 교체하며 동일 하자가 재발(2회부터)하는 경우에는 제품 교환 또는 계약해지를 요구할 수 있습니다."
1012, 정수기대여, 안전(제품/시설)_부작용 또는 인체에 이상이 생겼을 경우,정수기를 렌탈하여 이용 중 물을 받아 마시다가 입구 부분에서 이물질이 나오는 것을 발견했습니다. 그 후 복통이 발생하여 병원에 내원하니 장염을 진단 받았습니다. 정수기 업체는 계약을 위약금 없이 해지해주겠다고 하였으나 치료비 보상을 거부합니다. 치료비 보상을 받을 수 있나요?,"치료비 및 일실소득의 배상을 요구할 수 있습니다.   공정거래위원회에서 고시한 물품대여서비스업 관련 ‘소비자분쟁해결기준’에 따르면 부작용 또는 인체에 이상이 생겼을 경우 치료비 및 일실소득을 배상하도록 규정하고 있습니다.   따라서, 정수기의 물을 먹고 장염 등의 신체상 손해가 발생한 경우 치료비 및 일실소득의 배상을 요구할 수 있다고 판단됩니다.   일실소득이란, 피해로 인하여 소득 상실이 발생된 것이 입증된 때에 한하며 금액을 입증할 수 없는 경우 시중 노임단가를 기준으로 합니다.   다만, 사업자가 인정하지 않을 시 전문의의 소견서 등을 통해 신체상 손해가 정수기로 인해 발생한 것을 입증하기 어려운 경우 배상이 인정되기 어렵습니다."
1013, 중형승용자동차, 품질(물품/용역)_보증기간 이내_구입 후 1개월 이내_중대 결함,아반떼 신차 구입 후 2주 만에 주행 중 시동 꺼짐으로 엔진을 교환 받았으나 3일 만에 또다시 동일 하자가 발생되었습니다. 차량 교환이 가능한가요?,"차량 구입 후 2주 만에 주행 중 시동 꺼짐으로 엔진 교환을 받으신 상태에서 일주일 만에 동일 현상이 발생된 경우라면 차량 교환을 요구할 수 있습니다.   공정거래위원회가 고시한 자동차 관련 ‘소비자분쟁해결기준’에 따르면 차량 인도일로부터 1개월 이내에 주행 및 안전도 등과 관련한 중대한 결함이 2회 이상 발생하였을 경우 차량 교환 또는 필수제비용을 포함한 구입가 환급으로 규정하고 있습니다.   따라서, 차량 구입 후 2주 만에 주행 중 시동 꺼짐으로 엔진 교환을 받으신 상태에서 일주일 만에 동일 현상이 발생된 경우라면 차량 교환을 요구할 수 있다고 판단됩니다.   다만, 중대 결함이란 원동기(엔진) 및 동력전달장치, 제동장치, 조향장치, 기타 이에 준하는 주행 및 안전도와 관련된 결함을 말하며, 하자의 정도, 하자의 치유 가능성, 하자 수선의 용이성 등 여러 사정에 비추어 차량 교환 또는 구입가 환급이 제한될 수도 있습니다. "
1014, 중형승용자동차, 품질(물품/용역)_보증기간 이내_인도일로부터 12개월 이내_하자,"쏘나타 신차 구입 후 2개월 만에 공조 장치(에어컨, 히터) 불량으로 3회 이상 부품 교환받았으나 하자가 개선되지 않아 해당 차량에 대한 구입가 환급을 요구하였으나 이를 거부합니다. 차량 교환이나 환급이 가능한가요?","공조장치(에어컨,히터) 불량으로 3회 이상 부품교환 등의 수리를 받았으나 하자 개선되지 않은 경우라면 차량 교환 또는 필수제비용을 포함한 구입가 환급을 요구할 수 있습니다.   공정거래위원회가 고시한 자동차 관련 ‘소비자분쟁해결기준’에 따르면 차량 인도일로부터 12개월 이내 동일 하자에 대해 3회까지 수리하였으나 재발하였을 경우 차량 교환 또는 필수제비용을 포함한 구입가 환급으로 규정하고 있습니다.   따라서, 공조장치(에어컨,히터) 불량으로 3회 이상 부품교환 등의 수리를 받았으나 하자가 개선되지 않은 경우라면 차량 교환 또는 필수제비용을 포함한 구입가환급을 요구할 수 있다고 판단됩니다.   다만, 하자란 기계적 기능적 결함으로 인한 차량의 사용, 가치, 안전을 실질적으로 손상시키는 하자로서 외관 및 내장재 마감 등의 단순 하자가 아닌 수리가 필요한 하자를 말하며, 하자의 정도, 하자의 치유 가능성, 하자 수선의 용이성 등 여러 사정에 비추어 차량 교환 또는 구입가 환급이 제한될 수도 있습니다. "
1015, 중형승용자동차, 품질(물품/용역)_보증기간 이내_인도일로부터 12개월 이내_결함,10개월 전 아반떼 신차를 구입하여 주행 중 경고등이 점등되며 시동이 꺼지는 현상으로 2회 이상 부품교환 등의 수리를 받았으나 또다시 동일 하자가 발생되어 현재 입고된 상태입니다. 차량 교환이 가능한가요?,"주행 중 경고등 점등되며 시동이 꺼지는 현상으로 2회 이상 부품교환 등의 수리를 받았으나 하자가 개선되지 않고 동일 하자가 발생된 경우라면 차량 교환을 요구할 수 있습니다.   공정거래위원회가 고시한 자동차 관련 ‘소비자분쟁해결기준’에 따르면 차량 인도일로부터 12개월 이내 주행 및 안전도 등과 관련한 중대한 결함이 발생하여 동일 하자에 대해 2회까지 수리하였으나 재발하였을 경우 차량 교환 또는 필수제비용을 포함한 구입가 환급으로 규정하고 있습니다.   따라서, 주행 중 경고등 점등되며 시동이 꺼지는 현상으로 2회 이상 부품교환 등의 수리를 받았으나 하자 개선되지 않고 동일 하자가 발생된 경우라면 차량 교환을 요구할 수 있다고 판단됩니다.   다만, 중대 결함이란 원동기(엔진) 및 동력전달장치, 제동장치, 조향장치, 기타 이에 준하는 주행 및 안전도와 관련된 결함을 말하며, 하자의 정도, 하자의 치유 가능성, 하자 수선의 용이성 등 여러 사정에 비추어 차량 교환 또는 구입가 환급이 제한될 수도 있습니다."
1016, 중형승용자동차, 품질(물품/용역)_보증기간 이내_인도일로부터 12개월 이내_결함,"신차 구입 후 두 차례　비정상적인 엔진오일 감소 증상으로 엔진 결함이 의심되어 약 6개월 사이에 2회 수리(두 번째 수리 시에는 엔진 교체)를 받았는데, 약 1개월 후 주행 중 엔진 과열로 경고등이 점등되고 실제 타는 냄새까지 확인한 상태로 차량 교환이 가능한가요?","엔진 등 중대 결함으로 2회 이상 부품교환 등의 수리를 받았으나 하자가 재발하였을 경우 차량 교환 또는 필수제비용을 포함한 구입가 환급을 요구할 수 있습니다.   공정거래위원회가 고시한 자동차 관련 ‘소비자분쟁해결기준’에 따르면 차량 인도일로부터 12개월 이내 주행 및 안전도 등과 관련한 중대한 결함이 발생하여 동일 하자에 대해 2회까지 수리하였으나 재발하였을 경우 차량 교환 또는 필수제비용을 포함한 구입가 환급으로 규정하고 있습니다.   따라서, 엔진 등 중대 결함으로 2회 이상 부품교환 등의 수리를 받았으나 하자가 재발하였을 경우 차량 교환 또는 필수제비용을 포함한 구입가 환급을 요구할 수 있다고 판단됩니다.   다만, 중대 결함이란 원동기(엔진) 및 동력전달장치, 제동장치, 조향장치, 기타 이에 준하는 주행 및 안전도와 관련된 결함을 말하며, 하자의 정도, 하자의 치유 가능성, 하자 수선의 용이성 등 여러 사정에 비추어 차량 교환 또는 구입가 환급이 제한될 수도 있습니다."
1017, 중형승용자동차, 품질(물품/용역)_구입가 환급 시 등록비용 환급 요구 ,차량을 구입하여 운행 중 엔진과 관련된 여러 가지 하자로 수리를 받았으나 하자 개선되지 않아 결국 구입 9개월째 제조사에서 차량대금을 환급해주기로 하였습니다. 그런데 구입가 외 차량을 등록할 때 발생된 제반 비용에 대해서도 환급받고 싶은데 가능한가요? ,"신차 구입 후 9개월 만에 변속 불량 등 중대 결함으로 구입가 환급이 결정된 경우라면 필수비용(등록세, 취득세, 교육세, 번호판대 등)은 사업자 측에 요구할 수 있습니다.   공정거래위원회가 고시한 자동차 관련 ‘소비자분쟁해결기준’에 따르면 신차 구입 후 1년 이내에 중대 결함으로 구입가 환급 결정이 내려진 경우 임의비용(종합보험료, 할부 부대비용, 공증료 등)을 제외한 제비용(필수비용：등록세, 취득세, 교육세, 번호판대 등)은 사업자가 부담한다고 규정하고 있습니다.   따라서, 신차 구입 후 9개월 만에 변속 불량 등 중대 결함으로 구입가 환급이 결정된 경우라면 필수비용(등록세, 취득세, 교육세, 번호판대 등)은 사업자 측에 요구할 수 있다고 판단됩니다.    다만, 할부 부대비용, 공증료 등을 포함 차량 임의 장착비용은 제외됩니다."
1018, 중형승용자동차, AS불만_보증기간 이내_하자_수리,15개월 전 K5차량을 구입하여 운행 중 시동이 잘 걸리지 않는 현상이 발생되어 엔진 교환을 받고자 하는데 보상기준이 어떻게 되나요?,"구입 후 15개월 만에 정상적인 사용상태에서 재질이나 제조상의 결함으로 하자 발생된 경우라면 상기 기준을 근거하여 부품교환(부품교환 후 결함 잔존 시 관련 기능장치 교환)을 요구할 수 있습니다.   공정거래위원회가 고시한 자동차 관련 ‘소비자분쟁해결기준’에 따르면 품질보증기간 이내 재질이나 제조상의 결함으로 고장 발생 시 일차적으로 부품교환을 원칙으로 하되 결함 잔존 시 관련 기능장치 교환(원동기, 동력전달장치 등)으로 규정하고 있습니다.   따라서, 구입 후 15개월 만에 정상적인 사용상태에서 재질이나 제조상의 결함으로 하자가 발생된 경우라면 상기 기준을 근거하여 부품교환(부품교환 후 결함 잔존 시 관련 기능장치 교환)을 요구할 수 있다고 판단됩니다."
1019, 중형승용자동차, AS불만_보증기간 이내_12개월 이내_수리 지연,11개월 전 K5 차량을 신차로 구입하여 전기장치 불량으로 4회 이상 입고하여 차량 점검 및 정비를 받았으며 약 3개월 전 마지막 입고 후 현재까지 차량을 인도받지 못하고 있습니다. 이런 경우 차량 교환을 받을 수 있나요?,"차량 인도일로부터 11개월 만에 차량 하자로 인한 수리 기간이(실제 작업에 소요된 작업일수 기준) 누계 30일을 초과한 경우라면 차량 교환을 요구할 수 있습니다.   공정거래위원회가 고시한 자동차 관련 ‘소비자분쟁해결기준’에 따르면 차량 인도일로부터 12개월 이내 하자에 대한 수리 기간이 누계 30일(작업일수 기준)을 초과할 경우 차량 교환 또는 필수제비용을 포함한 구입가 환급으로 규정하고 있습니다.   따라서, 차량 인도일로부터 11개월 만에 차량 하자로 인한 수리 기간이(실제 작업에 소요된 작업일수 기준) 누계 30일을 초과한 경우라면 차량 교환을 요구할 수 있다고 판단됩니다.   참고로 수리 소요 기간 계산은 아래와 같습니다.     ①수리 기간은 실제 작업에 소요된 작업일수를 기준으로 함.   ②소비자가 서면으로 제조자, 판매자 또는 그 대리인에게 하자 수리 신청을 한 경우에만 누계 일수에 포함(제조자, 판매자 및 그 대리인은 수리신청서를 비치·교부하여야 함)   ③당일로 수리가 될 때는 수리 소요 기간을 1일로 계산하고 1일 이상 수리 기간이 소요될 때는 초일을 산입하여 수리 소요 기간을 계산      다만, 공휴일 및 파업, 천재지변 등에 의해 수리가 불가능한 경우는 누계 일수에서 제외됩니다."
1020, 중형승용자동차, AS불만_부품 미보유_보증기간 이내_12개월 이내_하자 또는 결함,SM5 차량을 출고 후 10개월 만에 하자가 발생되어 제조사에 수리를 요구한 바 부품이 없다(단종 등)는 이유로 수리가 불가능하다고 합니다. 이런 경우 차량 교환이 가능한가요?,"신차 구입 후 10개월 만에 하자가 발생된 상태에서 부품이 없어(단종 등) 수리 불가능한 경우라면 차량 교환을 요구할 수 있습니다.   공정거래위원회가 고시한 자동차 관련 ‘소비자분쟁해결기준’에 따르면 차량 인도일로부터 12개월 이내 정상적인 사용상태에서 하자가 발생된 차량에 대해 제조사가 수리용 부품을 보유하지 않아(부품 보유기간 이내) 수리가 불가능한 경우 필수제비용을 포함한 구입가 환급 또는 차량 교환으로 규정하고 있습니다.   따라서, 신차 구입 후 10개월 만에 하자가 발생된 상태에서 부품이 없어(단종 등) 수리 불가능한 경우라면 차량 교환을 요구할 수 있다고 판단됩니다.   단, 성능 및 품질상 하자가 없는 범위 내에서 유사 부품 사용이 가능합니다."
1021, 중형승용자동차, AS불만_부품 미보유_보증기간 이내_12개월 초과_하자 또는 결함,차량을 1년 7개월 전 구입하여 주행 중 시동 꺼짐 현상으로 2회 정도 수리를 받았으며 현재 3회째 동일 하자가 발생되어 입고된 상태입니다. 업체 측에서는 부품이 없어 수리가 불가하다고 합니다. 이런 경우 보상기준이 어떻게 되나요?,"차량 구입 후 19개월 만에 시동 꺼짐으로 입고된 차량에 대해 부품이 없어 수리가 불가한 경우라면 필수제비용을 포함한 구입가에서 정액감가상각비를 공제한 금액에 10%를 가산하여 환급 또는 차량 교환을 요구할 수 있습니다.   공정거래위원회고시가 고시한 자동차 관련 ‘소비자분쟁해결기준’에 따르면 품질보증기간 이내(차량 인도일로부터 12개월 초과) 정상적인 사용상태에서 하자 발생된 차량에 대해 제조사에서 수리용 부품을 보유하지 않아(부품 보유기간 이내) 수리가 불가능한 경우라면 필수제비용을 포함한 구입가에서 정액감가상각비를 공제한 금액에 10%를 가산하여 환급 또는 차량 교환으로 규정하고 있습니다.   따라서, 차량 구입 후 19개월 만에 시동 꺼짐으로 입고된 차량에 대해 부품이 없어 수리가 불가한 경우라면 필수제비용을 포함한 구입가에서 정액감가상각비를 공제한 금액에 10%를 가산하여 환급 또는 차량 교환을 요구할 수 있다고 판단됩니다.   이 경우 감가상각 후 보상액의 계산은 아래와 같습니다.(이 차량의 구입가는 4천만원, 취득세·등록세·교육세, 번호판 대금 등 필수비용 500만원 지출됨)   ※ 보상액 = 구입가(필수비용 포함)×[{내용연수(8년, 월계산)-사용연수(월계산)}/내용연수(월계산)]×1.1              = (4,000만원+500만원)×[{96개월-19개월}/96개월]×1.1              = 4,500만원×(77개월/96개월)×1.1              = 4,500만원×(0.8021)×1.1 ≒ 3,970.4만원"
1022, 중형승용자동차, AS불만_부품 미보유_품질보증기간 경과 후,5년 전 쏘나타 차량을 구입하여 주행 중 시동이 걸리지 않는 등 하자가 발생되어 제조사 측에 유상 수리를 요구하였으나 부품이 단종되었다는 이유로 수리가 불가능하다고 합니다. 보상기준이 궁금합니다. ,"품질 보증기간은 경과 되었으나 부품 보유기간 이내인 차량에 대해 부품이 없어 수리가 불가능한 경우라면 필수제비용을 포함한 구입가에서 정액감가상각비를 공제한 금액에 10%를 가산하여 환급을 요구할 수 있습니다.   공정거래위원회가 고시한 자동차 관련 ‘소비자분쟁해결기준’에 따르면 품질보증기간 경과 후 하자 발생된 차량에 대해 부품 보유기간 이내임에도 제조사에서 수리용 부품을 보유하지 않아 수리가 불가능한 경우라면 필수제비용을 포함한 구입가에서 정액감가상각비를 공제한 금액에 10%를 가산하여 환급하도록 규정하고 있습니다.   따라서, 품질 보증기간은 경과 되었으나 부품 보유기간 이내인 차량에 대해 부품이 없어 수리가 불가능한 경우라면 필수제비용을 포함한 구입가에서 정액감가상각비를 공제한 금액에 10%를 가산하여 환급을 요구할 수 있다고 판단됩니다.   단, 성능 및 품질 상 하자가 없는 범위 내에서 유사 부품 사용이 가능합니다."
1023, 중형승용자동차, AS불만_차량 인도시 이미 하자,신차 구입 후 인도받아보니 도장 불량이 확인되었습니다. 이런 경우 보상을 받을 수 있나요?,"불량의 경중에 따라 무상 수리, 차량 교환, 구입가 환급 또는 보상을 요구할 수 있습니다(판금·도장 등 육안으로 식별 가능한 하자의 경우에는 차량 인수 후 7일 이내에 이의를 제기하여야 합니다.).   공정거래위원회가 고시한 자동차 관련 ‘소비자분쟁해결기준’에 따르면 차량 인도 시 이미 하자가 있는 경우 보상 또는 무상 수리, 차량 교환, 구입가 환급으로 규정하고 있습니다.   따라서, 차량 인도 당일 도장 불량이 확인된 경우라면 경중에 따라 무상 수리, 차량 교환, 구입가 환급 또는 보상을 요구할 수 있다고 판단됩니다(판금·도장 등 육안으로 식별 가능한 하자의 경우에는 차량 인수 후 7일 이내에 이의를 제기하여야 합니다.).   다만, 대법원 판례에 따르면 「민법」 제581조(종류매매와 매도인의 담보책임) 제1항 및 제2항, 제580조(매도인의 하자담보책임) 제1항, 제575조(제한물권있는 경우와 매도인의 담보책임) 제1항의 각 규정에 따라 목적물에 하자가 있는 경우, 매수인은 그 하자로 인하여 계약의 목적을 달성할 수 없는 때에는 계약을 해제할 수 있고, 그 하자로 인하여 계약의 목적을 달성할 수 없는 정도에 이르지 아니한 때에는 손해배상만을 청구할 수 있으며, 이러한 계약의 해제 또는 손해배상의 청구 대신 하자 없는 물건을 청구할 수 있는 권리(완전물급부청구권)를 갖는다고 할 것이나, 매매목적물의 하자가 경미하여 수선 등의 방법으로도 계약의 목적을 달성하는 데 별다른 지장이 없는 반면 매도인에게 하자 없는 물건의 급부의무를 지우면 다른 구제방법에 비하여 지나치게 큰 불이익이 매도인에게 발생되는 경우와 같이 하자담보의무의 이행이 오히려 공평의 원칙에 반하는 경우에는 위 완전물급부청구권의 행사를 제한될 수 있습니다(대법원 2014. 5. 16. 선고 2012다72582판결 등 참조).    따라서, 앞선 판례 내용에 따라 하자의 정도, 하자 수선의 용이성, 하자의 치유 가능성 등 여러 사정에 비추어 신차 교환(완전물급부청구권 행사)이 제한되거나 대금 환급이 불가할 수도 있습니다."
1024, 중형승용자동차, AS불만_자동차 옵션용품_출고 시 장착된 옵션,차량 구입 시 옵션 장착한 내비게이션 작동 불량으로 차량 제조사로 보상을 요구하였으나 내비게이션 제조업체로 책임을 회피하며 보상 거부합니다. 이런 경우 차량 제조사를 통해 보상받을 수 없나요?,"공정거래위원회가 고시한 자동차 관련 ‘소비자분쟁해결기준’에 따르면 차량 출고 시 이미 장착된 옵션 용품의 경우 하자에 대한 보상 책임을 자동차회사로 규정하고 있습니다.     따라서, 당해 옵션용품인 내비게이션이 품질보증기간 이내라면 무상 수리, 구입가 환급 또는 교환을, 품질보증기간 이후라면 유상 수리 등의 보상을 자동차회사로 요구할 수 있다고 판단됩니다."
1025, 중형승용자동차, AS불만_자동차 옵션용품_차량 출고 후 장착된 옵션,"10개월 전 출고된 차량을 중고로 구입하여 이용 중 옵션용품(ARS, 차량용 내비게이션) 하자로 차량 제조사에 보상을 요구하였으나 차량 출고 후 장착된 옵션이라며 보상 거부합니다. 이런 경우 누구에게 보상을 청구해야 하나요? ","제조업자 또는 판매자 측으로 보상을 요구할 수 있습니다.   공정거래위원회가 고시한 자동차 관련 ‘소비자분쟁해결기준’에 따르면 자동차 옵션용품 (ARS,원격시동경보기, 차량용 내비게이션, 블랙박스, 하이패스 단말기 등)의 하자 보상 책임자를 1) 차량 출고 시 장착된 옵션 용품의 경우 자동차회사로 2) 차량 출고 후 장착된 옵션 용품의 경우 용품 제조업자, 판매자, 장착사업자 중 책임 있는 사업자로 규정하고 있습니다.   따라서, 차량 출고 후 장착된 옵션용품(ARS, 차량용 내비게이션) 하자에 대해서는 용품제조업자 또는 판매자 측으로 보상을 요구할 수 있다고 판단됩니다."
1026, 중형승용자동차, AS불만_배출가스 ,2016년 3월 출고된 투싼 차량 소유자로서 2022년 12월경 주행 중 출력 저하로 주행이 불가하여 정비업체 입고하여 점검한 결과 배출가스 관련 부품인 EGR밸브 문제라고 합니다. 배출가스 관련 보증은 10년으로 알고 있어 무상 수리를 요구하였으나 부품의 보증기간 경과를 이유로 거부합니다. EGR밸브가 배출가스 관련 부품이 아닌가요?,"배출가스 관련 부품인 EGR밸브의 보증기간은 5년 또는 8만Km인데 이 기간이 경과한 상태이므로 무상 수리를 요구하기는 어렵습니다.   「대기환경보전법」 제46조(제작차의 배출허용기준 등) 제3항 및 동법 시행규칙 제63조(배출가스 보증기간)에 따르면 자동차의 배출가스 자체의 보증기간과 배출가스 관련 부품의 보증기간에 대해 다르게 규정하고 있습니다.   이 규정에 따르면 중형승용차인 투싼 차량(경유)의 경우(2016년 1월 1일 이후 2023년 12월 31일까지 제작된 차량에 해당) 배출가스 보증기간은 10년(또는 160,000km)으로 규정되어 있는 반면(「대기환경보전법 시행규칙」 별표18 제8호), 배출가스 관련 부품인 EGR밸브의 보증기간은 5년(또는 80,000km)으로 규정되어 있습니다.(「대기환경보전법 시행규칙」 별표18 제8호 비고 제8호).   보증기간의 만료는 기간 또는 주행거리 중 먼저 도달하는 것을 기준으로 적용됩니다.    따라서, 현행 규정상 배출가스 관련 부품인 EGR밸브의 보증기간(5년 또는 8만Km)이 경과한 상태이므로 무상 수리를 요구하기는 어렵다고 판단됩니다.   이는 자동차 배출가스 관련 부품이 운행자의 다양한 운전조건(운전 습관, 주행패턴, 노면 상태 등)에 따라 영향을 받을 수 있어 별도로 정하고 있으며, 이 기간은 제작차배출허용기준 초과 여부와 무관하게 부품의 이상이 있을 시 무상 수리를 받을 수 있는 기간입니다."
1027, 중형승용자동차, AS불만_전기자동차_ 2022.12.28.일 이후 구입 차량,신청인은 2023.1월 쉐보레 볼트EV 전기자동차를 구입하여 이용 중 배터리 하자가 발생되었습니다. 배터리의 보증기간은 어떻게 되나요?,"전기자동차의 고전원전기장치(배터리 등)에 대해서는 보증기간 3년(주행거리 6만km 이내)을 주장할 수 있습니다.    「자동차관리법 시행규칙」 제49조의3(무상 수리기간 및 부품의 공급 기간 등) 및 공정거래위원회가 고시한 자동차 관련 ‘소비자분쟁해결기준’에 따르면 전기자동차 및 수소자동차의 고전원전기장치(배터리 등)에 대한 보증기간을 3년(주행거리 6만km 이내)으로 규정하고 있습니다.    따라서, 전기자동차의 고전원전기장치(배터리 등)에 대해서는 보증기간 3년(주행거리 6만km 이내)을 주장할 수 있다고 판단됩니다.   다만, 제작사가 위 법에서 정한 기준 이상으로 별도의 보증기간을 정하고 있는 경우에는 자체 기준이 우선합니다. "
1028, 중형승용자동차, 안전(제품/시설)_급발진,자동차 주행 중 급발진 추정 사고가 발생되었습니다. 제조사에는 운전 부주의를 주장하고 있으나 신청인은 급발진이 의심되어 알아보니 EDR이라는 자료가 있다는데 이를 제조사에 요구할 수 있나요?,"「자동차관리법」 제29조의3(사고기록장치의 장착 및 정보제공) 제2항 및 「자동차관리법 시행규칙」 제30조의3(사고기록장치의 장착 안내 및 정보제공 등)에 따르면 자동차 제작·조립 또는 수입하는 자는 사고기록장치(EDR)가 장착된 자동차를 판매하는 경우 동법 제29조의3 제3항에 해당하는 자(자동차 소유자, 자동차 소유자의 배우자·직계존속 또는 직계비속, 사고 자동차의 운전자, 사고 자동차의 운전자의 배우자·직계존속 또는 직계비속, 국토교통부장관, 성능시험대행자)의 요청이 있을 경우 해당 자동차의 사고 기록장치에 기록된 내용(또는 이 법 또는 관계 법령에 따라 사고기록장치 내용을 분석한 경우 그 결과보고서)을 제공하도록 규정하고 있습니다.   또한, 「자동차관리법 시행규칙」 제30조의3 제3항에 따르면 사고기록장치 기록내용의 제공을 요구받으면 그날부터 15일 이내에 사고기록의 기록내용을 직접 교부하거나 우편으로 송달하여야 한다고 되어 있으니 이를 참고하시어 자동차 제작업체에 요청할 필요가 있습니다.   더하여, 자동차 급발진 피해가 의심되는 경우라면 국토교통부 산하 교통안전공단( 자동차리콜센터 (0http\://www.car.go.kr)을;1;0;0;http://www.car.go.kr)을HWPHYPERLINK_TYPE_URLHWPHYPERLINK_TARGET_BOOKMARKHWPHYPERLINK_JUMP_CURRENTTABhttp://www.car.go.kr)로 신고하여 도움을 받으시기 바랍니다. "
1029, 중형승용자동차, 안전(제품/시설)_리콜 신고 ,출고된 지 4년된 동일차종에 시동 꺼짐이 다발하고 있어 결함 신고를 하고자 합니다. 어떻게 해야 하나요?  ,"「자동차관리법 시행규칙」 제44조(제작결함정보수집 등)에 따라 결함 정보 수집, 분석기관인 자동차리콜센터(0http\://www.car.go.kr;1;0;0;http://www.car.go.krHWPHYPERLINK_TYPE_URLHWPHYPERLINK_TARGET_BOOKMARKHWPHYPERLINK_JUMP_CURRENTTABhttp://www.car.go.kr , 080-357-2500)로 제보하실 수 있으니 이점 참고하시어 도움을 받으시기 바랍니다."
1030, 중형승용자동차, 안전(제품/시설)_리콜 대상 확인 ,본인 소유 차량이 리콜 대상 차량인지 알 수 있나요?,"국토교통부는 「자동차관리법 시행규칙」 제44조(제작결함정보수집 등)에 따라 자동차의 제작결함정보를 수집·분석하는 자동차리콜센터(0http\://www.car.go.kr;1;0;0;http://www.car.go.krHWPHYPERLINK_TYPE_URLHWPHYPERLINK_TARGET_BOOKMARKHWPHYPERLINK_JUMP_CURRENTTABhttp://www.car.go.kr , 080-357-2500)를 운영하고 있으며, 누리집(홈페이지)에서 차량번호 및 차대번호를 입력하면 언제든지 해당 차량의 리콜대상 여부와 구체적인 제작결함 사항을 확인할 수 있습니다. "
1031, 중형승용자동차, 안전(제품/시설)_리콜 소유자 자비 수리,"최근 본인 차량에 대해 리콜 통지문을 받았으나 7개월 전 이미 자비로 수리한 상태로, 이런 경우 수리비를 보상 받을 수 있나요?","결함시정 전(7개월 전)에 그 결함 내용을 자비로 수리한 경우 제작사에 수리한 비용에 대한 보상을 요구할 수 있습니다.   「자동차관리법」 제31조의2(자체 시정한 자동차 소유자에 대한 보상)에 따르면 결함 사실을 공개하기 전 1년이 되는 날과 결함조사를 시작한 날 중 빠른 날 이후에 그 결함을 시정한 자동차 소유자(자동차 소유자였던 자로서 소유 기간 중에 그 결함을 시정한 자를 포함한다) 및 결함 사실을 공개한 이후에 그 결함을 시정한 자동차 소유자에게 자체 시정한 비용을 보상하도록 규정하고 있습니다.   따라서, 결함시정 전(7개월 전)에 그 결함 내용을 자비로 수리한 경우 제작사에 수리한 비용에 대한 보상을 요구할 수 있다고 판단됩니다."
1032, 중형승용자동차, 안전(제품/시설)_침수_전손처리 폐차,본인은 약 6년 전 도요타 캠리 차량을 구입하여 운행 중 이번 폭우로 인해 차량이 침수되어 보험사를 통해 전손처리를 하였습니다. 보험사로부터 해 차량에 대해 폐차해야 한다고 들었는데 반드시 폐차해야 하나요?,"침수로 전손처리 결정된 경우 30일 이내 자동차해체재활용업체에 폐차를 요청해야 합니다.   「자동차관리법」 제26조의2(침수로 인한 전손 처리 자동차의 폐차 처리) 및 「자동차관리법 시행규칙」 제25조의2(침수로 인한 전손 처리 자동차의 폐차 처리)에 따르면 침수로 인한 전손처리 자동차의 소유자는 국토교통부령으로 정하는 기간 내에 해당 자동차를 자동차해체재활용업자에게 폐차 요청하여야 한다고 규정하고 있으며 이때 국토교통부령으로 정하는 기간은 해당 자동차가 침수로 인하여 전손(全損) 처리 결정된 사실을 안 날부터 30일을 말합니다.    따라서, 해당 차량에 대해 침수로 전손처리가 결정된 경우 30일 이내 자동차해체재활용업체에  폐차를 요청해야 한다고 판단됩니다. "
1033, 중형승용자동차, 가격.요금_전기자동차_고속도로 이용료,본인은 테슬라 전기 차량을 2022.10월 구입하여 운행 중에 있습니다. 친환경 차량의 경우 도로 이용료를 할인해준다고 들었는데 사실인가요?,"일정 조건에 해당하는 경우 통행료 감면을 받으실 수 있습니다.   「유료도로법 시행령」 제8조(통행료의 감면대상 차량 및 감면비율) 제1항 제9호에 따르면 2024.12.31.일까지 고속국도를 이용하는 전기자동차 및 수소전기자동차로써 「한국도로공사법」에 따른 한국도로공사가 관리하는 고속국도 중 진출입 요금소 간 거리를 기준으로 20킬로미터 미만의 구간을 운행하는 경우로서 출.퇴근시간대(오전 5시부터 오전 9시까지 및 오후 6부터 오후 10시까지를 말하며, 토요일, 일요일 및 공휴일인 경우는 제외한다)에 전자적인 지급수단을 이용하여 통행료를 납부하고 진출요금소를 통과하는 차량에 대해 통행료 감면(감면비율 100분의 50) 대상으로 규정하고 있습니다.   따라서, 상기 조건에 적용되는 경우 통행료 감면을 받으실 수 있다고 판단됩니다."
1034, 초고속인터넷, 계약해지_설명과 상이한 이용요금을 이유로 한 계약해지,초고속인터넷서비스 이용 계약체결 시 설명한 요금과 계약서에 기재된 이용요금이 달라 계약을 해지하려고 했더니 위약금을 요구하고 있습니다. 위약금을 면제받을 수 있을까요?,"이용요금이 설명과 다름이 확인된다면 계약해지 후 요금 청구를 취소하고 할인반환금을 면제받을 수 있으며, 이용요금을 납부한 경우라면 납부한 금액을 환급받을 수 있습니다.「전기통신사업법」 제50조(금지행위)에 따르면 전기통신사업자가 이용자에게 전기통신서비스의 이용요금, 약정조건, 요금할인 등의 중요한 사항을 설명 또는 고지하지 아니하거나 거짓으로 설명 또는 고지하는 행위를 금지행위로 규정하고 있습니다.따라서, 계약의 주요 조건인 요금 등 중요사항에 대해 설명을 듣지 못했거나 고지 내용과 다른 계약이 체결된 경우 「전기통신사업법」에 따라 초고속인터넷 서비스 이용 계약을 해지 후 요금 청구를 취소하고 할인반환금을 면제받을 수 있으며, 이용요금을 납부한 경우라면 납부한 금액을 환급받을 수 있다고 판단됩니다.다만, 서비스를 이용한 경우에는 사용 요금이 청구될 수 있으니 주의가 필요합니다."
1035, 초고속인터넷, 계약해지_설치 불가 지역 이사로 인한 계약해지 위약금,초고속인터넷서비스 이용 계약 기간 내 서비스가 안되는 지역으로 이사를 하게 되었는데 위약금을 청구한 것은 부당하다고 생각됩니다. 위약금을 지급해야 하나요?,"계약기간 이내에 서비스 불가 지역으로 이사한 경우로 주민등록등본 등 입증자료를 제출할 시 계약해지에 따른 위약금 없이 계약해지를 요구할 수 있습니다.공정거래위원회가 고시한 초고속인터넷 통신망 서비스업 관련 '소비자분쟁해결기준‘에 따르면 계약기간 이내에 서비스가 안 되는 지역으로 이사할 경우 위약금 없이 계약을 해지하도록 규정하고 있습니다.따라서, 계약기간 이내에 서비스 불가 지역으로 이사한 경우로 주민등록등본 등 입증자료를 제출할 시 계약해지에 따른 위약금(할인반환금) 없이 계약해지를 요구할 수 있습니다. 만약 주소이전 불가 등의 사유로 사업자가 요구하는 입증자료(주민등록등본) 제출이 어려울 경우, 부동산임대차계약서, 주택매매계약서, 통장의 실거주확인서 등의 증빙자료로도 주민등록등본에 갈음할 수 있습니다.다만, 계약 당시 상품권 등 사은품을 받았다면 소비자의 사정으로 인해 계약을 해지한 경우이므로 사업자에게 사은품을 반환해야 합니다."
1036, 초고속인터넷, 계약해지_해외유학/군입대로 인한 계약해지,"초고속인터넷서비스 이용 계약 기간 내 해외 유학을 가게 되어 계약을 해지해야 하는데, 위약금이 부과되나요? ","유학 관련 입증자료 제출 시 위약금 없이 이용 계약을 해지할 수 있으며, 군 입대를 한 경우에도 관련 입증자료를 제출하면 위약금 없이 해지할 수 있습니다.공정거래위원회가 고시한 초고속인터넷 통신망 서비스업 관련 '소비자분쟁해결기준‘에 따르면 계약기간 이내에 1년 이상의 장기유학의 경우 관련 자료를 제출하면 위약금 없이 계약을 해지할 수 있도록 규정하고 있습니다.따라서, 유학 관련 입증자료 제출 시 위약금 없이 이용 계약을 해지할 수 있으며, 군 입대를 한 경우에도 관련 입증자료를 제출하면 위약금 없이 해지할 수 있다고 판단됩니다.다만, 약정기간 만료 전 계약을 해지하는 경우이므로 계약 당시 할인 혜택 금액은 반납하여야 하며 군 입대로 인한 해지 시 초고속인터넷 설치 장소에 계약자 본인이 단독으로 거주하는 경우에만 해당됩니다. "
1037, 초고속인터넷, 계약해지_상향속도 저하로 인한 계약해지,"인터넷 업로드 속도 저하로 계약을 해지했는데, 이용약관 상 최저보장 속도가 다운로드 속도에 한정된 것이라는 이유로 위약금(할인반환금)을 청구하는 것은 부당하다고 판단됩니다. 이를 이유로 위약금 없는 계약해지 요구가 가능할까요? ","하향 전송속도가 최저보장 속도를 충족하는 경우 사업자에게 계약해지의 귀책 사유가 있다고 보기 어려워 위약금 없는 계약해지를 요구하기 어렵습니다.과학기술정보통신부의 ‘전기통신역무 선택에 필요한 정보제공 기준’ 제3조에 따르면 ‘기가급인터넷서비스`는 ‘하향 전송속도’를 기준으로 그 속도가 100Mbps를 초과하고 2.5Gbps 미만인 인터넷가입자 접속서비스`라 정의하고 있습니다.따라서, 속도 측정 결과 하향 전송속도가 최저보장 속도에 미달하지 않는다면 업로드 속도(상향속도) 저하를 이유로 계약을 해지한 경우에는 사업자에게 계약해지의 귀책 사유가 있다고 보기 어렵습니다. 즉, 약정기간 만료 전 계약을 해지하는 경우 할인받은 요금의 일부가 위약금으로 청구되는 것이므로 계약을 해지할 경우 할인반환금(위약금)을 환급해야 합니다.다만, 인터넷 속도는 서비스 이용 계약 선택에 있어 중요 조건으로 볼 수 있으므로 인터넷의 하향속도와 상향속도 간 차이가 발생할 수 있다는 안내를 받지 못하였다면 일부 보상을 요구할 수 있습니다."
1038, 초고속인터넷, 계약해지_해지 누락으로 인한 부당요금 청구,"남편 명의의 초고속인터넷서비스를 이용해오다가 해지를 요청하고 다른 인터넷에 신규로 가입하였는데, 기존의 인터넷서비스 해지가 누락돼 2년 동안 요금이 인출되었습니다. 사업자는 남편으로부터 직접 해지 통지를 받지 못했다며 보상을 거절하고 있는데, 부당하게 인출된 금액을 환급받을 수 있을까요?","전화로 해지를 통지한 시점에 계약해지의 효력이 발생하였다고 볼 수 있을 것이므로 부당하게 인출된 요금에서 위약금을 공제한 나머지 금액에 대해 환급을 요구할 수 있습니다.「민법」 제827조(부부간의 가사대리권)에 따르면 부부는 일상 가사에 관하여 서로 대리권이 있다고 규정하고 있습니다.초고속인터넷서비스 해지 누락과 관련된 사례에 있어서 중요한 사항은 해지할 권한을 가진 자가 명확하게 해지 의사를 통지하였는지 확인하는 것이라고 할 수 있습니다. 해지 누락과 관련 피해는 대부분 전화로 해지한 경우에 발생하고 있는데 이때에는 사업자가 보관해 놓은 녹취자료를 통해 판단하고 있습니다.따라서, 가입자가 남편임을 밝히고 배우자가 해지 의사를 통지한 것으로 확인된다면 초고속인터넷서비스는 부부의 공동생활에 통상적으로 필요하여 구입하는 일상가사의 범위에 포함되므로 「민법」에 따라 배우자의 해지통보에 의한 효력이 인정될 수도 있다면 계약해지의 효력이 전화로 해지를 통지한 시점에 발생하였다고 볼 수 있을 것이므로 그동안 부당하게 인출된 요금에서 해지 요청 시의 위약금을 공제한 나머지 금액에 대해 환급을 요구할 수 있습니다."
1039, 초고속인터넷, 계약해지_본 계약 없는 부가서비스 유지 요구,인터넷 결합상품을 해지하고 부가서비스(ip카메라)만 계속 이용하기를 원하나 사업자가 약관을 이유로 거부합니다. 부가서비스 계약만 유지할 수 있을까요?,"부가서비스는 주서비스에 종속되어 계약되는 것으로 부가서비스만 별도로 계약을 유지할 수는 없을 것으로 보입니다.가입자와 통신서비스사업자 간에 모든 계약은 사전 정해진 약관에 의하여 이루어지고 그 약관들은 통신사업자를 관리·감독하는 과학기술정보통신부의 승인을 받아 사용하게 되며, 통신서비스 해지 등에 대한 부분도 약관에 의하므로 자세한 내용은 사업자의 홈페이지 약관을 참조해야 합니다.다만, 부가서비스는 주서비스에 종속되어 계약되는 것으로 판단되므로 부가서비스만 별도로 계약을 유지할 수는 없다고 판단됩니다."
1040, 초고속인터넷, 계약해지_서비스 불가 지역 이사 시 위약금,통신결합상품(인터넷서비스와 TV) 서비스 불가능 지역으로 이사를 가게 되었는데 위약금 지급 및 사은품을 반환해야 하나요?,"서비스 불가능 지역으로 이사를 가게 된 경우 위약금 없는 계약해지를 요구할 수 있으나, 사은품 가액을 계약서에 명시하였고 계약 12개월 이내 계약해지를 요구하는 경우라면 사은품의 가액만큼 위약금이 발생할 수 있습니다.공정거래위원회가 고시한 통신결합상품 관련 '소비자분쟁해결기준‘에 따르면 소비자가 일부 서비스 불가능 지역으로 이사하는 경우 결합상품 전체에 대한 위약금 없는 계약해지(단, 이동통신 계약은 제외)를 하도록 규정하고 있습니다. 그러나, 경품에 대한 위약금은 경품의 가액을 계약서에 명시한 경우에만 청구할 수 있고 경품으로 인한 위약금의 부과 기간은 최대 12개월로 정하고 있습니다.따라서, 서비스 불가능 지역으로 이사를 가게 된 경우 위약금 없는 계약해지를 요구할 수 있으나, 사은품 가액을 계약서에 명시하였고 계약 12개월 이내 계약해지를 요구하는 경우라면 사은품의 가액만큼 위약금이 발생할 수 있습니다. 통신결합상품서비스 가입 당시 받은 계약서 등을 확인하시고 만약 사업자가 당초 약정한 내용과 다르게 위약금을 과다하게 청구하거나 사은품 비용을 요구한다고 판단될 경우 사업자에게 문제 제기를 할 수 있습니다.참고로, 사은품의 가격 산정은 소비자가 시중에서 구매할 수 있는 통상적인 가격을 기준으로 산정합니다."
1041, 초고속인터넷, 계약해지_특정 사업자와 단독 계약된 건물로 이사,다른 지역의 오피스텔로 이사를 가게돼 기존사업자에게 인터넷과 IPTV 이전 신청을 했으나 이사 갈 오피스텔은 다른 통신사와 단독 계약한 상태라 이전설치가 어렵다는 통보를 받았습니다. 본인의 의사와 상관없이 서비스를 해지할 수밖에 없는데 위약금을 부담해야 하나요? ,"특정 사업자와 단독으로 계약되어 있는 건물로 이사하는 경우 이용자의 귀책 사유로 볼 수 없어 서비스 계약해지에 따른 할인반환금을 납부하지 않을 수 있습니다.이용자가 집합건물로 이사함에 따라 발생되는 방송통신서비스 할인반환금은 전액 감면하고, 발생한 할인반환금은 기존 사업자와 독점 사업자가 상호 정산하여 처리하도록 하고 있습니다(2022. 4. 이후 이전 설치 요청 건에 한하여 적용).따라서, 특정 사업자와 단독으로 계약되어 있는 건물로 이사해 이용자가 본인의 의사와 상관없이 기존에 이용하던 서비스를 해지하고 이사할 건물에 계약된 서비스에 가입하더라도 이용자의 귀책 사유로 볼 수 없어 서비스 계약해지에 따른 할인반환금을 납부하지 않을 수 있다고 판단됩니다.다만, 해지 신청 후 14일 이내 기존 사업자에게 제출서류(개인정보 활용 및 제3자 제공동의서, 임대차계약서, 이사 후 주소가 표기된 주민등록등본 등)를 제출해야 합니다. "
1042, 초고속인터넷, 계약해지_요금감면 제외대상,이사 갈 오피스텔이 특정 통신사와 단독계약을 한 상태라 기존에 이용하던 통신사의 CCTV 등 부가서비스를 받지 못합니다. 부가서비스 이용료도 감면받을 수 있는지요?,"부가서비스는 이용자의 선택에 따라 청구되는 요금이고 매월 유동적이기 때문에 요금 감면 대상에서 제외되어 감면받기 어렵습니다.소비자가 독점계약 집합건물로 이사함에 따라 기존 서비스를 중도 해약을 하게 된 경우 기존 사업자와 독점 사업자(신규사업자)가 위약금(할인반환금)을 상호정산하여 처리하도록 개선되어 소비자는 할인반환금을 100% 감면받을 수 있습니다(2022. 1. 20.자 방송통신위원회 보도자료). 이때, 할인반환금 감면 대상은 결합 및 약정기간 할인반환금, 장비임대료 할인반환금이 적용되고, 보안, CCTV 등 제휴서비스 위약금과 경품 위약금 등은 감면대상이 아닙니다.따라서, 부가서비스는 이용자의 선택에 따라 청구되는 요금이고 매월 유동적이기 때문에 요금 감면 대상에서 제외됩니다. "
1043, 초고속인터넷, 계약불이행_설치 지연으로 인한 계약해지,"초고속인터넷 사업자가 약속한 일자에 설치를 하지 않아 불편을 겪었으며, 사전에 고지하지 않은 설치비용을 요구하여 계약을 해제하려고 하는데 가능할까요?","사업자와 최종협의한 설치 일시에 대한 관련 자료가 확인된다면 위약금 없이 예약을 취소하고 계약의 해제를 요구할 수 있습니다.「민법」 제544조(이행지체와 해제)에 따르면 사업자가 채무를 이행하지 아니한 때에는 계약을 해제할 수 있다고 규정하고 있고, 공정거래위원회가 고시한 초고속인터넷 통신망 서비스업 관련 '소비자분쟁해결기준‘에 따르면 설치가 지연된 경우 예약취소가 가능하도록 규정하고 있습니다. 또한, 방송통신위원회의 ’초고속인터넷 분야 맞춤형 피해구제기준‘에 따르면 사전에 고지되지 않은 설치비용을 추가로 청구할 경우에는 최초 고지한 설치비용 외에 사전고지 없이 설치 시점에 현장에서 추가로 청구된 금액에 대해서도 환급을 요구할 수 있다고 규정하고 있습니다.따라서, 사업자와 최종협의한 설치 일시에 대한 녹취자료, 인터넷 신청기록, SMS 기록 등 관련 증빙자료가 구비되었다면 위약금 없이 예약을 취소하고 계약의 해제를 요구할 수 있다고 판단됩니다.다만, 설치 전 사업자가 사전방문하여 설치 환경을 확인한 결과, 다량 설치 등 특수한 사정으로 인해 추가 비용이 예상되어 이용자와 사전협의 후 청구하는 비용은 제외될 수 있습니다."
1044, 초고속인터넷, 계약불이행_서비스 장애에 대한 손해배상,"초고속인터넷서비스 3년 약정으로 가입하였는데, 서비스 장애가 발생하여 한 달 동안 제대로 서비스를 이용하지 못하였습니다. 위약금 없이 계약을 해지하고 손해배상을 받을 수 있을까요?","1개월 동안의 서비스 장애 누적시간이 24시간 이상을 초과한 경우라면, 장애시간 요금(월정액 및 부가사용료) 10배 상당의 금액에 대해 손해배상을 요구할 수 있습니다.공정거래위원회가 고시한 초고속인터넷 통신망 서비스업 관련 '소비자분쟁해결기준‘에 따르면 1시간 이상의 서비스 장애가 월 3회 이상 발생한 경우 또는 1개월 동안의 서비스 장애 누적시간이 24시간 이상 발생한 경우 위약금(가입 시 면제한 설치비 및 할인 혜택 포함) 없이 계약을 해지하도록 규정하고 있으며, 2시간 이상 또는 월별 누적시간이 6시간을 초과하여 서비스 중지 또는 장애로 인한 피해가 있을 경우 손해배상을 하도록 규정하고 있습니다.현재 주요 통신사의 이용약관에는 연속 2시간 이상 또는 1개월 누적 6시간 이상 초고속 인터넷서비스가 중단될 경우 해당 서비스의 요금의 10배 상당의 금액을 배상하도록 정하고 있습니다.따라서, 해당 통신사의 이용약관 및 초고속인터넷 통신망 서비스업 관련 '소비자분쟁해결기준’에 따라 1개월 동안의 서비스 장애 누적시간이 24시간 이상을 초과한 경우라면, 장애시간 요금(월정액 및 부가사용료) 10배 상당의 금액에 대해 손해배상을 요구할 수 있다고 판단됩니다. 이때, 서비스 중지·장애 시간은 소비자가 사업자에게 통지한 때와 사업자가 서비스를 이용하지 못하는 상황을 안 시간 중 빠른시간을 기준으로 합니다.다만, 서비스 장애 근거를 확인할 수 없을 경우 위약금 면제가 어려울 수 있으며, 사업자 귀책 사유가 아닌 천재지변, 불가항력, 소비자 고의과실 등으로 인한 장애는 제외됩니다. "
1045, 초고속인터넷, 가격?요금_이전설치 시 해지 누락된 금액의 환급 요구,본인과 아들 명의로 2개의 인터넷서비스를 이용하다가 이사가면서 1개의 인터넷 회선만 이전설치를 하고 나머지 1개 회선에 대해 설치기사에게 해지를 하였으나 30개월간 인터넷서비스 요금이 이중으로 인출되고 있었습니다. 부당인출 금액을 환급받을 수 있을까요? ,"종래의 주소지에서 30개월 동안 전혀 인터넷서비스를 사용한 바가 없는 것으로 확인된다면 인출된 일부 금액에 대해 환급을 요구할 수 있을 것으로 판단됩니다.해당 통신사의 약관상 계약을 해지하고자 할 때에는 창구, 전화, 우편 또는 팩스로 하도록 규정하고 있다면 설치기사에게 해지를 통지한 것만으로 해지 효력이 발생하였다고 보기 어렵습니다.그러나, 초고속인터넷서비스 계약 당시 소비자에게 해지의 방법에 대하여 별도로 고지하는 등 해지 요청이 누락될 경우 손해가 발생할 수 있음을 설명하지 않았거나 설치기사가 사업자의 소속 직원임을 밝히고 그와 관련된 업무를 수행하고 있었다면 소비자로서는 설치기사에 대한 통지만으로도 해지가 되거나 해지 의사가 사업자에게 전달될 것으로 기대하는 것에 전적으로 과실이 있다고 보기 어렵습니다.따라서, 종래의 주소지에서 30개월 동안 전혀 인터넷서비스를 사용한 바가 없는 것으로 확인된다면 사업자가 소비자로부터 적절한 해지통보가 없었다는 이유만으로 이용금액 전액을 요구하는 것은 공평의 원칙상 부당하다고 볼 여지도 있으므로 인출된 일부 금액에 대해 환급을 요구할 수 있을 것으로 판단됩니다.다만, 소비자에게도 초고속인터넷서비스 요금이 30개월 동안 인출되는 것을 확인하지 못한 잘못이 인정되는 등 과실 정도에 따라 환급금액은 달라질 수 있습니다."
1046, 초고속인터넷, 부당행위_해지 누락으로 인한 이용요금 이중 과금,이전에 이용하던 인터넷서비스 해지가 누락되어 수년간 요금이 자동이체된 사실을 최근에 알게 되었습니다. 부당하게 인출된 금액을 환급받을 수 있을까요?,"문자메시지 수신 등 해지 누락 사실이 객관적으로 입증되고, 종전 인터넷서비스를 해지하도록 충분히 안내하지 않았다면 사업자에게 그동안 인출된 요금에 대해서 환급을 요구할 수 있습니다.   「민법」 제741조(부당이득의 내용)에 따르면 법률상 원인 없이 타인의 재산 또는 노무로 인하여 이익을 얻고 이로 인하여 타인에게 손해를 가한자는 그 이익을 반환하도록 규정하고 있습니다.따라서, 인터넷서비스 해지통보 사실 및 해지 완료 시 문자메시지 수신 등 해지 누락 사실이 객관적으로 입증되고, 이전의 통신사업자가 새로운 통신서비스 개통 시 종전 인터넷서비스를 해지하도록 충분히 안내하지 않았다면 사업자에게 그동안 인출된 요금에 대해서 환급을 요구할 수 있다고 판단됩니다.다만, 소비자도 종전 인터넷서비스에 대한 조치 방안에 대하여 통신사업자에게 문의하고 자동이체 내지 자동결제 되는 경우 매월 청구되는 요금 내역을 꼼꼼히 확인해 보는 등 적절한 조치를 하여야 하는데, 장기간 인터넷서비스 이용대금이 자동으로 인출되고 있는 사실에 대한 확인을 소홀히 한 책임이 인정되므로 사용하지 않는 기간의 인출금액 전액에 대한 환급을 주장하기는 어렵습니다.참고로, 2020.7월부터 초고속인터넷과 유료방송결합서비스 변경 시 이동한 사업자에게 가입신청과 해지를 한번에 처리할 수 있는 원스톱 사업자 전환서비스가 시행되고 있습니다(2020. 7. 17.자 방송통신위원회 보도자료 참고)."
1047, 초고속인터넷, 계약불이행_대리 계약해지 불이행으로 인한 해지 누락,"기존의 초고속인터넷서비스 해지 및 위약금 대리 납부 조건으로 통신사업자와 새롭게 유선으로 계약을 했는데, 요금이 이중으로 청구되었습니다. 이중으로 청구된 요금에 대한 보상을 요구할 수 있을까요? ","계약 당시 기존 계약해지 여부 및 방법 등을 자세히 설명하지 않았음이 확인된다면, 이중 청구금액과 새로운 계약해지에 따른 위약금 등을 요구할 수 있습니다.「민법」 제390조(채무불이행과 손해배상)에 따르면 채무자가 채무의 내용에 좇은 이행을 하지 아니한 때에는 채권자는 손해배상을 청구할 수 있다고 규정하고 있고, 「전기통신사업법」 제50조(금지행위)에 따르면 전기통신사업자가 이용자에게 전기통신서비스의 이용요금, 약정조건, 요금할인 등의 중요한 사항을 설명 또는 고지하지 아니하거나 거짓으로 설명 또는 고지하는 행위를 금지행위로 규정하고 있습니다.따라서, 사업자가 계약체결 당시 소비자에게 계약에 대한 주요 약관 및 정보, 기존 계약을 처리하는 방법 등을 자세히 설명하였다고 볼 만한 사정이 없거나 기존 계약의 해지 및 위약금 대리 지급 등을 약속한 것으로 오인할 만한 내용이 확인된다면, 기존 계약을 해지하지 않아 발생한 이중 청구금액과 새로운 계약해지에 따른 위약금 등을 요구할 수 있다고 판단됩니다."
1048, 초고속인터넷, 부당행위_위약금 부당청구,인터넷과 종합유선상품을 10여년 넘게 사용했습니다. 그러나 인터넷 속도가 느리고 TV가 자주 끊겨 계약해지를 요청하자 할인반환금이라며 위약금을 요구하고 있습니다. 위약금을 지급해야 하나요?,"인터넷 속도가 사업자의 약관에서 정하고 있는 최저속도 보장기준보다 느리거나 장애로 서비스 제공 중단으로 계약을 해지하는 경우라면 위약금 면제를 요구할 수 있습니다.공정거래위원회가 고시한 통신결합상품 관련 '소비자분쟁해결기준‘에 따르면 약관에서 정하고 있는 최저속도 보장기준 미달로 인한 해제·해지사유 발생 시와 각각의 서비스 항목에서 규정한 장애 시간 또는 장애 횟수 초과로 해제·해지사유 발생 시 결합상품 전체에 대한 위약금 없는 계약해지를 하도록 규정하고 있습니다.따라서, 인터넷 속도가 사업자의 약관에서 정하고 있는 최저속도 보장기준보다 느리거나 장애로 서비스 제공 중단으로 계약을 해지하는 경우라면 위약금 면제를 요구할 수 있다고 판단됩니다.다만, 인터넷서비스(결합) 가입 시 약정기간이 정해져 있을 경우 약정기간 이내 해지 시 가입신청서 및 이용약관에 따라 위약금이 발생할 수 있습니다."
1049, 초고속인터넷, 품질_평일 18시 이후 설치기사 방문요구,"직장인으로 인터넷서비스 장애가 발생하여 평일 19시 이후 점검을 요청하였으나 사업자가 불가하다고 하여 계약을 해지했는데, 위약금을 요구하고 있습니다. 위약금을 지급해야 하나요?","사업자가 소비자에게 평일 19:00 이후에 방문 A/S를 제공할 의무가 있다고 보기 어렵기 때문에 사업자에게 위약금 없는 계약해지를 요구하는 것은 어려울 것으로 보입니다.공정거래위원회가 고시한 초고속인터넷 통신망 서비스업 관련 '소비자분쟁해결기준‘에 따르면 1시간 이상의 서비스 장애가 월 3회 이상 발생한 경우에는 위약금 없이 계약해지를 하도록 규정하고 있으며, 평일 영업시간은 09:00부터 18:00까지로 하는 것이 일반인에게 관행으로 인식되고 있습니다.따라서, 인터넷 연결 장애가 1회 발생하였고, 당사자 간 방문 A/S 제공 시간에 관한 별도의 약정이 존재하지 않는다면 사업자가 소비자에게 평일 19:00 이후에 방문 A/S를 제공할 의무가 있다고 보기 어렵기 때문에 사업자에게 소비자의 일정이나 요구에 맞춰 A/S를 진행하지 못한 책임이 있다고 보기 어렵습니다. 그러므로 사업자에게 위약금 없는 계약해지를 요구하는 것은 어렵다고 판단됩니다."
1050, 초고속인터넷, 부당행위_비동거 배우자의 동의로 재약정된 계약의 해지,명의자 동의 없이 비동거 중인 배우자의 동의만으로 초고속인터넷서비스와 방송이 재약정된 사실을 뒤늦게 확인하고 위약금 없이 해지를 요청하자 거절되었습니다. 위약금을 지급해야 하나요? ,"비동거 배우자의 동의만 받고 재약정을 하였다면 명의자 동의 없이 계약기간이 자동 연장된 것으로 볼 수 있기 때문에 위약금 없이 계약해지를 할 수 있으며, 이미 납부한 요금에 대해전액 환급을 요구할 수 있습니다.「민법」 제827조(부부간의 가사대리권)에 따르면 부부는 일상 가사에 관하여 서로 대리권이 있다고 규정하고 있고, 공정거래위원회가 고시한 초고속인터넷 통신망 서비스업 관련 '소비자분쟁해결기준‘에 따르면 계약기간이 자동 연장된 경우 계약기간 만료 전 해지 할 때 위약금 없이 계약해지를 할 수 있도록 규정하고 있습니다.따라서, 초고속인터넷 서비스 계약 및 해지는 이용자 본인 명의로 해야 하며, 비동거 배우자의 동의만 받고 재약정을 하였다면 명의자 동의 없이 계약기간이 자동 연장된 것으로 볼 수 있기 때문에 위약금 없이 계약해지를 할 수 있으며, 이미 납부한 요금에 대해서는 전액 환급을 요구할 수 있다고 판단됩니다.다만, 가족 동의에 의한 약정 연장의 유효성 여부는 ’민법‘ 등 법률과 계약 당시의 상황 등을 종합적으로 고려하여 판단합니다."
1051, 초고속인터넷, 부당행위_동의없는 미성년자 가입,"인터넷 요금이 과다하게 청구되어 확인한 결과, 미성년 자녀가 부모 동의 없이 전화로 초고속인터넷 서비스에 가입한 것을 뒤늦게 알았습니다. 자동으로 납부된 요금을 환급받을 수 있을까요?","미성년자가 법정대리인인 부모의 동의 없이 인터넷서비스 이용 계약을 체결했다면 그 부모는 사업자에게 계약을 취소하고, 미납요금과 위약금 지급 요구를 거절할 수 있으며, 이미 납부한 이용요금에 대해 환급을 요구할 수 있습니다.「민법」 제5조(미성년자의 능력)에 따르면 미성년자가 법률행위를 하려면 법정대리인의 동의를 얻어야 하고, 법정대리인의 동의를 얻지 못한 미성년자의 법률행위는 취소할 수 있다고 규정하고 있고, 공정거래위원회가 고시한 초고속인터넷 통신망 서비스 관련 '소비자분쟁해결기준‘에 따르면 법정대리인의 동의 없는 미성년자 계약인 경우 계약을 취소할 수 있다고 규정하고 있습니다.따라서, 미성년자가 법정대리인인 부모의 동의 없이 인터넷서비스 이용 계약을 체결했다면 그 부모는 사업자에게 계약을 취소하고, 미납요금과 위약금 지급 요구를 거절할 수 있으며, 이미 납부한 이용요금에 대해 환급을 요구할 수 있다고 판단됩니다.다만, 부모가 미성년 자녀의 계약을 인지하고 이용요금 납부 등 계약 내용의 일부를 이행한 사실이 있다면 취소할 수 있는 행위를 추인한 것으로 간주하여 동 계약의 취소 요구가 어렵고 계약의 해지만 요구할 수 있으므로 주의가 필요합니다"
1052, 초고속인터넷, 부당행위_미동의 부가서비스 가입,사업자로부터 전화를 받은 후 카톡으로 부가서비스에 가입되었다는 문자를 받았습니다. 부가서비스 가입에 동의하지 않았는데 설명도 없이 일방적으로 부가서비스에 가입되고 요금이 인출되었습니다. 부가서비스 이용요금을 환급받을 수 있을까요?,"미신청한 부가서비스 관련 납부 금액에 대해서는 요금 청구를 취소할 수 있고, 요금을 납부했다면 납부한 금액에 대해 환급을 요구할 수 있습니다.「방문판매등에 관한 법률」 제8조(청약철회등)에 따르면 전화권유판매의 방법으로 재화 등의 구매에 관한 계약을 체결한 소비자는 계약서를 교부받은 날부터 14일, 계약서를 교부받은 때보다 재화 등의 공급이 늦게 이루어진 경우에는 재화 등을 공급받거나 공급이 개시된 날부터 14일 이내 당해 계약에 관한 청약철회를 할 수 있도록 규정하고 있습니다. 또한, 「전기통신사업법」 제50조(금지행위)에 따르면 전기통신사업자가 이용자에게 전기통신서비스의 이용요금, 약정조건, 요금할인 등의 중요한 사항을 설명 또는 고지하지 아니하거나 거짓으로 설명 또는 고지하는 행위를 금지행위로 규정하고 있습니다.따라서, 미신청한 부가서비스 관련 납부 금액에 대해서는 계약일로부터 14일 이내라면 청약철회를 할 수 있습니다. 청약철회 기간이 경과하였더라도 당초의 약정과 다르다는 것이 객관적으로 확인이 가능하다면 요금 청구를 취소할 수 있고, 요금을 납부했다면 납부한 금액에 대해 환급을 요구할 수 있다고 판단됩니다.다만, 계약서에 부가서비스 이용요금을 부과한다는 내용이 있을 경우 합의권고에 어려움이 있습니다."
1053, 초고속인터넷, 부당행위_계약해지 시 장비 미회수,"인터넷과 휴대폰, TV 결합상품을 3년 약정으로 사용하다가 개인 사정으로 해지를 요청하고 다른 통신사로 변경하였습니다. 그런데 사업자가 계약유지를 요구하며 공유기 및 셋톱박스 등의 장비를 회수하지 않고 있습니다. 사업자가 요금을 청구하면 지급해야 하나요?","적법하게 해지 신청된 사실이 확인되었다면 사업자에게 5일 이내에 관련 장비를 회수하도록 요구할 수 있으며 요금 납부 의무가 없다고 볼 수 있습니다.통신결합상품 가입 시 약정기간이 정해져 있을 경우 약정기간 이내 해지 시 가입신청서 및 이용약관에 따라 위약금이 발생할 수 있으며, 추후 분쟁을 방지하기 위해 장비도 신속 정확하게 반납할 필요가 있습니다.공정거래위원회가 고시한 초고속 인터넷통신망 서비스업 관련 '소비자분쟁해결기준‘에 따르면 사업자의 모뎀, 셋톱박스 등 장비 회수 기간은 해지일 또는 소비자와 협의일로부터 영업일 기준 5일 이내로 규정하고 있으며, 동 기간 경과 후에 발생하는 장비 분실 또는 훼손의 책임을 소비자에게 묻지 못하도록 규정되어 있습니다.또한, 소비자가 계약해지를 요구한 경우 해지 희망일을 입증할 수 없는 경우에는 해지 신청일을 해지일로 보며, 해지 희망일과 해지 신청일을 모두 입증할 수 없는 경우에는 해지 분쟁발생일을 해지일로 보고 있으며 해지일 이후 부과 납부된 요금은 소비자에게 환급하도록 규정하고 있습니다.따라서, 적법하게 해지 신청이 되었다면 사업자에게 5일 이내에 관련 장비를 회수하도록 요구할 수 있으며 요금 납부 의무가 없다고 판단됩니다.다만, 통신사업자에게 해지 의사를 통보하지 않았거나 해지 의사를 통보했다는 명확한 증거자료를 제시하지 못한다면, 요금이 청구될 수 있습니다."
1054, 초고속인터넷, 부당행위_개인정보 유출,인터넷 가입 후 대리점에서 가입신청서가 유출되어 스팸성 전화를 주 3회 이상 받고 있습니다. 이러한 피해에 대해 어떻게 대응해야 할까요?,개인정보 유출 및 침해와 관련하여 위법사실이 있는 경우에는 한국인터넷진흥원 개인정보침해신고센터(국번없이118 http://privacy.kisa.or.kr)로 신고하시면 적절한 조치를 받으실 수 있습니다. 소비자는 탈퇴 의사를 명확히 하고 사업자는 소비자의 회원 탈퇴 요청이 확인되면 즉시 해당 사이트에서 회원의 개인정보를 삭제하고 탈퇴 처리를 하여야 합니다.개인정보 유출 및 침해와 관련하여 위법 사실이 있는 경우에는 한국인터넷진흥원 개인정보침해신고센터(국번없이118 http://privacy.kisa.or.kr)로 신고하시면 적절한 조치를 받으실 수 있다고 판단됩니다.
1055, 캐주얼바지, 계약해제·해지_일반매장 구입,보세 매장에서 청바지를 구입하고 당일 환급을 요구하였으나 사업자는 환급이 불가하다는 자사 방침을 사전에 고지했다며 거부하고 있습니다. 환급을 받을 수 있나요?,"사업자가 환급 불가라는 자사 방침을 충분히 설명하였고, 이에 소비자가 동의하였을 경우에는 환급을 요구하는 것이 어렵습니다.   공정거래위원회가 고시한 의복류 관련 ‘소비자분쟁해결기준’에 따르면, 치수(사이즈)가 맞지 않거나 디자인·색상에 불만이 발생했을 때 제품 구입 후 7일 이내로서 제품에 손상이 없는 경우에 한하여 교환 또는 환급을 요구할 수 있습니다. 다만, 구매 당시 교환 및 환급 불가 사실을 판매자가 명시적으로 표기 또는 고지를 하였다면 당사자 간에 이러한 내용의 계약을 체결한 것으로 보아 교환 및 환급을 요구하기 어렵다고 판단됩니다.   일반매장에서 상품 구입 후 교환 및 반품과 관련된 분쟁이 자주 발생하는데, 매장의 환급 규정, 교환 가능 유무 등을 꼼꼼히 확인한 후 상품을 구입할 필요가 있습니다."
1056, 캐주얼바지, 계약해제·해지_가격기재 오류,"전자상거래로 5,000원 특가 면바지를 주문하였으나 이틀 후 사업자가 50,000원 면바지를 5,000원으로 잘못 기재하였다고 주장하면서 일방적으로 주문을 취소해버렸습니다. 계약이행을 주장할 수 있나요?","계약이행을 주장하기 어렵습니다.   「민법」 제109조(착오로 인한 의사표시)에 따르면 계약은 신의성실의 원칙에 따라 이행되어야 하나, 의사표시 당사자가 중요 부분에 착오가 있었다면 취소할 수 있습니다. 또한, 「전자상거래 등에서의 소비자보호에 관한 법률」 제15조(재화등의 공급 등)에 따르면 사업자가 청약을 받은 재화를 공급하기 곤란하다는 것을 알았을 때 그 사유를 소비자에게 알리고 대금을 3영업일 이내에 환급하거나 해당 조치를 하도록 규정하고 있습니다.   따라서, 제품 가격 5,000원이 통상가격의 10% 이하 가격인 점을 감안하면 사업자의 착오 주장은 인정될 수 있으며, 사업자는 계약체결 및 결제 이틀 이내 소비자에게 ’고지 및 환급‘ 조치를 완료했으므로 사업자의 계약취소 요구에 대해 소비자가 계약이행을 주장하기는 어렵다고 판단됩니다."
1057, 캐주얼바지, 계약해제·해지_정품 의심,"전자상거래로 명품 청바지를 구입한 후 정품이 아닌 것 같은 느낌이 들어 환급을 요구하였으나, 사업자는 가품이라는 말에 화를 내며 환급을 거부합니다. 환급을 받을 수 있나요?","청약철회 기간이 경과한 후에는 가품이 의심되는 주관적인 추측, 정황만으로는 환급을 요구하기 어렵습니다.   「전자상거래 등에서의 소비자보호에 관한 법률」 제17조(청약철회등)에 따르면 소비자는 전자상거래로 구입한 제품에 대하여 공급받은 날로부터 7일 이내(표시·광고의 내용과 다르거나 계약 내용과 다르게 이행된 경우에는 공급받은 날부터 3개월, 사실을 안 날 또는 알 수 있었던 날부터 30일 이내)에 청약철회를 요청할 수 있으나, 해당 제품이 재판매가 불가할 정도로 훼손된 경우에는 청약철회를 제한하도록 규정하고 있습니다.   이 사안에서 청약철회 기간 내에 환급을 요구할 경우에는 단순 변심에 따른 청약철회가 가능하며, 청약철회 기간이 경과한 후 환급을 요구할 경우에는 가품이 의심되는 주관적인 추측만으로는 청약철회를 요구하기 어렵다고 판단됩니다.   다만, 육안상 가품으로 의심되는 경우에는 해당 브랜드 업체, 감정기관, 상표권자 등에 요청하여 가품 입증자료를 확보하면 피해구제 신청이 가능합니다."
1058, 캐주얼바지, 청약철회_배송 지연,전자상거래로 반바지를 구입한 후 몇 주가 지나도 배송이 되지 않아 환급을 요구하였으나 사업자는 현재 배송중이라며 이를 거부합니다. 송장번호도 확인이 안되는데 환급을 받을 수 있나요?,"사업자에게 환급을 요구할 수 있습니다.   「전자상거래 등에서의 소비자보호에 관한 법률」 제15조(재화등의 공급 등)에 따르면 사업자는 소비자가 청약을 한 날부터 7일 이내에 재화 등의 공급에 필요한 조치를 하여야 하고, 소비자가 재화 등의 대금을 전부 또는 일부를 지급한 날부터 3영업일 이내에 재화 등의 공급에 필요한 조치를 하여야 한다고 규정하고 있습니다. 또한, 청약을 받은 재화 등을 공급하기 곤란하다는 것을 알았을 때에는 지체 없이 그 사유를 소비자에게 알려야 하고, 소비자가 그 대금의 전부 또는 일부를 지급한 날부터 3 영업일 이내에 환급하거나 환급에 필요한 조치를 하도록 규정하고 있습니다.   따라서, 사업자가 물품의 배송이 힘들 것으로 판단되었을 때 그에 따른 안내를 소비자에게 하여야 할 의무가 있음에도 불구하고 이를 고지하지 않고 배송 중이라는 사유로 청약철회를 거부하고 있으며, 청약철회의 효과와 동일하게 대금의 환급이 이루어져야 함에도 불구하고 이를 이행하고 있지 않은 것으로 판단됩니다. 따라서, 소비자는 사업자에게 환급을 요구할 수 있다고 판단됩니다.   ※ 통신판매업자에 대한 청약철회 의사표시 방법은 법률상 특별한 제한이 없으므로 전화, 서면, 전자문서 모두 가능합니다. 다만, 전화로 의사표시를 한 경우 간혹 판매자가 청약철회 요구를 받은 사실이 없다고 주장하는 경우가 있으므로, 쇼핑몰 게시판에 청약철회 의사를 표시하고 그 화면을 캡처하여 보관하거나 서면으로 발송하는 것이 좋습니다. 서면으로 발송한 경우에는 발송한 날에 그 효력이 발생합니다. 또한, 사업자에게 청약철회를 요청하였는데도 특별한 사유없이 이를 거부할 경우, 「전자상거래 등에서의 소비자보호에 관한 법률」 제18조에 따라 신용카드로 대금을 결제하였다면 신용카드사에 처리를 요구할 수 있으니 참고하시기 바랍니다."
1059, 캐주얼바지," 청약철회_제품 훼손, 오염, 냄새","청약철회 의사를 밝히고 수령한 청바지를 그대로 반송하였으나, 사업자가 반송된 제품의 훼손, 오염, 냄새 등으로 인해 거부하고 있습니다. 청약철회가 가능한가요? ","사업자가 제품의 훼손, 오염, 냄새의 원인이 소비자에게 있다고 입증하지 못한다면 청약철회를 요구할 수 있습니다.   「전자상거래 등에서의 소비자보호에 관한 법률」 제17조(청약철회등) 제2항에 따르면 소비자의 책임 있는 사유로 재화 등이 멸실되거나 훼손된 경우, 소비자의 사용 또는 일부 소비로 재화 등의 가치가 현저히 감소한 경우와 같이 예외적인 경우 청약철회를 할 수 없다고 규정하고 있습니다.   재화 등의 훼손에 대하여 소비자의 책임이 있는지 여부에 관하여 다툼이 있는 경우에는 사업자가 이를 입증해야 하므로, 소비자는 사업자가 발송한 제품에 하자가 존재하지 않는다는 점에 대한 입증을 요구하고 이를 입증하지 못하는 한 청약철회를 요구할 수 있다고 판단됩니다.   ※ 통신판매업자에 대한 청약철회 의사표시 방법은 법률상 특별한 제한이 없으므로 전화, 서면, 전자문서 모두 가능합니다. 다만, 전화로 의사표시를 한 경우 간혹 판매자가 청약철회 요구를 받은 사실이 없다고 주장하는 경우가 있으므로, 쇼핑몰 게시판에 청약철회 의사를 표시하고 그 화면을 캡처하여 보관하거나 서면으로 발송하는 것이 좋습니다. 서면으로 발송한 경우에는 발송한 날에 그 효력이 발생합니다. 또한, 사업자에게 청약철회를 요청하였는데도 특별한 사유없이 이를 거부할 경우, 「전자상거래 등에서의 소비자보호에 관한 법률」 제18조에 따라 신용카드로 대금을 결제하였다면 신용카드사에 처리를 요구할 수 있으니 참고하시기 바랍니다."
1060, 캐주얼바지, 청약철회_주문제작,전자상거래로 면바지를 구입하고 단순 변심으로 청약철회를 요구하였으나 사업자는 주문 즉시 제작하는 ‘Order Made’ 상품임을 주장하면서 거절하고 있습니다. 청약철회가 가능한가요?,"사업자가 주문제작으로 청약철회가 어렵다는 사실을 고지하고 이에 소비자가 동의하였으며, 청약철회 시 중대한 피해가 예상된다는 것을 증명한 경우에는 청약철회를 요구하기 어렵습니다.   「전자상거래 등에서의 소비자보호에 관한 법률」 제17조(청약철회등)에 따르면 소비자의 청약철회 권리를 보호하고 있으나, ‘소비자의 사용 또는 책임 있는 사유로 재화가 훼손되거나 가치가 감소한 경우, 시간의 경과로 재판매가 곤란할 정도로 가치가 하락된 경우, 복제 가능한 재화 등의 포장을 훼손한 경우’에는 그 권리를 제한하고 있으며, 동법 시행령 제21조(청약철회등의 제한)에 따르면 소비자의 주문에 의하여 개별적으로 생산되는 재화‘의 청약철회를 인정하는 경우, 통신판매업자에게 회복할 수 없는 중대한 피해가 예상되는 경우로서 사전에 당해 거래에 대하여 별도로 그 사실을 고지하고 소비자의 서면(전자문서를 포함한다)에 의한 동의를 얻은 경우에는 청약철회 요청을 거부할 수 있다고 규정하고 있습니다.   따라서, 사업자가 청약철회 시 재판매 등이 어렵다는 사실을 사전에 고지하면서 소비자의 서면(전자문서를 포함한다)에 의한 동의를 얻었고, 특정 개인의 요구사항에 맞게 그 구성이 개별적으로 달리하게 된 제품이면서 청약철회 시 재판매 등이 어려워 중대한 피해가 예상된다는 것을 증명할 경우에는 청약철회가 어렵다고 판단됩니다.   다만, 소비자가 해당 제품이 이미 사이즈의 종류가 정해져 있는 상황에서 단순히 선택만 하였거나 청약철회 시 주문제작 착수 전일 경우에는 청약철회를 요구할 수 있습니다."
1061, 캐주얼바지, 청약철회_SNS 판매,SNS에서 청바지를 구입하고 단순변심으로 반품을 요청하였으나 이를 거부하며 SNS를 차단한 후 연락이 되지 않습니다. 청약철회가 가능한가요?,"SNS 운영자가 통신판매업자로 등록하지 않은 개인이거나 사업자정보를 확인하기 어려운 경우에는 청약철회를 요구하기 어렵습니다.   「전자상거래 등에서의 소비자보호에 관한 법률」 제9조의2(전자게시판서비스 제공자의 책임)에 따르면 전자게시판서비스 제공자는 해당 게시판을 이용하여 통신판매 또는 통신판매중개가 이루어지는 경우 이로 인한 소비자피해가 발생하지 아니하도록 소비자보호조치를 이행하도록 규정하고 있습니다. 또한, 이에 따른 의무를 준수하도록 안내 및 권고를 하고, 소비자의 피해구제신청을 대행하는 장치를 마련하고 운영하며, 기타 소비자피해를 방지하기 위한 사항을 이행함과 동시에 사업자정보 역시 제공할 의무가 있습니다.   따라서, 통신판매업자로 등록한 사업자의 경우에는 해당 지자체(사업자 소재지)를 통해 연락 두절, 폐업, 폐쇄 등의 사실을 확인한 후 청약철회를 요구할 수 있으나, 통신판매업자로 등록하지 않은 개인이거나 또는 사업자정보(상호, 대표자명, 주소, 전화번호, 전자우편주소, 통신판매신고 번호 등) 확인이 불가한 경우에는 청약철회를 요구하기 어렵다고 판단됩니다."
1062, 캐주얼바지, 청약철회_구성품 누락,전자상거래로 고가의 청바지를 구입하고 사이즈 착오로 반품을 요청하였으나 사업자가 구성품(포장지 비닐) 누락을 이유로 거부합니다. 청약철회가 가능한가요?,"구성품이 일부라도 누락된 상태라면 청약철회를 요구하기 어렵습니다.   「전자상거래 등에서의 소비자보호에 관한 법률」 제17조(청약철회등)에 따르면 소비자에게 책임이 있는 사유로 재화 등이 멸실되거나 훼손된 경우 청약철회를 할 수 없다고 규정하고 있습니다.   고가의 의류나 해외 구매대행 제품 등은 포장지에 제품의 정보를 담고 있는 바코드 스티커와 로고가 각인되어 있는 경우가 많아 개봉 시 주의할 필요가 있으며, 이 경우 사업자가 사전에 “포장 훼손 시 청약철회 불가”를 고지했다면 청약철회가 어렵다고 판단됩니다.   따라서, 제품 확인을 위해 포장을 개봉했다 하더라도 청약철회를 요청하기 위해서는 배송된 상태(제품 및 바코드 스티커 등 구성품 일체) 그대로 보존하여 반품해야 합니다.   ※ 통신판매업자에 대한 청약철회 의사표시 방법은 법률상 특별한 제한이 없으므로 전화, 서면, 전자문서 모두 가능합니다. 다만, 전화로 의사표시를 한 경우 간혹 판매자가 청약철회 요구를 받은 사실이 없다고 주장하는 경우가 있으므로, 쇼핑몰 게시판에 청약철회 의사를 표시하고 그 화면을 캡처하여 보관하거나 서면으로 발송하는 것이 좋습니다. 서면으로 발송한 경우에는 발송한 날에 그 효력이 발생합니다. 또한, 사업자에게 청약철회를 요청하였는데도 특별한 사유없이 이를 거부할 경우, 「전자상거래 등에서의 소비자보호에 관한 법률」 제18조에 따라 신용카드로 대금을 결제하였다면 신용카드사에 처리를 요구할 수 있으니 참고하시기 바랍니다."
1063, 캐주얼바지, 청약철회_7일 이내 반품 미완료,전자상거래로 청바지를 구입하고 단순 변심으로 반품을 요청하였으나 사업자가 7일 이내 제품이 도착하지 않았다는 이유로 거부합니다. 청약철회가 가능한가요?,"청약철회를 요구할 수 있습니다.   「전자상거래 등에서의 소비자보호에 관한 법률」(이하, ‘전자상거래법’) 제17조(청약철회등)에 따르면 소비자는 단순 변심에 의한 청약철회의 경우 상품 수령일로부터 7일 이내에 청약철회를 할 수 있고, 이를 위반한 약정으로써 소비자에게 불리한 것은 효력이 없는 것으로 규정하고 있습니다.   따라서, 만약 사업자가 “반품은 상품이 7일 이내 쇼핑몰에 도착해야만 환급 가능하다”고 표시하였다고 하더라도 이는 ‘전자상거래법’ 제17조를 위반한 약정으로 소비자에게 불리한 것이므로 효력이 없다고 보며, 소비자가 제품을 수령한 날로부터 7일 이내 청약철회 의사표시를 하고 반품 절차를 진행했다면 설령 반품한 상품이 7일 이내 쇼핑몰에 도착하지 못했다 하더라도 청약철회 권리를 제한할 수는 없다고 판단됩니다.   ※ 통신판매업자에 대한 청약철회 의사표시 방법은 법률상 특별한 제한이 없으므로 전화, 서면, 전자문서 모두 가능합니다. 다만, 전화로 의사표시를 한 경우 간혹 판매자가 청약철회 요구를 받은 사실이 없다고 주장하는 경우가 있으므로, 쇼핑몰 게시판에 청약철회 의사를 표시하고 그 화면을 캡처하여 보관하거나 서면으로 발송하는 것이 좋습니다. 서면으로 발송한 경우에는 발송한 날에 그 효력이 발생합니다. 또한, 사업자에게 청약철회를 요청하였는데도 특별한 사유없이 이를 거부할 경우, 「전자상거래 등에서의 소비자보호에 관한 법률」 제18조에 따라 신용카드로 대금을 결제하였다면 신용카드사에 처리를 요구할 수 있으니 참고하시기 바랍니다."
1064, 캐주얼바지, 청약철회_사이즈 표기 오류,"전자상거래로 30 사이즈 청바지를 구입하고 박스 표면에 표기된 사이즈를 확인한 후 그대로 보관했는데, 7일을 경과한 후 제품을 열어보니 34 사이즈였습니다. 이에 사업자에게 반품을 요구하였으나 청약철회기간인 7일이 지났다며 이를 거부합니다. 청약철회가 가능한가요?","소비자가 통상적 주의력을 가지고도 제품의 하자 또는 계약불이행 여부를 확인하기 어려운 상황이라면 청약철회를 요구할 수 있습니다.   「전자상거래 등에서의 소비자보호에 관한 법률」 제17조(청약철회등)에 따르면 재화 등을 공급받거나 재화 등의 공급이 시작된 날부터 7일 이내에 청약철회를 할 수 있지만, 재화 등의 내용이 표시, 광고의 내용과 다르거나 계약내용과 다르게 이행된 경우에는 그 재화 등을 공급받은 날부터 3개월 이내, 그 사실을 안 날 또는 알 수 있었던 날부터 30일 이내에 청약철회 권리를 행사할 수 있다고 규정하고 있습니다.   이 사례에서는 포장 박스에 30 사이즈로 표기가 되어 있었고, 소비자가 제품을 전혀 착용하지 않았기 때문에 소비자가 통상적인 주의력을 가지고 해당 하자 또는 계약불이행 여부를 확인하기 어려운 상태로 볼 수 있으므로 계약내용과 다르게 이행되었다는 사실을 안 날로부터 30일 이내인 점을 고려했을 때, 청약철회 요구가 가능하다고 판단됩니다.   단, 이때 사업자는 청약철회를 수용하더라도 소비자가 제품의 일부 사용, 소비로 얻은 이익 또는 그에 상당하는 비용을 소비자에게 청구할 수 있습니다.    ※ 통신판매업자에 대한 청약철회 의사표시 방법은 법률상 특별한 제한이 없으므로 전화, 서면, 전자문서 모두 가능합니다. 다만, 전화로 의사표시를 한 경우 간혹 판매자가 청약철회 요구를 받은 사실이 없다고 주장하는 경우가 있으므로, 쇼핑몰 게시판에 청약철회 의사를 표시하고 그 화면을 캡처하여 보관하거나 서면으로 발송하는 것이 좋습니다. 서면으로 발송한 경우에는 발송한 날에 그 효력이 발생합니다. 또한, 사업자에게 청약철회를 요청하였는데도 특별한 사유없이 이를 거부할 경우, 「전자상거래 등에서의 소비자보호에 관한 법률」 제18조에 따라 신용카드로 대금을 결제하였다면 신용카드사에 처리를 요구할 수 있으니 참고하시기 바랍니다."
1065, 캐주얼바지, 청약철회_사이즈 문제,"전자상거래로 청바지를 구입하고 수령 후 사이즈가 맞지 않아 반품을 요구하였으나, 사업자는 소재 특성상 반품이 불가함을 미리 고지하였다며 거절하고 있습니다. 청약철회가 가능한가요?","재판매가 곤란할 정도의 제품 훼손이 없다면 청약철회를 요구할 수 있습니다.   「전자상거래 등에서의 소비자보호에 관한 법률」 제17조(청약철회등)에 따르면 소비자는 계약내용에 관한 서면을 교부받은 날(서면을 교부받은 때보다 재화 등의 공급이 늦게 이루어진 경우에는 재화 등의 공급을 받거나 공급이 개시된 날)부터 7일 이내에 당해 계약에 관한 청약을 철회할 수 있으며, 동법 제18조에는 색상, 디자인 혹은 사이즈 불만 등의 사유로 청약철회를 요청한 경우 반환에 소요되는 비용(반품비)은 소비자가 부담해야 한다고 규정하고 있습니다.   따라서, 홈페이지에 반품, 교환, 환급 등이 불가하다고 쓰여 있거나, 반품을 원할 경우에는 적립금으로 환급 처리된다고 고지되어 있더라도 청약철회와 관련하여 소비자에게 불리한 약정은 효력이 없기 때문에 재판매가 곤란할 정도의 제품 훼손이 없다면 반품비를 소비자가 부담하고 청약철회를 요구할 수 있다고 판단됩니다.   ※ 통신판매업자에 대한 청약철회 의사표시 방법은 법률상 특별한 제한이 없으므로 전화, 서면, 전자문서 모두 가능합니다. 다만, 전화로 의사표시를 한 경우 간혹 판매자가 청약철회 요구를 받은 사실이 없다고 주장하는 경우가 있으므로, 쇼핑몰 게시판에 청약철회 의사를 표시하고 그 화면을 캡처하여 보관하거나 서면으로 발송하는 것이 좋습니다. 서면으로 발송한 경우에는 발송한 날에 그 효력이 발생합니다. 또한, 사업자에게 청약철회를 요청하였는데도 특별한 사유없이 이를 거부할 경우, 「전자상거래 등에서의 소비자보호에 관한 법률」 제18조에 따라 신용카드로 대금을 결제하였다면 신용카드사에 처리를 요구할 수 있으니 참고하시기 바랍니다."
1066, 캐주얼바지, 청약철회_반품·교환불가 사전 고지,"전자상거래로 반바지를 구입하고 수령 후 단순 변심으로 반품을 요구하였으나, 사업자는 반품, 교환, 환급이 불가하다는 문구를 쇼핑몰에 고지하였음을 근거로 거절하고 있습니다. 청약철회가 가능한가요?","재판매가 곤란할 정도의 제품 훼손이 없다면 청약철회를 요구할 수 있습니다.      「전자상거래 등에서의 소비자보호에 관한 법률」 제17조(청약철회등)에 따르면 소비자는 계약내용에 관한 서면을 교부받은 날(서면을 교부받은 때보다 재화 등의 공급이 늦게 이루어진 경우에는 재화 등의 공급을 받거나 공급이 개시된 날)부터 7일 이내에 당해 계약에 관한 청약을 철회할 수 있으며, 동법 제18조에는 색상, 디자인 혹은 사이즈 불만 등의 사유로 청약철회를 요청한 경우 반환에 소요되는 비용(반품비)은 소비자가 부담해야 한다고 규정하고 있습니다.   따라서, 홈페이지에 반품, 교환, 환급 등이 불가하다고 쓰여 있거나, 반품을 원할 경우에는 적립금으로 환급 처리된다고 고지되어 있더라도 청약철회와 관련하여 소비자에게 불리한 약정은 효력이 없기 때문에 재판매가 곤란할 정도의 제품 훼손이 없다면 반품비를 소비자가 부담하고 청약철회를 요구할 수 있다고 판단됩니다.   ※ 통신판매업자에 대한 청약철회 의사표시 방법은 법률상 특별한 제한이 없으므로 전화, 서면, 전자문서 모두 가능합니다. 다만, 전화로 의사표시를 한 경우 간혹 판매자가 청약철회 요구를 받은 사실이 없다고 주장하는 경우가 있으므로, 쇼핑몰 게시판에 청약철회 의사를 표시하고 그 화면을 캡처하여 보관하거나 서면으로 발송하는 것이 좋습니다. 서면으로 발송한 경우에는 발송한 날에 그 효력이 발생합니다. 또한, 사업자에게 청약철회를 요청하였는데도 특별한 사유없이 이를 거부할 경우, 「전자상거래 등에서의 소비자보호에 관한 법률」 제18조에 따라 신용카드로 대금을 결제하였다면 신용카드사에 처리를 요구할 수 있으니 참고하시기 바랍니다."
1067, 캐주얼바지, 청약철회_흰색 제품 반품 거부,"전자상거래로 흰색 반바지를 구입하고 수령 후 단순 변심으로 반품을 요구하였으나, 사업자는 흰색 제품은 반품이 불가하다는 문구를 쇼핑몰에 고지하였음을 근거로 거절하고 있습니다. 청약철회가 가능한가요?","재판매가 곤란할 정도의 제품 훼손이 없다면 청약철회를 요구할 수 있습니다.      「전자상거래 등에서의 소비자보호에 관한 법률」 제17조(청약철회등)에 따르면 소비자의 청약철회 권리를 보호하고 있으나, ‘소비자의 사용 또는 책임 있는 사유로 재화가 훼손되거나 가치가 감소한 경우, 시간의 경과로 재판매가 곤란할 정도로 가치가 하락된 경우, 복제 가능한 재화 등의 포장을 훼손한 경우’에는 그 권리를 제한하고 있습니다. ‘주문에 의해 개별적으로 생산되는 재화’ 또한 통신판매사업자에게 회복할 수 없는 중대한 피해가 예상되는 경우, 사전에 당해 거래에 대해 별도로 그 사실을 고지하고 소비자의 서면 동의를 받아 두었다면 청약철회 요청을 거부할 수 있습니다.   하지만, 흰색 제품은 반품이 어렵다고 고지되어 있더라도 청약철회와 관련하여 소비자에게 불리한 약정으로 효력이 없으며, 공정거래위원회에서도 ‘흰색계열, 세일 상품’ 등의 이유로 청약철회를 거부하는 것을 ‘청약철회 방해 행위’로 보고 있기 때문에 재판매가 곤란할 정도의 제품 훼손이 없다면 반품비를 소비자가 부담하고 청약철회를 요구할 수 있다고 판단됩니다.   ※ 통신판매업자에 대한 청약철회 의사표시 방법은 법률상 특별한 제한이 없으므로 전화, 서면, 전자문서 모두 가능합니다. 다만, 전화로 의사표시를 한 경우 간혹 판매자가 청약철회 요구를 받은 사실이 없다고 주장하는 경우가 있으므로, 쇼핑몰 게시판에 청약철회 의사를 표시하고 그 화면을 캡처하여 보관하거나 서면으로 발송하는 것이 좋습니다. 서면으로 발송한 경우에는 발송한 날에 그 효력이 발생합니다. 또한, 사업자에게 청약철회를 요청하였는데도 특별한 사유없이 이를 거부할 경우, 「전자상거래 등에서의 소비자보호에 관한 법률」 제18조에 따라 신용카드로 대금을 결제하였다면 신용카드사에 처리를 요구할 수 있으니 참고하시기 바랍니다."
1068, 캐주얼바지, 청약철회_묶음배송 반품비_제품 불량,"전자상거래로 청바지와 면바지 두 벌을 70,000원에 구입하였으며, 50,000원 이상 구매 시 무료배송이어서 사업자에게 묶음배송을 요청하였습니다. 이후 청바지가 불량인 것을 확인하여 반품을 요구했는데, 사업자는 반품비를 입금할 것을 주장합니다. 반품비를 제가 부담하는게 맞나요?","제품의 불량 등 사업자의 귀책사유로 반품하는 경우에는 사업자가 반품비 전액을 부담합니다.     「전자상거래 등에서의 소비자보호에 관한 법률」 제17조(청약철회등)에 따르면 소비자는 계약내용에 관한 서면을 교부받은 날(서면을 교부받은 때보다 재화 등의 공급이 늦게 이루어진 경우에는 재화 등의 공급을 받거나 공급이 개시된 날)부터 7일 이내에 당해 계약에 관한 청약을 철회할 수 있으며, 동법 제18조 제10항에는 표시 광고의 내용과 다르거나 계약내용과 다르게 이행된 경우 등의 사유로 청약철회를 요청한 경우 반환에 소요되는 비용(반품비)은 사업자가 부담해야 한다고 규정하고 있습니다.   따라서, 제품 하자 등 사업자의 귀책사유로 반품하는 경우에는 사업자가 반품 택배비 전액을 부담해야 한다고 판단됩니다."
1069, 캐주얼바지, 청약철회_묶음배송 반품비_단순 변심,"전자상거래로 청바지와 면바지 두 벌을 70,000원에 구입하였으며, 50,000원 이상 구매 시 무료배송이어서 사업자에게 묶음배송을 요청하였습니다. 이후 청바지 사이즈가 맞지 않아 반품을 요구했는데, 사업자는 반품비를 입금할 것을 주장합니다. 반품비를 제가 부담하는게 맞나요?","사이즈 오류 등 개인 변심으로 반품하는 경우에는 소비자가 반품비 전액을 부담합니다.   「전자상거래 등에서의 소비자보호에 관한 법률」 제17조(청약철회등)에 따르면 소비자는 계약내용에 관한 서면을 교부받은 날(서면을 교부받은 때보다 재화 등의 공급이 늦게 이루어진 경우에는 재화 등의 공급을 받거나 공급이 개시된 날)부터 7일 이내에 당해 계약에 관한 청약을 철회할 수 있으며, 동법 제18조 제9항에는 색상, 디자인 혹은 사이즈 불만 등의 사유로 청약철회를 요청한 경우 반환에 소요되는 비용(반품비)은 소비자가 부담해야 한다고 규정하고 있습니다.   따라서, 소비자의 개인 변심으로 반품하는 경우에는 반품 택배비는 소비자가 전액 부담해야 한다고 판단됩니다."
1070, 캐주얼바지, 계약불이행_미환급,전자상거래로 면바지를 주문하고 대금을 신용카드로 결제하였습니다. 구입 후 7일 이내 청약철회를 요구하여 면바지를 반품하였는데 물품 대금을 환급해 주지 않고 있습니다. 환급받을 방법이 있나요?,신용카드사에 카드사가 사업자에게 대금을 지급하지 않도록 요구할 수 있습니다.   「전자상거래 등에서의 소비자보호에 관한 법률」 제18조에 따르면 청약철회 시 사업자가 신용카드로 결제한 대금의 환급을 지연할 경우 신용카드사에 환급에 필요한 조치를 요구할 수 있도록 규정하고 있습니다. 이 경우에 신용카드사는 환급에 필요한 조치를 취해야 하며 사업자에게 지급할 대금이 있을 경우 이를 주지 않고 소비자가 결제한 대금을 상계처리한 후 소비자의 결제대금의 매출을 취소해 주어야 합니다.   따라서 소비자는 신용카드사에 사업자와의 다른 채무와의 상계를 요구할 수 있습니다.
1071, 캐주얼바지, 가격·요금_과도한 반품 배송비 요구,"전자상거래로 병행수입 청바지를 구입하고 반품을 요구하였으나 사전에 고지된 반품 배송비 이외에 ‘현지 운송료, 제비용 등’의 명목으로 추가 대금 지급을 요구합니다. 추가로 지급해야 하나요?","사업자가 추가대금의 타당성을 입증하는 경우를 제외하면, 미리 고지한 반품 배송비 이외에 다른 명목의 위약금은 거부할 수 있습니다.   병행수입을 비롯한 수입제품 판매 시 발생하는 배송비는 사업자마다 수입절차 및 재고관리 방식에 따라 다를 수 있으나 「전자상거래 등에서의 소비자보호에 관한 법률」 제18조 제9항, 제10항에 따라 부과하는 반품비용은 소비자의 구매 여부 판단에 영향을 주는 중요한 거래조건에 해당되므로 적절한 방법으로 고지하여야 할 사항으로 볼 수 있습니다.    따라서, 사업자가 수입 과정에서 발생한 ‘현지 및 국제운송료 + 수입세금 및 제비용’에 관해 입증할 수 있는 경우 소비자는 그에 대한 금액을 지급해야하며, 입증할 수 없는 경우 제품을 반품한 뒤 반품과정에서 발생한 비용을 공제한 후 환급을 요구할 수 있습니다.   반면, 동법에 따라 사업자는 소비자에게 청약철회를 이유로 위약금이나 손해배상을 청구할 수 없으므로 미리 고지한 반품 배송비 이외에 다른 명목의 위약금을 추가 청구하는 것은 인정되기 어렵습니다."
1072, 캐주얼바지, 가격·요금_적립금 환급,전자상거래로 청바지를 신용카드로 구입하고 제품 수령 다음날 단순 변심으로 반품을 신청하였으나 사업자는 결제금액을 적립금으로만 돌려주겠다고 주장합니다. 신용카드 결제 취소를 요구할 수 있나요?,"사업자에게 신용카드 결제 취소를 요구할 수 있습니다.   「전자상거래 등에서의 소비자보호에 관한 법률」(이하, ‘전자상거래법’) 제17조(청약철회등)에 따르면 소비자는 상품을 공급 받은 날로부터 7일 이내에는 소비자의 귀책사유로 인한 상품의 멸실 또는 훼손된 경우 등을 제외하고는 단순변심으로 인한 청약철회를 할 수 있다고 규정하고 있습니다. 이에 소비자가 제품을 수령한 날로부터 7일 이내 청약철회 의사표시를 명확히 하였다면 해당 쇼핑몰은 ‘전자상거래법’ 제18조 제3항에 의거하여 신용카드사에게 대금 청구를 정지하거나 취소하도록 요청하여야 합니다.   따라서, 신용카드로 결제하였으나 적립금으로만 환급이 가능하다는 것은 「민법」 제548조(해제의 효과, 원상회복의무)에 따른 원상회복이라고 보기 어려우므로 소비자가 사용한 결제수단에 따른 환급 이행을 해당 쇼핑몰에 요구할 수 있다고 판단됩니다."
1073, 캐주얼바지, 표시·광고_반품비1,"‘캐시미어 100%’라고 광고하는 바지를 전자상거래로 구입하고, 10일 뒤에 착용하던 과정에서 실제로는 캐시미어는 10%만 포함된 사실을 알게 되었습니다. 이 경우에 반품비 부담자는 누구인가요?","사업자에게 청약철회를 요구할 수 있으며, 배송비를 포함한 반품비는 사업자가 부담하도록 요구할 수 있습니다.   「전자상거래 등에서의 소비자보호에 관한 법률」 제18조에 따르면 물품의 내용이 표시·광고 내용과 다른 경우에는 반환에 필요한 비용은 사업자가 부담함은 물론 소비자에게 물품을 배달할 때의 배송비도 사업자가 부담하여야 하며 이미 소비자가 지급한 경우에는 환급하도록 규정하고 있습니다. 이 경우에는 청약철회기간은 당해 물품을 공급받은 날부터 3월 이내, 그 사실을 안 날 또는 알 수 있었던 날부터 30일 이내로 연장 됩니다.   이러한 소비자의 권리가 인정되려면 물품 관련 표시·광고의 내용이 누가 보아도 명백하게 허위이거나 과장된 점이 인정되어야 하는데, 「표시·광고의 공정화에 관한 법률」 제3조 및 「부당한 표시·광고행위의 유형 및 기준 지정 고시」에 의하면 부된 원재료나 성분을 가지고 전체의 주된 성분인 것처럼 표시·광고한 행위를 부당한 표시·광고로 규정하고 있습니다.    따라서 성분 표시가 잘못된 것이 명확히 확인될 경우에는 물품의 내용이 표시·광고 내용과 다른 경우에 해당하여 청약철회가 가능하고, 반품비는 사업자가 부담하도록 요구할 수 있습니다."
1074, 캐주얼바지, 표시·광고_반품비2,"전자상거래 사업자가 운영하고 있는 FAQ에서 ‘모든 상품은 무료 반품 가능’이라는 문구를 확인하고 청바지를 구입하였고, 이후 7일 이내 반품을 요구하였으나 사업자가 반품비를 요구합니다. 제가 비용을 지급해야 하나요?","FAQ 게시물도 광고에 해당되며, 표시·광고와 다르게 계약이 이행된 경우에는 사업자 귀책사유에 해당하므로 반품비는 사업자가 부담합니다.    대법원 판례에 따르면 “FAQ 게시물은 일반 소비자가 누구나 접근할 수 있는 사업자의 인터넷 홈페이지에 게시되어 있으며, 게시 경위도 소비자들이 사업자에게 한 질문에 대해 개별적으로 답변한 것이 아니라 사업자가 일반 소비자들에게 알리고 싶은 내용을 선정하여 질문과 답변의 형식으로 게시해 놓은 것이라는 점에 비추어 보면, 사업자가 ‘널리 소비자들에게 제시하거나 알리기 위하여’ 게시해 놓은 것이라고 볼 수 있으므로 해당 FAQ 게시물은 「표시·광고의 공정화에 관한 법률」 상의 광고에 해당합니다(대법원 2009.5.28., 선고, 2009두843, 판결).   또한, 「표시·광고의 공정화에 관한 법률」 제3조(부당한 표시·광고 행위의 금지) 및 ‘부당한 표시·광고행위의 유형 및 기준 지정 고시‘에 따르면 반품, 교환, 대금지급방법 등 기타 거래내용 및 거래조건 등에 관하여 표시·광고함에 있어서는 사실대로 하여야 하며, 이를 사실과 다르게 표시·광고한 행위를 부당한 표시·광고로 규정하고 있습니다.    따라서, 이 사례에서는 사실과 다르게 반품비를 요구하는 것이 명확히 확인되므로 물품의 내용이 표시·광고 내용과 다른 경우에 해당하며, 「전자상거래 등에서의 소비자보호에 관한 법률」 제18조(청약철회등의 효과)에 따라 사업자에게 반품비 부담을 요구할 수 있다고 판단됩니다."
1075, 캐주얼바지, 표시·광고_광고와 차이 있는 제품,전자상거래로 청바지를 구입하고 10일 뒤 착용하던 과정에서 광고 사진과 너무 다르다는 사실을 알게되었습니다. 청약철회가 가능한가요?,"상품이 광고 사진과 다르다는 소비자의 주관적인 판단만으로는 계약내용과 다르게 이행되었다고 보기 어려우므로 7일이 경과한 후에는 청약철회를 요구하기 어렵습니다.   「전자상거래 등에서의 소비자보호에 관한 법률」 제17조(청약철회등)에 따르면 소비자는 전자상거래로 구입한 제품에 대하여 공급받은 날로부터 7일 이내(표시·광고의 내용과 다르거나 계약내용과 다르게 이행된 경우에는 공급받은 날부터 3개월, 사실을 안 날 또는 알 수 있었던 날부터 30일 이내)에 청약철회를 요청할 수 있으나, 소비자에게 책임이 있는 사유로 재화 등이 멸실되거나 훼손된 경우에는 청약철회를 요구할 수 없습니다.   다만, 광고 사진과 다르다는 소비자의 주관적인 판단만으로는 「표시·광고의 공정화에 관한 법률」 상 부당한 표시·광고임을 주장하기 어려우며, 광고 사진과 실제 받은 제품이 완전 다른 경우와 같이 중대한 하자가 있다면 청약철회를 요구할 수 있다고 판단됩니다."
1076, 캐주얼바지, 품질_보풀,"바지를 구입하고 1회 착용하였는데, 허벅지 안쪽 부분에 보풀이 심하게 발생하였습니다. 구제 방법이 있나요?","어느 정도의 보풀은 의류를 착용할 때 자연스럽게 발생할 수 있는 현상으로 품질불량으로 보지 않습니다. 그러나 보풀이 심할 경우 외관을 해칠 뿐만 아니라 섬유의 질감을 변화시키기 때문에 품질불량으로 판단할 수 있습니다.   우선적으로 제조사나 구입처 등에 문제점을 제기하고, 하자의 원인 및 책임 소재에 대하여 분쟁이 발생한 경우에는 전문가(심의기구 등)에게 의뢰하여 의견을 구하는 것이 좋으며 품질 시험검사가 가능한 경우에는 이를 통해 보다 정확한 원인규명을 해볼 수 있습니다.    해당 제품이 원단불량 등 제품하자로 판명날 경우 공정거래위원회가 고시한 의복류 관련 ‘소비자분쟁해결기준’에 따라 제조사나 구입처에 수선이 가능한 경우에는 무상수선, 수선이 불가한 경우에는 동종 제품으로의 교환, 동종 제품이 없는 경우에는 환급을 요구할 수 있으며, 수선이 가능한 경우임에도 불구하고 소비자가 구입가의 환급을 요구하는 경우에 사업자는 이를 거부할 수 있습니다.   ※ 한국소비자원에서는 섬유·세탁 품질하자 유무 및 원인 규명을 위하여 해당 분야 전문가로 구성된 ‘섬유제품심의위원회’를 운영하고 있으며, 해당 심의·자문 결과(책임소재, 심의내용 등)를 토대로 공정거래위원회가 고시한 ‘소비자분쟁해결기준’에 따라 피해보상에 관한 합의를 권고할 수 있습니다. 다만, 심의·자문 결과는 당사자간 분쟁해결에 있어 근거자료로 활용되나 법적 강제력은 없습니다."
1077, 캐주얼바지, 품질_올 당겨짐,바지를 구입하고 착용하다 보니 장식으로 들어간 실에서 쉽게 올이 나옵니다. 구제 방법이 있나요?,"날카롭거나 뾰쪽한 물체에 걸려 올이 당겨지거나 끊어진 경우에는 착용자의 과실로 판단하여 품질불량으로 보지 않습니다. 그러나 자연스럽게 발생할 수 있는 일상적인 마찰에도 올이 쉽게 당겨지거나 끊어질 경우 품질불량으로 판단할 수 있습니다.   우선적으로 제조사나 구입처 등에 문제점을 제기하고, 하자의 원인 및 책임 소재에 대하여 분쟁이 발생한 경우에는 전문가(심의기구 등)에게 의뢰하여 의견을 구하는 것이 좋으며 품질 시험검사가 가능한 경우에는 이를 통해 보다 정확한 원인규명을 해볼 수 있습니다.   해당 제품이 원단불량 등 제품하자로 판명날 경우 공정거래위원회가 고시한 의복류 관련 ‘소비자분쟁해결기준’에 따라 제조사나 구입처에 수선이 가능한 경우에는 무상수선, 수선이 불가한 경우에는 동종 제품으로의 교환, 동종 제품이 없는 경우에는 환급을 요구할 수 있으며, 수선이 가능한 경우임에도 불구하고 소비자가 구입가의 환급을 요구하는 경우에 사업자는 이를 거부할 수 있습니다.   ※ 한국소비자원에서는 섬유·세탁 품질하자 유무 및 원인 규명을 위하여 해당 분야 전문가로 구성된 ‘섬유제품심의위원회’를 운영하고 있으며, 해당 심의·자문 결과(책임소재, 심의내용 등)를 토대로 공정거래위원회가 고시한 ‘소비자분쟁해결기준’에 따라 피해보상에 관한 합의를 권고할 수 있습니다. 다만, 심의·자문 결과는 당사자간 분쟁해결에 있어 근거자료로 활용되나 법적 강제력은 없습니다."
1078, 캐주얼바지, 품질_실 미어짐,바지를 구입하여 처음 착용하였는데 뒷 주머니 윗부분 봉제가 뜯어지고 미어졌습니다. 구제 방법이 있나요?,"제품의 봉제 부위에 외력(힘)을 가했을 때 원단이 미끄러지면서 밀리는 것을 실 미어짐이라고 합니다. 미어지는 정도에 따라 품질불량 여부를 판단하며, 주로 미끄러운 성질의 원단에 이와 같은 현상이 나타날 수 있습니다.   우선적으로 제조사나 구입처 등에 문제점을 제기하고, 하자의 원인 및 책임 소재에 대하여 분쟁이 발생한 경우에는 전문가(심의기구 등)에게 의뢰하여 의견을 구하는 것이 좋으며 품질 시험검사가 가능한 경우에는 이를 통해 보다 정확한 원인규명을 해볼 수 있습니다.   해당 제품이 원단불량 등 제품하자로 판명날 경우 공정거래위원회가 고시한 의복류 관련 ‘소비자분쟁해결기준’에 따라 제조사나 구입처에 수선이 가능한 경우에는 무상수선, 수선이 불가한 경우에는 동종 제품으로의 교환, 동종 제품이 없는 경우에는 환급을 요구할 수 있으며, 수선이 가능한 경우임에도 불구하고 소비자가 구입가의 환급을 요구하는 경우에 사업자는 이를 거부할 수 있습니다.   ※ 한국소비자원에서는 섬유·세탁 품질하자 유무 및 원인 규명을 위하여 해당 분야 전문가로 구성된 ‘섬유제품심의위원회’를 운영하고 있으며, 해당 심의·자문 결과(책임소재, 심의내용 등)를 토대로 공정거래위원회가 고시한 ‘소비자분쟁해결기준’에 따라 피해보상에 관한 합의를 권고할 수 있습니다. 다만, 심의·자문 결과는 당사자간 분쟁해결에 있어 근거자료로 활용되나 법적 강제력은 없습니다."
1079, 캐주얼바지, 품질_털빠짐1,털 바지를 구입 후 1회 착용하였는데 봉제 및 칼라 주위에서 털이 심하게 빠져나옵니다. 구제 방법이 있나요?,"털 소재 섬유제품의 특성상 봉제 구멍 또는 섬유 사이로 털이 빠져나와 날리거나 함께 착용한 의류에 묻어나는 경우가 있는데, 그 정도가 심할 경우 품질불량으로 판단할 수 있습니다.   우선적으로 제조사나 구입처 등에 문제점을 제기하고, 하자의 원인 및 책임 소재에 대하여 분쟁이 발생한 경우에는 전문가(심의기구 등)에게 의뢰하여 의견을 구하는 것이 좋으며 품질 시험검사가 가능한 경우에는 이를 통해 보다 정확한 원인규명을 해볼 수 있습니다.    해당 제품이 원단불량 등 제품하자로 판명날 경우 공정거래위원회가 고시한 의복류 관련 ‘소비자분쟁해결기준’에 따라 제조사나 구입처에 수선이 가능한 경우에는 무상수선, 수선이 불가한 경우에는 동종 제품으로의 교환, 동종 제품이 없는 경우에는 환급을 요구할 수 있으며, 수선이 가능한 경우임에도 불구하고 소비자가 구입가의 환급을 요구하는 경우에 사업자는 이를 거부할 수 있습니다.   ※ 한국소비자원에서는 섬유·세탁 품질하자 유무 및 원인 규명을 위하여 해당 분야 전문가로 구성된 ‘섬유제품심의위원회’를 운영하고 있으며, 해당 심의·자문 결과(책임소재, 심의내용 등)를 토대로 공정거래위원회가 고시한 ‘소비자분쟁해결기준’에 따라 피해보상에 관한 합의를 권고할 수 있습니다. 다만, 심의·자문 결과는 당사자간 분쟁해결에 있어 근거자료로 활용되나 법적 강제력은 없습니다."
1080, 캐주얼바지, 품질_털빠짐2,털 바지를 구입하여 1개월 정도 착용하였는데 전체적으로 털이 많이 빠져 함께 착용한 의류에 심하게 묻어납니다. 구제 방법이 있나요?,"털 소재 섬유제품의 특성상 어느 정도 털이 빠지는 것은 자연스럽게 발생할 수 있는 현상이며, 소재 특성에 따라 다른 제품보다 상대적으로 잘 빠지는 소재도 있지만(예: 토끼털, 알파카 등), 그 정도가 심할 경우 품질불량으로 판단할 수 있습니다.   우선적으로 제조사나 구입처 등에 문제점을 제기하고, 하자의 원인 및 책임 소재에 대하여 분쟁이 발생한 경우에는 전문가(심의기구 등)에게 의뢰하여 의견을 구하는 것이 좋으며 품질 시험검사가 가능한 경우에는 이를 통해 보다 정확한 원인규명을 해볼 수 있습니다.    해당 제품이 원단불량 등 제품하자로 판명날 경우 공정거래위원회가 고시한 의복류 관련 ‘소비자분쟁해결기준’에 따라 제조사나 구입처에 수선이 가능한 경우에는 무상수선, 수선이 불가한 경우에는 동종 제품으로의 교환, 동종 제품이 없는 경우에는 환급을 요구할 수 있으며, 수선이 가능한 경우임에도 불구하고 소비자가 구입가의 환급을 요구하는 경우에 사업자는 이를 거부할 수 있습니다.   ※ 한국소비자원에서는 섬유·세탁 품질하자 유무 및 원인 규명을 위하여 해당 분야 전문가로 구성된 ‘섬유제품심의위원회’를 운영하고 있으며, 해당 심의·자문 결과(책임소재, 심의내용 등)를 토대로 공정거래위원회가 고시한 ‘소비자분쟁해결기준’에 따라 피해보상에 관한 합의를 권고할 수 있습니다. 다만, 심의·자문 결과는 당사자간 분쟁해결에 있어 근거자료로 활용되나 법적 강제력은 없습니다."
1081, 캐주얼바지, 품질_원형회복,바지를 구입하여 약 4개월 착용하였는데 무릎 부분에 심한 구김이 발생하여 드라이클리닝을 하였지만 개선되지 않습니다. 구제 방법이 있나요?,"원단이 압력 또는 힘에 의하여 늘어났다가 다시 원상으로 회복되지 아니하여 원래의 크기보다 커지거나 원단에 구김이 발생할 수 있지만, 그 정도가 심할 경우 품질불량으로 판단할 수 있습니다.   우선적으로 제조사나 구입처 등에 문제점을 제기하고, 하자의 원인 및 책임 소재에 대하여 분쟁이 발생한 경우에는 전문가(심의기구 등)에게 의뢰하여 의견을 구하는 것이 좋으며 품질 시험검사가 가능한 경우에는 이를 통해 보다 정확한 원인규명을 해볼 수 있습니다.    해당 제품이 원단불량 등 제품하자로 판명날 경우 공정거래위원회가 고시한 의복류 관련 ‘소비자분쟁해결기준’에 따라 제조사나 구입처에 수선이 가능한 경우에는 무상수선, 수선이 불가한 경우에는 동종 제품으로의 교환, 동종 제품이 없는 경우에는 환급을 요구할 수 있으며, 수선이 가능한 경우임에도 불구하고 소비자가 구입가의 환급을 요구하는 경우에 사업자는 이를 거부할 수 있습니다.   ※ 한국소비자원에서는 섬유·세탁 품질하자 유무 및 원인 규명을 위하여 해당 분야 전문가로 구성된 ‘섬유제품심의위원회’를 운영하고 있으며, 해당 심의·자문 결과(책임소재, 심의내용 등)를 토대로 공정거래위원회가 고시한 ‘소비자분쟁해결기준’에 따라 피해보상에 관한 합의를 권고할 수 있습니다. 다만, 심의·자문 결과는 당사자간 분쟁해결에 있어 근거자료로 활용되나 법적 강제력은 없습니다."
1082, 캐주얼바지, 품질_변색,바지를 구입하여 2회 착용하였는데 앞 허벅지 부분 등에서 변색이 발생하였습니다. 구제 방법이 있나요?,"햇빛에 직접 노출되는 부위(어깨 및 소매윗부분 등)나 땀이 발생하는 부위(등, 겨드랑이 등)에 변색이 발생할 수 있습니다. 바로 세탁하지 않고 방치하였을 때 발생한 변색에 대해서는 소비자과실로 판단하나, 햇빛, 땀 등에 변색되지 않고 견디는 정도가 심하게 낮으면 품질불량으로 판단할 수 있습니다.   우선적으로 제조사나 구입처 등에 문제점을 제기하고, 하자의 원인 및 책임 소재에 대하여 분쟁이 발생한 경우에는 전문가(심의기구 등)에게 의뢰하여 의견을 구하는 것이 좋으며 품질 시험검사가 가능한 경우에는 이를 통해 보다 정확한 원인규명을 해볼 수 있습니다.    해당 제품이 원단불량 등 제품하자로 판명날 경우 공정거래위원회가 고시한 의복류 관련 ‘소비자분쟁해결기준’에 따라 제조사나 구입처에 수선이 가능한 경우에는 무상수선, 수선이 불가한 경우에는 동종 제품으로의 교환, 동종 제품이 없는 경우에는 환급을 요구할 수 있으며, 수선이 가능한 경우임에도 불구하고 소비자가 구입가의 환급을 요구하는 경우에 사업자는 이를 거부할 수 있습니다.   ※ 한국소비자원에서는 섬유·세탁 품질하자 유무 및 원인 규명을 위하여 해당 분야 전문가로 구성된 ‘섬유제품심의위원회’를 운영하고 있으며, 해당 심의·자문 결과(책임소재, 심의내용 등)를 토대로 공정거래위원회가 고시한 ‘소비자분쟁해결기준’에 따라 피해보상에 관한 합의를 권고할 수 있습니다. 다만, 심의·자문 결과는 당사자간 분쟁해결에 있어 근거자료로 활용되나 법적 강제력은 없습니다."
1083, 캐주얼바지, 품질_물듦,빨간색 바지를 구입하여 약 2개월 착용하였는데 함께 착용한 내의가 빨갛게 물들었습니다. 구제 방법이 있나요?,"원단불량 등 제품 하자로 판명되면, 수선이 가능한 경우에는 무상수선, 수선이 불가한 경우에는 동종 제품으로의 교환, 동종 제품이 없는 경우에는 환급을 요구할 수 있습니다.   염색된 섬유제품이 마찰로 인해 염료가 탈락하는 경우가 발생할 수 있습니다. 약간의 염색 탈락은 허용가능하나, 그 정도가 심할 경우 품질불량으로 판단할 수 있습니다.   우선적으로 제조사나 구입처 등에 문제점을 제기하고, 하자의 원인 및 책임 소재에 대하여 분쟁이 발생한 경우에는 전문가(심의기구 등)에게 의뢰하여 의견을 구하는 것이 좋으며 품질 시험검사가 가능한 경우에는 이를 통해 보다 정확한 원인규명을 해볼 수 있습니다.    따라서, 해당 제품이 원단불량 등 제품하자로 판명된 경우 가방류 관련 「소비자분쟁해결기준」에 따라 수선이 가능한 경우에는 무상수선, 수선이 불가한 경우에는 동종 제품으로의 교환, 동종 제품이 없는 경우에는 환급을 요구할 수 있으며, 수선이 가능한 경우임에도 불구하고 소비자가 구입가의 환급을 요구하는 경우에 사업자는 이를 거부할 수 있습니다.   ※ 한국소비자원에서는 섬유·세탁 품질하자 유무 및 원인 규명을 위하여 해당 분야 전문가로 구성된 ‘섬유제품심의위원회’를 운영하고 있으며, 해당 심의·자문 결과(책임소재, 심의내용 등)를 토대로 공정거래위원회가 고시한 ‘소비자분쟁해결기준’에 따라 피해보상에 관한 합의를 권고할 수 있습니다. 다만, 심의·자문 결과는 당사자간 분쟁해결에 있어 근거자료로 활용되나 법적 강제력은 없습니다."
1084, 캐주얼바지, 품질_자연적현상,구입한 지 5년 된 바지를 보관하다가 입으려고 보니 버블 현상이 심합니다. 구제 방법이 있나요?,"바지의 내용연수가 경과한 경우에는 제품하자로 보기 어렵습니다.   섬유제품의 소재특성으로 인하여 자연스럽게 발생하는 현상이나 내용연수(제품의 수명) 경과로 인해 발생한 제품의 하자는 과실로 보기 어려우므로 피해구제 처리대상이 아닙니다. 여기서 내용연수는 공정거래위원회가 고시한 ‘소비자분쟁해결기준’에서 정하는 품목별 내용연수를 따르며 착용횟수와는 관계가 없습니다.   소재특성으로 인한 자연스러운 현상의 대표적인 사례로 알파카의 털빠짐, 토끼털의 모근 약함, 면소재와 청바지의 물빠짐, 한복의 흰줄 발생, 신발 밑창 닳음 등이 있으며, 정도가 심한 경우 책임소재를 따질 수 있으나 해당 현상을 품질불량으로 보기 어려운 경우가 많습니다. 또한, 내용연수가 경과한 제품은 제품의 수명이 다하여 발생한 자연손상으로 보아 하자를 주장하기 어려울 수 있습니다.   따라서, 이 경우 바지의 내용연수가 경과하면서 원단의 자연 취화 및 노화로 자연스럽게 발생할 수 있는 것으로 보아 제품하자로 볼 수 없다고 판단됩니다."
1085, 캐주얼바지, 품질_마찰,바지를 구입하여 착용하다가 1회 세탁하였는데 부분적으로 희뿌옇게 변색되었습니다. 구제 방법이 있나요?,"일반적으로 마찰이 잦은 부위에서는 약간의 탈색이 발생할 수 있습니다. 하지만 그 정도가 심할 경우 품질불량으로 판단할 수 있습니다.   우선적으로 제조사나 구입처 등에 문제점을 제기하고, 하자의 원인 및 책임 소재에 대하여 분쟁이 발생한 경우에는 전문가(심의기구 등)에게 의뢰하여 의견을 구하는 것이 좋으며 품질 시험검사가 가능한 경우에는 이를 통해 보다 정확한 원인규명을 해볼 수 있습니다.    해당 제품이 원단불량 등 제품하자로 판명날 경우 공정거래위원회가 고시한 의복류 관련 ‘소비자분쟁해결기준’에 따라 제조사나 구입처에 수선이 가능한 경우에는 무상수선, 수선이 불가한 경우에는 동종 제품으로의 교환, 동종 제품이 없는 경우에는 환급을 요구할 수 있으며, 수선이 가능한 경우임에도 불구하고 소비자가 구입가의 환급을 요구하는 경우에 사업자는 이를 거부할 수 있습니다.   ※ 한국소비자원에서는 섬유·세탁 품질하자 유무 및 원인 규명을 위하여 해당 분야 전문가로 구성된 ‘섬유제품심의위원회’를 운영하고 있으며, 해당 심의·자문 결과(책임소재, 심의내용 등)를 토대로 공정거래위원회가 고시한 ‘소비자분쟁해결기준’에 따라 피해보상에 관한 합의를 권고할 수 있습니다. 다만, 심의·자문 결과는 당사자간 분쟁해결에 있어 근거자료로 활용되나 법적 강제력은 없습니다."
1086, 캐주얼바지, 품질_이염,1년 전 구입한 바지를 세탁소에서 첫 세탁하였는데 흰색 배색 원단이 검게 이염되었습니다. 구제 방법이 있나요?,"세탁(물세탁 또는 드라이클리닝)에 의해 발생하는 제품 자체의 변색 및 이염, 타제품 오염 정도를 확인하고, 섬유제품 품질 권장기준에 따라 허용수준인지, 품질불량인지 판단이 필요합니다.   우선적으로 제조사나 구입처, 세탁소 등에 문제점을 제기하고, 하자의 원인 및 책임 소재에 대하여 분쟁이 발생한 경우에는 전문가(심의기구 등)에게 의뢰하여 의견을 구하는 것이 좋으며 품질 시험검사가 가능한 경우에는 이를 통해 보다 정확한 원인규명을 해볼 수 있습니다.    해당 제품이 원단불량 등 제품하자로 판명날 경우 공정거래위원회가 고시한 의복류 관련 ‘소비자분쟁해결기준’에 따라 제조사나 구입처에 수선이 가능한 경우에는 무상수선, 수선이 불가한 경우에는 동종 제품으로의 교환, 동종 제품이 없는 경우에는 환급을 요구할 수 있으며, 수선이 가능한 경우임에도 불구하고 소비자가 구입가의 환급을 요구하는 경우에 사업자는 이를 거부할 수 있습니다. 반면, 세탁 과정에서 발생한 하자로 판명날 경우 세탁사업자에게 원상회복, 불가능할 시 손해배상을 요구할 수 있습니다.   ※ 한국소비자원에서는 섬유·세탁 품질하자 유무 및 원인 규명을 위하여 해당 분야 전문가로 구성된 ‘섬유제품심의위원회’를 운영하고 있으며, 해당 심의·자문 결과(책임소재, 심의내용 등)를 토대로 공정거래위원회가 고시한 ‘소비자분쟁해결기준’에 따라 피해보상에 관한 합의를 권고할 수 있습니다. 다만, 심의·자문 결과는 당사자간 분쟁해결에 있어 근거자료로 활용되나 법적 강제력은 없습니다."
1087, 캐주얼바지, 품질_봉제불량,바지를 구입하여 2개월 간 착용하다가 집에서 손세탁하였는데 일부분에서 구멍이 발생하였습니다. 구제 방법이 있나요?,"해당 제품의 봉제 불량 여부와 함께 잘못된 세탁 또는 사용상 부주의에 의해 발생할 수 있는 불량인지 판단이 필요합니다.   우선적으로 제조사나 구입처 등에 문제점을 제기하고, 하자의 원인 및 책임 소재에 대하여 분쟁이 발생한 경우에는 전문가(심의기구 등)에게 의뢰하여 의견을 구하는 것이 좋으며 품질 시험검사가 가능한 경우에는 이를 통해 보다 정확한 원인규명을 해볼 수 있습니다.    해당 제품이 원단불량 등 제품하자로 판명날 경우 공정거래위원회가 고시한 의복류 관련 ‘소비자분쟁해결기준’에 따라 제조사나 구입처에 수선이 가능한 경우에는 무상수선, 수선이 불가한 경우에는 동종 제품으로의 교환, 동종 제품이 없는 경우에는 환급을 요구할 수 있으며, 수선이 가능한 경우임에도 불구하고 소비자가 구입가의 환급을 요구하는 경우에 사업자는 이를 거부할 수 있습니다.   ※ 한국소비자원에서는 섬유·세탁 품질하자 유무 및 원인 규명을 위하여 해당 분야 전문가로 구성된 ‘섬유제품심의위원회’를 운영하고 있으며, 해당 심의·자문 결과(책임소재, 심의내용 등)를 토대로 공정거래위원회가 고시한 ‘소비자분쟁해결기준’에 따라 피해보상에 관한 합의를 권고할 수 있습니다. 다만, 심의·자문 결과는 당사자간 분쟁해결에 있어 근거자료로 활용되나 법적 강제력은 없습니다."
1088, 캐주얼바지, 품질_세탁방법 부적합,바지를 세탁한 후 바깥쪽 원단이 심하게 수축되었습니다. 구제 방법이 있나요?,"부적합한 방법으로 세탁하였을 때 섬유제품에 변색, 변형, 경화 등의 하자가 나타날 수 있습니다. 세탁방법을 지키지 않아서 발생하는 하자는 세탁한 자의 책임이 되며, 세탁취급표시대로 세탁했음에도 하자가 발생하였을 경우에는 제조판매업체의 책임으로 판단할 수 있습니다.   세탁을 의뢰한 후 인도받은 물품에 하자가 발생하였을 경우에는 우선적으로 제조사나 구입처, 세탁소에 문제점을 제기하고, 하자의 원인 및 책임 소재에 대하여 분쟁이 발생한 경우에는 전문가(심의기구 등)에게 의뢰하여 의견을 구하는 것이 좋으며 품질 시험검사가 가능한 경우에는 이를 통해 보다 정확한 원인규명을 해볼 수 있습니다.   해당 제품이 원단불량 등 제품하자로 판명된 경우 공정거래위원회가 고시한 의복류 관련 ‘소비자분쟁해결기준’에 따라 수선이 가능한 경우에는 무상수선, 수선이 불가한 경우에는 동종 제품으로의 교환, 동종 제품이 없는 경우에는 환급을 요구할 수 있으며, 수선이 가능한 경우임에도 불구하고 소비자가 구입가의 환급을 요구하는 경우에 사업자는 이를 거부할 수 있습니다. 반면 세탁 과정에서 발생한 하자로 판명날 경우 세탁사업자에게 원상회복, 불가능할 시 손해배상을 요구할 수 있습니다.   ※ 한국소비자원에서는 섬유·세탁 품질하자 유무 및 원인 규명을 위하여 해당 분야 전문가로 구성된 ‘섬유제품심의위원회’를 운영하고 있으며, 해당 심의·자문 결과(책임소재, 심의내용 등)를 토대로 공정거래위원회가 고시한 ‘소비자분쟁해결기준’에 따라 피해보상에 관한 합의를 권고할 수 있습니다. 다만, 심의·자문 결과는 당사자간 분쟁해결에 있어 근거자료로 활용되나 법적 강제력은 없습니다."
1089, 택배화물운송서비스, 계약불이행_분실_물품가액 기재,운송 중에 택배가 분실되었습니다. 물품 가액 80만원으로 기재하였으나 최대 배상 한도액이 50만원이라며 50만원만 배상하겠다고 합니다. 물품 가액 전액을 보상받을 수 있나요?,"운임 금액 환급 및 작성한 물품 가액만큼 배상을 요구할 수 있습니다.   공정거래위원회가 고시한 택배 및 퀵서비스업 관련 ‘소비자분쟁해결기준’에 따르면 운송 중 택배가 전부 또는 일부 멸실된 때에는 운임 금액 환급 및 운송장 기재된 운송물의 가액을 기준으로 산정한 손해액을 지급하라고 규정하고 있습니다.   따라서, 운임 금액 환급 및 작성한 물품 가액만큼 배상을 요구할 수 있다고 판단됩니다."
1090, 택배화물운송서비스, 계약불이행_분실_물품 가액 미기재,운송 중 택배가 분실되어 배상을 요구하니 제가 물품 가액을 적지 않았다며 택배비만 환급해주겠다고 합니다. 보상을 받을 수 없나요?,"사업자 귀책으로 운송물을 분실하였다면, 영수증 등 손해액을 입증하시어 배상을 요구할 수 있습니다.   공정거래위원회가 고시한 택배 및 퀵서비스업 관련 ‘소비자분쟁해결기준’은 운송 중 택배가 전부 또는 일부 멸실된 때에는 운임 금액 환급 및 운송장 기재된 운송물의 가액을 기준으로 산정한 손해액을 지급하라고 규정하고 있습니다.   소비자가 운송장에 운송물의 가액을 기재하지 않은 경우에는 전부 멸실 시 인도예정일의 인도 예정 장소의 운송물의 가액을 기준으로 손해액을 산정합니다.   다만, 손해배상한도액은 50만원으로 하되, 운송물의 가액에 따라 할증요금을 지급한 경우 손해배상한도액은 각 운송가액 구간별 운송물의 최고가액으로 규정되어 있습니다.   따라서, 사업자 귀책으로 운송물을 분실하였다면, 영수증 등 손해액을 입증하시어 배상을 요구할 수 있다고 판단됩니다."
1091, 택배화물운송서비스, 계약불이행_분실_물품 가액 다르게 기재,"운송 중에 택배가 분실되어 손해배상을 요구하였습니다. 사업자는 물품가액 1만원으로 기재하였으니 1만원만 배상하겠다고 하는데, 운송물은 10만원 이상입니다. 추가로 배상받을 수 없나요?","상담에서 배상액 판단은 어렵고, 피해구제로 접수한다면 사실확인 및 합의권고를 통해 배상액 조정을 요구할 수 있습니다.   공정거래위원회가 고시한 택배 및 퀵서비스업 관련 ‘소비자분쟁해결기준’에 따르면 운송 중 택배가 전부 또는 일부 멸실된 때에는 운임 금액 환급 및 운송장 기재된 운송물의 가액을 기준으로 산정한 손해액을 지급하라고 규정하고 있습니다.   그러나, 공정거래위원회에서 고시한 ‘택배 표준약관’에는 분실 시 운송물의 가액을 기재한 경우에는 운송장에 기재된 운송물의 가액을 기준으로 산정한 손해액 또는 고객이 입증한 운송물의 손해액(영수증 등)이라고 되어 있습니다.   따라서, 상담에서는 배상액 판단은 어려우며, 피해구제로 접수하신다면 사실확인 및 합의권고를 통하여 배상액 조정을 요구할 수 있다고 판단됩니다."
1092, 택배화물운송서비스, 계약불이행_분실_현관 임의 위탁,"택배기사가 운송물을 집 현관문 앞에 두고 가버려 택배가 분실되었습니다. 집에 사람이 있었는데도 초인종도 누르지 않아 택배가 온 줄 한참 뒤에 알았습니다. 택배기사는 문자를 보냈다고 책임이 없다고 하는데, 손해배상을 요구할 수 있을까요?","택배사업자가 운송에 관하여 주의를 해태하지 아니하였음을 증명하지 못한다면 운송물의 분실로 인한 손해를 배상할 책임이 있는바, 운임 금액 환급 및 운송장에 작성한 물품 가액 배상을 요구할 수 있습니다.   「상법」 제135조(손해배상책임)에 따르면?‘운송인은?자기?또는?운송주선인이나?사용인?기타?운송을?위하여 사용한?자가?운송물의?수령,?인도,?보관 및 운송에?관하여?주의를?해태하지?아니하였음을?증명하지 아니하면?운송물의?멸실,?훼손?또는?연착으로?인한?손해를?배상할?책임을 면하지?못한다‘고 규정하고 있습니다.   또한, 공정거래위원회가 고시한 택배 및 퀵서비스업 관련 ‘소비자분쟁해결기준’에 따르면 운송 중 택배가 전부 또는 일부 멸실된 때에는 운임 금액 환급 및 운송장 기재된 운송물의 가액을 기준으로 산정한 손해액을 지급하라고 규정하고 있습니다.   따라서, 운송인은 운송에 관하여 주의를 해태하지 아니하였음을 증명하지 못한다면 운송물의 분실로 인한 손해를 배상할 책임이 있는 바, 운임 금액 환급 및 운송장에 작성한 물품 가액 배상을 요구할 수 있다고 판단됩니다.   다만, ‘택배 표준약관’에 따르면 수화인 부재로 운송물을 인도할 수 없는 경우에는 고객과 합의된 장소에 보관할 수 있으며 이 경우 인도가 완료된 것으로 볼 수 있으므로 배송요청 메시지나 합의한 사실이 있는지 먼저 확인이 필요합니다."
1093, 택배화물운송서비스, 계약불이행_분실_경비실 임의 위탁,택배기사가 동의 없이 경비실에 물건을 놓고 간 후 문자로 통보하였습니다. 그날 오후 경비실에 가니 택배가 사라졌습니다. 택배기사에게 손해배상을 청구할 수 있을까요?,"택배사업자가 운송에 관하여 주의를 해태하지 아니하였음을 증명하지 못한다면 운송물의 분실로 인한 손해를 배상할 책임이 있는바, 운임 금액 환급 및 운송장에 작성한 물품 가액 배상을 요구할 수 있습니다.   「상법」 제135조(손해배상책임)에 따르면?‘운송인은?자기?또는?운송주선인이나?사용인?기타 운송을?위하여 사용한?자가?운송물의?수령,?인도,?보관 및 운송에?관하여?주의를?해태하지 아니하였음을?증명하지 아니하면?운송물의?멸실,?훼손?또는?연착으로?인한?손해를?배상할?책임을?면하지?못한다‘고 규정하고 있습니다.   또한, 공정거래위원회가 고시한 택배 및 퀵서비스업 관련 ‘소비자분쟁해결기준’에 따르면 운송 중 택배가 전부 또는 일부 멸실된 때에는 운임 금액 환급 및 운송장 기재된 운송물의 가액을 기준으로 산정한 손해액을 지급하라고 규정하고 있습니다.   따라서, 운송인은 운송에 관하여 주의를 해태하지 아니하였음을 증명하지 못한다면 운송물의 분실로 인한 손해를 배상할 책임이 있는 바, 운임 금액 환급 및 운송장에 작성한 물품 가액 배상을 요구할 수 있다고 판단됩니다.   다만, ‘택배 표준약관’ 제15조에 따르면 수화인 부재로 운송물을 인도할 수 없는 경우에는 고객과 합의된 장소에 보관할 수 있으며 이 경우 인도가 완료된 것으로 볼 수 있으므로 배송요청 메시지나 합의한 사실이 있는지 먼저 확인이 필요합니다."
1094, 택배화물운송서비스, 계약불이행_분실_인수자 부재,집을 잠시 비운 사이 택배기사로부터 배송 연락을 받았습니다. 집 앞에 배송을 요구하고 30분 뒤 집에 도착하였으나 택배가 없어졌습니다. 손해배상을 청구할 수 있을까요?,"택배사업자가 운송에 관하여 주의를 해태하지 아니하였음을 증명하지 못한다면 운송물의 분실로 인한 손해를 배상할 책임이 있는바, 운임 금액 환급 및 운송장에 작성한 물품 가액 배상을 요구할 수 있습니다.   「상법」 제135조(손해배상책임)에 따르면?‘운송인은?자기?또는?운송주선인이나?사용인?기타 운송을?위하여 사용한?자가?운송물의?수령,?인도,?보관 및 운송에?관하여?주의를?해태하지 아니하였음을?증명하지 아니하면?운송물의?멸실,?훼손?또는?연착으로?인한?손해를?배상할?책임을?면하지?못한다‘고 규정하고 있습니다.   또한, 공정거래위원회가 고시한 택배 및 퀵서비스업 관련 ‘소비자분쟁해결기준’에 따르면 운송 중 택배가 전부 또는 일부 멸실된 때에는 운임 금액 환급 및 운송장 기재된 운송물의 가액을 기준으로 산정한 손해액을 지급하라고 규정하고 있습니다.   따라서, 운송인은 운송에 관하여 주의를 해태하지 아니하였음을 증명하지 못한다면 운송물의 분실로 인한 손해를 배상할 책임이 있는 바, 운임 금액 환급 및 운송장에 작성한 물품 가액 배상을 요구할 수 있다고 판단됩니다.   다만, ‘택배 표준약관’ 제15조에 따르면 수화인 부재로 운송물을 인도할 수 없는 경우에는 고객과 합의된 장소에 보관할 수 있으며 이 경우 인도가 완료된 것으로 볼 수 있으므로 배송요청 메시지나 합의한 사실이 있는지 먼저 확인이 필요합니다."
1095, 택배화물운송서비스, 계약불이행_분실_주소 잘못 기재,택배 수령 주소를 이전 집 주소로 잘못 기재한 것을 배송 완료 후 알게 되었습니다. 배송이 완료된 당일 직접 찾으러 가봤으나 택배가 분실되었습니다. 사업자는 주소를 오기재한 것은 저의 잘못이니 보상할 수 없다고 하는데 보상받을 수 있을까요?,"「상법」 제135조(손해배상책임), 택배 표준약관 제22조, 공정거래위원회가 고시한 택배 및 퀵서비스업 관련 ‘소비자분쟁해결기준’에 따라 사업자가 운송물의 수령, 인도, 보관 및 운송에 관하여 주의를 게을리하지 않았음을 증명하지 아니하면 배상을 요구할 수 있습니다.다만, ‘택배 표준약관’ 제6조에 따르면 고객(송화인)은 수화인의 주소, 전화번호, 성명, 운송물의 품명 및 표준가액 등을 운송장에 정확하게 작성하여야 하며, 제15조에 따르면 수화인 부재로 운송물을 인도할 수 없는 경우에는 고객과 합의된 장소에 보관할 수 있으며 이 경우 인도가 완료된 것으로 볼 수 있으므로 배송요청 메시지나 합의한 사실이 있는지 확인이 필요합니다."
1096, 택배화물운송서비스, 계약불이행_분실_일부멸실,"부모님이 보내주신 김치를 받았는데 최초포장인 박스가 아닌 봉투에 담겨왔습니다. 열어보니 대부분이 사라지고 일부만 배송되었는데, 손해배상을 요구할 수 있을까요?","14일 이내 사업자에게 통지하였고, 일부가 멸실되었다면 손해배상을 요구할 수 있습니다.   ‘택배 표준약관’ 제25조에 따르면 운송물이 일부 분실된 경우에는 택배 회사의 손해배상책임은 받는 사람이 운송물을 수령한 날로부터 14일 이내에 그 일부 분실에 대한 사실을 택배 회사에 통지하지 않으면 소멸하므로 반드시 운송물을 수령한 날로부터 14일 이내에 분실 사실을 택배 회사에 통지해야 합니다.   또한, 공정거래위원회가 고시한 택배 및 퀵서비스업 관련 ‘소비자분쟁해결기준’에 따르면 운송 중 전부 또는 일부 멸실된 때에는 운임 금액 환급 및 운송장에 작성한 운송물의 가액을 기준으로 산정한 손해액 지급이라고 규정하고 있습니다.   따라서, 14일 이내 사업자에게 통지하였고, 일부가 멸실되었다면 손해배상을 요구할 수 있다고 판단됩니다.   다만, 표준약관은 사업자의 약관의 불공정성을 판단하는 참고자료이며 당사자 간의 약정한 계약 내용에 이상이 없다면 계약 내용대로 이루어져야 하기에 계약서(약관 등) 검토가 필요합니다."
1097, 택배화물운송서비스, 계약불이행_일부분실_소멸시효,지인이 보내준 택배가 파손되어 인형 10개 중 3개만 배송이 되었습니다. 사업자는 14일이 지나 신고했다며 소멸시효를 주장합니다. 저는 사업자에게 미리 알렸는데 서류를 갖추어야 해서 신고가 늦어졌습니다. 이때에도 소멸시효가 성립되나요? ,"운송물을 수령한 날로부터 14일 이내 사업자에게 일부멸실에 대하여 통지를 하였다면 택배사의 주장대로 소멸시효가 성립되었다고 보기 어렵습니다.   ‘택배 표준약관’ 제25조에 따르면 운송물의 멸실 또는 훼손에 대한 사업자의 손해배상책임은 고객(수화인)이 운송물을 수령한 날로부터 14일 이내에 그 일부멸실 또는 훼손에 대한 사실을 고객(송화인)이 사업자에게 통지를 발송하지 아니하면 소멸합니다.   다만, 「상법」 제140조(수하인의 지위)에 따라 운송물이 도착지에 도착한 때에는 수하인은 송하인과 동일한 권리를 취득하며, 운송물이 도착지에 도착한 후 수하인이 그 인도를 청구한 때에는 수하인의 권리가 송하인의 권리에 우선합니다.   따라서, 운송물을 수령한 날로부터 14일 이내 사업자에게 일부멸실에 대하여 통지를 하였다면 택배사의 주장대로 소멸시효가 성립되었다고 보기 어렵다고 판단됩니다.   다만, 표준약관은 사업자의 약관의 불공정성을 판단하는 참고자료이며 당사자 간의 약정한 계약 내용에 이상이 없다면 계약 내용대로 이루어져야 하기에 계약서(약관 등) 검토가 필요합니다."
1098, 택배화물운송서비스, 계약불이행_분실_소멸시효,지인이 발송한 택배가 분실되었습니다. 사업자는 14일이 지나 신고했다며 소멸시효를 주장하며 배상을 거부합니다. 보상받을 수 없는 건가요?,"분실의 경우에는 운송물을 수령하지 못하였으므로 14일을 기산할 수 없기 때문에 보상을 요구할 수 있습니다.   ‘택배 표준약관’ 제25조에 따르면 운송물의 멸실 또는 훼손에 대한 사업자의 손해배상책임은 운송물을 수령한 날로부터 14일 이내에 그 일부멸실 또는 훼손에 대한 사실을 사업자에게 통지를 발송하지 아니하면 소멸합니다. 따라서, 분실의 경우에는 운송물을 수령하지 못하였으므로 14일을 기산할 수 없습니다. 다만, 수화인(택배 수령인)이 아닌 송화인(택배 발송인)이 사업자에 이의제기해야 합니다.   또한, 공정거래위원회가 고시한 택배 및 퀵서비스업 관련 ‘소비자분쟁해결기준’에 따르면 운송 중 전부 또는 일부 멸실된 때에는 운임 금액 환급 및 운송장에 작성한 운송물의 가액을 기준으로 산정한 손해액 지급이라고 규정하고 있습니다.   다만, 표준약관은 사업자의 약관의 불공정성을 판단하는 참고자료이며 당사자 간의 약정한 계약 내용에 이상이 없다면 계약 내용대로 이루어져야 하기에 계약서(약관 등) 검토가 필요합니다."
1099, 택배화물운송서비스, 계약불이행_훼손_수선 가능,컴퓨터를 택배로 부모님에게 보낸 후 잘 작동하던 컴퓨터가 갑자기 켜지지 않게 되었습니다. 3일 뒤 배상을 요구하니 운송 후에 고장이 난 것이 아니냐며 배상을 거부합니다. 손해배상을 요구할 수 있나요?,"14일 이내 훼손에 대한 사실을 알리었고, 운송인이 운송에 관하여 주의를 해태하지 아니하였음을 증명하지 못한다면 운송물의 훼손으로 인한 손해를 배상할 책임이 있는 바, 무상 수리 또는 수리비 보상을 요구할 수 있습니다.   「상법」 제135조(손해배상책임)에 따르면?‘운송인은?자기?또는?운송주선인이나?사용인?기타 운송을?위하여 사용한?자가?운송물의?수령,?인도,?보관 및 운송에?관하여?주의를?해태하지 아니하였음을?증명하지 아니하면?운송물의?멸실,?훼손?또는?연착으로?인한?손해를?배상할?책임을 면하지?못한다‘고 규정하고 있습니다.또한, ‘택배 표준약관’ 제25조에 따르면 운송물의 멸실 또는 훼손에 대한 사업자의 손해배상책임은 운송물을 수령한 날로부터 14일 이내에 그 일부멸실 또는 훼손에 대한 사실을 사업자에게 통지를 발송하지 아니하면 소멸하며, 공정거래위원회가 고시한 택배 및 퀵서비스업 관련 ‘소비자분쟁해결기준’에 따르면 운송 중 택배가 훼손된 때에는 수선이 가능한 경우 무상 수리 또는 수리비 보상, 수선이 불가능한 경우 운임 금액 환급 및 운송장 기재된 운송물의 가액을 기준으로 산정한 손해액을 지급하라고 규정하고 있습니다.따라서, 14일 이내 훼손에 대한 사실을 알리었고, 운송인이 운송에 관하여 주의를 해태하지 아니하였음을 증명하지 못한다면 운송물의 훼손으로 인한 손해를 배상할 책임이 있는바, 무상 수리 또는 수리비 보상을 요구할 수 있다고 판단됩니다.다만, 사업자에게 운송물에 대한 정보나 파손 가능성에 대한 정보를 알리지 않았다면 손해배상 비율이 달라질 수 있습니다. 또한, ‘택배 표준약관’은 사업자의 약관의 불공정성을 판단하는 참고자료이며 당사자 간의 약정한 계약 내용에 이상이 없다면 계약 내용대로 이루어져야 하기에 계약서(약관 등) 검토가 필요합니다."
1100, 택배화물운송서비스, 계약불이행_훼손_수선 불가능,밥솥 수리 후 택배로 받아보니 손잡이가 파손되고 몸통이 찌그러졌습니다. 수리가 불가하다고 하는데 보상을 받을 수 있나요?,"운송인이 운송에 관하여 주의를 해태하지 아니하였음을 증명하지 못한다면 운송물의 훼손으로 인한 손해를 배상할 책임이 있는 바, 수리가 불가할 경우 운임환급 및 운송장에 기재된 운송물의 가액을 기준으로 산정하여 손해액 지급을 요구할 수 있습니다.   「상법」 제135조(손해배상책임)에 따르면?‘운송인은?자기?또는?운송주선인이나?사용인?기타 운송을?위하여 사용한?자가?운송물의?수령,?인도,?보관 및 운송에?관하여?주의를?해태하지 아니하였음을?증명하지 아니하면?운송물의?멸실,?훼손?또는?연착으로?인한?손해를?배상할?책임을 면하지?못한다‘고 규정하고 있습니다.   또한, ‘택배 표준약관’ 제25조에 따르면 운송물의 멸실 또는 훼손에 대한 사업자의 손해배상책임은 운송물을 수령한 날로부터 14일 이내에 그 일부멸실 또는 훼손에 대한 사실을 사업자에게 통지를 발송하지 아니하면 소멸하며, 공정거래위원회가 고시한 택배 및 퀵서비스업 관련 ‘소비자분쟁해결기준’에 따르면 운송 중 택배가 훼손된 때에는 수선이 가능한 경우 무상 수리 또는 수리비 보상, 수선이 불가능한 경우 운임 금액 환급 및 운송장 기재된 운송물의 가액을 기준으로 산정한 손해액을 지급하라고 규정하고 있습니다.   따라서, 먼저 훼손 사실을 사업자에게 운송물을 받은 날로부터 14일 이내 통보해야 합니다. 운송인이 운송에 관하여 주의를 해태하지 아니하였음을 증명하지 못한다면 운송물의 훼손으로 인한 손해를 배상할 책임이 있는 바, 수리가 불가할 경우 운임환급 및 운송장에 기재된 운송물의 가액을 기준으로 산정하여 손해액 지급을 요구할 수 있다고 판단됩니다.   다만, 손해배상액은 밥솥의 잔존가액(감가상각 적용)을 기준으로 조정될 수 있습니다."
1101, 택배화물운송서비스, 계약불이행_훼손_소멸시효,모니터를 중고로 구매하여 택배로 받았더니 모니터에 화면에 금이 가 있었습니다. 중고로 판매한 사람과 언쟁 후 택배회사에게 이야기하니 14일 지났다며 배상을 거부합니다. 손해배상을 요구할 수 있나요?,"송화인 또는 수화인이 택배회사로 받은 날로부터 14일 이내에 훼손 사실을 통보했고, 운송인이 운송에 관하여 주의를 해태하지 아니하였음을 증명하지 못한다면 운송물의 훼손으로 인한 손해를 배상할 책임이 있으므로 손해배상을 요구할 수 있습니다.   ‘택배 표준약관’ 제25조에 따르면 운송물의 멸실 또는 훼손에 대한 사업자의 손해배상책임은 운송물을 수령한 날로부터 14일 이내에 그 일부멸실 또는 훼손에 대한 사실을 사업자에게 통지를 발송하지 아니하면 소멸합니다. 또한, 「상법」 제140조(수하인의 지위)에 따라 운송물이 도착지에 도착한 때에는 수하인은 송하인과 동일한 권리를 취득하며, 도착지에 도착한 후 수하인이 그 인도를 청구한 때에는 수하인의 권리가 송하인의 권리에 우선합니다.   따라서, 송화인 또는 수화인이 택배회사로 받은 날로부터 14일 이내에 훼손 사실을 통보했고, 운송인이 운송에 관하여 주의를 해태하지 아니하였음을 증명하지 못한다면 운송물의 훼손으로 인한 손해를 배상할 책임이 있습니다.   하지만, 14일 이내에 훼손 사실을 통보하지 않았다면 운송업자에게 손해배상을 요구하기 어려울 수 있습니다."
1102, 택배화물운송서비스, 계약불이행_훼손_파손면책 동의,"중고로 가구를 판매하였으나 구매하신 분이 가구가 파손되어 도착했다는 연락을 받았습니다. 택배사에서는 파손면책에 동의하였다고 배상을 거부하는데, 파손면책에 동의한다면 전혀 보상을 받을 수 없나요?","택배업자가 운송물을 수탁하였고, 운송인이 운송에 관하여 주의를 해태하지 아니하였음을 증명하지 못한다면 운송물의 훼손으로 인한 손해를 배상할 책임이 있는바, 수리가 가능하다면 무상 수리 및 수리비 보상을, 수리가 불가할 경우 운임환급 및 운송장에 기재된 운송물의 가액을 기준으로 산정하여 손해액 지급을 요구할 수 있습니다.   ‘파손면책’은 운송자가 일반적인 주의 의무를 다하였음에도 불구하고 발생한 운송물 파손에 대해서 운송자 과실이 면책될 수 있다는 것이며, 양 당사자 간 파손면책에 동의하였을지라도 「상법」 제135조(손해배상책임)에 따라 운송인은 자기 또는 운송주선인이나 사용인 기타 운송을 위하여 사용한 자가 운송물의 수령, 인도, 보관과 운송에 관하여 주의를 해태하지 아니하였음을 증명하지 아니하면 운송물의 멸실, 훼손 또는 연착으로 인한 손해를 배상할 책임을 면하지?못합니다.다만, 송화인은 운송물에 대한 정보를 정확하게 사업자에게 제공하고 운송물의 성질, 중량, 용적 등에 따라 운송에 적합하도록 포장해야 하며, 운송물에 대한 포장이 적합지 않은 경우에는 운송물 수탁을 거절할 수 있습니다.   또한, 공정거래위원회가 고시한 택배 및 퀵서비스업 관련 ‘소비자분쟁해결기준’에 따르면 운송 중 택배가 훼손된 때에는 수선이 가능한 경우 무상 수리 또는 수리비 보상, 수선이 불가능한 경우 운임 금액 환급 및 운송장 기재된 운송물의 가액을 기준으로 산정한 손해액을 지급하라고 규정하고 있습니다.따라서, 택배업자가 운송물을 수탁하였고, 운송인이 운송에 관하여 주의를 해태하지 아니하였음을 증명하지 못한다면 운송물의 훼손으로 인한 손해를 배상할 책임이 있는 바, 수리가 가능하다면 무상 수리 및 수리비 보상을, 수리가 불가할 경우 운임환급 및 운송장에 기재된 운송물의 가액을 기준으로 산정하여 손해액 지급을 요구할 수 있다고 판단됩니다."
1103, 택배화물운송서비스, 계약불이행_배송 지연_일반,배송한 택배가 일주일째 도착하지 않고 있습니다. 보상기준이 어떻게 되나요?,"공정거래위원회가 고시한 택배 및 퀵서비스업 관련 ‘소비자분쟁해결기준’에 따르면 아래와 같습니다.* 배상액 = 초과 일수 X 운임액(운송장기재) X 50% (다만, 운임액의 200%를 한도로 정함)초과 일수는 인도예정일을 초과한 일수로 「택배 표준약관」 제14조에 따라 운송장에 인도 예정일이 기재되어 있는 경우에는 기재된 날이며, 없는 경우 아래 기준에 따릅니다.* 운송장에 기재된 운송물의 수탁일로부터 인도예정 장소에 따라 다음 일수에 해당하는 날가. 일반 지역 : 수탁일로부터 2일나. 도서, 산간벽지 : 수탁일로부터 3일다만, 표준약관은 사업자의 약관의 불공정성을 판단하는 참고자료이며 당사자 간의 약정한 계약 내용에 이상이 없다면 계약 내용대로 이루어져야 하기에 계약서(약관 등) 검토가 필요합니다."
1104, 택배화물운송서비스, 계약불이행_배송 지연_특정 일시 지정,부가세 신고를 위해 서류를 택배로 보내면서 특정 일시까지 배달을 요구하였으나 택배가 지연되었습니다. 택배사로부터 서류를 찾아 직접 제출한 후 손해배상을 청구하였으나 사업자는 규정대로 200%만 배상하겠다고 합니다. 추가 손해배상이 불가한가요?,"직접 서류를 운송함으로써 발생한 손해(교통비, 유류비 등)와 운임액 반환을 요구할 수 있습니다.   ‘택배 표준약관’ 제14조에 따르면 사업자는 수화인이 특정 일시에 사용할 운송물을 수탁할 경우에는 운송장에 기재된 인도 예정일의 특정 시간까지 운송물을 인도해야 한다고 되어 있습니다. 또한, 공정거래위원회가 고시한 택배 및 퀵서비스업 관련 ‘소비자분쟁해결기준’에 따르면 특정 시각에 사용할 배송물이 인도예정시간을 초과하여 수하인에게 인도됨으로써 특정 시각에 사용할 수 없게된 경우 운송장에 기재된 운임액의 200% 배상으로 규정하고 있습니다. 다만, 「민법」 제393조(손해배상의 범위)에서 채무불이행으로 인한 손해배상은 통상의 손해를 그 한도로 하나 채무자가 그 사정을 알았거나 알 수 있었을 때에는 특별한 사정으로 인한 손해에 대하여도 배상할 책임이 있다고 규정하고 있습니다.따라서, 직접 서류를 운송함으로써 발생한 손해(교통비, 유류비 등)와 운임액 반환을 요구할 수 있다고 판단됩니다.다만, 표준약관은 사업자의 약관의 불공정성을 판단하는 참고자료이며 당사자 간의 약정한 계약 내용에 이상이 없다면 계약 내용대로 이루어져야 하기에 계약서(약관 등) 검토가 필요합니다."
1105, 택배화물운송서비스, 계약불이행_배송 지연_파업,택배기사 파업으로 발송한 택배가 한 달 동안 물류창고에 있습니다. 배송을 촉구할 방법이 있나요?,"택배기사의 파업은 한국소비자원의 조정을 통해서 해결이 어렵습니다.   다만, 공정거래위원회가 고시한 택배 및 퀵서비스업 관련 ‘소비자분쟁해결기준’에 따라 택배 배달 지연에 대한 피해배상을 아래와 같이 요구해 볼 수 있습니다.   * 배상액 = 초과 일수 X 운임액(운송장기재) X 50% (다만, 운임액의 200%를 한도로 정함)   초과 일수는 인도예정일을 초과한 일수로 「택배 표준약관」에 따라 운송장에 인도 예정일이 기재되어 있는 경우에는 기재된 날이며, 없는 경우 아래 기준에 따릅니다.   * 운송장에 기재된 운송물의 수탁일로부터 인도 예정 장소에 따라 다음 일수에 해당하는 날   가. 일반 지역 : 수탁일로부터 2일    나. 도서, 산간벽지 : 수탁일로부터 3일 다만, 표준약관은 사업자의 약관의 불공정성을 판단하는 참고자료이며 당사자 간의 약정한 계약 내용에 이상이 없다면 계약 내용대로 이루어져야 하기에 계약서(약관 등) 검토가 필요합니다."
1106, 택배화물운송서비스, 가격·요금_이중요금 청구,"계약 시 택배운임을 지급했는데, 택배사에서 받는 사람에게 이중으로 비용 청구하였습니다. 택배운임을 환급받을 수 있나요?","운송장에 기재 된 요금 외 추가 비용 반환을 요구할 수 있습니다.   ‘택배 표준약관’ 제8조에 따르면 운임 및 할증요금은 미리 동 약관의 별표로 제시하고 운송장에 기재해야 한다고 규정하고 있습니다. 사업자는 운송물을 수탁할 때 고객(송화인)에게 운임을 청구할 수 있으며, 고객(송화인)과의 합의에 따라 운송물을 인도할 때 운송물을 받는 자(수화인)에게 청구할 수도 있습니다. 또한, 고객(송화인, 수화인)의 사유로 운송물이 돌려보내지거나 도착지 주소가 변경되는 경우, 사업자는 따로 추가 요금 청구를 할 수 있습니다.따라서, 송화인(보낸사람)이나 수화인(받는사람)의 합의 및 귀책사유(주소 오기재 등)가 없는 상황임에도 불구하고 사전에 알리지 않은 운임을 청구한 것이라면 부당하다고 주장할 수 있으며, 운송장에 기재 된 요금 외 추가 비용 반환을 요구할 수 있다고 판단됩니다.다만, 표준약관은 사업자의 약관의 불공정성을 판단하는 참고자료이며 당사자 간의 약정한 계약 내용에 이상이 없다면 계약 내용대로 이루어져야 하기에 계약서(약관 등) 검토가 필요합니다."
1107, 택배화물운송서비스, 가격·요금_고지하지 않은 요금 청구,착불로 계약한 택배를 받을 때 지인이 보내준 운송장과 다르게 운송장 번호 변경 및 운임이 바뀌었습니다. 일단 사용해야 해서 변경된 운임을 지급했는데 환급받을 수 있을까요? ,"운송장에 기재 된 요금 외 추가 비용 반환을 요구할 수 있습니다.   ‘택배 표준약관’ 제8조에 따르면 운임 및 할증요금은 미리 동 약관의 별표로 제시하고 운송장에 기재해야 한다고 규정하고 있습니다. 따라서, 송화인(보낸사람)이나 수화인(받는사람)의 귀책 사유(주소 오기재 등)가 없는 상황임에도 불구하고 사전에 알리지 않은 운임을 청구한 것이라면 부당하다고 주장할 수 있으며, 운송장에 기재 된 요금 외 추가 비용 반환을 요구할 수 있다고 판단됩니다.   다만, 표준약관은 사업자의 약관의 불공정성을 판단하는 참고자료이며 당사자 간의 약정한 계약 내용에 이상이 없다면 계약 내용대로 이루어져야 하기에 계약서(약관 등) 검토가 필요합니다."
1108, 택배화물운송서비스, 가격·요금_도선료 청구,섬과 육지 사이에 다리가 생겨 배로 배달할 필요가 없음에도 불구하고 특정 택배사에서만 계속 도선료를 받고 있습니다. 해결방안이 있을까요?,"사업자는 미리 약정된 운임 및 할증요금은 약관에 근거하여 청구해야 하며, 사업자가 정한 도서 지역 표준운임 내용과 달리 과다 청구한다면 부당하다고 주장할 수 있습니다.   ‘택배 표준약관’ 제8조에 따르면 운임 및 할증요금은 미리 동 약관의 별표로 제시하고 운송장에 기재해야 한다고 규정하고 있습니다.   사업자는 미리 약정된 운임 및 할증요금은 약관에 근거하여 청구해야 하며, 사업자가 정한 도서 지역 표준운임 내용과 달리 과다 청구한다면 부당하다고 볼 수 있습니다.   다만, 송화인(보낸사람)이나 수화인(받는사람)의 귀책 사유(주소 오기재 등)가 있다면 사업자는 추가 비용을 청구할 수 있습니다.   또한, 택배사는 택배 운임 및 운송약관을 국토교통부에 신고하므로 해당 약관에 대한 질문 및 민원은 국토교통부로 문의할 수 있습니다."
1109, 택배화물운송서비스, 약관_소멸시효,지인이 보내준 택배가 파손되어 인형 10개 중 3개만 배송이 되었습니다. 사업자는 14일이 지나 신고했다며 소멸시효를 주장합니다. 저는 사업자에게 미리 알렸는데 서류를 갖추어야 해서 신고가 늦어졌습니다. 이때에도 소멸시효가 성립되나요? ,"14일 이내 사업자에게 일부멸실에 대하여 통지를 하였다면 소멸시효가 성립되었다고 보기 어려울 수 있습니다   ‘택배 표준약관’ 제25조에 따르면 운송물의 멸실 또는 훼손에 대한 사업자의 손해배상책임은 고객(수화인)이 운송물을 수령한 날로부터 14일 이내에 그 일부멸실 또는 훼손에 대한 사실을 고객(송화인)이 사업자에게 통지를 발송하지 아니하면 소멸합니다.   다만, 「상법」 제140조(수하인의 지위)에 따라 운송물이 도착지에 도착한 때에는 수하인은 송하인과 동일한 권리를 취득합니다.   따라서, 14일 이내 사업자에게 일부멸실에 대하여 통지를 하였다면 소멸시효가 성립되었다고 보기 어려울 수 있다고 판단됩니다.   다만, 표준약관은 사업자의 약관의 불공정성을 판단하는 참고자료이며 당사자 간의 약정한 계약 내용에 이상이 없다면 계약 내용대로 이루어져야 하기에 계약서(약관 등) 검토가 필요합니다."
1110, 택배화물운송서비스, 약관_파손면책 동의,"중고로 가구를 판매하였으나 구매하신 분이 가구가 파손되어 도착했다는 연락을 받았습니다. 택배사에서는 파손면책에 동의하였다고 배상을 거부하는데, 파손면책에 동의한다면 전혀 보상을 받을 수 없나요?","택배업자가 운송물을 수탁하였고, 운송인이 운송에 관하여 주의를 해태하지 아니하였음을 증명하지 못한다면 운송물의 훼손으로 인한 손해를 배상할 책임이 있는 바, 수리가 가능하다면 무상 수리 및 수리비 보상을 수리가 불가할 경우 운임환급 및 운송장에 기재된 운송물의 가액을 기준으로 산정하여 손해액 지급을 요구할 수 있습니다.   ‘파손면책’은 운송자가 일반적인 주의 의무를 다하였음에도 불구하고 발생한 운송물 파손에 대해서 운송자 과실이 면책될 수 있다는 것이며, 양 당사자 간 파손면책에 동의하였을지라도 「상법」 제135조(손해배상책임)에 따라 운송인은 자기 또는 운송주선인이나 사용인 기타 운송을 위하여 사용한 자가 운송물의 수령, 인도, 보관과 운송에 관하여 주의를 해태하지 아니하였음을 증명하지 아니하면 운송물의 멸실, 훼손 또는 연착으로 인한 손해를 배상할 책임을 면하지?못합니다.   다만, 송화인은 운송물에 대한 정보를 사업자에게 제공하고 운송에 적합하도록 포장해야 하며, 사업자는 운송물에 대한 포장이 적합지 않은 경우에는 운송물 수탁을 거절할 수 있습니다.   또한, 공정거래위원회가 고시한 택배 및 퀵서비스업 관련 ‘소비자분쟁해결기준’에 따르면 운송 중 택배가 훼손된 때에는 수선이 가능한 경우 무상 수리 또는 수리비 보상, 수선이 불가능한 경우 운임 금액 환급 및 운송장 기재된 운송물의 가액을 기준으로 산정한 손해액을 지급하라고 규정하고 있습니다.   따라서, 택배업자가 운송물을 수탁하였고, 운송인이 운송에 관하여 주의를 해태하지 아니하였음을 증명하지 못한다면 운송물의 훼손으로 인한 손해를 배상할 책임이 있는바, 수리가 가능하다면 무상 수리 및 수리비 보상을 수리가 불가할 경우 운임환급 및 운송장에 기재된 운송물의 가액을 기준으로 산정하여 손해액 지급을 요구할 수 있다고 판단됩니다."
1111, 택배화물운송서비스, 표시·광고_가격 상이,"모바일 앱으로 금액을 확인하고 택배를 방문 수거 예약하였습니다. 앱에서 안내한 최소 사이즈와 무게로 포장하고, 택배를 수거하려고 온 택배기사가 추가로 500원 더 요금을 요구하였습니다. 허위 기재로 신고가 가능한가요?","운송장에 기재 된 요금 외 추가 비용 반환을 요구할 수 있습니다.   ‘택배 표준약관’ 제8조에 따르면 운임 및 할증요금은 미리 동 약관의 별표로 제시하고 운송장에 기재해야 한다고 규정하고 있습니다. 따라서, 송화인(보낸사람)이나 수화인(받는 사람)의 귀책 사유(주소 오기재 등)가 없는 상황임에도 불구하고 사전에 알리지 않은 운임을 청구한 것이라면 부당하다고 주장할 수 있으며, 운송장에 기재 된 요금 외 추가 비용 반환을 요구할 수 있다고 판단됩니다.   다만, 표준약관은 사업자의 약관의 불공정성을 판단하는 참고자료이며 당사자 간의 약정한 계약 내용에 이상이 없다면 계약 내용대로 이루어져야 하기에 계약서(약관 등) 검토가 필요합니다."
1112, 티셔츠, 계약해제·해지_일반매장 구입,보세 매장에서 티셔츠를 구입하고 당일 환급을 요구하였으나 사업자는 환급이 불가하다는 자사 방침을 사전에 고지했다며 거부하고 있습니다. 환급을 받을 수 있나요?,"사업자가 환급 불가라는 자사 방침을 충분히 설명하였고, 이에 소비자가 동의하였을 경우에는 환급을 요구하는 것이 어렵습니다.   공정거래위원회가 고시한 의복류 관련 ‘소비자분쟁해결기준’에 따르면, 치수(사이즈)가 맞지 않거나 디자인·색상에 불만이 발생했을 때 제품 구입 후 7일 이내로서 제품에 손상이 없는 경우에 한하여 교환 또는 환급을 요구할 수 있습니다. 다만, 구매 당시 교환 및 환급 불가 사실을 판매자가 명시적으로 표기 또는 고지를 하였다면 당사자 간에 이러한 내용의 계약을 체결한 것으로 보아 교환 및 환급을 요구하기 어렵다고 판단됩니다.   일반매장에서 상품 구입 후 교환 및 반품과 관련된 분쟁이 자주 발생하는데, 매장의 환급 규정, 교환 가능 유무 등을 꼼꼼히 확인 후 상품을 구입할 필요가 있습니다."
1113, 티셔츠, 계약해제·해지_가격기재 오류,"전자상거래로 5,000원 특가 티셔츠를 주문하였으나 이틀 후 사업자가 50,000원 티셔츠를 5,000원으로 잘못 기재하였음을 주장하면서 일방적으로 주문 취소를 해버렸습니다. 계약이행을 주장할 수 있나요?","계약이행을 주장하기 어렵습니다.   「민법」 제109조(착오로 인한 의사표시)에 따르면 계약은 신의성실의 원칙에 따라 이행되어야 하나, 의사표시 당사자가 중요 부분에 착오가 있었다면 취소할 수 있습니다. 또한, 「전자상거래 등에서의 소비자보호에 관한 법률」 제15조(재화등의 공급 등)에 따르면 사업자가 청약을 받은 재화를 공급하기 곤란하다는 것을 알았을 때 그 사유를 소비자에게 알리고 대금을 3영업일 이내에 환급하거나 해당 조치를 하도록 규정하고 있습니다.   따라서, 제품 가격 5,000원이 통상가격의 10% 이하 가격인 점을 감안하면 사업자의 착오 주장은 인정될 수 있으며, 사업자는 계약체결 및 결제 이틀 이내 소비자에게 ’고지 및 환급‘ 조치를 완료했으므로 사업자의 계약취소 요구에 대해 소비자가 계약이행을 주장하기는 어렵다고 판단됩니다."
1114, 티셔츠, 계약해제·해지_정품 의심,"전자상거래로 명품 티셔츠를 구입한 후 정품이 아닌 것 같은 느낌이 들어 환급을 요구하였으나, 사업자는 가품이라는 말에 화를 내며 환급을 거부합니다. 환급을 받을 수 있나요?","청약철회 기간이 경과한 후에는 가품이 의심되는 주관적인 추측, 정황만으로는 환급을 요구하기 어렵습니다.   「전자상거래 등에서의 소비자보호에 관한 법률」 제17조(청약철회등)에 따르면 소비자는 전자상거래로 구입한 제품에 대하여 공급받은 날로부터 7일 이내(표시·광고의 내용과 다르거나 계약 내용과 다르게 이행된 경우에는 공급받은 날부터 3개월, 사실을 안 날 또는 알 수 있었던 날부터 30일 이내)에 청약철회를 요청할 수 있으나, 해당 제품이 재판매가 불가할 정도로 훼손된 경우에는 청약철회를 제한하도록 규정하고 있습니다.   이 사안에서 청약철회 기간 내에 환급을 요구할 경우에는 단순 변심에 따른 청약철회가 가능하며, 청약철회 기간이 경과한 후 환급을 요구할 경우에는 가품이 의심되는 주관적인 추측만으로는 청약철회를 요구하기 어렵다고 판단됩니다.   다만, 육안상 가품으로 의심되는 경우에는 감정기관의 가품판정서, 상표권자의 가품확인서 등을 가품 입증자료를 확보하면 피해구제 신청이 가능합니다."
1115, 티셔츠, 청약철회_배송 지연,전자상거래로 티셔츠를 구입한 후 몇 주가 지나도 배송이 되지 않아 환급을 요구하였으나 사업자는 현재 배송중이라며 이를 거부합니다. 송장번호도 확인이 안되는데 환급을 받을 수 있나요?,"사업자에게 환급을 요구할 수 있습니다.   「전자상거래 등에서의 소비자보호에 관한 법률」 제15조(재화등의 공급 등)에 따르면 사업자는 소비자가 청약을 한 날부터 7일 이내에 재화 등의 공급에 필요한 조치를 하여야 하고, 소비자가 재화 등의 대금을 전부 또는 일부를 지급한 날부터 3영업일 이내에 재화 등의 공급에 필요한 조치를 하여야 한다고 규정하고 있습니다. 또한, 청약을 받은 재화 등을 공급하기 곤란하다는 것을 알았을 때에는 지체 없이 그 사유를 소비자에게 알려야 하고, 소비자가 그 대금의 전부 또는 일부를 지급한 날부터 3 영업일 이내에 환급하거나 환급에 필요한 조치를 하도록 규정하고 있습니다.   따라서, 사업자가 물품의 배송이 힘들 것으로 판단되었을 때 그에 따른 안내를 소비자에게 하여야 할 의무가 있음에도 불구하고 이를 고지하지 않고 배송 중이라는 사유로 청약철회를 거부하고 있으며, 청약철회의 효과와 동일하게 대금의 환급이 이루어져야 함에도 불구하고 이를 이행하고 있지 않은 것으로 판단됩니다. 따라서, 소비자는 사업자에게 환급을 요구할 수 있다고 판단됩니다.   ※ 통신판매업자에 대한 청약철회 의사표시 방법은 법률상 특별한 제한이 없으므로 전화, 서면, 전자문서 모두 가능합니다. 다만, 전화로 의사표시를 한 경우 간혹 판매자가 청약철회 요구를 받은 사실이 없다고 주장하는 경우가 있으므로, 쇼핑몰 게시판에 청약철회 의사를 표시하고 그 화면을 캡처하여 보관하거나 서면으로 발송하는 것이 좋습니다. 서면으로 발송한 경우에는 발송한 날에 그 효력이 발생합니다. 또한, 사업자에게 청약철회를 요청하였는데도 특별한 사유없이 이를 거부할 경우, 「전자상거래 등에서의 소비자보호에 관한 법률」 제18조에 따라 신용카드로 대금을 결제하였다면 신용카드사에 처리를 요구할 수 있으니 참고하시기 바랍니다."
1116, 티셔츠," 청약철회_제품 훼손, 오염, 냄새","청약철회 의사를 밝히고 수령한 티셔츠를 그대로 반송하였으나, 사업자가 반송된 제품의 훼손, 오염, 냄새 등으로 인해 거부하고 있습니다. 청약철회가 가능한가요? ","사업자가 제품의 훼손, 오염, 냄새의 원인이 소비자에게 있다고 입증하지 못한다면 청약철회를 요구할 수 있습니다.   「전자상거래 등에서의 소비자보호에 관한 법률」 제17조(청약철회등) 제2항에 따르면 소비자의 책임 있는 사유로 재화 등이 멸실되거나 훼손된 경우, 소비자의 사용 또는 일부 소비로 재화 등의 가치가 현저히 감소한 경우와 같이 예외적인 경우 청약철회를 할 수 없다고 규정하고 있습니다.   재화 등의 훼손에 대하여 소비자의 책임이 있는지 여부에 관하여 다툼이 있는 경우에는 사업자가 이를 입증해야 하므로, 소비자는 사업자가 발송한 제품에 하자가 존재하지 않는다는 점에 대한 입증을 요구하고 이를 입증하지 못하는 한 청약철회를 요구할 수 있다고 판단됩니다.   ※ 통신판매업자에 대한 청약철회 의사표시 방법은 법률상 특별한 제한이 없으므로 전화, 서면, 전자문서 모두 가능합니다. 다만, 전화로 의사표시를 한 경우 간혹 판매자가 청약철회 요구를 받은 사실이 없다고 주장하는 경우가 있으므로, 쇼핑몰 게시판에 청약철회 의사를 표시하고 그 화면을 캡처하여 보관하거나 서면으로 발송하는 것이 좋습니다. 서면으로 발송한 경우에는 발송한 날에 그 효력이 발생합니다. 또한, 사업자에게 청약철회를 요청하였는데도 특별한 사유없이 이를 거부할 경우, 「전자상거래 등에서의 소비자보호에 관한 법률」 제18조에 따라 신용카드로 대금을 결제하였다면 신용카드사에 처리를 요구할 수 있으니 참고하시기 바랍니다."
1117, 티셔츠, 청약철회_주문제작,전자상거래로 티셔츠를 구입하고 단순 변심으로 청약철회를 요구하였으나 사업자는 주문 즉시 제작하는 ‘Order Made’ 상품임을 주장하면서 거절하고 있습니다. 청약철회가 가능한가요?,"사업자가 주문제작으로 청약철회가 어렵다는 사실을 고지하고 이에 소비자가 동의하였으며, 청약철회 시 중대한 피해가 예상된다는 것을 증명한 경우에는 청약철회를 요구하기 어렵습니다.   「전자상거래 등에서의 소비자보호에 관한 법률」 제17조(청약철회등)에 따르면 소비자의 청약철회 권리를 보호하고 있으나, ‘소비자의 사용 또는 책임 있는 사유로 재화가 훼손되거나 가치가 감소한 경우, 시간의 경과로 재판매가 곤란할 정도로 가치가 하락된 경우, 복제 가능한 재화 등의 포장을 훼손한 경우’에는 그 권리를 제한하고 있으며, 동법 시행령 제21조(청약철회등의 제한)에 따르면 소비자의 주문에 의하여 개별적으로 생산되는 재화‘의 청약철회를 인정하는 경우, 통신판매업자에게 회복할 수 없는 중대한 피해가 예상되는 경우로서 사전에 당해 거래에 대하여 별도로 그 사실을 고지하고 소비자의 서면(전자문서를 포함한다)에 의한 동의를 얻은 경우에는 청약철회 요청을 거부할 수 있다고 규정하고 있습니다.   따라서, 사업자가 청약철회 시 재판매 등이 어렵다는 사실을 사전에 고지하면서 소비자의 서면(전자문서를 포함한다)에 의한 동의를 얻었고, 특정 개인의 요구사항에 맞게 그 구성이 개별적으로 달리하게 된 제품이면서 청약철회 시 재판매 등이 어려워 중대한 피해가 예상된다는 것을 증명할 경우에는 청약철회가 어렵다고 판단됩니다.   다만, 소비자가 해당 제품이 이미 사이즈의 종류가 정해져 있는 상황에서 단순히 선택만 하였거나 청약철회 시 주문제작 착수 전일 경우에는 청약철회를 요구할 수 있습니다."
1118, 티셔츠, 청약철회_SNS 판매,SNS에서 티셔츠를 구입하고 단순변심으로 반품을 요청하였으나 이를 거부하며 SNS를 차단한 후 연락이 되지 않습니다. 청약철회가 가능한가요?,"SNS 운영자가 통신판매업자로 등록하지 않은 개인이거나 사업자정보가 확인하기 어려운 경우에는 청약철회를 요구하기 어렵습니다.   「전자상거래 등에서의 소비자보호에 관한 법률」 제9조의2(전자게시판서비스 제공자의 책임)에 따르면 전자게시판서비스 제공자는 해당 게시판을 이용하여 통신판매 또는 통신판매중개가 이루어지는 경우 이로 인한 소비자피해가 발생하지 아니하도록 소비자보호조치를 이행하도록 규정하고 있습니다. 또한, 이에 따른 의무를 준수하도록 안내 및 권고를 하고, 소비자의 피해구제신청을 대행하는 장치를 마련하고 운영하며, 기타 소비자피해를 방지하기 위한 사항을 이행함과 동시에 사업자정보 역시 제공할 의무가 있습니다.   따라서, 통신판매업자로 등록한 사업자의 경우에는 해당 지자체(사업자 소재지)를 통해 연락 두절, 폐업, 폐쇄 등의 사실을 확인한 후 청약철회를 요구할 수 있으나, 통신판매업자로 등록하지 않은 개인이거나 또는 사업자정보(상호, 대표자명, 주소, 전화번호, 전자우편주소, 통신판매신고 번호 등) 확인이 불가한 경우에는 청약철회를 요구하기 어렵다고 판단됩니다."
1119, 티셔츠, 청약철회_구성품 누락,전자상거래로 고가의 티셔츠를 구입하고 사이즈 착오로 반품을 요청하였으나 사업자가 구성품(포장지 비닐) 누락을 이유로 거부합니다. 청약철회가 가능한가요?,"구성품이 일부라도 누락된 상태라면 청약철회를 요구하기 어렵습니다.   「전자상거래 등에서의 소비자보호에 관한 법률」 제17조(청약철회등)에 따르면 소비자에게 책임이 있는 사유로 재화 등이 멸실되거나 훼손된 경우 청약철회를 할 수 없다고 규정하고 있습니다.   고가의 의류나 해외 구매대행 제품 등은 포장지에 제품의 정보를 담고 있는 바코드 스티커와 로고가 각인되어 있는 경우가 많아 개봉 시 주의할 필요가 있으며, 이 경우 사업자가 사전에 “포장 훼손 시 청약철회 불가”를 고지했다면 청약철회가 어렵다고 판단됩니다.   따라서, 제품 확인을 위해 포장을 개봉했다 하더라도 청약철회를 요청하기 위해서는 배송된 상태(제품 및 바코드 스티커 등 구성품 일체) 그대로 보존하여 반품해야 합니다.   ※ 통신판매업자에 대한 청약철회 의사표시 방법은 법률상 특별한 제한이 없으므로 전화, 서면, 전자문서 모두 가능합니다. 다만, 전화로 의사표시를 한 경우 간혹 판매자가 청약철회 요구를 받은 사실이 없다고 주장하는 경우가 있으므로, 쇼핑몰 게시판에 청약철회 의사를 표시하고 그 화면을 캡처하여 보관하거나 서면으로 발송하는 것이 좋습니다. 서면으로 발송한 경우에는 발송한 날에 그 효력이 발생합니다. 또한, 사업자에게 청약철회를 요청하였는데도 특별한 사유없이 이를 거부할 경우, 「전자상거래 등에서의 소비자보호에 관한 법률」 제18조에 따라 신용카드로 대금을 결제하였다면 신용카드사에 처리를 요구할 수 있으니 참고하시기 바랍니다."
1120, 티셔츠, 청약철회_7일 이내 반품 미완료,전자상거래로 티셔츠를 구입하고 단순 변심으로 반품을 요청하였으나 사업자가 7일 이내 제품이 도착하지 않았다는 이유로 거부합니다. 청약철회가 가능한가요?,"청약철회를 요구할 수 있습니다.   「전자상거래 등에서의 소비자보호에 관한 법률」(이하, ‘전자상거래법’) 제17조(청약철회등)에 따르면 소비자는 단순 변심에 의한 청약철회의 경우 상품 수령일로부터 7일 이내에 청약철회를 할 수 있고, 이를 위반한 약정으로써 소비자에게 불리한 것은 효력이 없는 것으로 규정하고 있습니다.   따라서, 만약 사업자가 “반품은 상품이 7일 이내 쇼핑몰에 도착해야만 환급 가능하다”고 표시하였다고 하더라도 이는 ‘전자상거래법’ 제17조를 위반한 약정으로 소비자에게 불리한 것이므로 효력이 없다고 보며, 소비자가 제품을 수령한 날로부터 7일 이내 청약철회 의사표시를 하고 반품 절차를 진행했다면 설령 반품한 상품이 7일 이내 쇼핑몰에 도착하지 못했다 하더라도 청약철회 권리를 제한할 수는 없다고 판단됩니다.   ※ 통신판매업자에 대한 청약철회 의사표시 방법은 법률상 특별한 제한이 없으므로 전화, 서면, 전자문서 모두 가능합니다. 다만, 전화로 의사표시를 한 경우 간혹 판매자가 청약철회 요구를 받은 사실이 없다고 주장하는 경우가 있으므로, 쇼핑몰 게시판에 청약철회 의사를 표시하고 그 화면을 캡처하여 보관하거나 서면으로 발송하는 것이 좋습니다. 서면으로 발송한 경우에는 발송한 날에 그 효력이 발생합니다. 또한, 사업자에게 청약철회를 요청하였는데도 특별한 사유없이 이를 거부할 경우, 「전자상거래 등에서의 소비자보호에 관한 법률」 제18조에 따라 신용카드로 대금을 결제하였다면 신용카드사에 처리를 요구할 수 있으니 참고하시기 바랍니다."
1121, 티셔츠, 청약철회_사이즈 표기 오류,"전자상거래로 105 사이즈 티셔츠를 구입하고 박스 표면에 표기된 사이즈를 확인한 후 그대로 보관했는데, 7일을 경과한 후 제품을 열어보니 100 사이즈였습니다. 이에 사업자에게 반품을 요구하였으나 청약철회기간인 7일이 지났다며 이를 거부합니다. 청약철회가 가능한가요?","소비자가 통상적 주의력을 가지고도 제품의 하자 또는 계약불이행 여부를 확인하기 어려운 상황이라면 청약철회를 요구할 수 있습니다.   「전자상거래 등에서의 소비자보호에 관한 법률」 제17조(청약철회등)에 따르면 재화 등을 공급받거나 재화 등의 공급이 시작된 날부터 7일 이내에 청약철회를 할 수 있지만, 재화 등의 내용이 표시, 광고의 내용과 다르거나 계약내용과 다르게 이행된 경우에는 그 재화 등을 공급받은 날부터 3개월 이내, 그 사실을 안 날 또는 알 수 있었던 날부터 30일 이내에 청약철회 권리를 행사할 수 있다고 규정하고 있습니다.   이 사례에서는 포장 박스에 105 사이즈로 표기가 되어 있었고, 소비자가 제품을 전혀 착용하지 않았기 때문에 소비자가 통상적인 주의력을 가지고 해당 하자 또는 계약불이행 여부를 확인하기 어려운 상태로 볼 수 있으므로 계약내용과 다르게 이행되었다는 사실을 안 날로부터 30일 이내인 점을 고려했을 때, 청약철회 요구가 가능하다고 판단됩니다.   단, 이때 사업자는 청약철회를 수용하더라도 소비자가 제품의 일부 사용, 소비로 얻은 이익 또는 그에 상당하는 비용을 소비자에게 청구할 수 있습니다.    ※ 통신판매업자에 대한 청약철회 의사표시 방법은 법률상 특별한 제한이 없으므로 전화, 서면, 전자문서 모두 가능합니다. 다만, 전화로 의사표시를 한 경우 간혹 판매자가 청약철회 요구를 받은 사실이 없다고 주장하는 경우가 있으므로, 쇼핑몰 게시판에 청약철회 의사를 표시하고 그 화면을 캡처하여 보관하거나 서면으로 발송하는 것이 좋습니다. 서면으로 발송한 경우에는 발송한 날에 그 효력이 발생합니다. 또한, 사업자에게 청약철회를 요청하였는데도 특별한 사유없이 이를 거부할 경우, 「전자상거래 등에서의 소비자보호에 관한 법률」 제18조에 따라 신용카드로 대금을 결제하였다면 신용카드사에 처리를 요구할 수 있으니 참고하시기 바랍니다."
1122, 티셔츠, 청약철회_사이즈 문제,"전자상거래로 티셔츠를 구입하고 수령 후 사이즈가 맞지 않아 반품을 요구하였으나, 사업자는 소재 특성상 반품이 불가함을 미리 고지하였다며 거절하고 있습니다. 청약철회가 가능한가요?","재판매가 곤란할 정도의 제품 훼손이 없다면 청약철회를 요구할 수 있습니다.   「전자상거래 등에서의 소비자보호에 관한 법률」 제17조(청약철회등)에 따르면 소비자는 계약내용에 관한 서면을 교부받은 날(서면을 교부받은 때보다 재화 등의 공급이 늦게 이루어진 경우에는 재화 등의 공급을 받거나 공급이 개시된 날)부터 7일 이내에 당해 계약에 관한 청약을 철회할 수 있으며, 동법 제18조에는 색상, 디자인 혹은 사이즈 불만 등의 사유로 청약철회를 요청한 경우 반환에 소요되는 비용(반품비)은 소비자가 부담해야 한다고 규정하고 있습니다.   따라서, 홈페이지에 반품, 교환, 환급 등이 불가하다고 쓰여 있거나, 반품을 원할 경우에는 적립금으로 환급 처리된다고 고지되어 있더라도 청약철회와 관련하여 소비자에게 불리한 약정은 효력이 없기 때문에 재판매가 곤란할 정도의 제품 훼손이 없다면 반품비를 소비자가 부담하고 청약철회를 요구할 수 있다고 판단됩니다.   ※ 통신판매업자에 대한 청약철회 의사표시 방법은 법률상 특별한 제한이 없으므로 전화, 서면, 전자문서 모두 가능합니다. 다만, 전화로 의사표시를 한 경우 간혹 판매자가 청약철회 요구를 받은 사실이 없다고 주장하는 경우가 있으므로, 쇼핑몰 게시판에 청약철회 의사를 표시하고 그 화면을 캡처하여 보관하거나 서면으로 발송하는 것이 좋습니다. 서면으로 발송한 경우에는 발송한 날에 그 효력이 발생합니다. 또한, 사업자에게 청약철회를 요청하였는데도 특별한 사유없이 이를 거부할 경우, 「전자상거래 등에서의 소비자보호에 관한 법률」 제18조에 따라 신용카드로 대금을 결제하였다면 신용카드사에 처리를 요구할 수 있으니 참고하시기 바랍니다."
1123, 티셔츠, 청약철회_반품·교환불가 사전 고지,"전자상거래로 티셔츠를 구입하고 수령 후 단순 변심으로 반품을 요구하였으나, 사업자는 반품, 교환, 환급이 불가하다는 문구를 쇼핑몰에 고지하였음을 근거로 거절하고 있습니다. 청약철회가 가능한가요?","재판매가 곤란할 정도의 제품 훼손이 없다면 청약철회를 요구할 수 있습니다.      「전자상거래 등에서의 소비자보호에 관한 법률」 제17조(청약철회등)에 따르면 소비자는 계약내용에 관한 서면을 교부받은 날(서면을 교부받은 때보다 재화 등의 공급이 늦게 이루어진 경우에는 재화 등의 공급을 받거나 공급이 개시된 날)부터 7일 이내에 당해 계약에 관한 청약을 철회할 수 있으며, 동법 제18조에는 색상, 디자인 혹은 사이즈 불만 등의 사유로 청약철회를 요청한 경우 반환에 소요되는 비용(반품비)은 소비자가 부담해야 한다고 규정하고 있습니다.   따라서, 홈페이지에 반품, 교환, 환급 등이 불가하다고 쓰여 있거나, 반품을 원할 경우에는 적립금으로 환급 처리된다고 고지되어 있더라도 청약철회와 관련하여 소비자에게 불리한 약정은 효력이 없기 때문에 재판매가 곤란할 정도의 제품 훼손이 없다면 반품비를 소비자가 부담하고 청약철회를 요구할 수 있다고 판단됩니다.   ※ 통신판매업자에 대한 청약철회 의사표시 방법은 법률상 특별한 제한이 없으므로 전화, 서면, 전자문서 모두 가능합니다. 다만, 전화로 의사표시를 한 경우 간혹 판매자가 청약철회 요구를 받은 사실이 없다고 주장하는 경우가 있으므로, 쇼핑몰 게시판에 청약철회 의사를 표시하고 그 화면을 캡처하여 보관하거나 서면으로 발송하는 것이 좋습니다. 서면으로 발송한 경우에는 발송한 날에 그 효력이 발생합니다. 또한, 사업자에게 청약철회를 요청하였는데도 특별한 사유없이 이를 거부할 경우, 「전자상거래 등에서의 소비자보호에 관한 법률」 제18조에 따라 신용카드로 대금을 결제하였다면 신용카드사에 처리를 요구할 수 있으니 참고하시기 바랍니다."
1124, 티셔츠, 청약철회_흰색 제품 반품 거부,"전자상거래로 흰색 티셔츠를 구입하고 수령 후 단순 변심으로 반품을 요구하였으나, 사업자는 흰색 제품은 반품이 불가하다는 문구를 쇼핑몰에 고지하였음을 근거로 거절하고 있습니다. 청약철회가 가능한가요?","재판매가 곤란할 정도의 제품 훼손이 없다면 청약철회를 요구할 수 있습니다.      「전자상거래 등에서의 소비자보호에 관한 법률」 제17조(청약철회등)에 따르면 소비자의 청약철회 권리를 보호하고 있으나, ‘소비자의 사용 또는 책임 있는 사유로 재화가 훼손되거나 가치가 감소한 경우, 시간의 경과로 재판매가 곤란할 정도로 가치가 하락된 경우, 복제 가능한 재화 등의 포장을 훼손한 경우’에는 그 권리를 제한하고 있습니다. ‘주문에 의해 개별적으로 생산되는 재화’ 또한 통신판매사업자에게 회복할 수 없는 중대한 피해가 예상되는 경우, 사전에 당해 거래에 대해 별도로 그 사실을 고지하고 소비자의 서면 동의를 받아 두었다면 청약철회 요청을 거부할 수 있습니다.   하지만, 흰색 제품은 반품이 어렵다고 고지되어 있더라도 청약철회와 관련하여 소비자에게 불리한 약정으로 효력이 없으며, 공정거래위원회에서도 ‘흰색계열, 세일 상품’ 등의 이유로 청약철회를 거부하는 것을 ‘청약철회 방해 행위’로 보고 있기 때문에 재판매가 곤란할 정도의 제품 훼손이 없다면 반품비를 소비자가 부담하고 청약철회를 요구할 수 있다고 판단됩니다.   ※ 통신판매업자에 대한 청약철회 의사표시 방법은 법률상 특별한 제한이 없으므로 전화, 서면, 전자문서 모두 가능합니다. 다만, 전화로 의사표시를 한 경우 간혹 판매자가 청약철회 요구를 받은 사실이 없다고 주장하는 경우가 있으므로, 쇼핑몰 게시판에 청약철회 의사를 표시하고 그 화면을 캡처하여 보관하거나 서면으로 발송하는 것이 좋습니다. 서면으로 발송한 경우에는 발송한 날에 그 효력이 발생합니다. 또한, 사업자에게 청약철회를 요청하였는데도 특별한 사유없이 이를 거부할 경우, 「전자상거래 등에서의 소비자보호에 관한 법률」 제18조에 따라 신용카드로 대금을 결제하였다면 신용카드사에 처리를 요구할 수 있으니 참고하시기 바랍니다."
1125, 티셔츠, 청약철회_묶음배송 반품비_제품 불량,"전자상거래로 티셔츠와 셔츠 두 벌을 70,000원에 구입하였으며, 50,000원 이상 구매 시 무료배송이어서 사업자에게 묶음배송을 요청하였습니다. 이후 티셔츠가 불량인 것을 확인하여 반품을 요구했는데, 사업자는 반품비를 입금할 것을 주장합니다. 반품비를 제가 부담하는게 맞나요?","제품의 불량 등 사업자의 귀책사유로 반품하는 경우에는 사업자가 반품비 전액을 부담합니다.     「전자상거래 등에서의 소비자보호에 관한 법률」 제17조(청약철회등)에 따르면 소비자는 계약내용에 관한 서면을 교부받은 날(서면을 교부받은 때보다 재화 등의 공급이 늦게 이루어진 경우에는 재화 등의 공급을 받거나 공급이 개시된 날)부터 7일 이내에 당해 계약에 관한 청약을 철회할 수 있으며, 동법 제18조 제10항에는 표시 광고의 내용과 다르거나 계약내용과 다르게 이행된 경우 등의 사유로 청약철회를 요청한 경우 반환에 소요되는 비용(반품비)은 사업자가 부담해야 한다고 규정하고 있습니다.   따라서, 제품 하자 등 사업자의 귀책사유로 반품하는 경우에는 사업자가 반품 택배비 전액을 부담해야 한다고 판단됩니다."
1126, 티셔츠, 청약철회_묶음배송 반품비_단순 변심,"전자상거래로 티셔츠와 셔츠 두 벌을 70,000원에 구입하였으며, 50,000원 이상 구매 시 무료배송이어서 사업자에게 묶음배송을 요청하였습니다. 이후 티셔츠 사이즈가 맞지 않아 반품을 요구했는데, 사업자는 반품비를 입금할 것을 주장합니다. 반품비를 제가 부담하는게 맞나요?","사이즈 오류 등 개인 변심으로 반품하는 경우에는 소비자가 반품비 전액을 부담합니다.   「전자상거래 등에서의 소비자보호에 관한 법률」 제17조(청약철회등)에 따르면 소비자는 계약내용에 관한 서면을 교부받은 날(서면을 교부받은 때보다 재화 등의 공급이 늦게 이루어진 경우에는 재화 등의 공급을 받거나 공급이 개시된 날)부터 7일 이내에 당해 계약에 관한 청약을 철회할 수 있으며, 동법 제18조 제9항에는 색상, 디자인 혹은 사이즈 불만 등의 사유로 청약철회를 요청한 경우 반환에 소요되는 비용(반품비)은 소비자가 부담해야 한다고 규정하고 있습니다.   따라서, 소비자의 개인 변심으로 반품하는 경우에는 반품 택배비는 소비자가 전액 부담해야 한다고 판단됩니다."
1127, 티셔츠, 계약불이행_미환급,전자상거래로 티셔츠를 주문하고 대금을 신용카드로 결제하였습니다. 구입 후 7일 이내 청약철회를 요구하여 티셔츠를 반품하였는데 물품 대금을 환급해 주지 않고 있습니다. 환급받을 방법이 있나요?,신용카드사에 카드사가 사업자에게 대금을 지급하지 않도록 요구할 수 있습니다.   「전자상거래 등에서의 소비자보호에 관한 법률」 제18조에 따르면 청약철회 시 사업자가 신용카드로 결제한 대금의 환급을 지연할 경우 신용카드사에 환급에 필요한 조치를 요구할 수 있도록 규정하고 있습니다. 이 경우에 신용카드사는 환급에 필요한 조치를 취해야 하며 사업자에게 지급할 대금이 있을 경우 이를 주지 않고 소비자가 결제한 대금을 상계처리한 후 소비자의 결제대금의 매출을 취소해 주어야 합니다.   따라서 소비자는 신용카드사에 사업자와의 다른 채무와의 상계를 요구할 수 있습니다.
1128, 티셔츠, 가격·요금_과도한 반품배송비 요구,"전자상거래로 병행수입 티셔츠를 구입하고 반품을 요구하였으나 사전에 고지된 반품 배송비 이외에 ‘현지 운송료, 제비용 등’의 명목으로 추가 대금 지급을 요구합니다. 추가로 지급해야 하나요?","사업자가 추가대금의 타당성을 입증하는 경우를 제외하면, 미리 고지한 반품 배송비 이외에 다른 명목의 위약금은 거부할 수 있습니다.   병행수입을 비롯한 수입제품 판매 시 발생하는 배송비는 사업자마다 수입절차 및 재고관리 방식에 따라 다를 수 있으나 「전자상거래 등에서의 소비자보호에 관한 법률」 제18조 제9항, 제10항에 따라 부과하는 반품비용은 소비자의 구매 여부 판단에 영향을 주는 중요한 거래조건에 해당되므로 적절한 방법으로 고지하여야 할 사항으로 볼 수 있습니다.    따라서, 사업자가 수입 과정에서 발생한 ‘현지 및 국제운송료 + 수입세금 및 제비용’에 관해 입증할 수 있는 경우 소비자는 그에 대한 금액을 지급해야하며, 입증할 수 없는 경우 제품을 반품한 뒤 반품과정에서 발생한 비용을 공제한 후 환급을 요구할 수 있습니다.   반면, 동법에 따라 사업자는 소비자에게 청약철회를 이유로 위약금이나 손해배상을 청구할 수 없으므로 미리 고지한 반품 배송비 이외에 다른 명목의 위약금을 추가 청구하는 것은 인정되기 어렵습니다."
1129, 티셔츠, 가격·요금_적립금 환급,전자상거래로 티셔츠를 신용카드로 구입하고 제품 수령 다음날 단순 변심으로 반품을 신청하였으나 사업자는 결제금액을 적립금으로만 돌려주겠다고 주장합니다. 신용카드 결제 취소를 요구할 수 있나요?,"사업자에게 신용카드 결제 취소를 요구할 수 있습니다.   「전자상거래 등에서의 소비자보호에 관한 법률」(이하, ‘전자상거래법’) 제17조(청약철회등)에 따르면 소비자는 상품을 공급 받은 날로부터 7일 이내에는 소비자의 귀책사유로 인한 상품의 멸실 또는 훼손된 경우 등을 제외하고는 단순변심으로 인한 청약철회를 할 수 있다고 규정하고 있습니다. 이에 소비자가 제품을 수령한 날로부터 7일 이내 청약철회 의사표시를 명확히 하였다면 해당 쇼핑몰은 ‘전자상거래법’ 제18조 제3항에 의거하여 신용카드사에게 대금 청구를 정지하거나 취소하도록 요청하여야 합니다.   따라서, 신용카드로 결제하였으나 적립금으로만 환급이 가능하다는 것은 「민법」 제548조(해제의 효과, 원상회복의무)에 따른 원상회복이라고 보기 어려우므로 소비자가 사용한 결제수단에 따른 환급 이행을 해당 쇼핑몰에 요구할 수 있다고 판단됩니다."
1130, 티셔츠, 표시·광고_반품비1,"‘캐시미어 100%’라고 광고하는 티셔츠를 전자상거래로 구입하고, 10일 뒤에 착용하던 과정에서 실제로는 캐시미어는 10%만 포함된 사실을 알게 되었습니다. 이 경우에 반품비 부담자는 누구인가요?","사업자에게 청약철회를 요구할 수 있으며, 배송비를 포함한 반품비는 사업자가 부담하도록 요구할 수 있습니다.   「전자상거래 등에서의 소비자보호에 관한 법률」 제18조에 따르면 물품의 내용이 표시·광고 내용과 다른 경우에는 반환에 필요한 비용은 사업자가 부담함은 물론 소비자에게 물품을 배달할 때의 배송비도 사업자가 부담하여야 하며 이미 소비자가 지급한 경우에는 환급하도록 규정하고 있습니다. 이 경우에는 청약철회기간은 당해 물품을 공급받은 날부터 3월 이내, 그 사실을 안 날 또는 알 수 있었던 날부터 30일 이내로 연장 됩니다.   이러한 소비자의 권리가 인정되려면 물품 관련 표시·광고의 내용이 누가 보아도 명백하게 허위이거나 과장된 점이 인정되어야 하는데, 「표시·광고의 공정화에 관한 법률」 제3조 및 「부당한 표시·광고행위의 유형 및 기준 지정 고시」에 의하면 부된 원재료나 성분을 가지고 전체의 주된 성분인 것처럼 표시·광고한 행위를 부당한 표시·광고로 규정하고 있습니다.    따라서 성분 표시가 잘못된 것이 명확히 확인될 경우에는 물품의 내용이 표시·광고 내용과 다른 경우에 해당하여 청약철회가 가능하고, 반품비는 사업자가 부담하도록 요구할 수 있습니다."
1131, 티셔츠, 표시·광고_반품비2,"전자상거래 사업자가 운영하고 있는 FAQ에서 ‘모든 상품은 무료 반품 가능’이라는 문구를 확인하고 티셔츠를 구입하였고, 이후 7일 이내 반품을 요구하였으나 사업자가 반품비를 요구 합니다. 제가 비용을 지급해야 하나요?","FAQ 게시물도 광고에 해당되며, 표시·광고와 다르게 계약이 이행된 경우에는 사업자 귀책사유에 해당하므로 반품비는 사업자가 부담합니다.    대법원 판례에 따르면 “FAQ 게시물은 일반 소비자가 누구나 접근할 수 있는 사업자의 인터넷 홈페이지에 게시되어 있으며, 게시 경위도 소비자들이 사업자에게 한 질문에 대해 개별적으로 답변한 것이 아니라 사업자가 일반 소비자들에게 알리고 싶은 내용을 선정하여 질문과 답변의 형식으로 게시해 놓은 것이라는 점에 비추어 보면, 사업자가 ‘널리 소비자들에게 제시하거나 알리기 위하여’ 게시해 놓은 것이라고 볼 수 있으므로 해당 FAQ 게시물은 「표시·광고의 공정화에 관한 법률」 상의 광고에 해당합니다(대법원 2009.5.28., 선고, 2009두843, 판결).   또한, 「표시·광고의 공정화에 관한 법률」 제3조(부당한 표시·광고 행위의 금지) 및 ‘부당한 표시·광고행위의 유형 및 기준 지정 고시‘에 따르면 반품, 교환, 대금지급방법 등 기타 거래내용 및 거래조건 등에 관하여 표시·광고함에 있어서는 사실대로 하여야 하며, 이를 사실과 다르게 표시·광고한 행위를 부당한 표시·광고로 규정하고 있습니다.    따라서, 이 사례에서는 사실과 다르게 반품비를 요구하는 것이 명확히 확인되므로 물품의 내용이 표시·광고 내용과 다른 경우에 해당하며, 「전자상거래 등에서의 소비자보호에 관한 법률」 제18조(청약철회등의 효과)에 따라 사업자에게 반품비 부담을 요구할 수 있다고 판단됩니다."
1132, 티셔츠, 표시·광고_광고와 차이가 있는 제품,전자상거래로 티셔츠를 구입하고 10일 뒤 착용하던 과정에서 광고 사진과 너무 다르다는 사실을 알게되었습니다. 청약철회가 가능한가요?,"상품이 광고 사진과 다르다는 소비자의 주관적인 판단만으로는 계약내용과 다르게 이행되었다고 보기 어려우므로 7일이 경과한 후에는 청약철회를 요구하기 어렵습니다.   「전자상거래 등에서의 소비자보호에 관한 법률」 제17조(청약철회등)에 따르면 소비자는 전자상거래로 구입한 제품에 대하여 공급받은 날로부터 7일 이내(표시·광고의 내용과 다르거나 계약내용과 다르게 이행된 경우에는 공급받은 날부터 3개월, 사실을 안 날 또는 알 수 있었던 날부터 30일 이내)에 청약철회를 요청할 수 있으나, 소비자에게 책임이 있는 사유로 재화 등이 멸실되거나 훼손된 경우에는 청약철회를 요구할 수 없습니다.   다만, 광고 사진과 다르다는 소비자의 주관적인 판단만으로는 「표시·광고의 공정화에 관한 법률」 상 부당한 표시·광고임을 주장하기 어려우며, 광고 사진과 실제 받은 제품이 완전 다른 경우와 같이 중대한 하자가 있다면 청약철회를 요구할 수 있다고 판단됩니다."
1133, 티셔츠, 품질_보풀,"티셔츠를 구입하고 1회 착용하였는데, 겨드랑이 부분에 보풀이 심하게 발생하였습니다. 구제 방법이 있나요?","어느 정도의 보풀은 의류를 착용할 때 자연스럽게 발생할 수 있는 현상으로 품질불량으로 보지 않습니다. 그러나 보풀이 심할 경우 외관을 해칠 뿐만 아니라 섬유의 질감을 변화시키기 때문에 품질불량으로 판단할 수 있습니다.   우선적으로 제조사나 구입처 등에 문제점을 제기하고, 하자의 원인 및 책임 소재에 대하여 분쟁이 발생한 경우에는 전문가(심의기구 등)에게 의뢰하여 의견을 구하는 것이 좋으며 품질 시험검사가 가능한 경우에는 이를 통해 보다 정확한 원인규명을 해볼 수 있습니다.    해당 제품이 원단불량 등 제품하자로 판명날 경우 공정거래위원회가 고시한 의복류 관련 ‘소비자분쟁해결기준’에 따라 제조사나 구입처에 수선이 가능한 경우에는 무상수선, 수선이 불가한 경우에는 동종 제품으로의 교환, 동종 제품이 없는 경우에는 환급을 요구할 수 있으며, 수선이 가능한 경우임에도 불구하고 소비자가 구입가의 환급을 요구하는 경우에 사업자는 이를 거부할 수 있습니다.   ※ 한국소비자원에서는 섬유·세탁 품질하자 유무 및 원인 규명을 위하여 해당 분야 전문가로 구성된 ‘섬유제품심의위원회’를 운영하고 있으며, 해당 심의·자문 결과(책임소재, 심의내용 등)를 토대로 공정거래위원회가 고시한 ‘소비자분쟁해결기준’에 따라 피해보상에 관한 합의를 권고할 수 있습니다. 다만, 심의·자문 결과는 당사자간 분쟁해결에 있어 근거자료로 활용되나 법적 강제력은 없습니다."
1134, 티셔츠, 품질_올 당겨짐,티셔츠를 구입하고 착용하다 보니 장식으로 들어간 실에서 쉽게 올이 나옵니다. 구제 방법이 있나요?,"날카롭거나 뾰쪽한 물체에 걸려 올이 당겨지거나 끊어진 경우에는 착용자의 과실로 판단하여 품질불량으로 보지 않습니다. 그러나 자연스럽게 발생할 수 있는 일상적인 마찰에도 올이 쉽게 당겨지거나 끊어질 경우 품질불량으로 판단할 수 있습니다.   우선적으로 제조사나 구입처 등에 문제점을 제기하고, 하자의 원인 및 책임 소재에 대하여 분쟁이 발생한 경우에는 전문가(심의기구 등)에게 의뢰하여 의견을 구하는 것이 좋으며 품질 시험검사가 가능한 경우에는 이를 통해 보다 정확한 원인규명을 해볼 수 있습니다.   해당 제품이 원단불량 등 제품하자로 판명날 경우 공정거래위원회가 고시한 의복류 관련 ‘소비자분쟁해결기준’에 따라 제조사나 구입처에 수선이 가능한 경우에는 무상수선, 수선이 불가한 경우에는 동종 제품으로의 교환, 동종 제품이 없는 경우에는 환급을 요구할 수 있으며, 수선이 가능한 경우임에도 불구하고 소비자가 구입가의 환급을 요구하는 경우에 사업자는 이를 거부할 수 있습니다.   ※ 한국소비자원에서는 섬유·세탁 품질하자 유무 및 원인 규명을 위하여 해당 분야 전문가로 구성된 ‘섬유제품심의위원회’를 운영하고 있으며, 해당 심의·자문 결과(책임소재, 심의내용 등)를 토대로 공정거래위원회가 고시한 ‘소비자분쟁해결기준’에 따라 피해보상에 관한 합의를 권고할 수 있습니다. 다만, 심의·자문 결과는 당사자간 분쟁해결에 있어 근거자료로 활용되나 법적 강제력은 없습니다."
1135, 티셔츠, 품질_실 미어짐,티셔츠를 구입하여 처음 착용하였는데 오른쪽 소매 윗부분 봉제가 뜯어지고 미어졌습니다. 구제 방법이 있나요?,"제품의 봉제 부위에 외력(힘)을 가했을 때 원단이 미끄러지면서 밀리는 것을 실 미어짐이라고 합니다. 미어지는 정도에 따라 품질불량 여부를 판단하며, 주로 미끄러운 성질의 원단에 이와 같은 현상이 나타날 수 있습니다.   우선적으로 제조사나 구입처 등에 문제점을 제기하고, 하자의 원인 및 책임 소재에 대하여 분쟁이 발생한 경우에는 전문가(심의기구 등)에게 의뢰하여 의견을 구하는 것이 좋으며 품질 시험검사가 가능한 경우에는 이를 통해 보다 정확한 원인규명을 해볼 수 있습니다.   해당 제품이 원단불량 등 제품하자로 판명날 경우 공정거래위원회가 고시한 의복류 관련 ‘소비자분쟁해결기준’에 따라 제조사나 구입처에 수선이 가능한 경우에는 무상수선, 수선이 불가한 경우에는 동종 제품으로의 교환, 동종 제품이 없는 경우에는 환급을 요구할 수 있으며, 수선이 가능한 경우임에도 불구하고 소비자가 구입가의 환급을 요구하는 경우에 사업자는 이를 거부할 수 있습니다.   ※ 한국소비자원에서는 섬유·세탁 품질하자 유무 및 원인 규명을 위하여 해당 분야 전문가로 구성된 ‘섬유제품심의위원회’를 운영하고 있으며, 해당 심의·자문 결과(책임소재, 심의내용 등)를 토대로 공정거래위원회가 고시한 ‘소비자분쟁해결기준’에 따라 피해보상에 관한 합의를 권고할 수 있습니다. 다만, 심의·자문 결과는 당사자간 분쟁해결에 있어 근거자료로 활용되나 법적 강제력은 없습니다."
1136, 티셔츠, 품질_털빠짐1,털 티셔츠를 구입 후 1회 착용하였는데 봉제 및 칼라 주위에서 충전재(털)가 심하게 빠져나옵니다. 구제 방법이 있나요?,"다운 제품 사용 중에 오리털, 거위털 등이 봉제구멍 또는 섬유사이로 빠져나와 날리거나 함께 착용한 의류에 묻어나는 경우가 있는데, 그 정도가 심할 경우 품질불량으로 판단할 수 있습니다.   우선적으로 제조사나 구입처 등에 문제점을 제기하고, 하자의 원인 및 책임 소재에 대하여 분쟁이 발생한 경우에는 전문가(심의기구 등)에게 의뢰하여 의견을 구하는 것이 좋으며 품질 시험검사가 가능한 경우에는 이를 통해 보다 정확한 원인규명을 해볼 수 있습니다.    해당 제품이 원단불량 등 제품하자로 판명날 경우 공정거래위원회가 고시한 의복류 관련 ‘소비자분쟁해결기준’에 따라 제조사나 구입처에 수선이 가능한 경우에는 무상수선, 수선이 불가한 경우에는 동종 제품으로의 교환, 동종 제품이 없는 경우에는 환급을 요구할 수 있으며, 수선이 가능한 경우임에도 불구하고 소비자가 구입가의 환급을 요구하는 경우에 사업자는 이를 거부할 수 있습니다.   ※ 한국소비자원에서는 섬유·세탁 품질하자 유무 및 원인 규명을 위하여 해당 분야 전문가로 구성된 ‘섬유제품심의위원회’를 운영하고 있으며, 해당 심의·자문 결과(책임소재, 심의내용 등)를 토대로 공정거래위원회가 고시한 ‘소비자분쟁해결기준’에 따라 피해보상에 관한 합의를 권고할 수 있습니다. 다만, 심의·자문 결과는 당사자간 분쟁해결에 있어 근거자료로 활용되나 법적 강제력은 없습니다."
1137, 티셔츠, 품질_털빠짐2,털 티셔츠를 구입하여 1개월 정도 착용하였는데 전체적으로 털이 많이 빠져 함께 착용한 의류에 심하게 묻어납니다. 구제 방법이 있나요?,"털 소재 섬유제품의 특성상 어느 정도 털이 빠지는 것은 자연스럽게 발생할 수 있는 현상이며, 소재 특성에 따라 다른 제품보다 상대적으로 잘 빠지는 소재도 있지만(예: 토끼털, 알파카 등), 그 정도가 심할 경우 품질불량으로 판단할 수 있습니다.   우선적으로 제조사나 구입처 등에 문제점을 제기하고, 하자의 원인 및 책임 소재에 대하여 분쟁이 발생한 경우에는 전문가(심의기구 등)에게 의뢰하여 의견을 구하는 것이 좋으며 품질 시험검사가 가능한 경우에는 이를 통해 보다 정확한 원인규명을 해볼 수 있습니다.    해당 제품이 원단불량 등 제품하자로 판명날 경우 공정거래위원회가 고시한 의복류 관련 ‘소비자분쟁해결기준’에 따라 제조사나 구입처에 수선이 가능한 경우에는 무상수선, 수선이 불가한 경우에는 동종 제품으로의 교환, 동종 제품이 없는 경우에는 환급을 요구할 수 있으며, 수선이 가능한 경우임에도 불구하고 소비자가 구입가의 환급을 요구하는 경우에 사업자는 이를 거부할 수 있습니다.   ※ 한국소비자원에서는 섬유·세탁 품질하자 유무 및 원인 규명을 위하여 해당 분야 전문가로 구성된 ‘섬유제품심의위원회’를 운영하고 있으며, 해당 심의·자문 결과(책임소재, 심의내용 등)를 토대로 공정거래위원회가 고시한 ‘소비자분쟁해결기준’에 따라 피해보상에 관한 합의를 권고할 수 있습니다. 다만, 심의·자문 결과는 당사자간 분쟁해결에 있어 근거자료로 활용되나 법적 강제력은 없습니다."
1138, 티셔츠, 품질_원형회복,티셔츠를 구입하여 약 4개월 착용하였는데 팔 부분에 심한 구김이 발생하여 드라이클리닝을 하였지만 개선되지 않습니다. 구제 방법이 있나요?,"원단이 압력 또는 힘에 의하여 늘어났다가 다시 원상으로 회복되지 아니하여 원래의 크기보다 커지거나 원단에 구김이 발생할 수 있지만, 그 정도가 심할 경우 품질불량으로 판단할 수 있습니다.   우선적으로 제조사나 구입처 등에 문제점을 제기하고, 하자의 원인 및 책임 소재에 대하여 분쟁이 발생한 경우에는 전문가(심의기구 등)에게 의뢰하여 의견을 구하는 것이 좋으며 품질 시험검사가 가능한 경우에는 이를 통해 보다 정확한 원인규명을 해볼 수 있습니다.    해당 제품이 원단불량 등 제품하자로 판명날 경우 공정거래위원회가 고시한 의복류 관련 ‘소비자분쟁해결기준’에 따라 제조사나 구입처에 수선이 가능한 경우에는 무상수선, 수선이 불가한 경우에는 동종 제품으로의 교환, 동종 제품이 없는 경우에는 환급을 요구할 수 있으며, 수선이 가능한 경우임에도 불구하고 소비자가 구입가의 환급을 요구하는 경우에 사업자는 이를 거부할 수 있습니다.   ※ 한국소비자원에서는 섬유·세탁 품질하자 유무 및 원인 규명을 위하여 해당 분야 전문가로 구성된 ‘섬유제품심의위원회’를 운영하고 있으며, 해당 심의·자문 결과(책임소재, 심의내용 등)를 토대로 공정거래위원회가 고시한 ‘소비자분쟁해결기준’에 따라 피해보상에 관한 합의를 권고할 수 있습니다. 다만, 심의·자문 결과는 당사자간 분쟁해결에 있어 근거자료로 활용되나 법적 강제력은 없습니다."
1139, 티셔츠, 품질_변색,티셔츠를 구입하여 2회 착용하였는데 소매와 등 부분 등에서 변색이 발생하였습니다. 구제 방법이 있나요?,"햇빛에 직접 노출되는 부위(어깨 및 소매윗부분 등)나 땀이 발생하는 부위(등, 겨드랑이 등)에 변색이 발생할 수 있습니다. 바로 세탁하지 않고 방치하였을 때 발생한 변색에 대해서는 소비자과실로 판단하나, 햇빛, 땀 등에 변색되지 않고 견디는 정도가 심하게 낮으면 품질불량으로 판단할 수 있습니다.   우선적으로 제조사나 구입처 등에 문제점을 제기하고, 하자의 원인 및 책임 소재에 대하여 분쟁이 발생한 경우에는 전문가(심의기구 등)에게 의뢰하여 의견을 구하는 것이 좋으며 품질 시험검사가 가능한 경우에는 이를 통해 보다 정확한 원인규명을 해볼 수 있습니다.    해당 제품이 원단불량 등 제품하자로 판명날 경우 공정거래위원회가 고시한 의복류 관련 ‘소비자분쟁해결기준’에 따라 제조사나 구입처에 수선이 가능한 경우에는 무상수선, 수선이 불가한 경우에는 동종 제품으로의 교환, 동종 제품이 없는 경우에는 환급을 요구할 수 있으며, 수선이 가능한 경우임에도 불구하고 소비자가 구입가의 환급을 요구하는 경우에 사업자는 이를 거부할 수 있습니다.   ※ 한국소비자원에서는 섬유·세탁 품질하자 유무 및 원인 규명을 위하여 해당 분야 전문가로 구성된 ‘섬유제품심의위원회’를 운영하고 있으며, 해당 심의·자문 결과(책임소재, 심의내용 등)를 토대로 공정거래위원회가 고시한 ‘소비자분쟁해결기준’에 따라 피해보상에 관한 합의를 권고할 수 있습니다. 다만, 심의·자문 결과는 당사자간 분쟁해결에 있어 근거자료로 활용되나 법적 강제력은 없습니다."
1140, 티셔츠, 품질_물듦,빨간색 티셔츠를 구입하여 약 2개월 착용하였는데 함께 착용한 내의가 빨갛게 물들었습니다. 구제 방법이 있나요?,"원단불량 등 제품 하자로 판명되면, 수선이 가능한 경우에는 무상수선, 수선이 불가한 경우에는 동종 제품으로의 교환, 동종 제품이 없는 경우에는 환급을 요구할 수 있습니다.   염색된 섬유제품이 마찰로 인해 염료가 탈락하는 경우가 발생할 수 있습니다. 약간의 염색 탈락은 허용가능하나, 그 정도가 심할 경우 품질불량으로 판단할 수 있습니다.   우선적으로 제조사나 구입처 등에 문제점을 제기하고, 하자의 원인 및 책임 소재에 대하여 분쟁이 발생한 경우에는 전문가(심의기구 등)에게 의뢰하여 의견을 구하는 것이 좋으며 품질 시험검사가 가능한 경우에는 이를 통해 보다 정확한 원인규명을 해볼 수 있습니다.    따라서, 해당 제품이 원단불량 등 제품하자로 판명된 경우 가방류 관련 「소비자분쟁해결기준」에 따라 수선이 가능한 경우에는 무상수선, 수선이 불가한 경우에는 동종 제품으로의 교환, 동종 제품이 없는 경우에는 환급을 요구할 수 있으며, 수선이 가능한 경우임에도 불구하고 소비자가 구입가의 환급을 요구하는 경우에 사업자는 이를 거부할 수 있습니다.   ※ 한국소비자원에서는 섬유·세탁 품질하자 유무 및 원인 규명을 위하여 해당 분야 전문가로 구성된 ‘섬유제품심의위원회’를 운영하고 있으며, 해당 심의·자문 결과(책임소재, 심의내용 등)를 토대로 공정거래위원회가 고시한 ‘소비자분쟁해결기준’에 따라 피해보상에 관한 합의를 권고할 수 있습니다. 다만, 심의·자문 결과는 당사자간 분쟁해결에 있어 근거자료로 활용되나 법적 강제력은 없습니다."
1141, 티셔츠, 품질_자연적현상,구입한 지 5년 된 티셔츠를 보관하다가 입으려고 보니 버블 현상이 심합니다. 구제 방법이 있나요?," 티셔츠의 내용연수가 경과한 경우에는 제품하자로 보기 어렵습니다.   섬유제품의 소재특성으로 인하여 자연스럽게 발생하는 현상이나 내용연수(제품의 수명) 경과로 인해 발생한 제품의 하자는 과실로 보기 어려우므로 피해구제 처리대상이 아닙니다. 여기서 내용연수는 공정거래위원회가 고시한 ‘소비자분쟁해결기준’에서 정하는 품목별 내용연수를 따르며 착용횟수와는 관계가 없습니다.   소재특성으로 인한 자연스러운 현상의 대표적인 사례로 알파카의 털빠짐, 토끼털의 모근 약함, 면소재와 청바지의 물빠짐, 한복의 흰줄 발생, 신발 밑창 닳음 등이 있으며, 정도가 심한 경우 책임소재를 따질 수 있으나 해당 현상을 품질불량으로 보기 어려운 경우가 많습니다. 또한, 내용연수가 경과한 제품은 제품의 수명이 다하여 발생한 자연손상으로 보아 하자를 주장하기 어려울 수 있습니다.   따라서, 이 경우 티셔츠의 내용연수가 경과하면서 원단의 자연 취화 및 노화로 자연스럽게 발생할 수 있는 것으로 보아 제품하자로 볼 수 없다고 판단됩니다."
1142, 티셔츠, 품질_마찰,티셔츠를 구입하여 착용하다가 1회 세탁하였는데 부분적으로 희뿌옇게 변색되었습니다. 구제 방법이 있나요?,"일반적으로 마찰이 잦은 부위에서는 약간의 탈색이 발생할 수 있습니다. 하지만 그 정도가 심할 경우 품질불량으로 판단할 수 있습니다.   우선적으로 제조사나 구입처 등에 문제점을 제기하고, 하자의 원인 및 책임 소재에 대하여 분쟁이 발생한 경우에는 전문가(심의기구 등)에게 의뢰하여 의견을 구하는 것이 좋으며 품질 시험검사가 가능한 경우에는 이를 통해 보다 정확한 원인규명을 해볼 수 있습니다.    해당 제품이 원단불량 등 제품하자로 판명날 경우 공정거래위원회가 고시한 의복류 관련 ‘소비자분쟁해결기준’에 따라 제조사나 구입처에 수선이 가능한 경우에는 무상수선, 수선이 불가한 경우에는 동종 제품으로의 교환, 동종 제품이 없는 경우에는 환급을 요구할 수 있으며, 수선이 가능한 경우임에도 불구하고 소비자가 구입가의 환급을 요구하는 경우에 사업자는 이를 거부할 수 있습니다.   ※ 한국소비자원에서는 섬유·세탁 품질하자 유무 및 원인 규명을 위하여 해당 분야 전문가로 구성된 ‘섬유제품심의위원회’를 운영하고 있으며, 해당 심의·자문 결과(책임소재, 심의내용 등)를 토대로 공정거래위원회가 고시한 ‘소비자분쟁해결기준’에 따라 피해보상에 관한 합의를 권고할 수 있습니다. 다만, 심의·자문 결과는 당사자간 분쟁해결에 있어 근거자료로 활용되나 법적 강제력은 없습니다."
1143, 티셔츠, 품질_이염,1년 전 구입한 티셔츠를 세탁소에서 첫 세탁하였는데 흰색 배색 원단이 검게 이염되었습니다. 구제 방법이 있나요?,"세탁(물세탁 또는 드라이클리닝)에 의해 발생하는 제품 자체의 변색 및 이염, 타제품 오염 정도를 확인하고, 섬유제품 품질 권장기준에 따라 허용수준인지, 품질불량인지 판단이 필요합니다.   우선적으로 제조사나 구입처, 세탁소 등에 문제점을 제기하고, 하자의 원인 및 책임 소재에 대하여 분쟁이 발생한 경우에는 전문가(심의기구 등)에게 의뢰하여 의견을 구하는 것이 좋으며 품질 시험검사가 가능한 경우에는 이를 통해 보다 정확한 원인규명을 해볼 수 있습니다.    해당 제품이 원단불량 등 제품하자로 판명날 경우 공정거래위원회가 고시한 의복류 관련 ‘소비자분쟁해결기준’에 따라 제조사나 구입처에 수선이 가능한 경우에는 무상수선, 수선이 불가한 경우에는 동종 제품으로의 교환, 동종 제품이 없는 경우에는 환급을 요구할 수 있으며, 수선이 가능한 경우임에도 불구하고 소비자가 구입가의 환급을 요구하는 경우에 사업자는 이를 거부할 수 있습니다. 반면, 세탁 과정에서 발생한 하자로 판명날 경우 세탁사업자에게 원상회복, 불가능할 시 손해배상을 요구할 수 있습니다.   ※ 한국소비자원에서는 섬유·세탁 품질하자 유무 및 원인 규명을 위하여 해당 분야 전문가로 구성된 ‘섬유제품심의위원회’를 운영하고 있으며, 해당 심의·자문 결과(책임소재, 심의내용 등)를 토대로 공정거래위원회가 고시한 ‘소비자분쟁해결기준’에 따라 피해보상에 관한 합의를 권고할 수 있습니다. 다만, 심의·자문 결과는 당사자간 분쟁해결에 있어 근거자료로 활용되나 법적 강제력은 없습니다."
1144, 티셔츠, 품질_봉제불량,티셔츠를 구입하여 2개월 간 착용하다가 집에서 손세탁하였는데 앞여임 부위에 구멍이 발생하였습니다. 구제 방법이 있나요?,"해당 제품의 봉제 불량 여부와 함께 잘못된 세탁 또는 사용상 부주의에 의해 발생할 수 있는 현상인지 판단이 필요합니다.   우선적으로 제조사나 구입처 등에 문제점을 제기하고, 하자의 원인 및 책임 소재에 대하여 분쟁이 발생한 경우에는 전문가(심의기구 등)에게 의뢰하여 의견을 구하는 것이 좋으며 품질 시험검사가 가능한 경우에는 이를 통해 보다 정확한 원인규명을 해볼 수 있습니다.    따라서, 해당 제품이 원단불량 등 제품하자로 판명날 경우 의복류 관련 「소비자분쟁해결기준」에 따라 제조사나 구입처에 수선이 가능한 경우에는 무상수선, 수선이 불가한 경우에는 동종 제품으로의 교환, 동종 제품이 없는 경우에는 환급을 요구할 수 있으며, 수선이 가능한 경우임에도 불구하고 소비자가 구입가의 환급을 요구하는 경우에 사업자는 이를 거부할 수 있습니다.   한국소비자원에서는 섬유·세탁 품질하자 유무 및 원인 규명을 위하여 해당 분야 전문가로 구성된 ‘섬유제품심의위원회’를 운영하고 있으며, 해당 심의·자문 결과(책임소재, 심의내용 등)를 토대로 「소비자분쟁해결기준」에 따라 피해보상에 관한 합의를 권고할 수 있습니다.  다만, 심의·자문 결과는 당사자간 분쟁해결에 있어 근거자료로 활용되나 법적 강제력은 없습니다."
1145, 티셔츠, 품질_세탁방법 부적합,티셔츠를 세탁한 후 바깥쪽 원단이 심하게 수축되었습니다. 구제 방법이 있나요?,"부적합한 방법으로 세탁하였을 때 섬유제품에 변색, 변형, 경화 등의 하자가 나타날 수 있습니다. 세탁방법을 지키지 않아서 발생하는 하자는 세탁한 자의 책임이 되며, 세탁취급표시대로 세탁했음에도 하자가 발생하였을 경우에는 제조판매업체의 책임으로 판단할 수 있습니다.   세탁을 의뢰한 후 인도받은 물품에 하자가 발생하였을 경우에는 우선적으로 제조사나 구입처, 세탁소에 문제점을 제기하고, 하자의 원인 및 책임 소재에 대하여 분쟁이 발생한 경우에는 전문가(심의기구 등)에게 의뢰하여 의견을 구하는 것이 좋으며 품질 시험검사가 가능한 경우에는 이를 통해 보다 정확한 원인규명을 해볼 수 있습니다.   해당 제품이 원단불량 등 제품하자로 판명된 경우 공정거래위원회가 고시한 의복류 관련 ‘소비자분쟁해결기준’에 따라 수선이 가능한 경우에는 무상수선, 수선이 불가한 경우에는 동종 제품으로의 교환, 동종 제품이 없는 경우에는 환급을 요구할 수 있으며, 수선이 가능한 경우임에도 불구하고 소비자가 구입가의 환급을 요구하는 경우에 사업자는 이를 거부할 수 있습니다. 반면 세탁 과정에서 발생한 하자로 판명날 경우 세탁사업자에게 원상회복, 불가능할 시 손해배상을 요구할 수 있습니다.   ※ 한국소비자원에서는 섬유·세탁 품질하자 유무 및 원인 규명을 위하여 해당 분야 전문가로 구성된 ‘섬유제품심의위원회’를 운영하고 있으며, 해당 심의·자문 결과(책임소재, 심의내용 등)를 토대로 공정거래위원회가 고시한 ‘소비자분쟁해결기준’에 따라 피해보상에 관한 합의를 권고할 수 있습니다. 다만, 심의·자문 결과는 당사자간 분쟁해결에 있어 근거자료로 활용되나 법적 강제력은 없습니다."
1146, 포장이사운송서비스, 계약해제_사업자 귀책_2일 전,이사업체와 포장이사를 계약하고 계약금을 10만원 결제하였습니다. 이사 4일 전 일방적으로 계약해지 당했는데 손해배상 요구가 가능한가요?,"계약불이행에 따른 손해배상에 대해 약정이 없는 경우라면 계약금 환급 및 계약금의 2배에 해당하는 배상을 요구할 수 있습니다.   계약을 체결하였으나 사업자가 일방적으로 계약을 파기한 경우라면 「민법」 제390조에 따른 손해배상을 청구할 수 있습니다.   또한, 이사화물취급사업 관련 「소비자분쟁해결기준」에 따르면 사업자 귀책 사유로 인해 약정된 운송일의 2일 전까지 계약해제를 통보했을 경우 계약금 환급 및 계약금의 2배액 배상으로 규정되어 있습니다. 다만, 당사자 간 체결한 약정에 계약불이행에 따른 손해배상에 대해 규정하고 있는 경우 당사자 간 약정에 따릅니다.   따라서, 계약불이행에 따른 손해배상에 대해 당사자 간 약정이 없는 경우라면 계약금 환급 및 계약금의 2배에 해당하는 배상을 요구해 볼 수 있습니다."
1147, 포장이사운송서비스, 계약해제_사업자 귀책_1일 전,이사업체와 포장이사를 계약하고 계약금을 20만원 결제하였습니다. 이사 하루 전날 일방적으로 못 하겠다고 연락이 왔습니다. 손해배상 요구가 가능한가요?,"계약불이행에 따른 손해배상에 대해 약정이 없는 경우라면 계약금 환급 및 계약금의 4배에 해당하는 배상을 요구할 수 있습니다.         계약을 체결하였으나 사업자가 일방적으로 계약을 파기한 경우라면 「민법」 제390조에 따른 손해배상을 청구할 수 있습니다.   또한, 이사화물취급사업 관련 「소비자분쟁해결기준」에 따르면 사업자 귀책 사유로 인해 약정된 운송일의 1일 전에 계약해제를 통보했을 경우 계약금 환급 및 계약금의 4배액 배상으로 규정되어 있습니다. 다만, 당사자 간 체결한 약정에 계약불이행에 따른 손해배상에 대해 규정하고 있는 경우 당사자 간 약정에 따릅니다.따라서, 계약불이행에 따른 손해배상에 대해 당사자 간 약정이 없는 경우라면 계약금 환급 및 계약금의 4배에 해당하는 배상을 요구해 볼 수 있습니다."
1148, 포장이사운송서비스, 계약해제_사업자 귀책_당일,전화로 이사를 계약하고 계약금을 10만원을 지급하였습니다. 그런데 당일 사업자가 과도한 추가 비용을 요구해서 거절하자 사업자가 계약해제하고 가버렸습니다. 손해배상 청구가 가능한가요?,"계약불이행에 따른 손해배상에 대해 약정이 없는 경우라면 계약금 환급 및 계약금의 6배에 해당하는 배상을 요구할 수 있습니다.   사업자가 직접 현장에서 견적을 내지 않았고, 전화상으로 견적을 낼 때 알 수 없었던 상황이나 상이한 부분이 발생하였다면 소비자에게 일정 금액의 추가 요금을 청구할 수도 있습니다.  ※ 위탁자의 책임 있는 사유에 의해 견적서 산출에 변화가 생길 때에는 실제 소요된 운임으로 조정됩니다.   그러나 사업자가 부당한 요금을 청구하고, 이를 들어주지 않아 일방적으로 계약을 파기한 경우라면 사업자는 원상회복의 의무가 있으며, 「민법」? 제390조에 따른 손해배상을 청구할 수 있습니다.   또한, 이사화물취급사업 관련 「소비자분쟁해결기준」에 따르면 사업자 귀책사유로 인해 약정된 운송 당일 계약해제를 통보했을 경우 계약금 환급 및 계약금의 6배액 배상으로 규정되어 있습니다. 따라서 10만원 환급 및 60만원의 배상을 요구해볼 수 있습니다.   다만, 당사자 간 체결한 약정에 계약불이행에 따른 손해배상에 대해 규정하고 있는 경우 당사자 간 약정에 따릅니다. "
1149, 포장이사운송서비스, 계약해제_사업자 귀책_당일 통보 없음,이사업체와 포장이사를 계약하고 계약금까지 입금하였습니다. 그런데 이사 당일 연락 두절 되어 결국 다른 업체를 통해 급하게 이사를 하였습니다. 사업자는 미안하다며 계약금만 돌려준다고 하는데 손해배상을 요구할 수 있을까요?,"계약불이행에 따른 손해배상에 대해 약정이 없는 경우라면 계약금 환급 및 계약금의 10배액 배상을 요구할 수 있습니다.            계약을 체결하였으나 사업자가 일방적으로 계약을 파기한 경우라면 「민법」 제390조에 따른 손해  배상을 청구할 수 있습니다.   또한, 이사화물취급사업 관련 「소비자분쟁해결기준」에 따르면 사업자 귀책 사유로 인해 약정된 운송 당일 통보가 없이 계약해제된 경우에는, 계약금 환급 및 계약금의 10배액 배상 또는 실손해액 배상으로 규정되어 있습니다. 따라서 계약금 환급 및 계약금의 10배액 배상을 요구해볼 수 있습니다.   다만, 당사자 간 체결한 약정에 계약불이행에 따른 손해배상에 대해 규정하고 있는 경우 당사자 간 약정에 따릅니다."
1150, 포장이사운송서비스, 계약해제_소비자 귀책_1일전,이사 하루 전 더 저렴한 이사업체를 알게 되어 계약해제를 요구하였습니다. 사업자가 계약금 반환거부 및 추가 위약금을 요구합니다. 계약금을 환급받을 수 있나요?,"계약금은 돌려받기 어려우나, 위약금은 과중한지에 대해 검토가 필요합니다.   이사화물취급사업 관련 「소비자분쟁해결기준」에 따르면 소비자가 약정운송일 전일까지 취소를 통보할 경우 계약금 배상이라고 규정되어 있어, 계약금은 돌려받기 어렵습니다.   또한?당사자간?체결한?약정에?계약불이행에?따른?손해배상에?대해?규정하고?있는?경우?당사자 간 약정에?우선되기에 약정에 따라 위약금을 요구하는 사업자가 부당하다고만 보기는 어렵습니다.다만, 「약관의 규제에 관한 법률」 제8조에 따르면 고객에게 부당하게 과중한 손해배상의 의무를 부담시키는 약관 조항은 무효로 규정하고 있습니다.따라서 계약서에 작성된 위약금이 과중한 손해배상을 부담시키는 약관조항으로 볼 수 있는지 검토가 필요해 보입니다."
1151, 포장이사운송서비스, 계약해제_소비자 귀책_당일,이사 당일 개인 사정으로 계약해제를 요구하였습니다. 사업자가 계약한 이사 대금 전액을 위약금으로 요구합니다. 전부 지급해야 하나요?,"계약불이행에 따른 손해배상에 대해 약정이 없는 경우라면 계약금 및 계약금의 1배액 배상을 해야 합니다. 계약을 체결하였으나 한쪽이 일방적으로 계약을 파기한 경우라면 「민법」 제390조에 따른 손해배상을 청구할 수 있습니다.   또한, 이사화물취급사업 관련 「소비자분쟁해결기준」에 따르면 소비자 귀책 사유로 인해 약정된 운송 당일 취소 통보 시, 계약금 및 계약금의 1배액 배상으로 규정되어 있습니다. 다만, 당사자 간 체결한 약정에 계약불이행에 따른 손해배상에 대해 규정하고 있는 경우 당사자 간 약정에 따릅니다. 그러나 「약관 규제에 관한 법률」 제8조에 따르면 고객에게 부당하게 과중한 손해배상의 의무를 부담시키는 약관 조항은 무효로 규정하고 있는바, 사업자에게 위약금 조정을 요구해볼 수 있습니다."
1152, 포장이사운송서비스, 계약불이행_분실·파손 피해대처,포장이사 후 물품이 파손을 확인하였습니다. 어떻게 해야 하나요?,"확인?즉시?파손 상태를?사진으로?남기고,?사업자에게?2주?이내에 배상을?요구할 수 있습니다.   「상법」?제146조에서는?‘운송인의?책임은?운송물을?수령하고?운임?기타의?비용을?지급한?때에는소멸하지만,?운송물에?즉시?발견할?수?없는?훼손?또는?일부?멸실이?있는?경우에?운송물을?수령한 날로부터?2주간?이내에?운송인에게?통지를?발송한?때에는?그러하지?않다.’고?규정하고?있습니다.   따라서?포장이사?후에?이사물품의?분실이나?파손?등의?사실을?인지하였을?경우,?확인?즉시?파손 상태를?사진으로?남기고?사업자에게?2주?이내에?연락하여?배상을?요구하여야?합니다.   또한?포장이사?이전에는?파손?우려가?있는?물품(TV,?모니터?등)에?대해서는?사전에?사진이나?영상을?찍어?정상적인?상태였음을?입증할?수?있는?자료를?마련하는?것이?좋고,?분실?우려가?있는?물품에?대해서는?소비자가?직접?챙기거나?사업자에게?별도로?주의할?것을?요청하는?것이?중요합니다.   사고가?발생하여?이를?고지하였음에도?이사업체가?배상을?거부할?경우?계약의?당사자임을?입증하기?위한?계약서나?견적서,?수리견적서,?이사?관련?경위서?등을?구비하여 소비자?상담을 받아보시기?바랍니다."
1153, 포장이사운송서비스, 계약불이행_파손,이사 도중 사업자가 이사화물을 포장하지 않고 운반하다가 가구가 파손되었습니다. 사업자에게 배상을 요구하였는데 거부했습니다. 손해배상을 요구할 수 있나요?,"사업자에게 손해배상을 요구할 수 있습니다. 단, 피해 물품이 보험에 가입되어 보험금을 지급받는 경우에는 동 금액을 차감한 후 배상을 요구할 수 있습니다.  사업자가?포장이사?중?발생된?물품의?파손에?대하여?주의를?해태하지?아니하였음을?증명하지?못한다면 ?「상법」 ?제135조(손해배상책임)에?의거?사업자에게?배상?책임이?있다고?볼?수?있습니다.   또한, 이사화물취급사업 관련 「소비자분쟁해결기준」에 따르면 이사화물의 파손 등 피해 발생 시 피해액은 사업자가 직접 배상하되, 피해 물품이 보험에 가입되어 보험금을 지급받는 경우에는 동 금액을 차감한 후 배상하도록 규정되어 있습니다. 따라서 사업자에게 손해배상을 요구해 볼 수 있습니다.  다만, 포장이사?후?물품의?파손이?발생하였을?경우?이사?현장에서?파손 사실을?즉시?알려?확인서 등을?받고,? 파손된?사실에?대한?입증자료(사진?등)를?반드시?확보하여야 합니다."
1154, 포장이사운송서비스, 계약불이행_훼손,이사 도중 사업자가 이사화물을 이동하다가 냉장고가 벽에 긁혀 흠집이 생겼습니다. 사업자는 원래부터 있었던 훼손이라고 주장하고 있습니다. 손해배상을 요구할 수 있나요?,"사업자에게 손해배상을 요구할 수 있습니다. 단, 정상적인?상태였음을?입증할?수?있는?자료가 필요하며, 물품의 훼손이?발생하였을?경우?현장에서?훼손 사실확인서?등을?받고,?관련 입증자료를?확보하여야 합니다.   사업자가?포장이사?중?발생된?물품의?파손에?대하여?주의를?해태하지?아니하였음을?증명하지 못한다면?「상법」?제135조(손해배상책임)에?따라?사업자에게?배상?책임이?있다고?볼?수?있습니다.   또한, 이사화물취급사업 관련 「소비자분쟁해결기준」에 의하면 이사화물의 훼손 등 피해 발생 시 피해액은 사업자가 직접 배상하되, 피해 물품이 보험에 가입되어 보험금을 지급받는 경우에는 동 금액을 차감한 후 배상하도록 규정되어 있습니다.   따라서 사업자에게 손해배상을 요구해 볼 수 있습니다.   다만, 사전에?사진이나?영상을?찍어?정상적인?상태였음을?입증할?수?있는?자료가 필요하며, 물품의 훼손이?발생하였을?경우?이사?현장에서?훼손 사실을?즉시?알려?확인서?등을?받고,?파손된?사실에?대한 입증자료(사진?등)를?반드시?확보하여야 합니다."
1155, 포장이사운송서비스, 계약불이행_분실,이사업체 직원의 실수로 책장을 폐기물 수거업체 차량에 실어 보내 분실되었습니다. 사업자에게 손해배상을 요구하였으나 회피하고 있습니다. 손해배상을 요구할 수 있나요?,"사업자에게 손해배상을 요구할 수 있습니다. 단, 분실이 사업자의 과실이라는 객관적인 증빙자료와 멸실한 물품의 영수증이 요구될 수 있습니다.   사업자가?포장이사?중?발생된?물품의?파손에?대하여?주의를?해태하지?아니하였음을?증명하지 못한다면?「상법」?제135조(손해배상책임)에?따라?사업자에게?배상?책임이?있다고?볼?수?있습니다.   또한, 이사화물취급사업 관련 「소비자분쟁해결기준」에 따르면 이사화물의 멸실 등 피해 발생 시 피해액은 사업자가 직접 배상하되, 피해 물품이 보험에 가입되어 보험금을 지급받는 경우에는 동 금액을 차감한 후 배상하도록 규정되어 있습니다. 따라서 사업자에게 손해배상을 요구해 볼 수 있습니다.다만, 사전에?사진이나?영상을?찍는 등 분실이 사업자의 과실이라는 객관적인 증빙자료와 손해배상액 산정 시 잔존가액 책정이 필요하므로 멸실한 물품의 구입일, 구입가격을 증빙할 수 있는 영수증이 필요합니다."
1156, 포장이사운송서비스, 계약불이행_사업자 귀책_운송지연,이사를 계약하고 계약금을 10만원 지급하였습니다. 그런데 당일 사업자가 약속된 시간보다 30분 늦는다고 연락하더니 급기야 2시간 이상 지연되자 화가나 계약해제를 통보했습니다. 사업자는 계약금 환급을 거부하는데 환급받을 수 있을까요?,"운송지연에?따른?손해배상에?대해?당사자 간?약정이?없는?경우라면,?계약금?환급?및?계약금의?2배에?해당하는?배상을?요구할 수 있습니다.   이사화물취급사업 관련 「소비자분쟁해결기준」에 따르면, 사업자의 귀책사유로 약정된 인수일시로부터 2시간 이상 지연된 경우, 계약해제, 계약금 반환 및 계약금의 2배액 배상이라고 규정되어 있습니다. 다만,?당사자 간?체결한?약정에?운송지연에?따른?손해배상에?대해?규정하고?있는?경우?당사자 간 약정에?따릅니다.따라서 운송지연에?따른?손해배상에?대해?당사자 간?약정이?없는?경우라면?계약금?환급?및?계약금의?2배에?해당하는?배상을?요구해 볼 수 있습니다."
1157, 포장이사운송서비스, 계약불이행_소비자 귀책_2시간 미만 운송지연,늦잠을 자는 바람에 약속된 시간에서 1시간 늦게 이사가 시작되었습니다. 사업자가 다음 계약에 늦게 되었다며 추가 비용을 요구하는데 들어줘야 하나요?,"소비자 귀책 사유로 지연된 경우, 일부 배상액을 지급해야 할 수도 있습니다.   이사화물취급사업 관련 「소비자분쟁해결기준」에 따르면, 소비자의 귀책사유로 약정된 인수일시로부터 2시간 미만 지연된 경우, 약정된 인수일시로부터 지체된 1시간마다 배상액이 산정됩니다. 배상액산정은 아래와 같습니다.   ※ 배상액 = 지체시간 수 X 계약금 X 0.5   다만,?당사자 간?체결한?약정에?운송지연에?따른?손해배상에?대해?규정하고?있는?경우?당사자 간 약정에?따릅니다.   따라서, 운송 지연에?따른?손해배상에?대해?당사자 간?약정이?없는?경우라면?위 기준에 맞춰 배상액을 조정해볼 수 있습니다."
1158, 포장이사운송서비스, 계약불이행_소비자 귀책_2시간 이상 운송지연,제가 이삿짐을 빼야 할 장소에 3시간 정도 늦게 도착할 것 같다고 말하였더니 사업자가 계약해제를 통보하고 가버렸습니다. 손해배상을 요구할 수 있을까요? ,"손해배상을 요구하기는 어렵습니다. 소비자 귀책사유로 2시간 이상 지연시, 사업자에게 계약해제 및 배액 배상을 지급해야 할 수도 있습니다.    이사화물취급사업 관련 「소비자분쟁해결기준」에 따르면, 소비자의 귀책사유로 약정된 인수일시로부터 2시간 이상 지연된 경우, 계약해제 및 계약금의 배액 배상으로 규정되어 있습니다. 따라서 위 규정에 따르면 사업자는 계약을 해제할 수 있고, 소비자에게 계약금의 배액을 위약금으로 요구할 수 있습니다.    다만,?당사자 간?체결한?약정에?운송지연에?따른?손해배상에?대해?규정하고?있는?경우?당사자 간?약정에?따릅니다.    따라서, 운송 지연에?따른?손해배상에?대해?당사자 간?약정이?없는?경우라면?위 기준에 맞춰 배상액을 조정해볼 수 있습니다."
1159, 포장이사운송서비스, 계약불이행_부당추가요금,"포장이사 후 잔금을 치르려고 하니 사업자가 원래 견적보다 더 많은 금액을 요구해, 거부하였으나 막무가내로 달라고 해 어쩔 수 없이 요구하는 대로 추가대금을 지급하였습니다. 환급받을 수 있을까요?","사업자가?작업?이외의 수고비?등을?요구하는?경우에는?환급을 요구할 수 있습니다.   이사화물취급사업 관련 「소비자분쟁해결기준」에 따르면, 사업자의 부당한 운임 청구 및 위탁자의 요구에 의한 추가작업 외 수고비 등을 요구할 시 부당요금반환 및 시정으로 규정되어 있습니다.다만, 견적금액이 실 소요된 운임보다 적을 경우, 즉 위탁자의 책임 있는 사유에 의해 견적서 산출에 변화가 생길 때는 실제 소요된 운임으로 조정이 가능합니다.따라서, 소비자가 계약?체결?당시?이사일시,?이사화물?내역,?이사할?주소지?등의?정보를?명확히 고지하지?않아?발생하는?추가 비용의?경우?소비자가?추가 비용을?지급하는?것이?타당하나?사업자가?작업?이외의 수고비?등을?요구하는?경우는?부당요금이라고?판단하여 환급을 요구해 볼 수 있습니다."
1160, 포장이사운송서비스, 계약불이행_사업자 폐업,계약한 이사업체가 갑자기 폐업하였습니다. 한국소비자원의 도움을 받을 수 있나요?,사업자의 부도·폐업 등으로 연락이 불가능하거나 소재파악이 안 되는 경우 피해구제 접수가 어려울 수 있습니다.   한국소비자원 「소비자불만처리 및 피해구제업무처리규정」에 따르면 피해구제 처리 도중 당사자의 연락불능 등으로 그 처리가 불가능한 것으로 판명된 경우에는 처리절차를 종료하도록 규정하고 있습니다. 따라서 사업자의 부도·폐업 등으로 연락이 불가능하거나 소재파악이 안 되는 경우 한국소비자원의 피해구제 접수 제외대상이 됩니다.
1161, 포장이사운송서비스, 계약불이행_이삿짐 정리 회피,"이사 계약 시 작업 인원을 4명으로 계약하였으나 이사 당일 3명이 왔으며, 결국 제대로 정리하지 않고 시간이 되었다며 물건만 쌓아두고 가버렸습니다. 잔금까지 다 치렀는데 비용을 돌려받을 수 있을까요?","명확한 배상관련 판단은 어려우나, 피해구제를 통해 계약불이행에 대한 배상여부 판단을 받아볼 수 있습니다.    안타깝지만, 현행 이사화물취급사업 관련 「소비자분쟁해결기준」에는 사업자의 서비스 불이행, 계약사항 미이행 등에 대한 분쟁 해결기준은 마련되어 있지 않습니다.    「이사화물 표준약관」 제14조(손해배상)에 따르면 이사업체는 자기 또는 사용인 기타 이사화물의 운송을 위하여 사용한 자가 이사화물의 포장, 운송, 보관, 정리 등에 관하여 주의를 게을리하지 않았음을 증명하지 못하는 한, 고객에게 이사화물의 멸실, 훼손 또는 연착으로 인한 손해를 배상할 책임을 진다고 되어 있습니다.그러나 표준약관은 사업자의 약관의 불공정성을 판단하는 참고자료이며 당사자 간의 약정한 계약 내용에 이상이 없다면 계약 내용대로 이루어져야 하기에 계약서(약관 등) 검토가 필요합니다.따라서 현 단계에서는 명확한 배상 관련 판단은 어려우나 피해구제를 접수하신다면 사실관계 및 책임소재 확인 후 계약불이행에 대한 배상 여부 판단을 받아볼 수 있습니다."
1162, 포장이사운송서비스, 가격·요금_부당추가요금,"포장이사 후 잔금을 치르려고 하니 사업자가 원래 견적보다 더 많은 금액을 요구하고, 거부하였더니 막무가내로 달라고 하여 어쩔 수 없이 요구하는 대로 추가대금을 지급하였습니다. 환급받을 수 있을까요?","사업자가 작업?이외의 수고비?등 요구하는?금액이 부당요금이라고 판단될 경우, 환급을 요구할 수 있습니다.   이사화물취급사업 관련 「소비자분쟁해결기준」에 따르면, 사업자의 부당한 운임 청구 및 위탁자의 요구에 의한 추가작업 외 수고비 등을 요구할 시 부당요금반환 및 시정으로 규정되어 있습니다.   다만, 견적금액이 실소요 비용 된 운임보다 작을 경우, 위탁자의 책임 있는 사유에 의해 견적서 산출에 변화가 생길 때 실제 소요된 운임으로 조정이 가능합니다.   따라서, 소비자가 계약?체결?당시?이사일시,?이사화물?내역,?이사할?주소지?등의?정보를?명확히?고지하지?않아?발생하는?추가 비용의?경우?소비자가?추가 비용을?지급하는?것이?타당하나?사업자가 작업?이외의 수고비?등을?요구하는?경우는?부당요금이라고?판단하여 환급을 요구해 볼 수 있습니다."
1163, 포장이사운송서비스, 약관_과도한 위약금 요구,이사 당일 개인 사정으로 계약해제를 요구하였습니다. 약관에 따라 사업자가 계약한 이사 대금 전액을 요구합니다. 전부 지급해야 하나요?,"소비자 귀책 사유로 운송 당일 취소 통보 시, 계약금 및 계약금의 1배액 배상으로 규정되어 있어, 위약금 조정을 요구할 수 있습니다.   계약을 체결하였으나 한쪽이 일방적으로 계약을 파기한 경우라면 「민법」 제390조에 따른 손해배상을 청구할 수 있습니다.또한, 체결한 약정에 계약불이행에 따른 손해배상에 대해 규정하고 있는 경우 당사자 간 약정에 따릅니다.    그러나 「약관 규제에 관한 법률」 제8조에 따르면 고객에게 부당하게 과중한 손해배상의 의무를 부담시키는 약관 조항은 무효로 규정하고 있습니다.   이사화물취급사업 관련 「소비자분쟁해결기준」에 따르면 소비자 귀책 사유로 인해 약정된 운송 당일 취소 통보 시, 계약금 및 계약금의 1배액 배상으로 규정되어 있습니다. 따라서 사업자에게 위약금 조정을 요구해보실 수 있습니다."
1164, 포장이사운송서비스, 약관_부당추가요금,"포장이사 후 잔금을 치르려고 하니 사업자가 원래 견적보다 더 많은 금액을 요구하고, 거부하였더니 약관상 추가될 수 있음을 주장하여 어쩔 수 없이 요구하는 대로 추가대금을 지급하였습니다. 환급받을 수 있을까요?","사업자가 작업?이외의 수고비?등 요구하는?금액이 부당요금이라고 판단될 경우, 환급을 요구할 수 있습니다.   이사화물취급사업 관련 「소비자분쟁해결기준」에 따르면, 사업자의 부당한 운임 청구 및 위탁자의 요구에 의한 추가작업 외 수고비 등을 요구할 시 부당요금반환 및 시정으로 규정되어 있습니다.    다만, 견적금액이 실소요 비용 된 운임보다 작을 경우 위탁자의 책임 있는 사유에 의해 견적서 산출에 변화가 생길 때 실제 소요된 운임으로 조정이 가능합니다.   따라서, 소비자가 계약?체결?당시?이사일시,?이사화물?내역,?이사할?주소지?등의?정보를?명확히? 고지하지?않아 발생하는?추가 비용의?경우?소비자가?추가 비용을?지급하는?것이?타당하나?사업자가 작업?이외의 수고비?등을?요구하는?경우는?부당요금이라고?판단하여 환급을 요구해 볼 수 있습니다."
1165, 포장이사운송서비스, 약관_계약해제 금지 규정,이사 계약 시 ‘손 없는날’이라며 사업자가 전액 결제를 요구하여 이사 대금을 전액 결제했습니다. 개인 사정으로 계약해제를 요구했으나 약관상 불가능하다며 계약해제 및 환급을 거부당했습니다. 환급을 받을 수 있나요?,"소비자 귀책 사유로 인해 운송일 전일까지 취소 통보 시, 계약금(운임 등 합계액의 10%) 배상으로 규정되어 있어, 위약금 조정을 요구할 수 있습니다.   계약을?체결하였으나 한쪽이 일방적으로 계약을 파기한 경우라면 「민법」 제390조에 따른 손해배상을 청구할 수 있습니다. 또한, 체결한 약정에 계약불이행에 따른 손해배상에 대해 규정하고 있는 경우 당사자 간 약정에 따릅니다.그러나 「약관 규제에 관한 법률」 제8조에 따르면 고객에게 부당하게 과중한 손해배상의 의무를 부담시키는 약관 조항은 무효로 규정하고 있습니다.   이사화물취급사업 관련 「소비자분쟁해결기준」에 따르면, 소비자 귀책 사유로 인해 약정된 운송일 전일까지 취소 통보 시, 계약금 배상으로 규정되어 있습니다. 여기서 계약금은 운임 등 합계액의 10%에 해당하는 금액을 말합니다.   따라서 사업자에게 위약금 조정을 요구해볼 수 있습니다."
1166, 포장이사운송서비스, 표시·광고_허위광고 신고,이사 계약 시 온라인을 통해서 검색했을 때 청소도 포함된 서비스임을 광고한 것을 보았는데 계약대로 이행하지 않았습니다. 허위광고로 신고가 가능한가요?,"과장·부당·허위광고 여부의 심사 및 사업자 불공정거래행위 신고기관인 공정거래위원회 (1670-0007, http://ftc.go.kr)에 광고 심의 의뢰가 가능합니다.   「표시 광고의 공정화에 관한 법률」 제3조(부당한 표시 광고 행위의 금지)에 따르면 ‘사업자 등은 소비자를 속이거나 소비자로 하여금 잘못 알게 할 우려가 있는 표시·광고 행위로서 공정한 거래질서를 저해할 우려가 있는 행위를 하여서는 아니된다.‘라고 명시되어 있습니다. 소비자로 하여금 잘못 알게 할 우려가 있는 광고에는 거짓 과장의 표시 광고, 기만적인 표시 광고, 부당하게 비교하는 표시 광고, 비방적인 표시 광고가 있습니다.사업자의 상품광고가 소비자를 기만하는 허위 과장광고라고 판단하신다면 과장 부당 허위광고 여부의 심사 및 사업자 불공정거래행위 신고기관인 공정거래위원회 (1670-0007, http://ftc.go.kr)에 광고 심의를 의뢰해 볼 수 있습니다."
1167, 표시광고법, 적용범위1,할인판매를 알리는 현수막이나 이메일도 광고에 해당하나요?,"할인판매를 알리는 현수막·이메일은 사업자가 거래조건에 관한 사실을 포스터, 인터넷을 이용해 소비자에게 널리 알리거나 제시하는 것으로 광고에 해당된다고 볼 수 있습니다."
1168, 표시광고법, 적용범위2,인터넷 쇼핑몰업체가 운영하고 있는 게시판에 올라와 있는 소비자의 상품평도 광고에 해당하나요?,"후기 등 소비자 상품평은 표시·광고에 해당되지 않으나, 사업자가 운영하는 FAQ 게시물은 표시·광고로 볼 수 있습니다.   광고에 해당하기 위해서는 광고 행위의 주체가 사업자이어야 하므로, 사업자가 운영하는 인터넷 사이트상의 게시판이라고 하더라도 고객이 직접 올리는 후기 등의 글은 「표시·광고의 공정화에 관한 법률」의 적용대상이 아닙니다. 그러나 인터넷 쇼핑몰업체 게시판 운영자가 인터넷 사이트에 게시하는 글 등은 표시·광고에 해당합니다.   대법원 판례에 따르면 FAQ 게시물은 일반 소비자가 누구나 접근할 수 있는 사업자의 인터넷 홈페이지에 게시되어 있으며, 게시 경위도 소비자들이 사업자에게 한 질문에 대해 개별적으로 답변한 것이 아니라 사업자가 일반 소비자들에게 알리고 싶은 내용을 선정하여 질문과 답변의 형식으로 게시해 놓은 것이라는 점에 비추어 보면, 사업자가 ‘널리 소비자들에게 제시하거나 알리기 위하여’ 게시해 놓은 것이라고 볼 수 있으므로 해당 FAQ 게시물은 「표시·광고의 공정화에 관한 법률」 상의 광고에 해당합니다(대법원 2009.5.28., 선고, 2009두843, 판결)."
1169, 표시광고법, 광고의 주체,"주택·상가 등의 표시·광고에 있어서 그 광고의 주체는 시행사, 시공사, 시행대행사 중 누구인가요?","해당 표시·광고 행위를 한 사업자가 책임 주체이나, 개별 사안에 따라 다를 수 있습니다.    일반적으로 부동산의 부당 표시·광고 행위의 책임 주체는 1차적으로는 시행사라고 할 수 있으며, 만약 분양광고 업무를 시공사나 분양대행사가 전적으로 책임지고 행하였다면 시공사나 분양대행사도 책임 주체가 될 수 있습니다."
1170, 표시광고법, 부당한 표시·광고 판단기준,부당한 표시·광고의 판단기준은 무엇인가요?,"부당한 표시·광고인지 여부는 문구 하나하나를 보고 판단하는 것이 아니라 광고의 전체적인 이미지, 광고주의 입증자료 등을 종합적으로 고려하여 소비자오인성과 공정거래 저해성을 기준으로 판단합니다.   공정거래위원회에서 고시한 ‘부당한 표시·광고 행위의 유형 및 기준 지정고시’에 따르면 부당 표시·광고 행위는 소비자를 속이거나 소비자로 하여금 잘못 알게 할 우려인 소비자오인성과 합리적인 구매 결정을 방해할 우려인 공정거래 저해성을 기준으로 판단하고 있습니다. 여기서 표시·광고가 소비자를 속이거나 소비자로 하여금 잘못 알게 할 우려가 있는지는 보통의 주의력을 가진 일반 소비자가 당해 광고를 받아들이는 전체적·궁극적 인상을 기준으로 하여 객관적으로 판단합니다(대법원 2010.7.22. 선고 2007다59066 판결).   즉, 광고가 사실이 아니지만 소비자를 속이거나 소비자로 하여금 잘못 알게할 우려가 없는 경우는 부당한 표시·광고로 보지 않으며(예: 자동차가 하늘을 떠다니는 광고), 반대로 사실이지만 소비자를 속이거나 소비자로 하여금 잘못 알게할 우려가 있다면 부당한 표시·광고로 볼 수 있습니다(예: 누구나 참석만하면 주는 상을 수상하였으면서도 아주 중요한 상을 자기만이 수상한 것처럼 광고하는 경우)."
1171, 표시광고법, 거짓·과장의 표시·광고,인터넷쇼핑몰에서 진공청소기를 구입하여 사용 중 당초 광고에는 ‘골프공을 흡입할 정도로 흡입 성능이 좋다’고 광고하였으나 실제 사용해 보니 수박씨 정도도 제대로 흡입되지 않을 정도로 성능이 나쁘게 된 것을 확인하였습니다. 구제 방법이 있나요?,"과장의 표시·광고로 보아 청약철회 기간 7일을 경과하더라도 물품을 공급받은 날부터 3개월 이내, 그 사실을 안날 또는 알 수 있었던 날부터 30일 이내 청약철회를 요구할 수 있습니다.   「표시·광고의 공정화에 관한 법률」 제3조(부당한 표시·광고 행위의 금지)에 따르면 사업자가 소비자를 속이거나 소비자로 하여금 잘못 알게할 우려가 있는 거짓·과장의 표시·광고행위로서 공정한 거래질서를 해치는 것을 금지하도록 규정하고 있습니다. 여기서 표시·광고가 소비자를 속이거나 소비자로 하여금 잘못 알게 할 우려가 있는지는 보통의 주의력을 가진 일반 소비자가 당해 광고를 받아들이는 전체적·궁극적 인상을 기준으로 하여 객관적으로 판단합니다(대법원 2010.7.22. 선고 2007다59066 판결).   또한, 공정거래위원회가 고시한 ‘부당한 표시·광고행위의 유형 및 기준 지정고시’에 따르면 품질 또는 성능이 일정한 수준에 해당하지 아니함에도 불구하고 당해 수준에 해당한다고 하거나 당해 수준에 해당하는 것처럼 표시·광고해서는 안되며, 이를 통해 소비자를 오인시킬 우려가 있는 경우에는 부당한 표시·광고로 볼 수 있음을 규정하고 있습니다.   따라서, 진공청소기가 골프공을 흡입할 수 있다는 광고는 실제의 성능과 상당한 차이가 확인되어 과장의 표시·광고로 볼 수 있으며, 「전자상거래 등에서의 소비자보호에 관한 법률」 제17조(청약철회등) 상의 청약철회 기간 7일이 경과하더라도 물품을 공급받은 날부터 3개월 이내, 그 사실을 안날 또는 알 수 있었던 날부터 30일 이내 청약철회 요구가 가능한 것으로 판단됩니다.   이러한 표시·광고의 부당성 심사는 공정거래위원회에서 담당하고 있으며, 이는 향후에 부당한 표시·광고를 사용하지 못하게 함으로써 장래의 고객을 보호하는데 그 목적이 있습니다.   따라서, 구체적인 사실관계에서 발생한 표시·광고의 해석, 부당한 표시·광고로 인한 배상 등의 문제에 대해서는 법원의 소송이나 한국소비자원 등의 분쟁조정을 통해 해결하여야 합니다."
1172, 표시광고법, 기만적인 표시·광고,"‘강을 바라볼 수 있는 조망권이 100% 보장’된다는 광고를 보고 아파트 분양 계약을 체결하였으나, 사업자가 아파트 분양 광고를 하면서 주변에 조망권을 침해하는 건물이 들어선다는 사실을 알면서도 이를 밝히지 않고 강을 바라볼 수 있는 조망권이 100% 보장된다고 광고한 사실을 알게되었습니다. 구제 방법이 있나요?","기만적인 표시·광고로 보아 발생한 손해에 대해 배상을 요구할 수 있습니다.   「표시·광고의 공정화에 관한 법률」 제3조(부당한 표시·광고 행위의 금지)에 따르면 사업자가 소비자를 속이거나 소비자로 하여금 잘못 알게 할 우려가 있는 기만적인 표시·광고 행위로서 공정한 거래질서를 해치는 것을 금지하도록 규정하고 있습니다. 여기서 표시·광고가 소비자를 속이거나 소비자로 하여금 잘못 알게 할 우려가 있는지는 보통의 주의력을 가진 일반 소비자가 당해 광고를 받아들이는 전체적·궁극적 인상을 기준으로 하여 객관적으로 판단합니다(대법원 2010.7.22. 선고 2007다59066 판결).   또한, 공정거래위원회가 고시한 ‘부당한 표시·광고행위의 유형 및 기준 지정고시’에 따르면 사업자 자신이나 사업자가 공급하는 상품에 대하여 표시·광고함에 있어서는 소비자가 제품을 선택하는데 있어 필요한 사항을 표기하여야 하며 제품 선택에 영향을 미칠 수 있는 중요한 사실이나 내용을 누락하거나 은폐하여서는 안되며, 이를 통해 소비자를 오인시킬 우려가 있는 경우에는 부당한 표시·광고로 볼 수 있음을 규정하고 있습니다.   따라서, 강을 바라볼 수 있는 조망권이 100% 보장되지 않음에도 불구하고 그 사실을 밝히지 아니하고 표시·광고를 하고 소비자를 오인시킬 우려가 있다면 기만적인 표시·광고로 볼 수 있으며, 이로 인해 발생한 소비자의 손해에 대해 사업자에게 배상 요구가 가능한 것으로 판단됩니다.   이러한 표시·광고의 부당성 심사는 공정거래위원회에서 담당하고 있으며, 이는 향후에 부당한 표시·광고를 사용하지 못하게 함으로써 장래의 고객을 보호하는데 그 목적이 있습니다.   따라서, 구체적인 사실관계에서 발생한 표시·광고의 해석, 부당한 표시·광고로 인한 배상 등의 문제에 대해서는 법원의 소송이나 한국소비자원 등의 분쟁조정을 통해 해결하여야 합니다."
1173, 표시광고법, 부당하게 비교하는 표시·광고,"인터넷쇼핑몰에서 ‘B사의 잉크 프린터보다 출력속도가 뛰어나다’는 A사의 광고를 보고 잉크 프린터를 구입하였으나, 이후에 A사는 타사의 동급 잉크 프린터가 존재함에도 불구하고 가격 및 성능이 떨어지는 구형 잉크 프린터와 비교하면서 광고한 사실을 알게되었습니다. 구제 방법이 있나요?","부당하게 비교하는 표시·광고로 보아 청약철회 기간 7일을 경과하더라도 물품을 공급받은 날부터 3개월 이내, 그 사실을 안날 또는 알 수 있었던 날부터 30일 이내 청약철회를 요구할 수 있습니다.   「표시·광고의 공정화에 관한 법률」 제3조(부당한 표시·광고 행위의 금지)에 따르면 사업자가 소비자를 속이거나 소비자로 하여금 잘못 알게 할 우려가 있는 부당하게 비교하는 표시·광고행위로서 공정한 거래질서를 해치는 것을 금지하도록 규정하고 있습니다. 여기서 표시·광고가 소비자를 속이거나 소비자로 하여금 잘못 알게 할 우려가 있는지는 보통의 주의력을 가진 일반 소비자가 당해 광고를 받아들이는 전체적·궁극적 인상을 기준으로 하여 객관적으로 판단합니다(대법원 2010.7.22. 선고 2007다59066 판결).   또한, 공정거래위원회가 고시한 ‘부당한 표시·광고 행위의 유형 및 기준 지정고시’에 따르면 자기의 것과 경쟁사업자의 것을 비교하여 표시·광고함에 있어서는 사실대로 적정하게 해야 합니다. 따라서, 경쟁사업자의 것에 관하여 허위의 내용을 인용하여 비교표시·광고하거나, 사실과 같다 하더라도 동일 조건하에서 비교하지 않고 표시·광고하거나, 또는 사업자 또는 상품 등의 일부에 대하여 비교하면서 마치 전체에 대한 비교인 것처럼 표시·광고 행위를 해서는 안되며, 이를 통해 소비자를 오인시킬 우려가 있는 경우에는 부당한 표시·광고로 볼 수 있음을 규정하고 있습니다.   비교 대상 및 기준을 분명하게 밝히지 아니하고 객관적인 근거 없이 자기 또는 자기의 잉크 프린터가 경쟁사와 비교하여 우량 또는 우수하다고 표시·광고하는 행위는 부당한 표시·광고로 볼 수 있으며, 「전자상거래 등에서의 소비자보호에 관한 법률」 제17조(청약철회등) 상의 청약철회 기간 7일이 경과하더라도 물품을 공급받은 날부터 3개월 이내, 그 사실을 안날 또는 알 수 있었던 날부터 30일 이내 청약철회 요구가 가능한 것으로 판단됩니다.   이러한 표시·광고의 부당성 심사는 공정거래위원회에서 담당하고 있으며, 이는 향후에 부당한 표시·광고를 사용하지 못하게 함으로써 장래의 고객을 보호하는데 그 목적이 있습니다.   따라서, 구체적인 사실관계에서 발생한 표시·광고의 해석, 부당한 표시·광고로 인한 배상 등의 문제에 대해서는 법원의 소송이나 한국소비자원 등의 분쟁조정을 통해 해결하여야 합니다."
1174, 표시광고법, 비방적인 표시·광고,"인터넷쇼핑몰에서 ‘B사의 건강기능제품은 약효가 전혀 없고 치료가 안되니, 약효가 있고 치료가 되는 A사의 제품을 구입하세요!’라는 광고를 보고 건강제품을 구입한 후 효과가 없어 ‘효과가 없으면 100% 환불’ 규정에 의거하여 청약철회를 요구하였으나 사업자가 거부합니다. 구제 방법이 있나요?","비방적인 표시·광고로 보아 청약철회 기간 7일을 경과하더라도 물품을 공급받은 날부터 3개월 이내, 그 사실을 안날 또는 알 수 있었던 날부터 30일 이내 청약철회를 요구할 수 있습니다.   「표시·광고의 공정화에 관한 법률」 제3조(부당한 표시·광고 행위의 금지)에 따르면 사업자가 소비자를 속이거나 소비자로 하여금 잘못 알게할 우려가 있는 비방적인 표시·광고행위로서 공정한 거래질서를 해치는 것을 금지하도록 규정하고 있습니다. 여기서 표시·광고가 소비자를 속이거나 소비자로 하여금 잘못 알게 할 우려가 있는지는 보통의 주의력을 가진 일반 소비자가 당해 광고를 받아들이는 전체적·궁극적 인상을 기준으로 하여 객관적으로 판단합니다(대법원 2010.7.22. 선고 2007다59066 판결).    또한, 공정거래위원회가 고시한 ‘부당한 표시·광고 행위의 유형 및 기준 지정고시’에 따르면 경쟁사업자의 것에 관하여 비방을 하여서는 안된다고 규정하고 있습니다. 따라서, 자기가 공급하는 상품이 우량 또는 유리하다고 알리기 위해 경쟁사업자의 것에 관하여 객관적인 근거 없는 허위의 내용으로 중상·비방하거나 불리한 사실만을 표기하여 비방하는 표시·광고행위를 해서는 안되며, 이를 통해 소비자를 오인시킬 우려가 있는 경우에는 부당한 표시·광고로 볼 수 있음을 규정하고 있습니다.   객관적인 근거 없이 경쟁관계 사업자의 제품이 약효가 없고 치료가 안된다고 비방하는 표시·광고행위는 부당한 표시·광고로 볼 수 있으며, 「전자상거래 등에서의 소비자보호에 관한 법률」 제17조(청약철회등) 상의 청약철회 기간 7일이 경과하더라도 물품을 공급받은 날부터 3개월 이내, 그 사실을 안날 또는 알 수 있었던 날부터 30일 이내 청약철회 요구가 가능한 것으로 판단됩니다.   이러한 표시·광고의 부당성 심사는 공정거래위원회에서 담당하고 있으며, 이는 향후에 부당한 표시·광고를 사용하지 못하게 함으로써 장래의 고객을 보호하는데 그 목적이 있습니다.   따라서, 구체적인 사실관계에서 발생한 표시·광고의 해석, 부당한 표시·광고로 인한 배상 등의 문제에 대해서는 법원의 소송이나 한국소비자원 등의 분쟁조정을 통해 해결하여야 합니다."
1175, 표시광고법, 부당한 표시·광고의 효력,"공정거래위원회가 부당한 표시·광고로 심결한 경우, 그 표시·광고로 피해가 발생하였다는 손해배상을 요구할 수 있나요?","사업자는 해당 표시·광고가 부당한 표시·광고에 해당한다는 것을 몰랐더라도 피해자에게 손해배상책임을 집니다.   「표시·광고의 공정화에 관한 법률」 제10조(손해배상책임)에 따라 부당한 것으로 심결된 표시·광고로 피해를 입은 소비자는 사업자를 상대로 그 피해에 대한 손해배상을 청구할 수 있으며, 이 경우 사업자는 부당한 표시·광고 행위에 대해 고의 또는 과실이 없음을 들어 피해자에 대한 손해배상책임을 면할 수 없습니다. 따라서 사업자는 해당 표시·광고가 부당한 표시·광고에 해당한다는 것을 몰랐더라도 피해자에게 손해배상책임을 질 수 있다고 판단됩니다.   또한, 부당한 표시·광고 행위로 인하여 손해가 발생한 사실은 인정되나 그 손해액을 증명하는 것이 사안의 성질상 곤란한 경우 법원은 변론 전체의 취지와 증거조사의 결과에 기초하여 상당한 손해액을 인정할 수 있습니다."
1176, 필라테스, 계약해제·해지_위약금 공제_소비자 귀책_개시일 이전,"필라테스 개시일 이전 개인 사정으로 계약해지 및 환급 요청을 했는데, 각종 위약금(입회비, 기타수수료 등)을 공제한 후 환급이 가능하다고 주장합니다. 위약금이 너무 많은데, 구제 방법이 있나요?","위약금이 이유 없이 과다하다면 「약관의 규제에 관한 법률」 제9조 제5호 및 「방문판매 등에 관한 법률」 제32조 및 제52조에 따라 무효로 볼 수 있으며, 사안에 따라 일정 금액을 공제한 후 환급을 요구할 수 있습니다.    1개월 이상의 필라테스 이용계약은 「방문판매 등에 관한 법률」(이하, ‘방문판매법’) 상 계속거래로 보아 계약기간 중 언제든지 계약을 해지할 수 있습니다. ‘방문판매법’ 제32조(계약 해지 또는 해제의 효과와 위약금 등) 제1항에 따르면 이때 사업자는 소비자에게 해지 또는 해제로 발생하는 손실을 현저하게 초과하는 위약금을 청구하여서는 아니되고, 가입비나 그 밖에 명칭에 상관없이 실제 공급된 재화 등의 대가를 초과하여 수령한 대금의 환급을 부당하게 거부하여서는 아니 된다고 규정하고 있습니다.   계약의 자유 및 사적자치의 원칙에 따라서 소비자와 사업자 사이에 각종 위약금(입회비, 기타수수료 등)을 부과한다는 별도의 약정이 유효한 경우에는 이에 따르는 것이 타당합니다.   하지만, 해당 위약금이 이유 없이 과다하다면 계약해지 또는 해제로 인한 사업자의 원상회복의무를 부당하게 경감하는 것으로 「약관의 규제에 관한 법률」 제9조(계약의 해제·해지) 제5호, ‘방문판매법’ 제32조(계약 해지 또는 해제의 효과와 위약금 등) 및 제52조(소비자 등에게 불리한 계약의 금지)에 따라서 무효로 볼 수 있어 소비자 귀책 사유로 개시일 이전에 계약해제 시 ‘소비자분쟁해결기준’에 따라 이용료에서 이용료의 1/10에 해당하는 금액을 공제한 후 환급을 요구할 수 있습니다. 여기서 ‘이용료’란 일반이용자가 체육시설업자에게 계약 시 납부한 총금액을 말하며, 계약금·입회금·가입비·부대시설 이용료 등의 금액을 모두 포함합니다. 다만, 보증금은 이용료에 포함되지 않습니다."
1177, 필라테스, 계약해제·해지_위약금 공제_소비자 귀책_개시일 이후,"필라테스 1:1 수업 30회를 계약 내용으로 정하고 10회를 이용한 후 개인 사정으로 계약해지 및 환급 요청을 했는데, 사업자가 각종 위약금(입회비, 기타수수료 등)을 공제한 후 환급이 가능하다고 주장합니다. 위약금이 너무 많은데, 구제 방법이 있나요?","위약금이 이유 없이 과다하다면 「약관의 규제에 관한 법률」 제9조 제5호 및 「방문판매 등에 관한 법률」 제32조 및 제52조에 따라 무효로 볼 수 있으며, 사안에 따라 일정 금액을 공제한 후 환급을 요구할 수 있습니다.    1개월 이상의 필라테스 이용계약은 「방문판매 등에 관한 법률」(이하, ‘방문판매법’) 상 계속거래로 보아 계약기간 중 언제든지 계약을 해지할 수 있습니다. ‘방문판매법’ 제32조(계약 해지 또는 해제의 효과와 위약금 등) 제1항에 따르면 이때 사업자는 소비자에게 해지 또는 해제로 발생하는 손실을 현저하게 초과하는 위약금을 청구하여서는 아니되고, 가입비나 그 밖에 명칭에 상관없이 실제 공급된 재화 등의 대가를 초과하여 수령한 대금의 환급을 부당하게 거부하여서는 아니 된다고 규정하고 있습니다.   계약의 자유 및 사적자치의 원칙에 따라서 소비자와 사업자 사이에 각종 위약금(입회비, 기타수수료 등)을 부과한다는 별도의 약정이 유효한 경우에는 이에 따르는 것이 타당합니다.   하지만, 사업자가 위약금 산정 시 정상 금액을 기준으로 이용요금을 공제할 때, 정상가격으로 공제하는 1일(회) 정상 금액이 총지급금액을 기준으로 한 1일(회) 이용요금 대비하여 과다하다면 계약해지 또는 해제로 인한 사업자의 원상회복의무를 부당하게 경감하는 것으로 「약관의 규제에 관한 법률」 제9조(계약의 해제·해지) 제5호, ‘방문판매법’ 제32조(계약 해지 또는 해제의 효과와 위약금 등) 및 제52조(소비자 등에게 불리한 계약의 금지)에 따라서 무효로 볼 수 있어 소비자 귀책 사유로 개시일 이후에 계약해지 시 ‘소비자분쟁해결기준’에 따라 ‘[이용료 - (이용료 * 이미경과한기간(횟수)/계약상이용기간(횟수))] - 이용료의 1/10’에 해당하는 금액 환급을 요구할 수 있습니다. 여기서 ‘이용료’란 일반이용자가 체육시설업자에게 계약 시 납부한 총금액을 말하며, 계약금·입회금·가입비·부대시설 이용료 등의 금액을 모두 포함합니다. 다만, 보증금은 이용료에 포함되지 않습니다.   단, 사업자의 가격(요금) 체계, 정상가격으로 이용하는 소비자의 비중 등 제반 사항을 고려하여 위약금 산정 시 정상 금액을 기준으로 이용요금을 공제하는 것이 타당하다고 판단될 수 있습니다."
1178, 필라테스, 계약해제·해지_위약금 공제_사업자 귀책_개시일 이전,"필라테스 개시일 이전 사업자의 귀책으로 계약해지 및 환급 요청을 했는데, 사업자가 환급을 거부하거나 과도한 위약금(정상금액, 입회금, 기타수수료 등)을 공제하겠다고 주장합니다. 구제 방법이 있나요?","사업자가 환급을 거부하거나 위약금이 이유 없이 과다하다면 「약관의 규제에 관한 법률」 제9조 제5호 및 「방문판매 등에 관한 법률」 제32조 및 제52조에 따라 무효로 볼 수 있으며, 사안에 따라 일정 금액을 공제한 후 환급을 요구할 수 있습니다.    1개월 이상의 필라테스 이용계약은 「방문판매 등에 관한 법률」(이하, ‘방문판매법’) 상 계속거래로 보아 계약기간 중 언제든지 계약을 해지할 수 있습니다. 동법 제32조(계약 해지 또는 해제의 효과와 위약금 등) 제1항에 따르면 이때 사업자는 소비자에게 해지 또는 해제로 발생하는 손실을 현저하게 초과하는 위약금을 청구하여서는 아니되고, 가입비나 그 밖에 명칭에 상관없이 실제 공급된 재화 등의 대가를 초과하여 수령한 대금의 환급을 부당하게 거부하여서는 아니 된다고 규정하고 있습니다.   계약의 자유 및 사적자치의 원칙에 따라서 소비자와 사업자 사이에 각종 위약금(입회비, 기타수수료 등)을 부과한다는 별도의 약정이 유효한 경우에는 이에 따르는 것이 타당합니다.   하지만, 해당 위약금이 이유 없이 과다하거나 환급을 거부할 경우에는 계약해지 또는 해제로 인한 사업자의 원상회복의무를 부당하게 경감하는 것으로 「약관의 규제에 관한 법률」 제9조(계약의 해제·해지) 제5호, ‘방문판매법’ 제32조(계약 해지 또는 해제의 효과와 위약금 등) 및 제52조(소비자 등에게 불리한 계약의 금지)에 따라서 무효로 볼 수 있어 사업자 귀책 사유로 개시일 이전에 계약해제 시 ‘소비자분쟁해결기준’에 따라 이용료 환급과 이용료의 1/10에 해당하는 금액을 요구할 수 있습니다. 여기서 ‘이용료’란 일반이용자가 체육시설업자에게 계약 시 납부한 총금액을 말하며, 계약금·입회금·가입비·부대시설 이용료 등의 금액을 모두 포함합니다. 다만, 보증금은 이용료에 포함되지 않습니다."
1179, 필라테스, 계약해제·해지_위약금 공제_사업자 귀책_개시일 이후,"필라테스 1:1 수업 30회를 계약 내용으로 정하고 10회를 이용한 후 계약조건 위반 등 사업자의 귀책으로 계약해지 및 환급을 요청했는데, 사업자가 환급을 거부하거나 과도한 위약금(정상금액, 입회금, 기타수수료 등)을 공제하겠다고 주장합니다. 구제 방법이 있나요?","사업자가 환급을 거부하거나 위약금이 이유 없이 과다하다면 「약관의 규제에 관한 법률」 제9조 제5호 및 「방문판매 등에 관한 법률」 제32조 및 제52조에 따라 무효로 볼 수 있으며, 사안에 따라 일정 금액을 공제한 후 환급을 요구할 수 있습니다.    1개월 이상의 필라테스 이용계약은 「방문판매 등에 관한 법률」(이하, ‘방문판매법’) 상 계속거래로 보아 계약기간 중 언제든지 계약을 해지할 수 있습니다. 동법 제32조(계약 해지 또는 해제의 효과와 위약금 등) 제1항에 따르면 이때 사업자는 소비자에게 해지 또는 해제로 발생하는 손실을 현저하게 초과하는 위약금을 청구하여서는 아니되고, 가입비나 그 밖에 명칭에 상관없이 실제 공급된 재화 등의 대가를 초과하여 수령한 대금의 환급을 부당하게 거부하여서는 아니 된다고 규정하고 있습니다.   계약의 자유 및 사적자치의 원칙에 따라서 소비자와 사업자 사이에 각종 위약금(입회비, 기타수수료 등)을 부과한다는 별도의 약정이 유효한 경우에는 이에 따르는 것이 타당합니다.     하지만, 사업자가 위약금 산정 시 정상 금액을 기준으로 이용요금을 공제할 때, 정상가격으로 공제하는 1일(회) 정상 금액이 총지급금액을 기준으로 한 1일(회) 이용요금 대비하여 과다하거나 환급을 거부할 경우에는 계약해지 또는 해제로 인한 사업자의 원상회복의무를 부당하게 경감하는 것으로 「약관의 규제에 관한 법률」 제9조(계약의 해제·해지) 제5호, ‘방문판매법’ 제32조(계약 해지 또는 해제의 효과와 위약금 등) 및 제52조(소비자 등에게 불리한 계약의 금지)에 따라서 무효로 볼 수 있어 사업자 귀책 사유로 개시일 이후에 계약해지 시 ‘소비자분쟁해결기준’에 따라 ‘[이용료 - (이용료 * 이미경과한기간(횟수)/계약상이용기간(횟수))] + 이용료의 1/10’에 해당하는 금액 환급을 요구할 수 있습니다. 여기서 ‘이용료’란 일반이용자가 체육시설업자에게 계약 시 납부한 총금액을 말하며, 계약금·입회금·가입비·부대시설 이용료 등의 금액을 모두 포함합니다. 다만, 보증금은 이용료에 포함되지 않습니다.   단, 사업자의 가격(요금) 체계, 정상가격으로 이용하는 소비자의 비중 등 제반 사항을 고려하여 위약금 산정 시 정상 금액을 기준으로 이용요금을 공제하는 것이 타당하다고 판단될 수 있습니다."
1180, 필라테스, 계약해제·해지_할인 이벤트,"필라테스 1:1 수업 30회를 할인 이벤트가로 등록하였으나, 개인 사정으로 계약해지를 요구하였습니다. 그러나 사업장에서 이벤트 기간 중 등록된 회원권은 환급이 불가하다는데 환급을 받을 수 없나요?","개인 사정으로 계약을 해지하는 경우 이벤트 기간 중 등록된 회원권일지라도 환급을 요구할 수 있습니다.    사업자가 할인가격, 이벤트 가격 적용을 사유로 환급을 거부하는 경우에는 소비자의 계약해지권 행사를 제한함과 동시에 해지로 발생하는 손실을 현저하게 초과하는 위약금을 청구하는 것으로 볼 수 있으므로 「약관 규제에 관한 법률」 제6조(일반원칙)와 「방문판매 등에 관한 법률」 제32조(계약 해지 또는 해제의 효과와 위약금 등) 제1항 및 제52조(소비자 등에게 불리한 계약의 금지)에 따라 무효로 볼 수 있습니다.    따라서, 공정거래위원회가 고시한 체육시설업 관련 ‘소비자분쟁해결기준’에 따라 아래와 같이 환급을 요구할 수 있다고 판단됩니다.   ㅇ 소비자의 귀책 사유로 인한 계약해제    - 개시일 이전 : 이용료 - 위약금    - 개시일 이후 : [이용료 - (이용료 * 이미경과한기간(횟수)/계약상이용기간(횟수))] - 이용료의 1/10   여기서 ‘이용료’란 일반이용자가 체육시설업자에게 계약 시 납부한 총금액을 말하며, 계약금·입회금·가입비·부대시설 이용료 등의 금액을 모두 포함합니다.    다만, 보증금은 이용료에 포함되지 않습니다."
1181, 필라테스, 계약해제·해지_사업자 간 양도·양수,사업장을 양도받은 사업자(양수인)에게 개인 사정으로 계약해지 및 환급을 요청하였으나 대표자 변경되었다는 이유로 회원권에 대한 환급을 거부합니다. 구제 방법이 있나요?,"대표자가 변경되었더라도 사안에 따라 사업자(양수인)에게 회원권 환급을 요구할 수 있습니다.   「상법」 제42조(상호를 속용하는 양수인의 책임)에 따르면 영업양수인이 양도인의 상호를 계속 사용하는 경우에는 양도인의 영업으로 인한 제3자의 채권에 대하여 양수인도 변제할 책임이 있음을 규정하고 있습니다. 이에 근거하여 양수인이 양도인의 영업채무를 인수하지 않았다는 것을 등기하거나 채권자인 소비자에게 양도인과 함께 통지하지 않는 한, 채권자인 소비자는 양수인에게 채무를 변제할 것을 요구할 수 있으며, 상호를 속용하였으나 영업의 양도·양수를 사유로 환급을 거부하는 경우 실제 공급된 재화 등의 대가를 초과하여 수령한 대금의 환급을 부당하게 거부하는 행위로 볼 수 있으므로 「방문판매 등에 관한 법률」 제32조(계약 해지 또는 해제의 효과와 위약금 등) 제1항 및 제52조(소비자 등에게 불리한 계약의 금지) 위반으로 볼 수 있습니다.   따라서, 공정거래위원회가 고시한 체육시설업 관련 ‘소비자분쟁해결기준’에 따라 소비자 귀책 사유로 이용개시일 이후에 계약해지를 요구한 경우에는 이용료(계약금, 입회금, 가입비, 부대시설 이용료 등 모두 포함)에서 이미 경과한 일수(또는 이용한 횟수)와 위약금(이용료의 1/10에 해당하는 금액)을 공제 후 환급을 요구할 수 있다고 판단됩니다.   다만, 양수한 사업자가 다른 업종으로 변경하거나 새로운 상호를 사용하면서 기존 회원에 대해 양도양수 관계 및 채무 미승계에 대해 고지했다면 이전 사업자가 책임을 져야 합니다."
1182, 필라테스, 계약해제·해지_양도 회원권,친구에게 회원권을 양도받은 후 개인 사정으로 계약해지 및 환급을 요청하였으나 사업자가 양도받은 회원권에 대해 환급을 거부합니다. 구제 방법이 있나요?,"개인 사정으로 계약해지 시 양도받은 회원권일지라도 사업자에게 환급을 요구할 수 있습니다.   필라테스 이용권은 이용권에 기명된 자가 해당 시설을 이용할 수 있도록 하는 권리증서로 기명식 채권의 일종으로 볼 수 있습니다. 「민법」 제449조(채권의 양도성)에 따르면 성질상 양도·양수가 불가능하거나 법률에서 금지하는 경우와 당사자 간 개별 약정으로 양도·양수를 제한하는 경우를 제외하고는 원칙적으로 양도·양수가 허용된다고 규정하고 있습니다.    따라서, 체육시설 이용권에 대한 양도 또한 원칙적으로 가능합니다. 회원권 양도는 동일성을 변경시키지 아니하고 이전함을 목적으로 하는 구채권자와 신채권자 간의 계약이기에 회원권을 양수받은 사정만으로는 다른 법률에서 규정하고 있는 계약해지 제한 사유나 「방문판매 등에 관한 법률」 시행령 제40조(계속거래 또는 사업권유거래의 계약 해지 제한 사유)에서 규정하고 있는 예외사유에 해당할 만한 계약변경이 이루어졌다고 보기 어려운바, 사업자가 양도를 이유로 계약해지 및 환급을 거부할 경우 「방문판매 등에 관한 법률」 제31조(계약의 해지) 및 제32조(계약 해지 또는 해제의 효과와 위약금 등) 제1항 위반으로 볼 수 있습니다.   따라서, 공정거래위원회가 고시한 체육시설업 관련 ‘소비자분쟁해결기준’에 의거하여 소비자 귀책 사유로 이용개시일 이후에 계약해지를 요구한 경우에는 이용료(계약금, 입회금, 가입비, 부대시설 이용료 등 모두 포함)에서 이미 경과한 일수(또는 이용한 횟수)와 위약금(이용료의 1/10에 해당하는 금액)을 공제 후 환급을 요구할 수 있다고 판단됩니다."
1183, 필라테스, 계약해제·해지_운동프로그램 변경_계약해지,"필라테스 이용권+골프 3개월 이용권을 등록하였는데, 사업자가 일방적으로 골프 수업을 폐지하였습니다. 이에 사업자에게 계약해지를 요구하였으나 이를 거부합니다. 구제 방법이 있나요?","사업자가 시설 이용 외에 스피닝, 요가 등 운동프로그램을 이용하기로 약정했던 계약상 주요 사항을 소비자 동의 없이 임의로 변경 또는 폐지한 경우, 위약금 없이 해지시까지의 이용대금만 공제한 잔여 대금 환급이 가능합니다.   1개월 이상의 필라테스 이용계약은 「방문판매 등에 관한 법률」(이하, ‘방문판매법’) 상 계속거래로 보아 계약기간 중 언제든지 계약을 해지할 수 있습니다. ‘방문판매법’ 제32조(계약 해지 또는 해제의 효과와 위약금 등) 제1항에 따르면 이때 사업자는 소비자에게 해지 또는 해제로 발생하는 손실을 현저하게 초과하는 위약금을 청구하여서는 아니되고, 가입비나 그 밖에 명칭에 상관없이 실제 공급된 재화 등의 대가를 초과하여 수령한 대금의 환급을 부당하게 거부하여서는 아니 된다고 규정하고 있습니다.   따라서, 사업자가 환급을 거부하는 행위는 계약해지 또는 해제로 인한 사업자의 원상회복의무를 부당하게 경감하는 것으로 「약관의 규제에 관한 법률」 제9조(계약의 해제·해지) 제5호, 「방문판매 등에 관한 법률」 제32조(계약 해지 또는 해제의 효과와 위약금 등) 및 제52조(소비자 등에게 불리한 계약의 금지)에 따라서 무효로 볼 수 있어 기 사용분에 대한 이용요금만 공제 후 남은 대금은 위약금 없이 환급 가능하다고 판단됩니다. 여기서 ‘이용료’란 일반이용자가 체육시설업자에게 계약 시 납부한 총금액을 말하며, 계약금·입회금·가입비·부대시설 이용료 등의 금액을 모두 포함합니다. 다만, 보증금은 이용료에 포함되지 않습니다."
1184, 필라테스, 계약해제·해지_운동프로그램 변경_계약유지,"필라테스 이용권+골프 3개월 이용권을 등록하였는데, 사업자가 일방적으로 골프 수업을 폐지하였습니다. 필라테스는 계속 다니고 싶은데, 골프 수업을 폐지한 것에 대해 사업자에게 대안을 요구할 수 있나요?","사업자가 시설 이용 외에 골프, 스피닝 등 운동프로그램을 이용하기로 약정했던 계약상 주요 사항을 소비자의 동의 없이 임의로 변경 또는 폐지한 경우, 소비자가 계약을 유지하고자 한다면 사업자는 손해배상 또는 그에 상응하는 대책을 제공해야 합니다.    「민법」 제390조(채무불이행과 손해배상)는 채무자가 채무의 내용에 좇은 이행을 하지 아니한 때에는 채권자는 손해배상을 청구할 수 있다고 규정하고 있습니다.    따라서, 이 경우 골프를 이용하기 위해 함께 등록했기에 사업자가 소비자에게 손해배상 하거나, 골프 수업 취소에 대한 다른 대책 제공을 요구할 수 있습니다. "
1185, 필라테스, 계약해제·해지_시설 사용 불가,필라테스 시설 고장에 의한 공사 등으로 시설물을 이용할 수 없다고 합니다. 해결방안이 있나요?,"체육시설업 관련 ‘소비자분쟁해결기준’에 따르면 시설고장, 정원초과 등으로 당해 시설물을 이용할 수 없는 경우 사업자가 환급 또는 동급의 타 시설물로 이용을 대체하도록 규정하고 있습니다.   따라서 필라테스 시설 공사로 시설물을 이용할 수 없는 경우에는 사업자에게 환급 또는 동급의 타 시설물을 이용할 수 있도록 요구할 수 있습니다.   다만, 시설물을 이용할 수 없는 수준에 대한 판단은 각 사안별로 달라질 수 있습니다. "
1186, 필라테스, 청약철회_신용카드 할부계약_7일 이내 취소,필라테스를 신용카드로 결제 후 등록하였는데 개인적인 사유로 7일 이내 사업장을 방문하여 할부계약 청약철회를 요구하였습니다. 그러나 사업장에서 이를 거부하는데 환급이 가능할까요?,"7일 이내 사업장을 방문하여 청약철회를 요구하였다면 환급이 가능합니다.    거래금액이 20만원 이상이고 신용카드 할부 기간이 3개월 이상인 거래는 「할부거래 등에 관한 법률」 상 할부거래로 보며, 동법 제8조에 따르면 재화를 공급받은 날부터 7일 이내에는 단순변심이라도 위약금 없이 전액 환급이 가능하도록 규정하고 있습니다. 청약철회 의사는 서면으로 의사표시를 하여야 하므로 사업자에게 서면으로 발송하되, 신용제공자가 있는 경우에 「할부거래 등에 관한 법률」 제9조(간접할부계약에서의 청약의 철회 통보) 제1항에 따라 소비자는 동일한 기간 내에 신용제공자(신용카드회사)에도 철회의 의사표시가 적힌 서면을 발송해야 합니다. 서면은 사후 입증이 가능한 내용증명우편 등을 이용하는 것이 좋으며, 서면으로 발송한 경우에는 발송한 날에 그 효력이 발생합니다.   다만, 필라테스 이용계약의 개시가 시작되었거나 시간이 지남으로써 다시 판매하기 어려울 정도로 회원권 가치가 현저히 낮아진 경우에는 청약철회가 제한될 수 있으며, 청약철회 기간 내임에도 불구하고 이용 내역이 있을 경우에는 환급 시 이용대금이 공제될 수 있습니다. "
1187, 필라테스, 계약불이행_사업자 폐업,다니던 필라테스가 폐업한 경우 해결방안이 있나요?,"다니던 헬스장이 폐업한 경우 피해구제 진행이 어려울 수 있습니다.    한국소비자원 ‘소비자불만처리 및 피해구제업무처리규정’에 따르면 피해구제 처리 도중 당사자의 연락불능 등으로 그 처리가 불가능한 것으로 판명된 경우에는 처리절차를 종료하도록 규정하고 있습니다. 따라서, 사업자의 부도·폐업 등으로 연락이 불가능하거나 소재 파악이 안 되는 경우 한국소비자원에서 처리가 불가합니다.   다만, 신용카드사에 잔여할부금이 남아 있는 경우에는 잔여할부금 지급 거절 내용증명을 우편으로 신용카드사에 발송하는 등 「할부거래 등에 관한 법률」 상 할부항변권을 행사할 수 있으며, 할부항변권 행사가 불가능한 경우에는 사업자 대표 등을 대상으로 민사소송을 제기하여 구제받을 수 있습니다. 할부항변권은 신용카드 할부(20만원, 3회 이상)로 결제한 경우에 한합니다."
1188, 필라테스, 가격·요금_부가상품 비용 추가 공제,"필라테스 중도해지를 요구했는데 사업자가 잔여환급금 산정 과정에서 무료 제공을 약속한 운동복, 락커룸 대금을 추가로 공제합니다. 구제 방법이 있나요?","계약서 작성 시 당사자 간의 약정에 따라 공제 여부가 달라질 수 있습니다.    1개월 이상의 필라테스 이용계약은 「방문판매 등에 관한 법률」 제2조 제10호에 따른 ‘계속거래’로 동법 제32조(계약 해지 또는 해제의 효과와 위약금 등) 제4항에 따른 고시 기준인 ‘계속거래 등의 해지·해제에 따른 위약금 및 대금의 환급에 관한 산정기준’에 따르면 공급된 부가상품이 있는 경우 부가상품의 대금에 대해 감액할 수 있다고 규정하고 있습니다.    따라서, 당사자 간 작성한 계약서상 중도해지 시 운동복 락커룸이 서비스로 제공되었고, 해당 서비스를 공제한다는 약관이 기재된 경우 당사자 간 약정에 따라 공제될 수 있습니다.   또한, 당사자 간 작성한 계약서에 서비스에 대한 공제 금액 기준이 기재되어 있지 않다면 사업자가 이를 입증해야 합니다."
1189, 필라테스, 가격·요금_휴회기간 산입,사업자가 잔여환급금 산정 과정에서 휴회기간을 이용일수에 산입합니다. 구제 방법이 있나요?,"휴회기간은 이용일수에 미포함할 것을 사업자에게 요구할 수 있습니다.    「방문판매등에 관한 법률」 제32조(계약 해지 또는 해제의 효과와 위약금 등) 제1항에 따르면 계속거래업자등이 소비자에게 과도한 위약금을 부과하는 것을 금지하도록 규정하고 있습니다. 또한, 공정거래위원회에서는 질병 등 전혀 예기치 못한 사정으로 고객이 일정기간 동안 일시적으로 체육활동을 할 수 없는 경우에는 고객 일방에게만 손해가 되지 않도록 계약 양 당사자의 합의 하에 이용 연기를 인정하여 계약 쌍방 이익을 조정할 것을 권고하고 있습니다.   따라서, 휴회기간은 당사자 쌍방 간 채권, 채무이행을 청구하지 않기로 약정한 것으로 이용일수에 미포함할 것을 사업자에게 요구할 수 있다고 판단됩니다."
1190, 필라테스, 안전_제품/시설 안전1,운동시설 위에 있던 녹슨 못에 다리가 찔려 병원에 가서 치료를 받은 경우 해결방안이 있나요?,"체육시설업 관련 ‘소비자분쟁해결기준’에 따르면 신체상 피해 발생 시 배상액을 배상하도록 규정하고 있습니다.   따라서, 필라테스 이용 중 사업자의 운동시설 관리 소홀 등으로 신체상 피해가 발생한 경우 사업자에게 치료비, 일실손해 등 손해배상을 요구할 수 있다고 판단됩니다.   단, 사업자의 주의의무 위반, 소비자의 부주의 여부 등에 따라 달라질 수 있습니다."
1191, 필라테스, 안전_제품/시설 안전2,사업자로부터 잘못된 운동법을 설명받고 사용하다가 어깨를 다쳐 병원에 가서 치료를 받은 경우 해결방안이 있나요?,"체육시설업 관련 ‘소비자분쟁해결기준’에 따르면 신체상 피해 발생 시 배상액을 배상하도록 규정하고 있습니다.   따라서, 필라테스 이용 중 운동기구 사용법 설명 부족 등으로 신체상 피해가 발생한 경우 사업자에게 치료비, 일실손해 등 손해배상을 요구할 수 있다고 판단됩니다.   단, 사업자의 주의의무 위반, 소비자의 부주의 여부 등에 따라 달라질 수 있습니다."
1192, 필라테스, 표시·광고＿허위설명/중요사항 미설명,필라테스를 등록했는데 강사가 ㅇㅇ대학교 외래교수라는 프로필 광고를 보고 수강하기로 했습니다. 그런데 2번째 수강 중에 강사가 ㅇㅇ대학교 외래교수가 아님을 알게 되었습니다. 허위 광고임을 알고 취소를 하고 싶은데 환급 가능할까요?,"허위 광고로 인한 계약해지의 경우 사업자에게 환급을 요구할 수 있습니다.    「표시·광고의 공정화에 관한 법률」 제3조(부당한 표시·광고 행위의 금지)에 따르면 사업자가 소비자를 속이거나 소비자로 하여금 잘못 알게 할 우려가 있는 표시·광고 행위로서 공정한 거래질서를 해칠 우려가 있는 거짓·과장의 표시·광고는 하여서는 아니된다고 규정하고 있습니다.   따라서, 계약 당시 거래조건을 상세하게 설명하지 않았거나 허위로 설명한 경우 위약금 없이 총 계약대금 전액 환급이 가능합니다. 또한 필라테스 등록 당시 교수의 프로필에 허위사실이 있었으므로 사업자에게 전액 환급을 요구할 수 있다고 판단됩니다.   다만, 허위 설명 및 허위 광고를 입증할 수 있는 입증자료를 함께 제시하여야 합니다. "
1193, 할부거래법, 청약철회_상품 대금을 신용카드 2회 분할납부 조건으로 체결한 구매계약,"가전제품 매장에서 텔레비전을 구입하면서 물품 대금 389,000원을 신용카드로 2회 분할납부 조건으로 결제하였으나 텔레비전이 마음에 들지 않아 구입 취소를 하고 싶은데 청약철회가  가능한가요?","청약철회 요구가 어려울 것으로 보입니다.   「할부거래에 관한 법률」 적용 대상이 되는 할부 계약은 소비자가 할부거래업자(또는 신용제공자) 에게 목적물의 대금을 2개월 이상의 기간에 걸쳐 3회 이상 분할 지급하고 그 대금의 완납 전에 할부거래업자로부터 목적물의 인도 등을 받기로 하는 할부계약이 그 대상이 됩니다.   따라서, 할부 기간이 2개월 미만이거나 할부 횟수가 3회 미만인 할부계약은 법 적용 대상에서 제외가 되어 할부 청약철회에 의한 반품이 불가할 수 있습니다."
1194, 할부거래법, 청약철회_개별적으로 주문 제작을 의뢰한 할부계약 취소 여부,"가구매장을 방문하여 장롱 등 가구를 주문 제작하고 대금 2,500,000원을 10개월 할부로 결제하였으나, 며칠 후 다른 가구매장을 방문하니 2,000,000원에 제작해 주겠다고 하고 있습니다. 계약한 가구매장은 이미 제작을 시작했다고 하는데 청약철회가 가능한가요?","청약철회 요구가 어려울 것으로 보입니다.   「할부거래에 관한 법률」(이하, ‘할부거래법’) 제8조(청약의 철회) 제2항 제5호 및 ‘할부거래법’ 시행령 제6조(소비자가 청약의 철회를 할 수 없는 경우) 제2항 제2호에서 규정하고 있는 소비자의 주문에 따라 개별적으로 제조되는 재화 등의 공급을 목적으로 하는 할부계약에 해당되어 청약철회가 불가능합니다.   따라서, 이 사례에서는 법 적용 제외 대상 목적물에 해당되어 청약철회가 어려울 수 있다고 판단됩니다."
1195, 할부거래법, 청약철회_신용카드 5개월 할부로 구입한 의약품 구입계약,"병원에서 질병 진단을 받고 약국에서 의약품을 구입하면서 230,000원을 신용카드 5개월 할부로 결제를 하였습니다. 그런데 병원으로부터 그 다음날 오진이라는 연락이 왔습니다. 복용할 필요가 없게 된 의약품을 청약철회 할 수 있나요?","청약철회 요구가 어려울 것으로 보입니다.   「할부거래에 관한 법률」 제3조 제2호 및 시행령 제4조 제2호에 따라 의약품은 법 적용제외 대상 목적물에 해당되므로 청약철회가 인정되지 않습니다.   따라서, 이 사례에서는 법 적용 제외 대상 목적물에 해당되어 청약철회가 어려울 수 있다고 판단됩니다."
1196, 할부거래법, 청약철회_사업자가 자신의 소비를 목적으로 체결한 할부계약,"가전제품 매장을 방문하여 사무실에서 개인적으로 시청할 TV를 개인 신용카드 3개월 할부로 440,000원을 결제하였습니다. 제품이 배달되기 전 마음이 바뀌어 구입취소를 요구하니 사업자는 청약철회가 인정되지 않는다고 합니다. 청약철회가 불가능한가요?","청약철회 요구가 가능할 것으로 보입니다.   「할부거래에 관한 법률」(이하, ‘할부거래법’) 제3조(적용제외) 제1호에서 규정하고 있는 적용 대상에서 제외가 되는 ‘상행위를 위하여 재화 등의 공급을 받는 할부계약을 체결하는 경우’에는 '매수인이 다른 소비자에게 판매할 목적으로 물건을 할부로 구입한 경우와 영리를 목적으로 할부계약을 체결하는 경우‘가 해당됩니다.    따라서, 사업자이지만 판매나 영리를 목적으로 TV를 구입한 것이 아닌 이상 상행위를 목적으로 계약하였다고 볼 수 없어 청약철회가 가능하며, ’할부거래법‘ 제8조(청약의 철회) 제3항에 따라 사업자에게 서면으로 청약철회 의사를 표시해야 합니다.   또한, 이 사례에서는 신용카드를 이용해서 계약을 체결하였는데, 이처럼 신용제공자가 있는 경우에 ’할부거래법‘ 제9조(간접할부계약에서의 청약의 철회 통보) 제1항에 따라 소비자는 동일한 기간 내에 신용제공자(신용카드회사)에도 철회의 의사표시가 적힌 서면을 발송해야 합니다."
1197, 할부거래법, 청약철회_다른 법률과 경합하는 경우,방문판매 재화 등을 할부로 산 경우에 청약철회는 언제까지 가능한가요?,"계약일 또는 재화 등의 공급일로부터 14일 이내에 청약철회 요구가 가능합니다.   「할부거래에 관한 법률」(이하, ‘할부거래법’) 제8조(청약의 철회) 제1항에서 규정하고 있는 청약철회권의 행사 기간은 계약일로부터 7일입니다. 또한, 「방문판매 등에 관한 법률」(이하, ‘방문판매법’) 제8조(청약철회등) 제1항에서 규정하고 있는 청약철회권의 행사 기간은 계약일 또는 재화 등의 공급일로부터 14일입니다.   ‘할부거래법’ 제4조(다른 법률과의 관계)에 따르면 소비자보호와 관련하여 ‘할부거래법’과 다른 법률이 경합하여 적용되는 경우 다른 법률이 유리하면 해당 법률을 적용하도록 규정되어 있습니다.   따라서, 이 사례에서는 ‘방문판매법’을 적용하는 것이 소비자에게 유리하기 때문에 ‘방문판매법’에 따라 14일 이내에 청약철회가 가능하다고 판단됩니다."
1198, 할부거래법, 청약철회_재화 훼손 시 청약철회 가능 여부,"광고를 보고 손해사정인 교재를 할부로 구입한 후 시험 합격이 어렵다고 하고, 합격한다고 하더라도 자격증 활용 여부가 의심스러워 청약철회를 요구하였습니다. 그런데 교재를 보관하다가 교재의 상당 부분이 물에 젖었는데 판매처에서는 이것을 이유로 청약철회를 거부하고 있습니다. 청약철회가 가능한가요?","구입한 재화를 훼손시킨 경우에는 청약철회 요구가 어렵습니다.   소비자가 청약철회권을 행사할 경우에는 이미 인도받은 재화를 반환하여야 할 의무가 있습니다.   「전자상거래 등에서의 소비자보호에 관한 법률」 제17조(청약철회등) 제2항 제1호 및 「할부거래에 관한 법률」 제8조(청약의 철회) 제2항에 따르면 구입자에게 책임 있는 사유로 목적물이 멸실 또는 훼손된 경우에는 구입자는 계약에 관한 청약을 철회할 수 없도록 규정하고 있습니다.   따라서, 구입한 재화를 훼손시킨 경우에는 청약철회를 할 수 없다고 판단됩니다."
1199, 할부거래법, 청약철회_신용카드로 결제한 할부거래의 청약철회,"피부관리실에서 개업 10주년 기념으로 50% 할인된 금액에 서비스를 제공해 준다고 하여 200만원을 신용카드로 10개월 할부 결제하였으며 계약 당시 할인된 가격이기 때문에 환급은 안된다는 설명을 들었습니다. 3일 후 사정이 생겨서 계약을 취소하고 싶은데, 청약철회가 가능한가요?","청약철회 요구가 가능합니다.   「할부거래에 관한 법률」(이하, ‘할부거래법’) 제8조(청약의 철회) 제1항에 따르면 계약서를 받았다면 교부받은 날부터 7일 이내에, 계약서를 받지 못했다면 피부관리실의 주소를 안 날 또는 알 수 있었던 날 등 철회권을 행사할 수 있는 날부터 7일 이내에 서면으로 할부계약에 관한 청약을 철회하면 됩니다.   다만, 이 사례에서는 신용카드를 이용해서 계약을 체결하였는데, 이처럼 신용제공자가 있는 경우에 ‘할부거래법’ 제9조(간접할부계약에서의 청약의 철회 통보) 제1항에 따라 소비자는 동일한 기간 내에 신용제공자(신용카드회사)에도 철회의 의사표시가 적힌 서면을 발송해야 합니다."
1200, 할부거래법, 청약철회_냉장고의 사용개시 전 청약철회,가전대리점에서 냉장고를 12개월 할부로 결제하여 냉장고가 배달되어 살펴보니 마음에 들지 않아 바로 구입을 취소해 달라고 전화한 후 청약철회 의사를 내용증명우편으로 통보했습니다. 대리점에서는 냉장고는 청약철회 대상 품목이 아니라며 계약취소를 할 수 없다고 하는데 전혀 사용하지 않은 냉장고임에도 청약철회가 불가능한가요?,"청약철회 요구가 가능합니다.   「할부거래에 관한 법률」 제8조(청약의 철회) 제2항 제2호에 따르면 사용 또는 소비에 의하여 그 가치가 현저히 낮아질 우려가 있는 것으로서 대통령령으로 정하는 재화 등을 사용 또는 소비한 경우 청약철회를 제한하고 있습니다.   따라서, 목적물을 인도받지 않았다거나 인도받았다고 하더라도 사용하기 이전이라면 청약철회가 인정될 수 있습니다."
1201, 할부거래법, 청약철회_사용한 세탁기의 청약철회 여부,세탁기를 6개월 할부로 구입하여 사용해 본 결과 세탁기의 세탁성능이 마음에 들지 않아 반품을 요구하니 사용한 세탁기는 청약철회 대상에서 제외가 된다면서 만일 세탁성능에 문제가 있다고 확인되면 수리 또는 타제품으로 교환해 주겠다고 합니다. 청약철회가 가능한가요?,"청약철회 요구가 어렵습니다.   「할부거래에 관한 법률」 제8조(청약의 철회) 제2항 제2호에 따르면 사용 또는 소비에 의하여 그 가치가 현저히 낮아질 우려가 있어 철회를 인정하는 것이 적당하지 않다고 지정되어 있는 목적물을 이미 사용한 경우라면 할부거래업자가 청약철회를 거절할 수 있습니다.   따라서, 이 사례에서 세탁기를 사용했다면 청약철회가 어려울 수 있다고 판단됩니다."
1202, 할부거래법, 청약철회_설치한 보일러 청약철회,심야전기보일러와 태양열온수기를 640만원에 설치계약을 하고 40만원은 계약금으로 지급하고 잔금은 할부금융으로 12개월 동안 납부하기로 하였습니다. 심야전기보일러를 설치한 후 생각해 보니 경제적으로도 부담되고 할부수수료도 높은데 청약철회가 불가능한가요?,"청약철회 요구가 어렵습니다.   「할부거래에 관한 법률」(이하, ‘할부거래법’) 제5조(계약체결 전의 정보제공) 및 ‘할부거래법’ 시행령 제6조(소비자가 청약의 철회를 할 수 없는 경우)에 따르면 할부거래업자가 청약철회를 행사할 수 없는 대상 목적물로 ‘설치에 전문인력 및 부속 자재 등이 요구되는 것으로써 「고압가스안전관리법」 제3조 제4호의 규정에 의한 냉동기, 전기냉방기(난방겸용 포함), 보일러’를 들고 있으며, 이러한 목적물을 설치한 경우에는 매수인이 청약을 철회할 수 없다고 규정하고 있습니다.   따라서, 이 사례에서 심야전기보일러는 청약철회가 어려울 수 있다고 판단됩니다."
1203, 할부거래법, 청약철회_물품 인도 전 청약철회,"TV를 1,880,000원에 구입 계약을 하고 계약금으로 80,000원을 지급한 후 1,800,000원은 신용카드 12개월 할부로 결제하였습니다. 계약 6일 후 배달받기로 하였는데 3일 후 집안 사정으로 해약을 통보하고 계약금의 환급을 요구하니 제품을 인수하라고 합니다. 계약금을 환급받을 수 없나요?","청약철회 및 계약금 환급 요구가 가능합니다.   할부거래 방식에 의해 계약한 물품의 수령 전에 해약을 통보하면 이는 「할부거래에 관한 법률」(이하, ‘할부거래법’) 제8조(청약의 철회) 제1항에서 규정한 청약철회에 해당하는 것으로 볼 수 있습니다.   따라서, 이 사례에서 청약철회 및 계약금 환급이 가능하다고 판단됩니다.   ‘할부거래법’ 제8조 제3항에 따라 할부거래 계약의 청약철회는 서면으로 하는 것이 원칙이므로 즉시 청약철회서를 작성하여 내용증명우편으로 할부거래업자에게 발송하여야 하며, ‘할부거래법’ 제9조(간접할부계약에서의 청약의 철회 통보) 제1항에 따라 신용카드 또는 할부금융 결제의 경우에는 철회 사실을 카드회사 또는 할부금융회사에 통보하여야만 할부금 청구에 대항할 수 있습니다.   청약을 철회하면 할부거래업자는 이미 받은 현금이 있는 경우 이를 소비자에게 반환해야 합니다."
1204, 할부거래법, 청약철회_청약철회 종료일과 개시일 계산,가구점을 방문하여 침대 등 자녀가 사용할 가구를 10개월 할부로 구입하였는데 자녀가 색상과 디자인이 마음에 들지 않는다고 해서 반품하려고 합니다. 가구점에 언제까지 청약철회를 통보하여야 하며 계약서를 교부받거나 물품을 인도받은 당일도 청약철회 기간에 포함되나요?,"물품을 인도받은 당일, 계약서 교부일 당일은 청약철회 기간에 포함되지 않습니다.   「민법」 제157조(기간의 기산점)에 따르면 기간을 일, 주, 월 또는 년으로 정한 때에는 기간의 초일은 산입하지 아니하나 그 기간이 영시로부터 시작하는 때에는 이를 산입한다고 규정하고 있습니다.   따라서, 계약서를 교부받은 날부터, 물품 인도일이 계약서 교부일보다 늦은 경우는 물품 인도일부터 7일이며, 물품을 인도받은 당일, 계약서 교부일 당일은 청약철회 기간에 포함되지 않음을 유의하여 청약철회를 요구해야 합니다.   참고로, 청약철회 기간 마지막날이 공휴일인 경우에는 그 다음날이 청약철회 종료일이 됩니다. "
1205, 할부거래법, 청약철회_할부거래업자가 정한 청약철회 기간이 법정 철회 기간보다 짧은 경우,할부거래업자가 작성·교부한 할부계약서에 청약철회 기간이 「할부거래에 관한 법률」에서 정한 7일보다 짧은 5일로 되어 있습니다. 5일이 지나면 청약철회가 불가능한가요?,"법정 철회기간인 7일 이내에 청약철회 요구가 가능할 것으로 보입니다.   「할부거래에 관한 법률」(이하, ‘할부거래법’) 제8조(청약의 철회)에서 정한 청약철회 기간은 청약철회가 가능한 최소한의 기간인 법정 철회기간입니다. 따라서, ‘할부거래법’ 제5조(계약체결 전의 정보제공) 제1항에 따라 당사자 간에 별도로 약정한 청약철회 기간이 법정 철회기간보다 짧은 경우에는 법정 철회 기간이 적용되지만, 당사자 간에 약정한 기간이 법정 철회 기간보다 긴 경우는 당사자간 약정한 철회 기간이 적용됩니다.    참고로, ‘할부거래법’ 제43조(소비자에게 불리한 계약의 금지)에 따라 법정 철회기간인 7일보다 소비자에게 불리하게 청약철회 기간을 정한 계약 내용은 효력이 없습니다.   따라서, 법정 철회 기간이 적용되므로 7일 이내에는 청약철회가 가능하다고 판단됩니다."
1206, 할부거래법, 청약철회_방문판매로 할부계약 체결 시 청약철회 기간,방문판매원의 권유로 도서를 신용카드 12개월 할부로 구입하였을 때 청약철회 기간은 어떻게 되나요?,"청약철회 기간은 14일이 됩니다.   방문판매와 할부계약에 의해 물품을 구입한 경우 청약철회권 행사 기간을 어떤 법률로 적용해야 할 것인가 하는 문제가 발생하는데, 현행 「방문판매등에 관한 법률」(이하, ‘방문판매법’)과 「할부거래에 관한 법률」에 따르면 소비자보호와 관련하여 해당 법과 다른 법률이 경합하는 경우에는 소비자에게 유리한 법률을 우선 적용한다고 규정하고 있습니다.   따라서, 이 사례에서 ‘방문판매법’을 적용하는 것이 소비자에게 유리하므로 ‘방문판매법’이 적용되고, 철회권 행사 기간은 14일이 됩니다."
1207, 할부거래법, 청약철회_청약 철회 요구한 상품의 회수 지연 시 대응 방안,"신문에서 독학사 교재 광고를 보고 판매처로 방문하여 교재를 지로 할부로 구입했습니다. 그러나 계약의 철회를 원하여 구입한 다음 날 내용증명 우편으로 계약의 철회를 요구하였으나, 판매처에서 거절하여 지연되고 있습니다.   계약금은 지급하지 않았지만 판매처에서 반품받기를 거절하며 대금을 계속 청구하고 있습니다. 벌써 한 달이 경과하였는데 제가 오래 보관하고 있으면 다른 피해가 발생하는 것은 아닌가요?","이 사례에서 소비자가 내용증명 우편으로 행한 계약 철회 의사는 「할부거래에 관한 법률」(이하, ‘할부거래법’) 제8조(청약의 철회)에 따른 청약철회 의사표시로 보입니다. 청약철회 의사표시는 형성권에 해당하여 당해 의사표시만으로 그 효력이 발생하므로, 내용증명 우편에 따라 이 사례의 계약은 철회되었다고 볼 수 있습니다.   따라서, 소비자는 ‘할부거래법’ 제10조(청약의 철회 효과)에 따라 이미 공급받은 교재를 반환하여야 하는데, ‘판매자의 수취 거부’로 인해 반환이 불가하다면 교재를 제공받은 상태 그대로 보관 후 위 수취 거부 사실을 증명할 수 있는 입증자료를 구비하여 향후 발생할 수 있는 분쟁에서 사용하도록 합니다.    한편, 판매자의 계속되는 대금 청구에 대하여는 법원에 ‘채무 부존재 확인의 소’를 제기하여 벗어날 수 있습니다."
1208, 할부거래법, 청약철회_전화로 반품을 요구하다가 철회 기간이 경과,그릇 세트를 6개월 할부로 구입한 후 5일째 되는 날에 할부거래업자에게 전화로 청약철회를 통보하였습니다. 한달쯤 지나서 할부거래업자가 할부금 청구서를 보내와 항의하자 할부거래업자는 철회권 행사를 서면으로 하지 않았기 때문에 청약철회를 인정할 수 없다고 하는데 어떻게 해야 합니까?,"할부거래업자가 청약철회 사실을 인정하지 않고, 소비자가 청약철회 통보에 대한 입증을 할 수 없다면 청약철회 요구가 어렵습니다.   「할부거래에 관한 법률」(이하, ‘할부거래법’) 제8조(청약의 철회) 제3항에서 ‘할부거래법’에 따른 청약철회는 서면으로 하여야 한다고 규정되어 있습니다.   따라서, 이 사례에서 할부거래업자가 청약철회 사실을 인정하지 않고, 소비자가 청약철회 통보에 대한 입증을 할 수 없다면 청약철회는 어려울 수 있다고 판단됩니다.   청약철회의 의사가 표시된 서면을 계약서 교부일 또는 물품인도일로부터 7일 이내에 할부거래업자에게 발송하여야 하며, 서면은 사후 입증이 가능한 내용증명우편 등을 이용하는 것이 필요합니다."
1209, 할부거래법, 청약철회_신용제공자가 있는 경우의 청약철회,"의류매장에서 신사복 1벌을 45만원에 신용카드 3개월 할부로 구입하였습니다. 색상이 마음에 들지 않아 반품을 요구하였더니 신용카드로 결제를 하였기 때문에 반품을 해줄 수 없다고 하는데, 누구에게 청약철회를 통보해야 하나요?","「할부거래에 관한 법률」 제8조(청약의 철회) 및 제9조(간접할부계약에서의 청약의 철회 통보)에 따라 할부거래업자에게 청약철회를 통보하고, 신용제공자에게도 청약철회 사실을 통보하여 할부금 청구의 중지를 요구하여야 합니다.   참고로 할부거래업자(의류매장)란 할부계약에 의한 재화 등의 공급을 업으로 하는 자를 말하며, 신용제공자란 소비자·할부거래업자와의 약정에 따라 재화 등의 대금에 충당하기 위하여 신용을 제공하는 자(신용카드사)를 말합니다."
1210, 할부거래법, 계약해지_할부계약의 해제와 목적물의 반환,골프채 세트를 할부로 구매했는데 지난달에 할부금을 미납하자 사업자가 미납된 할부금을 내지 않으면 즉시 계약을 해제하고 골프채 세트를 가져가겠다고 하는데 어떻게 해야 하나요?,"「할부거래에 관한 법률」(이하, ‘할부거래법’) 제11조(할부거래업자의 할부계약 해제) 제1항 및 제3항에 따르면 사업자가 계약을 해제하려면 해제 전에 14일 이상의 기간을 정해서 소비자에게 서면으로 할부금 지급의 이행을 통보해야 하며, 할부계약이 해제되지 않으면 그 재화의 반환을 청구할 수 없습니다.   또한, ‘할부거래법’ 제11조 제2항에 따르면 ‘할부거래법’ 제11조 제1항에 따라 할부계약이 해제되는 경우 할부거래업자 또는 소비자는 상대방에게 원상회복 의무를 지게 되고 이 경우 상대방이 원상회복할 때까지 자기의 의무이행을 거절할 수 있습니다."
1211, 할부거래법, 계약해지_할부금 납부 연체를 이유로 한 할부계약의 해제,"심야전기보일러를 640만원에 구입하고, 금액은 12개월 할부로 지불하기로 하였습니다. 할부금을 납입하는 도중 사정이 어려워 1개월분을 연체하였는데 할부거래업자가 연체를 이유로 계약해제를 통보해왔습니다. 1회 연체를 이유로 최고절차 없이 해제가 가능한가요?","이 경우 할부거래업자의 계약해제는 효력이 없습니다.   소비자의 할부금 납부 연체를 이유로 할부거래업자가 즉시 계약을 해제한다면 소비자에게 지나치게 가혹하기 때문에 「할부거래에 관한 법률」(이하, ‘할부거래법’) 제11조(할부거래업자의 할부계약 해제)에서 할부거래업 자의 계약해제권 행사를 제한하고 있으며, 소비자의 할부금 지급 지체를 이유로 할부거래업자가 계약을 해제하는 경우 14일 이상의 기간을 정하여 소비자에게 그 이행을 서면으로 최고하도록 하고 있습니다.   따라서, 이 사례에서 할부거래업자의 계약해제는 효력이 없다고 판단됩니다.   참고로, ‘할부거래법’ 제13조(소비자의 기한의 이익 상실) 제1항에 따르면 소비자는 할부금을 다음 지급기일까지 연속하여 2회 이상 지급하지 아니하고 그 지급하지 아니한 금액이 할부 가격의 100분의 10을 초과하는 경우, 국내에서 할부금 채무이행 보증이 어려운 경우로서 생업에 종사하기 위하여 외국에 이주하는 경우나 외국인과의 혼인 및 연고 관계로 인하여 외국에 이주하는 경우에는 할부금의 지급에 대한 기한의 이익을 주장할 수 없습니다."
1212, 할부거래법, 계약해지_할부거래업자가 목적물에 대한 하자담보책임을 이행하지 않는 경우,신용카드를 이용하여 컴퓨터를 12개월 할부로 구입하였으나 사용 1개월 만에 고장이 발생하여 두 번이나 수리를 받았는데도 하자가 재발하고 수리도 제대로 해주지 않고 있습니다. 이런 상황인데도 신용카드사는 할부금을 계속 청구하고 있는데 카드 할부금을 납부해야 하나요?,"할부금의 납부를 거절할 수 있습니다.   항변권은 할부로 물품을 구입한 후에 그 물품에 하자가 발생하여 계속 이용할 수가 없는 경우에 잔여 할부금의 납부를 거절할 권리를 말하는데, 「할부거래에 관한 법률」(이하, ‘할부거래법’) 제16조(소비자의 항변권)에 따르면 일정한 경우 소비자의 할부금 납부 거절권을 규정하고 있습니다.    ‘할부거래법’ 제16조 제2항 및 ‘할부거래법’ 시행령 제11조(할부거래업자의 할부계약 해제)에 따라 항변권 행사와 관련하여 신용제공자가 따로 있는 때에는 할부 가격이 10만원(신용카드는 20만원) 이상인 경우에 한하여 신용제공자에게 할부금 지급을 거절한다는 의사표시를 통지한 후에 잔여 할부금의 납부를 거절할 수 있습니다.   따라서, 이 사례에서 컴퓨터가 수리되어 제대로 사용할 수 있을 때까지 할부금의 납부를 거절할 수 있다고 판단됩니다."
1213, 할부거래법, 계약해지_계속거래 계약에서 사업자가 폐업한 경우,결혼중개업체와 결혼중개서비스 이용계약을 체결한 후 가입비 300만원을 신용카드 12개월 할부로 결제하였습니다. 1회 만남 후 사업자가 폐업하였는데 해결방안이 있나요?,"한국소비자원 ‘소비자불만처리 및 피해구제업무처리규정’에 따르면 피해구제 처리 도중 당사자의 연락 불능 등으로 그 처리가 불가능한 것으로 판명된 경우에는 처리 절차를 종료하도록 규정하고 있습니다. 따라서, 사업자의 부도·폐업 등으로 연락이 불가능하거나 소재 파악이 안 되는 경우 한국소비자원에서 처리가 불가합니다.   다만, 신용카드사에 잔여 할부금이 남아 있는 경우에는 ?할부거래에 관한 법률? 제16조(소비자의 항변권) 제1항에 따라 잔여 할부금 지급 거절 내용증명을 우편으로 신용카드사에 발송하는 등 할부항변권을 행사할 수 있으며, 할부항변권 행사가 불가능한 경우에는 사업자 대표 등을 대상으로 민사소송을 제기하여 구제받을 수 있습니다.   할부항변권은 신용카드 할부(20만원, 3회 이상)로 결제한 경우에 한합니다."
1214, 할부거래법, 계약해지_신용카드 일시불로 결제 후 할부로 전환 시,"가방을 구매하면서 1,200만 원을 일시불 결제한 후 카드사의 할부 전환 서비스를 이용해서 10개월 할부로 전환하였습니다. 이후 가방이 배송되지 않고 판매자와도 연락이 되지 않아 카드사에 할부 항변을 행사하여 잔여 할부금의 청구 중지를 요청하였으나 최초 일시불 결제를 하였기 때문에 할부 항변 대상이 아니라고 합니다. 할부 전환의 경우, 할부 항변이 불가한 것이 맞나요?","할부항변권 행사가 어렵습니다.   물품 구매에 있어 할부 계약은 「할부거래에 관한 법률」 제2조(정의)에 따라 소비자가 사업자나 신용카드사에 구매 대금을 2개월 이상의 기간에 걸쳐 3회 이상 나누어 지급하고, 구매 대금을 완납하기 전에 물품 제공을 받는 계약을 말합니다.   이 사례의 계약은 할부 계약 형태와 유사하지만, 최초 가방 구매 당시에는 신용카드 할부가 아닌 일시불로 결제했기 때문에 할부 계약으로 볼 수 없고, 이를 할부전환서비스를 통해 대금 지급 방식을 변경한 것에 불과하여 할부항변권 행사가 어렵다고 판단됩니다."
1215, 할부거래법, 계약불이행_할부거래업자가 목적물에 대한 하자담보책임을 이행하지 않는 경우,3개월 전 집 근처 대리점에서 에어컨을 구입하고 할부로 결제했는데 찬바람이 나오지 않아 2회 수리를 받았으나 하자가 여전해 여러 차례 수리를 요청했으나 이에 대한 조치가 없어 할부금을 3개월 연체하였습니다. 에어컨은 현재까지 수리가 되지 않은 상태인데 어떻게 해결해야 하나요?,"사업자가 제품에 대한 수리를 완료할 때까지 할부금 납부 거부가 가능합니다.   공정거래위원회가 고시한 공산품 관련 ‘소비자분쟁해결기준’에 따르면 품질보증기간 이내에 정상적인 사용상태에서 발생한 성능 기능상의 하자 발생 시 제조회사나 판매자가 무상으로 수리를 하도록 규정하고 있습니다.   「할부거래에 관한 법률」 제16조(소비자의 항변권)에 따르면 소비자가 정당한 요구를 했는데도 사업자가 정당한 이유없이 수리를 해주지 않을 때에는 신용제공자에게 할부금의 지급 거절 의사를 통지한 후 그 할부금 납부를 거절할 수 있다고 규정하고 있으며, 수리를 받아도 동일 하자가 계속 재발한다면 ‘소비자분쟁해결기준’에 따라 교환 또는 환급을 요구할 수 있습니다.   따라서, 이 사례에서 사업자가 제품에 대한 수리를 완료할 때까지 할부금 납부 거부가 가능하다고 판단됩니다.   다만, 신용제공자에게 할부금의 지급 거절 의사를 통지하기 전 발생한 미납요금에 대한 연체금에 대해서는 항변권이 적용되지 않을 수 있습니다."
1216, 할부거래법, 법.제도_과다한 손해배상 청구 금액의 제한,"스포츠샵에서 100만원 상당의 운동기구를 5개월 할부로 구매했는데, 갑자기 장기 해외출장을 다녀오게 되면서 할부금을 전혀 내지 못했습니다. 사업자에게 밀린 할부금 100만원을 한꺼번에 내겠다고 하니, 사업자가 연체된 할부금 100만원과 그에 대한 이자로 50만원을 내라고 합니다. 이자가 너무 비싼 것 같은데 사업자의 요구가 정당한가요?","계약 당시 소비자가 위 이율에 관해서 미리 정한 약관을 교부받았다면 사업자가 이를 이유로 그 약관을 따라야 한다고 주장할 수 있습니다. 그러나, 이 약관은 「약관의 규제에 관한 법률」(이하, ‘약관규제법’) 제8조(손해배상액의 예정), 제16조(일부 무효의 특칙) 및 제17조(불공정약관조항의 사용금지)에 따라 소비자에 대해 부당하게 과중한 손해배상의무를 부담시키는 내용의 불공정한 약관에 해당되므로 그 부분은 무효가 되어 「할부거래에 관한 법률」을 따르게 됩니다.   따라서, 사업자(할부거래업자)가 연체료를 청구할 경우, 그 손해배상 청구 금액은 “지연할부금×연 25% 한도 내에서 할부거래업자 또는 신용제공자가 소비자와 약정한 이율”을 초과할 수 없습니다."
1217, 할부거래법, 법.제도_소비자의 기한이익상실 및 기한 전 지급,차량 할부금을 불입해 오다가 일시적으로 경제 사정이 어려워져 1회분 할부금을 납입하지 못하고 연체를 하였습니다. 할부금융사에서 차회분 할부금마저도 연체를 하게 되면 나머지 할부금 전체를 일시에 청구하겠다고 하고 있습니다. 2회 연속 계속하여 할부금을 납입하지 못하면 나머지 할부금 전체에 대해 일시에 지급할 것을 청구할 수 있나요?,"소비자가 2회 연속 할부금을 연체하고 그 연체액이 할부 가격의 10분의 1을 초과한다면 기한이익이 상실되어 할부거래업자가 잔여 할부금 전액을 청구할 수 있습니다.   기한의 이익이란 약정한 기한까지 채무의 이행(할부금의 납부)을 유예받는 이익으로써 약정한 기한 내 채무이행의 지체 또는 불이행이 반복되면 채권자는 채무자의 기한이익을 박탈하고 잔여 할부금을 일시에 청구할 수 있습니다.   「할부거래에 관한 법률」(이하, ‘할부거래법’) 제13조(소비자의 기한의 이익 상실) 및 ‘할부거래법’ 시행령 제10조(소비자의 기한의 이익 상실)에 따르면 소비자(채무자)가 할부금을 다음 지급기일까지 연속하여 2회 이상 지급하지 않고 그 연체액이 할부 가격의 10분의 1을 초과하는 경우 또는 국내에서 할부금 채무이행 보증이 어려운 경우로서 생업에 종사하기 위하여 외국에 이주하는 때와 외국인과 결혼 및 연고 관계로 이주하는 경우에 소비자의 기한이익이 상실된다고 규정하고 있습니다.   따라서, 이 사례에서 소비자가 2회 연속 할부금을 연체하고 그 연체액이 할부 가격의 10분의 1을 초과한다면 기한이익이 상실되어 할부거래업자가 잔여할부금 전액을 청구할 수 있다고 판단됩니다."
1218, 할부거래법, 법.제도_기한 전 잔금 납부 가능 여부,냉장고를 6개월 할부로 구입하고 2개월간 할부금을 납부했습니다. 할부수수료도 비싸고 경제 사정도 괜찮아져 나머지 4개월분 할부금 전액을 일시에 납부하려고 하는데 가능한가요? 이때 나머지 4개월분 할부금에 대한 할부수수료를 공제받을 수 있나요?,"나머지 할부금을 한꺼번에 지급할 수 있고, 이때 나머지 기간에 대한 할부수수료를 공제한 금액만 지급하면 됩니다.   「할부거래에 관한 법률」(이하, ‘할부거래법’) 제14조(선불식 할부거래업자의 지위승계의 공고 및 신고) 제1항에 따르면 소비자에게 기한이 도래하기 전이라도 할부금을 일시에 지급할 권리를 인정하고 있으며, ‘할부거래법’ 제13조(회계감사 보고서의 제출 및 공시의 절차와 방법) 제2항에 따라 소비자는 나머지 할부금에서 나머지 기간에 대한 할부수수료를 공제한 금액을 지급하면 됩니다.   따라서, 나머지 할부금을 한꺼번에 지급할 수 있고, 이때 나머지 기간에 대한 할부수수료를 공제한 금액만 지급하면 된다고 판단됩니다."
1219, 할부거래법, 법.제도_3개월 할부 결제 후 선결제 완납 시 ,‘신용카드 3개월 무이자 할부’ 행사가 있어 3개월 무이자로 결제했는데 돈이 생겨서 1개월 만에 선결제를 해서 완납했습니다. 이 경우도 할부거래에 해당되나요?,"할부거래에 해당됩니다.   할부거래인지 아닌지를 판단하려면 계약 체결 당시에 소비자와 사업자가 어떤 방식으로 계약했는지를 살펴보아야 합니다. 애초에 계약을 체결할 때 ‘소비자가 재화 또는 용역에 대한 대가를 2개월 이상의 기간에 걸쳐 3회 이상 분할해서 지급하고, 그 대금을 완납하기 전에 재화 등을 받기로’ 했다면 이는 할부거래라고 할 것이므로 이 경우 「할부거래에 관한 법률」 제2조(정의) 제1호에 따른 할부거래에 해당됩니다."
1220, 할부거래법, 부당행위_계약체결 전 할부거래업자가 할부계약 내용을 표시하지 않은 경우,휴대전화를 공짜로 바꿔주겠다는 할부거래업자가 할부 구입계약을 체결하도록 유인하면서 할부계약의 내용에 대해 제대로 표시하지 않거나 허위로 표시한 경우 소비자는 어떤 조치를 취할 수 있나요?,"관할 시·군·구청에 위법 사실의 검토를 요구할 수 있습니다.   할부 구매 시 소비자가 쉽게 충동구매를 할 수 있는데 이러한 충동구매를 막기 위해 「할부거래에 관한 법률」(이하, ‘할부거래법’) 제5조(계약체결 전의 정보제공)에 따라 할부계약 권유 시에 할부거래업자에게 할부계약 내용을 표시하도록 하고 있으며, 미표시·부실표시·허위표시를 하게 되면 ‘할부거래법’ 제53조(과태료) 제4항 제1호에 따라 사업자에게 500만원 이하의 과태료를 부과할 수 있습니다.   ※ 과태료는 시장·군수·구청장이 부과·징수   따라서, 관할 시·군·구청에 위법사실의 검토를 요구할 수 있다고 판단됩니다."
1221, 할부거래법, 부당행위_할부거래업자가 할부계약서를 교부하지 않은 경우,"어머니가 보일러를 3,990,000원에 할부로 계약하였으나 계약서 등 일체의 서류를 교부받은 사실이 없다고 하는데 할부거래업자에 대해서 어떤 조치를 취할 수 있나요?","관할 시·군·구청에 위법 사실의 검토를 요구할 수 있습니다.   할부 계약은 대부분 기간이 장기이고 내용이 복잡하기 때문에 계약의 내용을 소비자에게 주지시켜 분쟁을 방지하고 또 계약의 공정화를 기하고자 「할부거래에 관한 법률」(이하, ‘할부거래법’) 제6조(할부계약의 서면주의)에서 계약방식의 자유에 대하여 제한을 가하여 서면으로 계약을 체결하도록 하고 있습니다.   할부거래업자가 법정 기재사항을 모두 기재하지 않은 계약서 또는 허위사실을 기재한 계약서를 교부하거나 계약서를 교부하지 않은 경우에는 ‘할부거래법’ 제53조(과태료) 제4항 제2호에 따라 할부거래업자에게 500만원의 과태료를 부과할 수 있습니다.   ※ 과태료는 시장·군수·구청장이 부과·징수   따라서 관할 시·군·구청에 위법 사실의 검토를 요구할 수 있다고 판단됩니다."
1222, 항공여객운송서비스, 계약해제·해지_과도한 위약금 부과,"밴쿠버행 왕복 항공권을 구매한 후 개인 사정이 생겨 여행 일정이 10개월 남은 상황에서 취소하려고 하자 전체 금액의 80%를 위약금으로 공제한 후 환급이 가능하다고 안내받았습니다. 아직 여행 일정까지 많이 남았는데, 위약금 공제 행위가 타당한가요?","사업자가 항공권 재판매가 가능하고, 계약 취소로 상당한 손해가 발생하였다고 볼만한 사유가 없는 한 과도하게 위약금을 부과하는 약관은 「약관의 규제에 관한 법률」 상 위반이므로 위약금 조정을 요구할 수 있습니다.    2016.9. 공정거래위원회는 취소일로부터 출발일까지의 기간에 상관없이 일률적인 취소 수수료를 부과하던 국내 항공사의 국제선 항공권(일반운임 및 할인운임) 취소 위약금 관련 약관 조항을 출발일로부터 91일 이상 남은 경우 위약금을 면제하고, 이후 출발일에 가까워질수록 위약금을 차등화하는 내용으로 시정하도록 권고한 바 있습니다.   신청인이 항공기 출발 약 10개월 전에 계약해제를 통지하여 피신청인이 항공권을 재판매할 수 있는 충분한 시간이 있었고, 특별히 계약해제로 전체 금액의 80%에 상당하는 손해가 발생하였다고 볼만한 사유도 찾아볼 수 없는 이상 항공사의 과다한 위약금 부과 약관은 고객에게 부당하게 과중한 손해배상의무를 부담시키는 약관으로서 「약관의 규제에 관한 법률」 제8조(손해배상액의 예정)에 따라 무효로 볼 여지가 있습니다.   따라서 항공사에 위약금 조정을 요구할 수 있다고 판단됩니다.   다만, 특가운임(취소 불가를 조건으로 일반운임의 70% 이상 할인 판매 등)의 항공권을 구매한 경우에는 구매 당시 고지된 환급 규정이 적용되어 과도한 위약금이 부과되거나 환급이 불가할 수 있습니다."
1223, 항공여객운송서비스, 계약해제·해지_국제항공권 분실,파리행 왕복 항공권을 공항에서 분실하였습니다. 구제 방법이 있나요?,"공정거래위원회가 고시한 항공 관련 ‘소비자분쟁해결기준’에 따르면 국제항공권을 분실한 경우 대체항공권 구입 여부에 따라 환급 기준이 다릅니다. 단, 분실항공권 환급은 항공운임 약관에서 정한 기간 이내에 분실신고 및 본인 또는 타인에 의해 미사용 또는 미환급 확인 및 추후 이중 사용 발생 시 배상 동의 후 환급 가능합니다.   사업자에게 환급을 요구할 수 있는 범위는 아래와 같습니다.    - 대체항공권을 구입하지 않은 경우     · 전부 미사용 분실항공권: 지급운임 전액 환급     · 일부 사용 분실항공권: 탑승 구간 적용운임 공제 후 환급     - 대체항공권(동일 구간)을 구입한 경우: 대체항공권 구입 금액 환급(분실항공권과 동일한 항공사, 구간 및 등급 이용조건)    - 분실항공권 재발행: 탑승 구간을 제외한 미사용 구간 항공권(본인 또는 타인에 의해 이중 사용 발생 시 배상 동의 및 적용서비스요금(재발생수수료) 여객 부담조건)   다만, 이 경우 적용운임은 항공권 예약 시 고지된 환급 규정에 따라 실제로 지불한 금액이 아닌 정상 운임을 기준으로 산정될 수 있으므로 경우에 따라 환급 가능한 금액이 없을 수도 있습니다."
1224, 항공여객운송서비스, 계약해제·해지_국내항공권 분실,제주행 왕복 항공권을 공항에서 분실하였습니다. 구제 방법이 있나요?,"공정거래위원회가 고시한 항공 관련 ‘소비자분쟁해결기준’에 따르면 국내항공권을 분실한 경우 대체항공권 구입 여부에 따라 환급 기준이 다릅니다. 단, 분실항공권 환급은 항공운임 약관에서 정한 기간 이내에 분실신고 및 본인 또는 타인에 의해 미사용 또는 미환급 확인 및 추후 이중 사용 발생 시 배상 동의 후 환급 가능합니다.   사업자에게 환급을 요구할 수 있는 범위는 아래와 같습니다.    - 대체항공권을 구입하지 않은 경우     · 전부 미사용 분실항공권: 지급운임 전액 환급     · 일부 사용 분실항공권: 탑승 구간 적용운임 공제 후 환급     - 대체항공권을 구입한 경우: 대체항공권 구입 금액 환급(분실항공권과 동일한 항공사, 구간 및 등급 이용조건)   다만, 이 경우 적용운임은 항공권 예약 시 고지된 환급 규정에 따라 실제로 지불한 금액이 아닌 정상 운임을 기준으로 산정될 수 있으므로 경우에 따라 환급 가능한 금액이 없을 수도 있습니다."
1225, 항공여객운송서비스, 계약해제·해지_국제항공 일부 미이용 구간 환급,인천-런던 왕복 항공권을 특가로 구매 후 인천→런던 편도 구간만 이용하고 개인 사정으로 나머지 구간은 이용하지 못하여 일부 미이용 구간에 대한 환급을 요구하였으나 사업자가 거부합니다. 구제 방법이 있나요?,"소비자는 항공권 구입금액에서 사용 구간 전용운임 및 취소 수수료를 공제한 차액 환급을 요구할 수 있습니다.   공정거래위원회가 고시한 항공 관련 ‘소비자분쟁해결기준’에 따르면 소비자가 개인 사정으로 인해 국제항공권 유효기간 만료 전(또는 약관에서 별도로 정한 기간 이내)에 미사용 시 항공권 전부/일부 미사용 여부에 따라 환급 기준이 다르며, 환급 범위는 아래와 같습니다.    - 항공권 전부 미사용 시: 항공권 구입 금액에서 취소 수수료를 공제한 차액 환급    - 항공권 일부 사용 시: 항공권 구입 금액에서 사용 구간 적용운임 및 취소 수수료를 공제한 차액 환급   다만, 이 경우 적용운임은 항공권 예약 시 고지된 환급 규정에 따라 실제로 지불한 금액이 아닌 정상 운임을 기준으로 산정될 수 있으므로 경우에 따라 환급 가능한 금액이 없을 수도 있습니다."
1226, 항공여객운송서비스, 계약해제·해지_국내항공 일부 미이용 구간 환급,김포-제주 왕복 항공권을 특가로 구매 후 김포→제주 편도 구간만 이용하고 개인 사정으로 나머지 구간은 이용하지 못하여 일부 미이용 구간에 대한 환급을 요구하였으나 사업자가 거부합니다. 구제 방법이 있나요?,"소비자는 항공권 구입금액에서 사용 구간 적용운임 및 취소 수수료를 공제한 차액 환급을 요구할 수 있습니다.   공정거래위원회가 고시한 항공 관련 ‘소비자분쟁해결기준’에 따르면 소비자가 개인 사정으로 인해 국내항공권 유효기간 만료 전(또는 약관에서 별도로 정한 기간 이내)에 미사용 시 항공권 전부/일부 미사용 여부에 따라 환급 기준이 다르며, 환급 범위는 아래와 같습니다.    - 항공권 전부 미사용 시: 항공권 구입금액에서 취소 수수료를 공제한 차액 환급    - 항공권 일부 사용 시: 항공권 구입금액에서 사용 구간 적용운임 및 취소 수수료를 공제한 차액 환급   다만, 이 경우 적용운임은 항공권 예약 시 고지된 환급 규정에 따라 실제로 지불한 금액이 아닌 정상 운임을 기준으로 산정될 수 있으므로 경우에 따라 환급 가능한 금액이 없을 수도 있습니다."
1227, 항공여객운송서비스, 계약해제·해지_체크인 마감,"김포-마닐라 왕복항공권을 구입하고 여행 당일 출발 40분 전 체크인을 요청하였으나 사업자는 ‘출발 45분 전 체크인 카운터 마감’ 기준을 엄격히 준수하면서 체크인을 거부하였습니다. 다음 날 다른 항공편을 이용해 마닐라에 도착했는데, 이에 대한 손해배상을 요구하고 싶습니다. 구제 방법이 있나요?","손해배상은 어려우나 미사용한 항공권 구입금액에서 사용 구간 적용운임 및 취소 수수료를 공제한 차액 환급을 요구할 수 있습니다.   탑승 수속 마감 시간은 항공사와 출국 장소에 따라 달라질 수 있어 항공편을 이용하는 탑승객은 항공사가 안내하는 마감 시간을 확인하고 이를 준수하도록 노력할 필요가 있습니다. 따라서 사업자가 전자항공권, 홈페이지 등 다양한 방법으로 탑승 수속 마감 시각 또는 공항 도착 시각을 안내했다면, 사업자에게 배상을 요구하기에는 어렵다고 판단됩니다.   하지만, 항공권의 일부를 미사용한 사실(김포→마닐라 편도 항공권)은 소비자와 사업자 사이에 다툼이 없으므로 공정거래위원회가 고시한 항공 관련 ‘소비자분쟁해결기준’에 따라 항공권 구입 금액에서 사용 구간 적용운임 및 취소 수수료를 공제한 차액 환급을 요구할 수 있다고 판단됩니다.   다만, 이 경우 적용운임은 항공권 예약 시 고지된 환급 규정에 따라 실제로 지불한 금액이 아닌 정상 운임을 기준으로 산정될 수 있으므로 경우에 따라 환급 가능한 금액이 없을 수도 있습니다."
1228, 항공여객운송서비스, 계약해제·해지_환승시간 부족,북경을 경유하는 인천-이스탄불 왕복 항공권을 구입한 후 귀국 시 경유지인 북경에서 인천행 비행기로 환승하지 못하여 별도의 항공권을 결제하여 귀국하였습니다. 이에 환승 시간이 60분으로 너무 짧게 책정해 타지 못한 점을 근거로 배상을 요구하고 싶습니다. 구제 방법이 있나요?,"사업자가 환승 기간을 짧게 책정한 것에 대해 고의나 과실이 없음을 입증하지 못할 경우 배상을 요구할 수 있습니다.   「민법」 제390조(채무불이행과 손해배상)에 따르면 채무자가 채무의 내용에 좇은 이행을 하지 아니한 때에는 채권자는 손해배상을 청구할 수 있으나, 채무자의 고의나 과실 없이 이행할 수 없게 된 때에는 청구할 수 없도록 규정하고 있습니다.   이 사례에서는 해당 공항에서 환승에 필요한 통상적인 시간을 항공사에서는 얼마로 책정하고 있는지, 출발 시각 15~20분 전에 실제 탑승 수속이 마감되는 상황을 고려했을 때 60분 내외의 환승 시간이 충분한 시간인지 등에 대한 판단이 필요하며, 사업자가 고의나 과실이 없음을 입증하지 못할 경우 배상을 요구할 수 있다고 판단됩니다."
1229, 항공여객운송서비스, 청약철회_7일 이내 청약철회,"여행사 홈페이지에서 대만행 왕복 항공권을 구매한 후 개인 사정으로 여행출발일 50일 이전(구매일로부터 3일 후)에 취소하였으나, 여행사는 항공사의 약관에 따라 과도한 위약금을 부과하였습니다. 구제 방법이 있나요?","계약일로부터 7일 이내, 출발일에 충분한 기간이 남아있는 상황에서 청약을 철회하는 경우, 여행사는 ‘전자상거래법’ 제18조 제2항에 따라 신청인에게 계약대금을 반환하여야 하고, 항공사는 계약의 당사자는 아니지만 대금을 지급받은 자로서 동법 제18조 제11항에 따라 여행사와 연대하여 대금을 환급할 책임이 있습니다.   전자상거래로 항공권을 구매한 경우 「전자상거래 등에서의 소비자보호에 관한 법률(이하 ‘전자상거래법’)」을 적용받습니다. ‘전자상거래법’ 제17조(청약철회등) 제1항 제1호에 따라 통신판매업자와 재화 등의 구매에 관한 계약을 체결한 소비자는 계약 내용에 관한 서면을 받은 날부터 7일 또는 그 서면을 받은 때보다 재화 등의 공급이 늦게 이루어진 경우에는 재화 등을 공급받거나 재화 등의 공급이 시작된 날부터 7일 이내에 해당 계약에 관한 청약철회 등을 할 수 있습니다.   반면, 여행사 및 항공사의 수수료 규정과 관련하여 ‘전자상거래법’ 제18조(청약철회등의 효과) 제9항은 ‘청약철회 등을 이유로 위약금이나 손해배상을 청구할 수 없다’고 규정하고 있고, 동법 제35조(소비자에게 불리한 계약의 금지)에서 ‘제17조부터 제19조까지의 규정을 위반한 약정으로써 소비자에게 불리한 것은 효력이 없다’고 규정하고 있는바, 해당 규정은 소비자에게 불리한 것으로서 그 효력이 없다고 주장할 수 있습니다."
1230, 항공여객운송서비스, 청약철회_미성년자 계약,미성년자인 자녀가 부모의 동의 없이 신용카드로 국제선 항공권을 구매한 사실을 알게 되어 환급을 요구하였으나 사업자가 취소 위약금을 부과하였습니다. 구제 방법이 있나요?,"항공권 구매계약의 당사자는 부모와 사업자여서 미성년자인 자녀가 행한 법률행위로 볼 수 없으므로 자녀의 행위무능력을 이유로 항공권 구매계약을 취소하기 어렵습니다.   대법원 판례에 따르면 “계약을 체결하는 행위자가 타인의 이름으로 법률행위를 한 경우에 행위자 또는 명의인 가운데 누구를 계약의 당사자로 볼 것인가에 관하여는, 우선 행위자와 상대방의 의사가 일치한 경우에는 그 일치한 의사대로 행위자 또는 명의인을 계약의 당사자로 확정해야 하고, 행위자와 상대방의 의사가 일치하지 않는 경우에는 그 계약의 성질·내용·목적·체결 경위 등 그 계약 체결 전후의 구체적인 제반 사정을 토대로 상대방이 합리적인 사람이라면 행위자와 명의자 중 누구를 계약 당사자로 이해할 것인가에 의하여 당사자를 결정하여야 합니다(대법원 2010다83119 판결).   항공권을 구매한 사람은 자녀이지만 그 명의자는 부모이므로 누구를 계약 당사자로 볼 것인지가 쟁점인데, 비대면 거래 방식인 전자상거래에서 사업자는 실제로 구매 행위를 한 자가 미성년자인지 여부를 확인할 수 없으므로 특별한 사정이 없는 한 신용카드의 명의자인 부모와 사업자를 항공권 구매계약의 당사자로 보는 것이 거래 관행에 부합한다고 볼 수 있습니다.   만약, 자녀를 항공권 구매계약의 당사자로 보더라도 부모의 묵시적 동의 또는 처분 허락이 있었다면 행위무능력을 이유로 취소할 수 없고, 이에 해당하는지 여부는 미성년자의 연령 외에 지능·직업·경력, 부모와의 동거 여부, 독자적인 소득 유무와 그 금액, 경제활동의 여부, 계약의 성질·체결 경위·내용 등을 종합적으로 고려해야 합니다. "
1231, 항공여객운송서비스, 계약불이행_국제선 출발 지연,"인천발 뉴욕행 항공기가 출발이 지연되어 뉴욕에 예정시간보다 8시간 지연 도착하였고, 이로 인해 미리 예약한 숙소와 교통편을 이용하지 못하는 손해가 발생하였습니다. 구제 방법이 있나요?","사업자에게 손해배상을 요구할 수 있습니다.   공정거래위원회가 고시한 항공 관련 ‘소비자분쟁해결기준’에 따르면 국제여객 운송 지연의 경우 지연된 시간에 따라 여행자가 요구할 수 있는 배상액에 차이가 있으며, 체재 필요 시 적정숙식비 등 경비부담까지도 요구할 수 있도록 규정하고 있으며, 손해배상 범위는 아래와 같습니다.    - 2시간 이상~4시간 이내 운송 지연: 지연된 해당 구간 운임의 10% 배상    - 4시간 이상~12시간 이내 운송 지연: 지연된 해당 구간 운임의 20% 배상    - 12시간 초과 운송 지연: 지연된 해당 구간 운임의 30% 배상   다만, 항공사가 국토교통부에서 정하고 있는 항공기 점검(국토교통부가 인가한 항공기 정비에 관한 정비기준)을 하였거나 기상 사정, 공항 사정, 항공기 접속 관계, 안전 운항을 위한 예견하지 못한 조치 등을 증명한 경우에는 지연에 따른 배상을 요구하기 어렵습니다."
1232, 항공여객운송서비스, 계약불이행_국내선 출발 지연,김포발 제주행 항공기가 1시간 30분 지연 출발하여 일정에 많은 차질을 빚는 등 손해를 입었습니다. 구제 방법이 있나요?,"사업자에게 손해배상을 요구할 수 있습니다.   공정거래위원회가 고시한 항공 관련 ‘소비자분쟁해결기준’에 따르면 국내 여객 운송 지연의 경우 지연된 시간에 따라 여행자가 요구할 수 있는 배상액에 차이가 있으며, 체재필요 시 적정숙식비 등 경비부담까지도 요구할 수 있도록 규정하고 있으며, 손해배상 범위는 아래와 같습니다.    - 1시간 이상~2시간 이내 운송 지연: 지연된 해당 구간 운임의 10% 배상    - 2시간 이상~3시간 이내 운송 지연: 지연된 해당 구간 운임의 20% 배상    - 3시간 초과 운송 지연: 지연된 해당 구간 운임의 30% 배상   다만, 항공사가 국토교통부에서 정하고 있는 항공기 점검(국토교통부가 인가한 항공기 정비에 관한 정비기준)을 하였거나 기상 사정, 공항 사정, 항공기 접속 관계, 안전 운항을 위한 예견하지 못한 조치 등을 증명한 경우에는 지연에 따른 배상을 요구하기 어렵습니다."
1233, 항공여객운송서비스, 계약불이행_일정 변경,"로마행 왕복 항공권을 구매한 후 여행 당일 날 출발 시간에 맞춰 도착하였으나 체크인하는 과정에서 예약한 항공편이 3시간 전에 이미 떠났으며, 확인 결과 2개월 전에 항공사 사정에 의해 항공 스케줄이 변경된 사실을 알게 되었습니다. 항공사는 스케줄 변경 사실을 여행사에 통보하였고, 여행사는 스케줄 변경 사실을 홈페이지에 고지하였음을 근거로 아무런 조치를 취하지 않고 있습니다. 구제 방법이 있나요?","사업자가 스케줄 변경 사실을 문자 전송, 전화 등 다양한 방법을 통해 안내할 수 있음에도 불구하고 홈페이지에만 고지하는 것은 부당하다고 볼 수 있으므로, 손해배상을 요구할 수 있습니다.   ‘항공교통이용자 보호기준’ 제8조(항공권 판매 후 변경 시 조치) 제1항 및 제2항에 따르면 항공운송사업자, 여행업자 등은 항공권을 판매한 이후 사업계획 변경 등으로 인하여 항공권 판매 당시 예정된 운항계획대로 운항하지 못할 경우 휴대전화에 의한 문자 전송, 전자메일, 전화, 우편 또는 이에 상당하는 방법으로 항공교통이용자에게 변경내용을 안내할 것을 규정하고 있으며, 이를 이행하지 않을 경우 항공사 및 항공권 판매업자는 공정거래위원회가 고시한 항공 관련 ‘소비자분쟁해결기준’ 상 운송불이행에 따른 배상 책임을 요구할 수 있습니다.   ※ ‘소비자분쟁해결기준’ 운수업 ‘운송 불이행’(단, 기상 상태, 공항 사정, 항공기 접속 관계, 안전 운항을 위한 예견하지 못한 정비 등 불가항력적인 사유로 인한 경우는 제외, 체재필요 시 적정숙식비 등 경비부담)    ① 대체편이 제공된 경우       - 운항 시간 4시간 이내        · 2시간 ~ 4시간 이내 대체편 제공 시: USD 200 배상        · 4시간 초과 대체편 제공 시: USD 400 배상       - 운항 시간 4시간 초과        · 2시간 ~ 4시간 이내 대체편 제공 시 : USD 300 배상        · 4시간 초과 대체편 제공 시: USD 600 배상     ② 대체편을 제공하지 못한 경우 : 불이행된 해당 구간 운임환급 및 USD 600 배상     ③ 대체편 제공을 여객이 거부한 경우 : 불이행된 해당 구간 운임 환급 및 ①의 규정에 준하여 최초 대체편 제공가능시기를 산정하여 배상"
1234, 항공여객운송서비스, 계약불이행_일방적인 항공편 취소,인천-비엔나 왕복 항공권을 구입한 후 귀국 시 비엔나→인천 편도 항공편이 취소되었습니다. 구제 방법이 있나요?,"사업자가 국토교통부에서 정하고 있는 항공기 점검, 기상 사정, 공항 사정, 항공기 접속 관계 등 불가피하게 항공 운행을 하지 못한 사실을 증명하지 못할 경우에는 손해배상을 요구할 수 있습니다.   공정거래위원회가 고시한 항공 관련 ‘소비자분쟁해결기준’에 따르면 항공사의 고의, 과실로 인한 운송의 불이행(확약된 항공편의 취소, 확약된 예약의 취소, 오버부킹, No-Record) 시에는 대체편 제공 유무에 따라 요구할 수 있는 배상액이 다르며,. 이 경우에 체재필요 시 적정숙식비 등 경비부담까지도 요구할 수 있도록 규정하고 있습니다. 단, 국토교통부에서 정하고 있는 항공기 점검을 하였거나 기상 사정, 공항 사정, 항공기 접속 관계, 안전 운항을 위한 예견하지 못한 조치 등을 사업자가 증명한 경우에는 배상을 요구할 수 없습니다.    ① 대체편이 제공된 경우       - 운항시간 4시간 이내        · 2시간 ~ 4시간 이내 대체편 제공 시: USD 200 배상        · 4시간 초과 대체편 제공 시: USD 400 배상       - 운항시간 4시간 초과        · 2시간 ~ 4시간 이내 대체편 제공 시 : USD 300 배상        · 4시간 초과 대체편 제공 시: USD 600 배상     ② 대체편을 제공하지 못한 경우 : 불이행된 해당 구간 운임환급 및 USD 600 배상     ③ 대체편 제공을 여객이 거부한 경우 : 불이행된 해당 구간 운임 환급 및 ①의 규정에 준하여 최초 대체편 제공가능시기를 산정하여 배상"
1235, 항공여객운송서비스, 계약불이행_기상악화,로마행 왕복 항공권을 구매한 후 여행 당일 기상악화(안개)로 8시간 지연 출발하였습니다. 구제 방법이 있나요?,"기상악화(안개)로 인해 항공 지연이 발생한 사실을 항공사에서 증명하고 손해 방지를 위해 노력하였다면 손해배상을 요구할 수 없습니다.   공정거래위원회가 고시한 항공 관련 ‘소비자분쟁해결기준’에 따르면 항공사의 고의, 과실로 인한 운송의 불이행(확약된 항공편의 취소, 확약된 예약의 취소, 오버부킹, No-Record) 시에는 체제 필요시 적정숙식비 등 경비부담과 함께 배상을 하는 것을 원칙으로 규정하고 있습니다. 단, 국토교통부에서 정하고 있는 항공기 점검을 하였거나 기상 사정, 공항 사정, 항공기 접속 관계, 안전운항을 위한 예견하지 못한 조치 등을 사업자가 증명한 경우에는 배상을 요구할 수 없습니다.   또한, 「국제항공운송에 있어서의 일부 규칙 통일에 관한 협약(몬트리올협약)」과 「상법」 제907조(연착에 대한 책임)에 따르면 운송인은 여객의 연착으로 인한 손해에 대해 책임을 집니다. 다만, 운송인이 자신과 그 사용인 및 대리인이 운송 지연으로 인한 여객의 손해를 방지하기 위하여 합리적으로 요구되는 모든 조치를 하였거나 그 조치를 하는 것이 불가능하였던 경우에는 운송 지연으로 인한 책임을 면하도록 규정하고 있습니다."
1236, 항공여객운송서비스, 안전_위탁수화물 파손,인천에서 삿포로에 도착했으나 위탁 의뢰했던 캐리어 외관 일부가 파손된 것을 확인했습니다. 구제 방법이 있나요?,"일반적으로 위탁수하물 분실·파손·훼손이 발생했을 경우, 수하물 수령일 또는 공항 도착일 기준으로 7일 내에 항공사에 신고해야 하며, 항공운송 약관에 따라 배상 또는 국제항공운송에 있어서의 일부 규칙 통일에 관한 협약 및 「상법」에 따라 손해배상을 요구할 수 있습니다.   다만, 항공사별로 위탁수하물 분실·파손·훼손에 대한 세부 배상 규정 및 약관은 상이할 수 있으며, 대부분은 파손일 경우 수리 비용을 배상하거나 수리가 불가할 경우 대체 캐리어를 제공하며, 또는 감가하여 잔존가치에 대해 배상하고 있습니다."
1237, 핸드백, 계약해제·해지_일반매장 구입,보세 매장에서 핸드백을 구입하고 당일 환급을 요구하였으나 사업자는 교환만 가능하고 환급은 안된다고 주장합니다. 환급을 받을 수 있나요?,"사업자가 환급 불가라는 자사 방침을 충분히 설명하였고, 이에 소비자가 동의하였을 경우에는 환급을 요구하는 것이 어렵습니다.   공정거래위원회가 고시한 의복류 관련 ‘소비자분쟁해결기준’에 따르면, 치수(사이즈)가 맞지 않거나 디자인·색상에 불만이 발생했을 때 제품 구입 후 7일 이내로서 제품에 손상이 없는 경우에 한하여 교환 또는 환급을 요구할 수 있습니다. 다만, 구매 당시 교환 및 환급 불가 사실을 판매자가 명시적으로 표기 또는 고지를 하였다면 당사자 간에 이러한 내용의 계약을 체결한 것으로 보아 교환 및 환급을 요구하기 어렵다고 판단됩니다.   일반매장에서 상품 구입 후 교환 및 반품과 관련된 분쟁이 자주 발생하는데, 매장의 환급 규정, 교환 가능 유무 등을 꼼꼼히 확인 후 상품을 구입할 필요가 있습니다."
1238, 핸드백, 계약해제·해지_가격기재 오류,"전자상거래로 5,000원 특가 핸드백을 주문하였으나 이틀 후 사업자가 50,000원 핸드백을 5,000원으로 잘못 기재하였음을 주장하면서 일방적으로 주문 취소를 해버렸습니다. 계약이행을 주장할 수 있나요?","계약이행을 주장하기 어렵습니다.   「민법」 제109조(착오로 인한 의사표시)에 따르면 계약은 신의성실의 원칙에 따라 이행되어야 하나, 의사표시 당사자가 중요 부분에 착오가 있었다면 취소할 수 있습니다. 또한, 「전자상거래 등에서의 소비자보호에 관한 법률」 제15조(재화등의 공급 등)에 따르면 사업자가 청약을 받은 재화를 공급하기 곤란하다는 것을 알았을 때 그 사유를 소비자에게 알리고 대금을 3영업일 이내에 환급하거나 해당 조치를 하도록 규정하고 있습니다.   따라서, 제품 가격 5,000원이 통상가격의 10% 이하 가격인 점을 감안하면 사업자의 착오 주장은 인정될 수 있으며, 사업자는 계약체결 및 결제 이틀 이내 소비자에게 ’고지 및 환급‘ 조치를 완료했으므로 사업자의 계약취소 요구에 대해 소비자가 계약이행을 주장하기는 어렵다고 판단됩니다."
1239, 핸드백, 계약해제·해지_정품 의심,"전자상거래로 명품 핸드백을 구입한 후 정품이 아닌 것 같은 느낌이 들어 환급을 요구하였으나, 사업자는 가품이라는 말에 화를 내며 환급을 거부합니다. 환급을 받을 수 있나요?","청약철회 기간이 경과한 후에는 가품이 의심되는 주관적인 추측, 정황만으로는 환급을 요구하기 어렵습니다.   「전자상거래 등에서의 소비자보호에 관한 법률」 제17조(청약철회등)에 따르면 소비자는 전자상거래로 구입한 제품에 대하여 공급받은 날로부터 7일 이내(표시·광고의 내용과 다르거나 계약 내용과 다르게 이행된 경우에는 공급받은 날부터 3개월, 사실을 안 날 또는 알 수 있었던 날부터 30일 이내)에 청약철회를 요청할 수 있으나, 해당 제품이 재판매가 불가할 정도로 훼손된 경우에는 청약철회를 제한하도록 규정하고 있습니다.   이 사안에서 청약철회 기간 내에 환급을 요구할 경우에는 단순 변심에 따른 청약철회가 가능하며, 청약철회 기간이 경과한 후 환급을 요구할 경우에는 가품이 의심되는 주관적인 추측만으로는 청약철회를 요구하기 어렵다고 판단됩니다.   다만, 육안상 가품으로 의심되는 경우에는 해당 브랜드 업체, 감정기관, 상표권자 등에 요청하여 가품 입증자료를 확보하면 피해구제 신청이 가능합니다."
1240, 핸드백, 청약철회_배송 지연,전자상거래로 핸드백을 구입한 후 몇 주가 지나도 배송이 되지 않아 환급을 요구하였으나 사업자는 현재 배송중이라며 이를 거부합니다. 송장번호도 확인이 안되는데 환급을 받을 수 있나요?,"사업자에게 환급을 요구할 수 있습니다.   「전자상거래 등에서의 소비자보호에 관한 법률」 제15조(재화등의 공급 등)에 따르면 사업자는 소비자가 청약을 한 날부터 7일 이내에 재화 등의 공급에 필요한 조치를 하여야 하고, 소비자가 재화 등의 대금을 전부 또는 일부를 지급한 날부터 3영업일 이내에 재화 등의 공급에 필요한 조치를 하여야 한다고 규정하고 있습니다. 또한, 청약을 받은 재화 등을 공급하기 곤란하다는 것을 알았을 때에는 지체 없이 그 사유를 소비자에게 알려야 하고, 소비자가 그 대금의 전부 또는 일부를 지급한 날부터 3 영업일 이내에 환급하거나 환급에 필요한 조치를 하도록 규정하고 있습니다.   따라서, 사업자가 물품의 배송이 힘들 것으로 판단되었을 때 그에 따른 안내를 소비자에게 하여야 할 의무가 있음에도 불구하고 이를 고지하지 않고 배송 중이라는 사유로 청약철회를 거부하고 있으며, 청약철회의 효과와 동일하게 대금의 환급이 이루어져야 함에도 불구하고 이를 이행하고 있지 않은 것으로 판단됩니다. 따라서, 소비자는 사업자에게 환급을 요구할 수 있다고 판단됩니다.   통신판매업자에 대한 청약철회 의사표시 방법은 법률상 특별한 제한이 없으므로 전화, 서면, 전자문서 모두 가능합니다. 다만, 전화로 의사표시를 한 경우 간혹 판매자가 청약철회 요구를 받은 사실이 없다고 주장하는 경우가 있으므로, 쇼핑몰 게시판에 청약철회 의사를 표시하고 그 화면을 캡처하여 보관하거나 서면으로 발송하는 것이 좋습니다. 서면으로 발송한 경우에는 발송한 날에 그 효력이 발생합니다. 또한, 사업자에게 청약철회를 요청하였는데도 특별한 사유없이 이를 거부할 경우, 「전자상거래 등에서의 소비자보호에 관한 법률」 제18조(청약철회등의 효과)에 따라 신용카드로 대금을 결제하였다면 신용카드사에 처리를 요구할 수 있습니다."
1241, 핸드백," 청약철회_제품 훼손, 오염, 냄새","청약철회 의사를 밝히고 수령한 핸드백을 그대로 반송하였으나, 사업자가 반송된 제품의 훼손, 오염, 냄새 등으로 인해 거부하고 있습니다. 청약철회가 가능한가요? ","사업자가 제품의 훼손에 대해 소비자의 책임이 있다는 걸 입증하지 못할시, 청약철회를 요구할 수 있습니다.   「전자상거래 등에서의 소비자보호에 관한 법률」 제17조 제2항에 따르면 소비자의 책임 있는 사유로 재화 등이 멸실되거나 훼손된 경우, 소비자의 사용 또는 일부 소비로 재화 등의 가치가 현저히 감소한 경우와 같이 예외적인 경우 청약철회를 할 수 없다고 규정하고 있습니다.   재화 등의 훼손에 대하여 소비자의 책임이 있는지 여부에 관하여 다툼이 있는 경우에는 사업자가 이를 입증해야 하므로, 소비자는 사업자가 발송한 제품에 하자가 존재하지 않는다는 점에 대한 입증을 요구하고 이를 입증하지 못하는 한 청약철회를 요구할 수 있습니다.   통신판매업자에 대한 청약철회 의사표시 방법은 법률상 특별한 제한이 없으므로 전화, 서면, 전자문서 모두 가능합니다. 다만, 전화로 의사표시를 한 경우 간혹 판매자가 청약철회 요구를 받은 사실이 없다고 주장하는 경우가 있으므로, 쇼핑몰 게시판에 청약철회 의사를 표시하고 그 화면을 캡처하여 보관하거나 서면으로 발송하는 것이 좋습니다. 서면으로 발송한 경우에는 발송한 날에 그 효력이 발생합니다. 또한, 사업자에게 청약철회를 요청하였는데도 특별한 사유없이 이를 거부할 경우, 신용카드로 대금을 결제하였다면 신용카드사에 처리를 요구할 수 있으니 참고하시기 바랍니다."
1242, 핸드백, 청약철회_주문제작,전자상거래로 핸드백을 구입하고 단순 변심으로 청약철회를 요구하였으나 사업자는 주문 즉시 제작하는 ‘Order Made’ 상품임을 주장하면서 거절하고 있습니다. 청약철회가 가능한가요?,"사업자가 주문제작으로 청약철회가 어렵다는 사실을 고지하고 이에 소비자가 동의하였으며, 청약철회 시 중대한 피해가 예상된다는 것을 증명한 경우에는 청약철회를 요구하기 어렵습니다.   「전자상거래 등에서의 소비자보호에 관한 법률」 제17조(청약철회등)에 따르면 소비자의 청약철회 권리를 보호하고 있으나, ‘소비자의 사용 또는 책임 있는 사유로 재화가 훼손되거나 가치가 감소한 경우, 시간의 경과로 재판매가 곤란할 정도로 가치가 하락된 경우, 복제 가능한 재화 등의 포장을 훼손한 경우’에는 그 권리를 제한하고 있으며, 동법 시행령 제21조(청약철회등의 제한)에 따르면 소비자의 주문에 의하여 개별적으로 생산되는 재화‘의 청약철회를 인정하는 경우, 통신판매업자에게 회복할 수 없는 중대한 피해가 예상되는 경우로서 사전에 당해 거래에 대하여 별도로 그 사실을 고지하고 소비자의 서면(전자문서를 포함한다)에 의한 동의를 얻은 경우에는 청약철회 요청을 거부할 수 있다고 규정하고 있습니다.   따라서, 사업자가 청약철회 시 재판매 등이 어렵다는 사실을 사전에 고지하면서 소비자의 서면(전자문서를 포함한다)에 의한 동의를 얻었고, 특정 개인의 요구사항에 맞게 그 구성이 개별적으로 달리하게 된 제품이면서 청약철회 시 재판매 등이 어려워 중대한 피해가 예상된다는 것을 증명할 경우에는 청약철회가 어렵다고 판단됩니다.   다만, 소비자가 해당 제품이 이미 사이즈의 종류가 정해져 있는 상황에서 단순히 선택만 하였거나 청약철회 시 주문제작 착수 전일 경우에는 청약철회를 요구할 수 있습니다."
1243, 핸드백, 청약철회_SNS 판매,SNS에서 핸드백을 구입하고 단순변심으로 반품을 요청하였으나 이를 거부하며 SNS를 차단한 후 연락이 되지 않습니다. 청약철회가 가능한가요?,"SNS 운영자가 통신판매업자로 등록하지 않은 개인이거나 사업자정보가 확인하기 어려운 경우에는 청약철회를 요구하기 어렵습니다.   「전자상거래 등에서의 소비자보호에 관한 법률」 제9조의2(전자게시판서비스 제공자의 책임)에 따르면 전자게시판서비스 제공자는 해당 게시판을 이용하여 통신판매 또는 통신판매중개가 이루어지는 경우 이로 인한 소비자피해가 발생하지 아니하도록 소비자보호조치를 이행하도록 규정하고 있습니다. 또한, 이에 따른 의무를 준수하도록 안내 및 권고를 하고, 소비자의 피해구제신청을 대행하는 장치를 마련하고 운영하며, 기타 소비자피해를 방지하기 위한 사항을 이행함과 동시에 사업자정보 역시 제공할 의무가 있습니다.   따라서, 통신판매업자로 등록한 사업자의 경우에는 해당 지자체(사업자 소재지)를 통해 연락 두절, 폐업, 폐쇄 등의 사실을 확인한 후 청약철회를 요구할 수 있으나, 통신판매업자로 등록하지 않은 개인이거나 또는 사업자정보(상호, 대표자명, 주소, 전화번호, 전자우편주소, 통신판매신고 번호 등) 확인이 불가한 경우에는 청약철회를 요구하기 어렵다고 판단됩니다."
1244, 핸드백, 청약철회_구성품 누락,전자상거래로 고가의 핸드백을 구입하고 사이즈 착오로 반품을 요청하였으나 사업자가 구성품(포장지 비닐) 누락을 이유로 거부합니다. 청약철회가 가능한가요?,"구성품이 일부라도 누락된 상태라면 청약철회를 요구하기 어렵습니다.   「전자상거래 등에서의 소비자보호에 관한 법률」 제17조(청약철회등)에 따르면 소비자에게 책임이 있는 사유로 재화 등이 멸실되거나 훼손된 경우 청약철회를 할 수 없다고 규정하고 있습니다.   고가의 의류나 해외 구매대행 제품 등은 포장지에 제품의 정보를 담고 있는 바코드 스티커와 로고가 각인되어 있는 경우가 많아 개봉 시 주의할 필요가 있으며, 이 경우 사업자가 사전에 “포장 훼손 시 청약철회 불가”를 고지했다면 청약철회가 어렵다고 판단됩니다.   따라서, 제품 확인을 위해 포장을 개봉했다 하더라도 청약철회를 요청하기 위해서는 배송된 상태(제품 및 바코드 스티커 등 구성품 일체) 그대로 보존하여 반품해야 합니다.   ※ 통신판매업자에 대한 청약철회 의사표시 방법은 법률상 특별한 제한이 없으므로 전화, 서면, 전자문서 모두 가능합니다. 다만, 전화로 의사표시를 한 경우 간혹 판매자가 청약철회 요구를 받은 사실이 없다고 주장하는 경우가 있으므로, 쇼핑몰 게시판에 청약철회 의사를 표시하고 그 화면을 캡처하여 보관하거나 서면으로 발송하는 것이 좋습니다. 서면으로 발송한 경우에는 발송한 날에 그 효력이 발생합니다. 또한, 사업자에게 청약철회를 요청하였는데도 특별한 사유없이 이를 거부할 경우, 「전자상거래 등에서의 소비자보호에 관한 법률」 제18조에 따라 신용카드로 대금을 결제하였다면 신용카드사에 처리를 요구할 수 있으니 참고하시기 바랍니다."
1245, 핸드백, 청약철회_7일 이내 반품 미완료,전자상거래로 핸드백을 구입하고 단순 변심으로 반품을 요청하였으나 사업자가 7일 이내 제품이 도착하지 않았다는 이유로 거부합니다. 청약철회가 가능한가요?,"청약철회를 요구할 수 있습니다.   「전자상거래 등에서의 소비자보호에 관한 법률」(이하, ‘전자상거래법’) 제17조(청약철회등)에 따르면 소비자는 단순 변심에 의한 청약철회의 경우 상품 수령일로부터 7일 이내에 청약철회를 할 수 있고, 이를 위반한 약정으로써 소비자에게 불리한 것은 효력이 없는 것으로 규정하고 있습니다.   따라서, 만약 사업자가 “반품은 상품이 7일 이내 쇼핑몰에 도착해야만 환급 가능하다”고 표시하였다고 하더라도 이는 ‘전자상거래법’ 제17조를 위반한 약정으로 소비자에게 불리한 것이므로 효력이 없다고 보며, 소비자가 제품을 수령한 날로부터 7일 이내 청약철회 의사표시를 하고 반품 절차를 진행했다면 설령 반품한 상품이 7일 이내 쇼핑몰에 도착하지 못했다 하더라도 청약철회 권리를 제한할 수는 없다고 판단됩니다.   ※ 통신판매업자에 대한 청약철회 의사표시 방법은 법률상 특별한 제한이 없으므로 전화, 서면, 전자문서 모두 가능합니다. 다만, 전화로 의사표시를 한 경우 간혹 판매자가 청약철회 요구를 받은 사실이 없다고 주장하는 경우가 있으므로, 쇼핑몰 게시판에 청약철회 의사를 표시하고 그 화면을 캡처하여 보관하거나 서면으로 발송하는 것이 좋습니다. 서면으로 발송한 경우에는 발송한 날에 그 효력이 발생합니다. 또한, 사업자에게 청약철회를 요청하였는데도 특별한 사유없이 이를 거부할 경우, 「전자상거래 등에서의 소비자보호에 관한 법률」 제18조에 따라 신용카드로 대금을 결제하였다면 신용카드사에 처리를 요구할 수 있으니 참고하시기 바랍니다."
1246, 핸드백, 청약철회_단순변심,"전자상거래로 핸드백을 구입하고 수령 후 마음에 들지 않아 반품을 요구하였으나, 사업자는 소재 특성상 반품이 불가함을 미리 고지하였다며 거절하고 있습니다. 청약철회가 가능한가요?","재판매가 곤란할 정도의 제품 훼손이 없다면 반품비를 소비자가 부담하고 청약철회를 요구할 수 있습니다.   「전자상거래 등에서의 소비자보호에 관한 법률」 제17조에 따르면 소비자는 계약내용에 관한 서면을 교부받은 날(서면을 교부받은 때보다 재화 등의 공급이 늦게 이루어진 경우에는 재화 등의 공급을 받거나 공급이 개시된 날)부터 7일 이내에 당해 계약에 관한 청약을 철회할 수 있으며, 동법 제18조에는 색상, 디자인 혹은 사이즈 불만 등의 사유로 청약철회를 요청한 경우 반품비(왕복기준)는 소비자가 부담해야 한다고 규정하고 있습니다.   따라서, 홈페이지에 반품, 교환, 환급 등이 불가하다고 쓰여 있거나, 굳이 반품을 원할 경우에는 적립금으로 환급 처리된다고 고지되어 있더라도 청약철회와 관련하여 소비자에게 불리한 약정은 효력이 없기 때문에 재판매가 곤란할 정도의 제품 훼손이 없다면 반품비를 소비자가 부담하고 청약철회를 요구할 수 있습니다.   ※ 통신판매업자에 대한 청약철회 의사표시 방법은 법률상 특별한 제한이 없으므로 전화, 서면, 전자문서 모두 가능합니다. 다만, 전화로 의사표시를 한 경우 간혹 판매자가 청약철회 요구를 받은 사실이 없다고 주장하는 경우가 있으므로, 쇼핑몰 게시판에 청약철회 의사를 표시하고 그 화면을 캡처하여 보관하거나 서면으로 발송하는 것이 좋습니다. 서면으로 발송한 경우에는 발송한 날에 그 효력이 발생합니다. 또한, 사업자에게 청약철회를 요청하였는데도 특별한 사유없이 이를 거부할 경우, 「전자상거래 등에서의 소비자보호에 관한 법률」 제18조에 따라 신용카드로 대금을 결제하였다면 신용카드사에 처리를 요구할 수 있으니 참고하시기 바랍니다."
1247, 핸드백, 청약철회_반품·교환불가 사전 고지,"전자상거래로 핸드백을 구입하고 수령 후 단순 변심으로 반품을 요구하였으나, 사업자는 반품, 교환, 환급이 불가하다는 문구를 쇼핑몰에 고지하였음을 근거로 거절하고 있습니다. 청약철회가 가능한가요?","재판매가 곤란할 정도의 제품 훼손이 없다면 청약철회를 요구할 수 있습니다.      「전자상거래 등에서의 소비자보호에 관한 법률」 제17조(청약철회등)에 따르면 소비자는 계약내용에 관한 서면을 교부받은 날(서면을 교부받은 때보다 재화 등의 공급이 늦게 이루어진 경우에는 재화 등의 공급을 받거나 공급이 개시된 날)부터 7일 이내에 당해 계약에 관한 청약을 철회할 수 있으며, 동법 제18조에는 색상, 디자인 혹은 사이즈 불만 등의 사유로 청약철회를 요청한 경우 반환에 소요되는 비용(반품비)은 소비자가 부담해야 한다고 규정하고 있습니다.   따라서, 홈페이지에 반품, 교환, 환급 등이 불가하다고 쓰여 있거나, 반품을 원할 경우에는 적립금으로 환급 처리된다고 고지되어 있더라도 청약철회와 관련하여 소비자에게 불리한 약정은 효력이 없기 때문에 재판매가 곤란할 정도의 제품 훼손이 없다면 반품비를 소비자가 부담하고 청약철회를 요구할 수 있다고 판단됩니다.   ※ 통신판매업자에 대한 청약철회 의사표시 방법은 법률상 특별한 제한이 없으므로 전화, 서면, 전자문서 모두 가능합니다. 다만, 전화로 의사표시를 한 경우 간혹 판매자가 청약철회 요구를 받은 사실이 없다고 주장하는 경우가 있으므로, 쇼핑몰 게시판에 청약철회 의사를 표시하고 그 화면을 캡처하여 보관하거나 서면으로 발송하는 것이 좋습니다. 서면으로 발송한 경우에는 발송한 날에 그 효력이 발생합니다. 또한, 사업자에게 청약철회를 요청하였는데도 특별한 사유없이 이를 거부할 경우, 「전자상거래 등에서의 소비자보호에 관한 법률」 제18조에 따라 신용카드로 대금을 결제하였다면 신용카드사에 처리를 요구할 수 있으니 참고하시기 바랍니다."
1248, 핸드백, 청약철회_흰색 제품 반품 거부,"전자상거래로 흰색 핸드백을 구입하고 수령 후 단순 변심으로 반품을 요구하였으나, 사업자는 흰색 제품은 반품이 불가하다는 문구를 쇼핑몰에 고지하였음을 근거로 거절하고 있습니다. 청약철회가 가능한가요?","재판매가 곤란할 정도의 제품 훼손이 없다면 청약철회를 요구할 수 있습니다.      「전자상거래 등에서의 소비자보호에 관한 법률」 제17조(청약철회등)에 따르면 소비자의 청약철회 권리를 보호하고 있으나, ‘소비자의 사용 또는 책임 있는 사유로 재화가 훼손되거나 가치가 감소한 경우, 시간의 경과로 재판매가 곤란할 정도로 가치가 하락된 경우, 복제 가능한 재화 등의 포장을 훼손한 경우’에는 그 권리를 제한하고 있습니다. ‘주문에 의해 개별적으로 생산되는 재화’ 또한 통신판매사업자에게 회복할 수 없는 중대한 피해가 예상되는 경우, 사전에 당해 거래에 대해 별도로 그 사실을 고지하고 소비자의 서면 동의를 받아 두었다면 청약철회 요청을 거부할 수 있습니다.   하지만, 흰색 제품은 반품이 어렵다고 고지되어 있더라도 청약철회와 관련하여 소비자에게 불리한 약정으로 효력이 없으며, 공정거래위원회에서도 ‘흰색계열, 세일 상품’ 등의 이유로 청약철회를 거부하는 것을 ‘청약철회 방해 행위’로 보고 있기 때문에 재판매가 곤란할 정도의 제품 훼손이 없다면 반품비를 소비자가 부담하고 청약철회를 요구할 수 있다고 판단됩니다.   ※ 통신판매업자에 대한 청약철회 의사표시 방법은 법률상 특별한 제한이 없으므로 전화, 서면, 전자문서 모두 가능합니다. 다만, 전화로 의사표시를 한 경우 간혹 판매자가 청약철회 요구를 받은 사실이 없다고 주장하는 경우가 있으므로, 쇼핑몰 게시판에 청약철회 의사를 표시하고 그 화면을 캡처하여 보관하거나 서면으로 발송하는 것이 좋습니다. 서면으로 발송한 경우에는 발송한 날에 그 효력이 발생합니다. 또한, 사업자에게 청약철회를 요청하였는데도 특별한 사유없이 이를 거부할 경우, 「전자상거래 등에서의 소비자보호에 관한 법률」 제18조에 따라 신용카드로 대금을 결제하였다면 신용카드사에 처리를 요구할 수 있으니 참고하시기 바랍니다."
1249, 핸드백, 청약철회_묶음배송 반품비_제품 불량,"전자상거래로 핸드백과 백팩 두 개를 70,000원에 구입하였으며, 50,000원 이상 구매 시 무료배송이어서 사업자에게 묶음배송을 요청함. 이후 핸드백이 불량인 것을 확인하여 반품을 요구했는데, 사업자는 반품비를 입금할 것을 주장합니다. 반품비를 제가 부담하는게 맞나요?","제품의 불량 등 사업자의 귀책사유로 반품하는 경우에는 사업자가 반품비 전액을 부담합니다.     「전자상거래 등에서의 소비자보호에 관한 법률」 제17조(청약철회등)에 따르면 소비자는 계약내용에 관한 서면을 교부받은 날(서면을 교부받은 때보다 재화 등의 공급이 늦게 이루어진 경우에는 재화 등의 공급을 받거나 공급이 개시된 날)부터 7일 이내에 당해 계약에 관한 청약을 철회할 수 있으며, 동법 제18조 제10항에는 표시 광고의 내용과 다르거나 계약내용과 다르게 이행된 경우 등의 사유로 청약철회를 요청한 경우 반환에 소요되는 비용(반품비)은 사업자가 부담해야 한다고 규정하고 있습니다.   따라서, 제품 하자 등 사업자의 귀책사유로 반품하는 경우에는 사업자가 반품 택배비 전액을 부담해야 한다고 판단됩니다."
1250, 핸드백, 청약철회_묶음배송 반품비_단순 변심,"전자상거래로 핸드백과 백팩 두 개를 70,000원에 구입하였으며, 50,000원 이상 구매 시 무료배송이어서 사업자에게 묶음배송을 요청함. 이후 핸드백 사이즈가 맞지 않아 반품을 요구했는데, 사업자는 반품비를 입금할 것을 주장합니다. 반품비를 제가 부담하는게 맞나요?","사이즈 오류 등 개인 변심으로 반품하는 경우에는 소비자가 반품비 전액을 부담합니다.   「전자상거래 등에서의 소비자보호에 관한 법률」 제17조(청약철회등)에 따르면 소비자는 계약내용에 관한 서면을 교부받은 날(서면을 교부받은 때보다 재화 등의 공급이 늦게 이루어진 경우에는 재화 등의 공급을 받거나 공급이 개시된 날)부터 7일 이내에 당해 계약에 관한 청약을 철회할 수 있으며, 동법 제18조 제9항에는 색상, 디자인 혹은 사이즈 불만 등의 사유로 청약철회를 요청한 경우 반환에 소요되는 비용(반품비)은 소비자가 부담해야 한다고 규정하고 있습니다.   따라서, 소비자의 개인 변심으로 반품하는 경우에는 반품 택배비는 소비자가 전액 부담해야 한다고 판단됩니다."
1251, 핸드백, 계약불이행_미환급,전자상거래로 핸드백을 주문하고 대금을 신용카드로 결제하였습니다. 구입 후 7일 이내 청약철회를 요구하여 핸드백을 반품하였는데 물품 대금을 환급해 주지 않고 있습니다. 환급받을 방법이 있나요?,신용카드사에 카드사가 사업자에게 대금을 지급하지 않도록 요구할 수 있습니다.   「전자상거래 등에서의 소비자보호에 관한 법률」 제18조에 따르면 청약철회 시 사업자가 신용카드로 결제한 대금의 환급을 지연할 경우 신용카드사에 환급에 필요한 조치를 요구할 수 있도록 규정하고 있습니다. 이 경우에 신용카드사는 환급에 필요한 조치를 취해야 하며 사업자에게 지급할 대금이 있을 경우 이를 주지 않고 소비자가 결제한 대금을 상계처리한 후 소비자의 결제대금의 매출을 취소해 주어야 합니다.   따라서 소비자는 신용카드사에 사업자와의 다른 채무와의 상계를 요구할 수 있습니다.
1252, 핸드백, 가격·요금_추가대금 요구,전자상거래로 병행수입 핸드백을 구입하고 반품을 요구하였으나 사전에 고지된 반품 배송비 이외에 ‘반품비’라는 명목으로 추가 대금 지급을 요구합니다. 제가 비용을 지급해야 하나요?,"사업자가 추가대금의 타당성을 입증하는 경우를 제외하면, 미리 고지한 반품 배송비 이외에 다른 명목의 위약금은 거부할 수 있습니다.   병행수입을 비롯한 수입제품 판매 시 발생하는 배송비는 사업자마다 수입절차 및 재고관리 방식에 따라 다를 수 있으나 「전자상거래 등에서의 소비자보호에 관한 법률」 제18조 제9항, 제10항에 따라 부과하는 반품비용은 소비자의 구매 여부 판단에 영향을 주는 중요한 거래조건에 해당되므로 적절한 방법으로 고지하여야 할 사항으로 볼 수 있습니다.    따라서, 사업자가 수입 과정에서 발생한 ‘현지 및 국제운송료 + 수입세금 및 제비용’에 관해 입증할 수 있는 경우 소비자는 그에 대한 금액을 지급해야하며, 입증할 수 없는 경우 제품을 반품한 뒤 반품과정에서 발생한 비용을 공제한 후 환급을 요구할 수 있습니다.   반면, 동법에 따라 사업자는 소비자에게 청약철회를 이유로 위약금이나 손해배상을 청구할 수 없으므로 미리 고지한 반품 배송비 이외에 다른 명목의 위약금을 추가 청구하는 것은 인정되기 어렵습니다."
1253, 핸드백, 가격·요금_과도한 반품배송비 요구,전자상거래로 수입 핸드백을 구입한 후 청약철회를 요구하니 사업자가 해외구매대행 상품이었다며 과도한 해외배송비 지급을 요구합니다. 제가 비용을 지급해야 하나요?,"단순변심으로 인한 청약철회의 경우 배송비를 부담해야하나, 사전에 해외배송료에 대한 고지 없이 제품을 구매했거나, 계약과정에서 부담하지 아니한 해외배송료 지급은 거부할 수 있습니다.   소비자는 「전자상거래 등에서의 소비자보호에 관한 법률」에 제17조에 따라 청약철회 예외에 해당하지 않는 한 전자상거래를 통한 해외물품 구매계약의 경우에도 청약철회를 할 수 있으며, 광고된 내용과 다르거나 제품의 하자로 인한 청약철회의 경우 통신판매업자가 반품에 따른 배송비를 부담해야 하며, 단순변심으로 인한 청약철회의 경우 소비자가 배송비를 부담해야 합니다.    해외배송 제품을 구매하는 경우 배송비가 상당하여 소비자의 구매여부에 영향을 줄 수 있는 중요한 거래조건에 해당한다고 볼 수 있기 때문에 사업자는 사전에 해외배송비와 관련한 내용을 적절한 방법으로 소비자에게 고지해야 합니다.    따라서, 사업자가 수입과정에서 발생하는 비용(현지 및 국제운송료, 수입세금 및 제비용)을 사전에 소비자에게 고지하고, 지급한 사실 등이 확인되는 경우라면 소비자는 사업자에게 수입 과정에서 소요되는 비용을 지급해야 합니다.   다만, 계약 체결 과정에서 해외배송료에 대한 고지 없이 제품을 구입하였거나, 계약 체결과정에서 부담하지 아니한 해외배송비를 청약철회 과정에서 특별히 요구하는 경우라면 소비자는 사업자에게 제품의 수입과정에서 발생하는 비용에 대한 입증을 요구하거나, 물품의 반송 관련 정보의 제공 등을 요구할 수 있으며, 사업자가 이를 입증하지 못할 경우 청약철회를 요구할 수 있습니다."
1254, 핸드백, 가격·요금_적립금 환급,전자상거래로 핸드백을 구입하고 제품 수령 다음날 단순 변심으로 반품을 신청하였으나 사업자는 결제금액을 적립금으로만 돌려주겠다고 주장합니다. 카드 취소는 안되나요? ,"사업자에게 신용카드 결제 취소를 요구할 수 있습니다.   「전자상거래 등에서의 소비자보호에 관한 법률」(이하, ‘전자상거래법’) 제17조(청약철회등)에 따르면 소비자는 상품을 공급 받은 날로부터 7일 이내에는 소비자의 귀책사유로 인한 상품의 멸실 또는 훼손된 경우 등을 제외하고는 단순변심으로 인한 청약철회를 할 수 있다고 규정하고 있습니다. 이에 소비자가 제품을 수령한 날로부터 7일 이내 청약철회 의사표시를 명확히 하였다면 해당 쇼핑몰은 ‘전자상거래법’ 제18조 제3항에 의거하여 신용카드사에게 대금 청구를 정지하거나 취소하도록 요청하여야 합니다.   따라서, 신용카드로 결제하였으나 적립금으로만 환급이 가능하다는 것은 「민법」 제548조(해제의 효과, 원상회복의무)에 따른 원상회복이라고 보기 어려우므로 소비자가 사용한 결제수단에 따른 환급 이행을 해당 쇼핑몰에 요구할 수 있다고 판단됩니다."
1255, 핸드백, 표시·광고_반품비1,"‘천연소가죽 100%’라고 광고하는 핸드백을 전자상거래로 구입하고, 10일 뒤에 착용하던 과정에서 실제로는 천연소가죽은 10%만 포함된 사실을 알게 되었습니다. 이 경우에 반품비 부담자는 누구인가요?","사업자에게 청약철회를 요구할 수 있으며, 배송비를 포함한 반품비는 사업자가 부담하도록 요구할 수 있습니다.   「전자상거래 등에서의 소비자보호에 관한 법률」 제18조에 따르면 물품의 내용이 표시·광고 내용과 다른 경우에는 반환에 필요한 비용은 사업자가 부담함은 물론 소비자에게 물품을 배달할 때의 배송비도 사업자가 부담하여야 하며 이미 소비자가 지급한 경우에는 환급하도록 규정하고 있습니다. 이 경우에는 청약철회기간은 당해 물품을 공급받은 날부터 3월 이내, 그 사실을 안 날 또는 알 수 있었던 날부터 30일 이내로 연장 됩니다.   이러한 소비자의 권리가 인정되려면 물품 관련 표시·광고의 내용이 누가 보아도 명백하게 허위이거나 과장된 점이 인정되어야 하는데, 「표시·광고의 공정화에 관한 법률」 제3조 및 「부당한 표시·광고행위의 유형 및 기준 지정 고시」에 의하면 부된 원재료나 성분을 가지고 전체의 주된 성분인 것처럼 표시·광고한 행위를 부당한 표시·광고로 규정하고 있습니다.    따라서 성분 표시가 잘못된 것이 명확히 확인될 경우에는 물품의 내용이 표시·광고 내용과 다른 경우에 해당하여 청약철회가 가능하고, 반품비는 사업자가 부담하도록 요구할 수 있습니다."
1256, 핸드백, 표시·광고_반품비2,"전자상거래 사업자가 운영하고 있는 FAQ에서 ‘모든 상품은 무료 반품 가능’이라는 문구를 확인하고 핸드백을 구입하였고, 이후 7일 이내 반품을 요구하였으나 사업자가 반품비를 요구합니다. 제가 비용을 지급해야 하나요?","FAQ 게시물도 광고에 해당되며, 표시·광고와 다르게 계약이 이행된 경우에는 사업자 귀책사유에 해당하므로 반품비는 사업자가 부담합니다.    대법원 판례에 따르면 “FAQ 게시물은 일반 소비자가 누구나 접근할 수 있는 사업자의 인터넷 홈페이지에 게시되어 있으며, 게시 경위도 소비자들이 사업자에게 한 질문에 대해 개별적으로 답변한 것이 아니라 사업자가 일반 소비자들에게 알리고 싶은 내용을 선정하여 질문과 답변의 형식으로 게시해 놓은 것이라는 점에 비추어 보면, 사업자가 ‘널리 소비자들에게 제시하거나 알리기 위하여’ 게시해 놓은 것이라고 볼 수 있으므로 해당 FAQ 게시물은 「표시·광고의 공정화에 관한 법률」 상의 광고에 해당합니다(대법원 2009.5.28., 선고, 2009두843, 판결).   또한, 「표시·광고의 공정화에 관한 법률」 제3조(부당한 표시·광고 행위의 금지) 및 ‘부당한 표시·광고행위의 유형 및 기준 지정 고시‘에 따르면 반품, 교환, 대금지급방법 등 기타 거래내용 및 거래조건 등에 관하여 표시·광고함에 있어서는 사실대로 하여야 하며, 이를 사실과 다르게 표시·광고한 행위를 부당한 표시·광고로 규정하고 있습니다.    따라서, 이 사례에서는 사실과 다르게 반품비를 요구하는 것이 명확히 확인되므로 물품의 내용이 표시·광고 내용과 다른 경우에 해당하며, 「전자상거래 등에서의 소비자보호에 관한 법률」 제18조(청약철회등의 효과)에 따라 사업자에게 반품비 부담을 요구할 수 있다고 판단됩니다."
1257, 핸드백, 표시·광고_광고와 차이 있는 제품,광고 사진과 너무 다른 핸드백을 받았습니다. 청약철회가 가능한가요?,"사업자에게 청약철회를 요구할 수 있습니다.   「전자상거래 등에서의 소비자보호에 관한 법률」 제17조에 따르면 소비자에게 책임이 있는 사유로 재화 등이 멸실되거나 훼손된 경우 청약철회를 할 수 없으나, 이러한 규정에도 불구하고 재화 등의 내용이 표시·광고의 내용과 다르거나 계약내용과 다르게 이행된 경우에는 청약철회를 할 수 있습니다.   다만, 광고 사진과 다르다는 소비자의 주관적인 판단만으로는 「표시·광고의 공정화에 관한 법률」 상 부당한 표시·광고임을 주장하기 어려우며, 광고 사진과 실제 받은 제품의 색상이 다른 경우와 같이 중대한 하자가 있다면 청약철회가 가능합니다."
1258, 핸드백, 품질_마감처리 불량,구입한 핸드백을 2개월 사용 후 핸드백 옆면 모서리가 날카롭게 돼서 실크 의류가 뜯어지는 피해가 발생하였습니다. 구제 방법이 있나요?,"마감처리불량 등 제품 하자로 판명되면, 수선이 가능한 경우에는 무상수선, 수선이 불가한 경우에는 동종 제품으로의 교환, 동종 제품이 없는 경우에는 환급을 요구할 수 있습니다.    의류가 뜯어지는 피해가 가방의 하자로 인한 것인지 소비자의 과실로 인한 것인지 판단이 필요합니다.    우선적으로 제조사나 구입처 등에 문제점을 제기하고, 하자의 원인 및 책임 소재에 대하여 분쟁이 발생한 경우에는 전문가(심의기구 등)에게 의뢰하여 의견을 구하는 것이 좋으며 품질 시험검사가 가능한 경우에는 이를 통해 보다 정확한 원인규명을 해볼 수 있습니다.    따라서, 해당 제품이 마감처리불량 등 제품하자로 판명된 경우 가방류 관련 「소비자분쟁해결기준」에 따라 수선이 가능한 경우에는 무상수선, 수선이 불가한 경우에는 동종 제품으로의 교환, 동종 제품이 없는 경우에는 환급을 요구할 수 있으며, 수선이 가능한 경우임에도 불구하고 소비자가 구입가의 환급을 요구하는 경우에 사업자는 이를 거부할 수 있습니다. 또한, 해당 가방에 의해 손상된 의류에 대해서는 훼손과 가방 하자의 인과관계가 상당한 정도로 인정받는 경우에 한하여 해당 제품의 잔존가치만큼 보상을 요구할 수 있습니다.   ※ 한국소비자원에서는 섬유·세탁 품질하자 유무 및 원인 규명을 위하여 해당 분야 전문가로 구성된 ‘섬유제품심의위원회’를 운영하고 있으며, 해당 심의·자문 결과(책임소재, 심의내용 등)를 토대로 공정거래위원회가 고시한 ‘소비자분쟁해결기준’에 따라 피해보상에 관한 합의를 권고할 수 있습니다. 다만, 심의·자문 결과는 당사자간 분쟁해결에 있어 근거자료로 활용되나 법적 강제력은 없습니다."
1259, 핸드백, 품질_물듦,"구입한 핸드백을 2개월 사용 후 가방 내 보관했었던 지갑, 카드지갑 등 소지품의 색상이 변하였습니다. 구제 방법이 있나요?","원단불량 등 제품 하자로 판명되면, 수선이 가능한 경우에는 무상수선, 수선이 불가한 경우에는 동종 제품으로의 교환, 동종 제품이 없는 경우에는 환급을 요구할 수 있습니다.   염색된 섬유제품이 마찰로 인해 염료가 탈락하는 경우가 발생할 수 있습니다. 약간의 염색 탈락은 허용가능하나, 그 정도가 심할 경우 품질불량으로 판단할 수 있습니다.   우선적으로 제조사나 구입처 등에 문제점을 제기하고, 하자의 원인 및 책임 소재에 대하여 분쟁이 발생한 경우에는 전문가(심의기구 등)에게 의뢰하여 의견을 구하는 것이 좋으며 품질 시험검사가 가능한 경우에는 이를 통해 보다 정확한 원인규명을 해볼 수 있습니다.    따라서, 해당 제품이 원단불량 등 제품하자로 판명된 경우 가방류 관련 「소비자분쟁해결기준」에 따라 수선이 가능한 경우에는 무상수선, 수선이 불가한 경우에는 동종 제품으로의 교환, 동종 제품이 없는 경우에는 환급을 요구할 수 있으며, 수선이 가능한 경우임에도 불구하고 소비자가 구입가의 환급을 요구하는 경우에 사업자는 이를 거부할 수 있습니다.   ※ 한국소비자원에서는 섬유·세탁 품질하자 유무 및 원인 규명을 위하여 해당 분야 전문가로 구성된 ‘섬유제품심의위원회’를 운영하고 있으며, 해당 심의·자문 결과(책임소재, 심의내용 등)를 토대로 공정거래위원회가 고시한 ‘소비자분쟁해결기준’에 따라 피해보상에 관한 합의를 권고할 수 있습니다. 다만, 심의·자문 결과는 당사자간 분쟁해결에 있어 근거자료로 활용되나 법적 강제력은 없습니다."
1260, 핸드백, 품질_주름발생,악어가죽으로 만든 핸드백을 구입하고 1개월 사용하였으나 원단 전체에서 주름이 생겼습니다. 구제 방법이 있나요?,"외관을 심하게 훼손하는 경우 품질 불량으로 판단하며, 원단 불량 등 제품 하자로 판명되면 수선이 가능한 경우에는 무상수선, 수선이 불가한 경우에는 동종 제품으로의 교환, 동종 제품이 없는 경우에는 환급을 요구할 수 있습니다.   가죽으로 제작된 핸드백의 경우 사용에 의한 주름은 자연스러운 현상으로 품질 불량으로 보기 어려우나, 좌우 불균일 내지 가죽의 갈라짐 등 외관을 심하게 훼손하는 경우에는 품질불량으로 볼 수 있습니다.   우선적으로 제조사나 구입처 등에 문제점을 제기하고, 하자의 원인 및 책임 소재에 대하여 분쟁이 발생한 경우에는 전문가(심의기구 등)에게 의뢰하여 의견을 구하는 것이 좋으며 품질 시험검사가 가능한 경우에는 이를 통해 보다 정확한 원인규명을 해볼 수 있습니다.    따라서, 해당 제품이 원단불량 등 제품하자로 판명된 경우 가방류 관련 「소비자분쟁해결기준」에 따라 수선이 가능한 경우에는 무상수선, 수선이 불가한 경우에는 동종 제품으로의 교환, 동종 제품이 없는 경우에는 환급을 요구할 수 있으며, 수선이 가능한 경우임에도 불구하고 소비자가 구입가의 환급을 요구하는 경우에 사업자는 이를 거부할 수 있습니다.   ※ 한국소비자원에서는 섬유·세탁 품질하자 유무 및 원인 규명을 위하여 해당 분야 전문가로 구성된 ‘섬유제품심의위원회’를 운영하고 있으며, 해당 심의·자문 결과(책임소재, 심의내용 등)를 토대로 공정거래위원회가 고시한 ‘소비자분쟁해결기준’에 따라 피해보상에 관한 합의를 권고할 수 있습니다. 다만, 심의·자문 결과는 당사자간 분쟁해결에 있어 근거자료로 활용되나 법적 강제력은 없습니다."
1261, 핸드백, 품질_가죽벗겨짐,가죽 가방을 구입해서 2회 정도 사용하였으나 핸드백 입구 부분의 가죽이 일부 벗겨지는 현상이 발생하였습니다. 구제 방법이 있나요?,"소비자 과실이 아닌 원단 불량 등 제품 하자로 판명되면 수선이 가능한 경우에는 무상수선, 수선이 불가한 경우에는 동종 제품으로의 교환, 동종 제품이 없는 경우에는 환급을 요구할 수 있습니다.   가죽이 벗겨진 현상이 제품의 내마모성이 취약해서 생긴 것인지 아니면 소비자가 사용 중에 마찰로 인하여 손상을 입힌 것인지 판단이 필요합니다.   우선적으로 제조사나 구입처 등에 문제점을 제기하고, 하자의 원인 및 책임 소재에 대하여 분쟁이 발생한 경우에는 전문가(심의기구 등)에게 의뢰하여 의견을 구하는 것이 좋으며 품질 시험검사가 가능한 경우에는 이를 통해 보다 정확한 원인규명을 해볼 수 있습니다.    따라서, 해당 제품이 원단 불량 등 제품 하자로 판명된 경우 가방류 관련 「소비자분쟁해결기준」에 따라 수선이 가능한 경우에는 무상수선, 수선이 불가한 경우에는 동종 제품으로의 교환, 동종 제품이 없는 경우에는 환급을 요구할 수 있으며, 수선이 가능한 경우임에도 불구하고 소비자가 구입가의 환급을 요구하는 경우에 사업자는 이를 거부할 수 있습니다.   ※ 한국소비자원에서는 섬유·세탁 품질하자 유무 및 원인 규명을 위하여 해당 분야 전문가로 구성된 ‘섬유제품심의위원회’를 운영하고 있으며, 해당 심의·자문 결과(책임소재, 심의내용 등)를 토대로 공정거래위원회가 고시한 ‘소비자분쟁해결기준’에 따라 피해보상에 관한 합의를 권고할 수 있습니다. 다만, 심의·자문 결과는 당사자간 분쟁해결에 있어 근거자료로 활용되나 법적 강제력은 없습니다."
1262, 핸드백, 품질_털빠짐,토끼털로 만든 핸드백을 구입하고 2회 정도 사용하였으나 털이 심하게 빠집니다. 구제 방법이 있나요?,"털이 심하게 빠져 원단 불량 등 제품 하자로 판명되면, 수선이 가능한 경우에는 무상수선, 수선이 불가한 경우에는 동종 제품으로의 교환, 동종 제품이 없는 경우에는 환급을 요구할 수 있습니다.   털 소재 섬유제품의 특성상 어느 정도 털이 빠지는 것은 자연스럽게 발생할 수 있는 현상이며, 소재 특성에 따라 다른 제품보다 상대적으로 잘 빠지는 소재도 있지만(예: 토끼털, 알파카 등), 그 정도가 심할 경우 품질불량으로 판단할 수 있습니다.   우선적으로 제조사나 구입처 등에 문제점을 제기하고, 하자의 원인 및 책임 소재에 대하여 분쟁이 발생한 경우에는 전문가(심의기구 등)에게 의뢰하여 의견을 구하는 것이 좋으며 품질 시험검사가 가능한 경우에는 이를 통해 보다 정확한 원인규명을 해볼 수 있습니다.    따라서, 해당 제품이 원단불량 등 제품하자로 판명된 경우 가방류 관련 「소비자분쟁해결기준」에 따라 수선이 가능한 경우에는 무상수선, 수선이 불가한 경우에는 동종 제품으로의 교환, 동종 제품이 없는 경우에는 환급을 요구할 수 있으며, 수선이 가능한 경우임에도 불구하고 소비자가 구입가의 환급을 요구하는 경우에 사업자는 이를 거부할 수 있습니다.    ※ 한국소비자원에서는 섬유·세탁 품질하자 유무 및 원인 규명을 위하여 해당 분야 전문가로 구성된 ‘섬유제품심의위원회’를 운영하고 있으며, 해당 심의·자문 결과(책임소재, 심의내용 등)를 토대로 공정거래위원회가 고시한 ‘소비자분쟁해결기준’에 따라 피해보상에 관한 합의를 권고할 수 있습니다. 다만, 심의·자문 결과는 당사자간 분쟁해결에 있어 근거자료로 활용되나 법적 강제력은 없습니다."
1263, 핸드백, 품질_부소재불량,"핸드백을 구입하여 사용했는데, 구입 직후부터 가방 안쪽 손잡이 하단 부분이 까칠까칠해 졌습니다. 구제 방법이 있나요?","원단 불량 등 제품 하자로 판명되면, 수선이 가능한 경우에는 무상수선, 수선이 불가한 경우에는 동종 제품으로의 교환, 동종 제품이 없는 경우에는 환급을 요구할 수 있습니다.   가방 안쪽 손잡이 부분이 거칠어지는 현상이 손잡이로서 사용되기에 부적절한 소재를 사용하여 생긴 것인지 소비자가 자주 마찰을 일으켜서 생긴 것인지 판단이 필요합니다.   우선적으로 제조사나 구입처 등에 문제점을 제기하고, 하자의 원인 및 책임 소재에 대하여 분쟁이 발생한 경우에는 전문가(심의기구 등)에게 의뢰하여 의견을 구하는 것이 좋으며 품질 시험검사가 가능한 경우에는 이를 통해 보다 정확한 원인규명을 해볼 수 있습니다.    따라서, 해당 제품이 원단불량 등 제품하자로 판명된 경우 가방류 관련 「소비자분쟁해결기준」에 따라 수선이 가능한 경우에는 무상수선, 수선이 불가한 경우에는 동종 제품으로의 교환, 동종 제품이 없는 경우에는 환급을 요구할 수 있으며, 수선이 가능한 경우임에도 불구하고 소비자가 구입가의 환급을 요구하는 경우에 사업자는 이를 거부할 수 있습니다.    ※ 한국소비자원에서는 섬유·세탁 품질하자 유무 및 원인 규명을 위하여 해당 분야 전문가로 구성된 ‘섬유제품심의위원회’를 운영하고 있으며, 해당 심의·자문 결과(책임소재, 심의내용 등)를 토대로 공정거래위원회가 고시한 ‘소비자분쟁해결기준’에 따라 피해보상에 관한 합의를 권고할 수 있습니다. 다만, 심의·자문 결과는 당사자간 분쟁해결에 있어 근거자료로 활용되나 법적 강제력은 없습니다."
1264, 핸드백, 품질_기포발생,핸드백을 구입하고 3개월 사용하였으나 가방에서 기포 같은 것이 일어났습니다. 구제 방법이 있나요?,"소비자 과실이 아닌 원단 불량 등 제품 하자로 판명되면, 수선이 가능한 경우에는 무상수선, 수선이 불가한 경우에는 동종 제품으로의 교환, 동종 제품이 없는 경우에는 환급을 요구할 수 있습니다.   가방에 기포가 발생하는 것은 가죽과 코팅 부분이 분리되어 나타나는 현상으로 제품 제작 시에 문제가 생겼는지 사용 내지 보관 중에 소비자의 부주의로 생겼는지 판단이 필요합니다.   우선적으로 제조사나 구입처 등에 문제점을 제기하고, 하자의 원인 및 책임 소재에 대하여 분쟁이 발생한 경우에는 전문가(심의기구 등)에게 의뢰하여 의견을 구하는 것이 좋으며 품질 시험검사가 가능한 경우에는 이를 통해 보다 정확한 원인규명을 해볼 수 있습니다.    따라서, 해당 제품이 원단불량 등 제품하자로 판명된 경우 가방류 관련 「소비자분쟁해결기준」에 따라 수선이 가능한 경우에는 무상수선, 수선이 불가한 경우에는 동종 제품으로의 교환, 동종 제품이 없는 경우에는 환급을 요구할 수 있으며, 수선이 가능한 경우임에도 불구하고 소비자가 구입가의 환급을 요구하는 경우에 사업자는 이를 거부할 수 있습니다.   ※ 한국소비자원에서는 섬유·세탁 품질하자 유무 및 원인 규명을 위하여 해당 분야 전문가로 구성된 ‘섬유제품심의위원회’를 운영하고 있으며, 해당 심의·자문 결과(책임소재, 심의내용 등)를 토대로 공정거래위원회가 고시한 ‘소비자분쟁해결기준’에 따라 피해보상에 관한 합의를 권고할 수 있습니다. 다만, 심의·자문 결과는 당사자간 분쟁해결에 있어 근거자료로 활용되나 법적 강제력은 없습니다."
1265, 핸드백, 품질_화학냄새,전자상거래로 소가죽 핸드백을 구입하였으나 화학 냄새가 너무 심하게 납니다. 구제 방법이 있나요?,"해당 제품이 원단 불량 등 제품 하자로 판명되면, 수선이 가능한 경우에는 무상수선, 수선이 불가한 경우에는 동종 제품으로의 교환, 동종 제품이 없는 경우에는 환급을 요구할 수 있습니다.   가죽으로 제작된 핸드백의 경우 특유의 화학 약품 냄새가 발생할 수 있으나, 악취에 해당할 정도로 그 정도가 심하다면 품질불량으로 볼 수 있습니다.   우선적으로 제조사나 구입처 등에 문제점을 제기하고, 하자의 원인 및 책임 소재에 대하여 분쟁이 발생한 경우에는 전문가(심의기구 등)에게 의뢰하여 의견을 구하는 것이 좋으며 품질 시험검사가 가능한 경우에는 이를 통해 보다 정확한 원인규명을 해볼 수 있습니다.    따라서, 해당 제품이 원단불량 등 제품하자로 판명된 경우 가방류 관련 「소비자분쟁해결기준」에 따라 수선이 가능한 경우에는 무상수선, 수선이 불가한 경우에는 동종 제품으로의 교환, 동종 제품이 없는 경우에는 환급을 요구할 수 있으며, 수선이 가능한 경우임에도 불구하고 소비자가 구입가의 환급을 요구하는 경우에 사업자는 이를 거부할 수 있습니다.   ※ 한국소비자원에서는 섬유·세탁 품질하자 유무 및 원인 규명을 위하여 해당 분야 전문가로 구성된 ‘섬유제품심의위원회’를 운영하고 있으며, 해당 심의·자문 결과(책임소재, 심의내용 등)를 토대로 공정거래위원회가 고시한 ‘소비자분쟁해결기준’에 따라 피해보상에 관한 합의를 권고할 수 있습니다. 다만, 심의·자문 결과는 당사자간 분쟁해결에 있어 근거자료로 활용되나 법적 강제력은 없습니다."
1266, 핸드백, 품질_자연적현상,구입한 지 5년 된 핸드백을 보관하다가 사용하려고하니 변색되어 손상된 것을 확인하였습니다. 구제 방법이 있나요?,"내용연수의 경과로 인해 발생한 하자는 자연손상으로 보아 하자를 주장하기 어렵습니다.   섬유제품의 소재특성으로 인하여 자연스럽게 발생하는 현상이나 내용연수(제품의 수명) 경과로 인해 발생한 제품의 하자는 어느 누구의 과실도 아니므로 피해구제 처리대상이 아닙니다. 여기서 내용연수는 「소비자분쟁해결기준」에서 정하는 품목별 내용연수를 따르며 착용횟수와 관계없습니다.   소재특성으로 인한 자연스러운 현상의 대표적인 사례로 알파카의 털빠짐, 토끼털의 모근 약함, 면소재와 청바지의 물빠짐, 한복의 흰줄 발생, 신발 밑창 닳음 등이 있으며, 정도가 심한 경우 책임소재를 따질 수 있으나 해당 현상을 품질불량으로 보기 어려운 경우가 많습니다. 또한, 내용연수가 경과한 제품은 제품의 수명이 다하여 발생한 자연손상으로 보아 하자를 주장하기 어려울 수 있습니다.   따라서, 이 경우 핸드백의 내용연수가 경과하면서 원단의 자연 취화 및 노화로 자연스럽게 발생할 수 있는 것으로 추측되어 제품하자로 보기 어렵습니다."
1267, 핸드백, 품질_세탁 시 제품하자,세탁소에 핸드백 세탁을 요청한 후 인도받았으나 탈색도 심하고 가죽은 딱딱하게 경화되어 있습니다. 구제 방법이 있나요?,"부적합한 방법으로 세탁하였을 때 발생한 하자는 세탁한 자에 책임이며, 적합한 방법으로 세탁했음에도 하자가 발생한 경우에 원단 불량 등 제품 하자로 판명되면, 수선이 가능한 경우에는 무상수선, 수선이 불가한 경우에는 동종 제품으로의 교환, 동종 제품이 없는 경우에는 환급을 요구할 수 있습니다.   가방의 경우 소재에 따라 다른 방법으로 손질, 세탁을 해야 하며, 부적합한 방법으로 세탁하였을 때 발생한 하자는 세탁한 자의 책임이 됩니다. 단, 세탁취급표시대로 세탁했음에도 하자가 발생하였을 경우에는 제품의 불량인지 소비자의 과실인지에 대한 판단이 필요합니다.   우선적으로 제조사나 구입처 등에 문제점을 제기하고, 하자의 원인 및 책임 소재에 대하여 분쟁이 발생한 경우에는 전문가(심의기구 등)에게 의뢰하여 의견을 구하는 것이 좋으며 품질 시험검사가 가능한 경우에는 이를 통해 보다 정확한 원인규명을 해볼 수 있습니다.    따라서, 해당 제품이 원단불량 등 제품하자로 판명된 경우 가방류 관련 「소비자분쟁해결기준」에 따라 수선이 가능한 경우에는 무상수선, 수선이 불가한 경우에는 동종 제품으로의 교환, 동종 제품이 없는 경우에는 환급을 요구할 수 있으며, 수선이 가능한 경우임에도 불구하고 소비자가 구입가의 환급을 요구하는 경우에 사업자는 이를 거부할 수 있습니다. 반면 세탁 과정에서 발생한 하자로 판명날 경우 세탁사업자에게 원상회복, 불가능할 시 손해배상을 요구할 수 있습니다.   ※ 한국소비자원에서는 섬유·세탁 품질하자 유무 및 원인 규명을 위하여 해당 분야 전문가로 구성된 ‘섬유제품심의위원회’를 운영하고 있으며, 해당 심의·자문 결과(책임소재, 심의내용 등)를 토대로 공정거래위원회가 고시한 ‘소비자분쟁해결기준’에 따라 피해보상에 관한 합의를 권고할 수 있습니다. 다만, 심의·자문 결과는 당사자간 분쟁해결에 있어 근거자료로 활용되나 법적 강제력은 없습니다."
1268, 핸드백, 품질_세탁 시 세탁하자,"세탁소에 핸드백 세탁을 요청한 후 인도받았으나 탈색도 심하고 가죽은 딱딱하게 경화되어 있으며, 사업자는 세탁 과정에서 발생한 하자를 인정하고 있습니다. 배상을 요구할 수 있나요?","사업자에게 내용연수와 사용일수를 고려한 배상비율만큼 배상액을 요구할 수 있습니다.   소비자가 사업자에게 가방의 세탁을 의뢰하고 그 결과에 대하여 보수를 지급하는 것은 「민법」 제664조에서 정한 도급계약으로 볼 수 있으며, 동법 제667조는 완성된 목적물의 하자가 있는 때에 도급인이 그 하자의 보수를 청구할 수 있고 보수에 갈음하여 또는 보수와 함께 손해배상을 청구할 수 있도록 규정하고 있습니다.    또한, 사업자는 세탁물을 인수할 때 세탁물의 하자여부나 기타 소재의 특징에 대해 파악하여 세탁을 진행하는 등 선량한 관리자의 주의의무를 부담하여야 하는데, 해당 의무를 다하지 않아 세탁과정에서 가방이 손상되었다면 사업자는 원상회복하거나 그 손해를 배상할 책임이 있습니다.    따라서, 배상액에 대하여는 세탁업 관련 「소비자분쟁해결기준」에 따라서 가방 구입 가격을 기준으로 해당 가방의 내용연수와 사용일수를 고려한 배상비율만큼 요구할 수 있습니다.    *배상액 = 물품구입가격 × 배상비율(소비자분쟁해결기준 상 배상비율표 참조)"
1269, 헬스장, 계약해제·해지_위약금 공제_소비자 귀책_개시일 이전,"헬스장 개시일 이전 개인 사정으로 계약해지 및 환급 요청을 했는데, 각종 위약금(입회비, 기타수수료 등)을 공제한 후 환급이 가능하다고 주장합니다. 위약금이 너무 많은데, 구제 방법이 있나요?","위약금이 이유없이 과다하다면 「약관의 규제에 관한 법률」 제9조 제5호, 「방문판매 등에 관한 법률」 제32조 및 제52조에 따라 무효로 볼 수 있으며, 사안에 따라 일정 금액을 공제한 후 환급을 요구할 수 있습니다.    1개월 이상의 헬스장 이용계약은 「방문판매 등에 관한 법률」 상 계속거래로 보아 계약기간 중 언제든지 계약을 해지할 수 있습니다. ‘방문판매법’ 제32조(계약 해지 또는 해제의 효과와 위약금 등) 제1항에 따르면 이때 사업자는 소비자에게 해지 또는 해제로 발생하는 손실을 현저하게 초과하는 위약금을 청구하여서는 아니되고, 가입비나 그 밖에 명칭에 상관없이 실제 공급된 재화 등의 대가를 초과하여 수령한 대금의 환급을 부당하게 거부하여서는 아니 된다고 규정하고 있습니다.   계약의 자유 및 사적자치의 원칙에 따라서 소비자와 사업자 사이에 각종 위약금(입회비, 기타수수료 등)을 부과한다는 별도의 약정이 유효한 경우에는 이에 따르는 것이 타당합니다.   하지만, 해당 위약금이 이유 없이 과다하다면 계약해지 또는 해제로 인한 사업자의 원상회복의무를 부당하게 경감하는 것으로 「약관의 규제에 관한 법률」 제9조(계약의 해제·해지) 제5호, 「방문판매 등에 관한 법률」 제32조(계약 해지 또는 해제의 효과와 위약금 등) 및 제52조(소비자 등에게 불리한 계약의 금지)에 따라서 무효로 볼 수 있어 소비자 귀책 사유로 개시일 이전에 계약해제 시 ‘소비자분쟁해결기준’에 따라 이용료에서 이용료의 1/10에 해당하는 금액을 공제한 후 환급을 요구할 수 있습니다. 여기서 ‘이용료’란 일반이용자가 체육시설업자에게 계약 시 납부한 총금액을 말하며, 계약금·입회금·가입비·부대시설 이용료 등의 금액을 모두 포함합니다. 다만, 보증금은 이용료에 포함되지 않습니다."
1270, 헬스장, 계약해제·해지_위약금 공제_소비자 귀책_개시일 이후,"헬스장 PT 20회를 계약 내용으로 정하고 8회를 이용한 후 개인 사정으로 계약해지 및 환급을 요청했는데, 사업자가 각종 위약금(입회비, 기타수수료 등)을 공제한 후 환급이 가능하다고 주장합니다. 위약금이 너무 많은데, 구제 방법이 있나요?","위약금이 이유 없이 과다하다면 「약관의 규제에 관한 법률」 제9조 제5호 및 「방문판매 등에 관한 법률」 제32조 및 제52조에 따라 무효로 볼 수 있으며, 사안에 따라 일정 금액을 공제한 후 환급을 요구할 수 있습니다.    1개월 이상의 헬스장 이용계약은 「방문판매 등에 관한 법률」(이하, ‘방문판매법’) 상 계속거래로 보아 계약기간 중 언제든지 계약을 해지할 수 있습니다. ‘방문판매법’ 제32조(계약 해지 또는 해제의 효과와 위약금 등) 제1항에 따르면 이때 사업자는 소비자에게 해지 또는 해제로 발생하는 손실을 현저하게 초과하는 위약금을 청구하여서는 아니되고, 가입비나 그 밖에 명칭에 상관없이 실제 공급된 재화 등의 대가를 초과하여 수령한 대금의 환급을 부당하게 거부하여서는 아니 된다고 규정하고 있습니다.   계약의 자유 및 사적자치의 원칙에 따라서 소비자와 사업자 사이에 각종 위약금(입회비, 기타수수료 등)을 부과한다는 별도의 약정이 유효한 경우에는 이에 따르는 것이 타당합니다.   하지만, 사업자가 위약금 산정 시 정상 금액을 기준으로 이용요금을 공제할 때, 정상가격으로 공제하는 1일(회) 정상 금액이 총지급금액을 기준으로 한 1일(회) 이용요금 대비하여 과다하다면 계약해지 또는 해제로 인한 사업자의 원상회복의무를 부당하게 경감하는 것으로 「약관의 규제에 관한 법률」 제9조(계약의 해제·해지) 제5호, ‘방문판매법’ 제32조(계약 해지 또는 해제의 효과와 위약금 등) 및 제52조(소비자 등에게 불리한 계약의 금지)에 따라서 무효로 볼 수 있어 소비자 귀책 사유로 개시일 이후에 계약해지 시 ‘소비자분쟁해결기준’에 따라 ‘[이용료 - (이용료 * 이미경과한기간(횟수)/계약상이용기간(횟수))] - 이용료의 1/10’에 해당하는 금액 환급을 요구할 수 있습니다. 여기서 ‘이용료’란 일반이용자가 체육시설업자에게 계약 시 납부한 총금액을 말하며, 계약금·입회금·가입비·부대시설 이용료 등의 금액을 모두 포함합니다. 다만, 보증금은 이용료에 포함되지 않습니다.   단, 사업자의 가격(요금) 체계, 정상가격으로 이용하는 소비자의 비중 등 제반 사항을 고려하여 위약금 산정 시 정상 금액을 기준으로 이용요금을 공제하는 것이 타당하다고 판단될 수 있습니다."
1271, 헬스장, 계약해제·해지_위약금 공제_사업자 귀책_개시일 이전,"헬스장 개시일 이전 사업자의 귀책으로 계약해지 및 환급 요청을 했는데, 사업자가 환급을 거부하거나 과도한 위약금(정상금액, 입회금, 기타수수료 등)을 공제하겠다고 주장합니다. 구제 방법이 있나요?","사업자가 환급을 거부하거나 위약금이 이유 없이 과다하다면 「약관의 규제에 관한 법률」 제9조 제5호 및 「방문판매 등에 관한 법률」 제32조 및 제52조에 따라 무효로 볼 수 있으며, 사안에 따라 일정 금액을 공제한 후 환급을 요구할 수 있습니다.    1개월 이상의 헬스장 이용계약은 「방문판매 등에 관한 법률」(이하, ‘방문판매법’) 상 계속거래로 보아 계약기간 중 언제든지 계약을 해지할 수 있습니다. ‘방문판매법’ 제32조(계약 해지 또는 해제의 효과와 위약금 등) 제1항에 따르면 이때 사업자는 소비자에게 해지 또는 해제로 발생하는 손실을 현저하게 초과하는 위약금을 청구하여서는 아니되고, 가입비나 그 밖에 명칭에 상관없이 실제 공급된 재화 등의 대가를 초과하여 수령한 대금의 환급을 부당하게 거부하여서는 아니 된다고 규정하고 있습니다.   계약의 자유 및 사적자치의 원칙에 따라서 소비자와 사업자 사이에 각종 위약금(입회비, 기타수수료 등)을 부과한다는 별도의 약정이 유효한 경우에는 이에 따르는 것이 타당합니다.   하지만, 해당 위약금이 이유 없이 과다하거나 환급을 거부할 경우에는 계약해지 또는 해제로 인한 사업자의 원상회복의무를 부당하게 경감하는 것으로 「약관의 규제에 관한 법률」 제9조(계약의 해제·해지) 제5호, ‘방문판매법’ 제32조(계약 해지 또는 해제의 효과와 위약금 등) 및 제52조(소비자 등에게 불리한 계약의 금지)에 따라서 무효로 볼 수 있어 사업자 귀책 사유로 개시일 이전에 계약해제 시 ‘소비자분쟁해결기준’에 따라 이용료 환급과 이용료의 1/10에 해당하는 금액을 요구할 수 있습니다. 여기서 ‘이용료’란 일반이용자가 체육시설업자에게 계약 시 납부한 총금액을 말하며, 계약금·입회금·가입비·부대시설 이용료 등의 금액을 모두 포함합니다. 다만, 보증금은 이용료에 포함되지 않습니다."
1272, 헬스장, 계약해제·해지_위약금 공제_사업자 귀책_개시일 이후,"헬스장 PT 20회를 계약 내용으로 정하고 8회를 이용한 후 사업자의 귀책으로 계약해지 및 환급을 요청했는데, 사업자가 환급을 거부하거나 과도한 위약금(정상금액, 입회금, 기타수수료 등)을 공제하겠다고 주장합니다. 구제 방법이 있나요?","사업자가 환급을 거부하거나 위약금이 이유 없이 과다하다면 「약관의 규제에 관한 법률」 제9조 제5호 및 「방문판매 등에 관한 법률」 제32조 및 제52조에 따라 무효로 볼 수 있으며, 사안에 따라 일정 금액을 공제한 후 환급을 요구할 수 있습니다.    1개월 이상의 헬스장 이용계약은 「방문판매 등에 관한 법률」(이하, ‘방문판매법’) 상 계속거래로 보아 계약기간 중 언제든지 계약을 해지할 수 있습니다. ‘방문판매법’ 제32조(계약 해지 또는 해제의 효과와 위약금 등) 제1항에 따르면 이때 사업자는 소비자에게 해지 또는 해제로 발생하는 손실을 현저하게 초과하는 위약금을 청구하여서는 아니되고, 가입비나 그 밖에 명칭에 상관없이 실제 공급된 재화 등의 대가를 초과하여 수령한 대금의 환급을 부당하게 거부하여서는 아니 된다고 규정하고 있습니다.   계약의 자유 및 사적자치의 원칙에 따라서 소비자와 사업자 사이에 각종 위약금(입회비, 기타수수료 등)을 부과한다는 별도의 약정이 유효한 경우에는 이에 따르는 것이 타당합니다.   하지만, 사업자가 위약금 산정 시 정상 금액을 기준으로 이용요금을 공제할 때, 정상가격으로 공제하는 1일(회) 정상 금액이 총지급금액을 기준으로 한 1일(회) 이용요금 대비하여 과다하거나 환급을 거부할 경우에는 계약해지 또는 해제로 인한 사업자의 원상회복의무를 부당하게 경감하는 것으로 「약관의 규제에 관한 법률」 제9조(계약의 해제·해지) 제5호, ‘방문판매법’ 제32조(계약 해지 또는 해제의 효과와 위약금 등) 및 제52조(소비자 등에게 불리한 계약의 금지)에 따라서 무효로 볼 수 있어 사업자 귀책 사유로 개시일 이후에 계약해지 시 ‘소비자분쟁해결기준’에 따라 ‘[이용료 - (이용료 * 이미경과한기간(횟수)/계약상이용기간(횟수))] + 이용료의 1/10’에 해당하는 금액 환급을 요구할 수 있습니다. 여기서 ‘이용료’란 일반이용자가 체육시설업자에게 계약 시 납부한 총금액을 말하며, 계약금·입회금·가입비·부대시설 이용료 등의 금액을 모두 포함합니다. 다만, 보증금은 이용료에 포함되지 않습니다.   단, 사업자의 가격(요금) 체계, 정상가격으로 이용하는 소비자의 비중 등 제반 사항을 고려하여 위약금 산정 시 정상 금액을 기준으로 이용요금을 공제하는 것이 타당하다고 판단될 수 있습니다."
1273, 헬스장, 계약해제·해지_할인 이벤트,헬스장 PT 20회를 할인 이벤트가로 등록한 이후 개인 사정으로 계약해지를 요구하였습니다. 그러나 사업장에서 이벤트 기간 중 등록된 회원권은 환급이 불가하다는데 환급을 받을 수 없나요?,"개인 사정으로 계약을 해지하는 경우 이벤트 기간 중 등록된 회원권일지라도 환급을 요구할 수 있습니다.    사업자가 할인가격, 이벤트 가격 적용을 사유로 환급을 거부하는 경우에는 소비자의 계약해지권 행사를 제한함과 동시에 해지로 발생하는 손실을 현저하게 초과하는 위약금을 청구하는 것으로 볼 수 있으므로 「약관 규제에 관한 법률」 제6조(일반원칙)와 「방문판매 등에 관한 법률」 제32조(계약 해지 또는 해제의 효과와 위약금 등) 제1항 및 제52조(소비자 등에게 불리한 계약의 금지)에 따라 무효로 볼 수 있습니다.    따라서 공정거래위원회가 고시한 체육시설업 관련 ‘소비자분쟁해결기준’에 따라 아래와 같이 환급을 요구할 수 있다고 판단됩니다.   ㅇ 소비자의 귀책 사유로 인한 계약해제    - 개시일 이전 : 이용료 - 위약금    - 개시일 이후 : [이용료 - (이용료 * 이미경과한기간(횟수)/계약상이용기간(횟수))] - 이용료의 1/10   여기서 ‘이용료’란 일반이용자가 체육시설업자에게 계약 시 납부한 총금액을 말하며, 계약금·입회금·가입비·부대시설 이용료 등의 금액을 모두 포함합니다.    다만, 보증금은 이용료에 포함되지 않습니다."
1274, 헬스장, 계약해제·해지_사업자 간 양도·양수,사업장을 양도받은 사업자(양수인)에게 개인사정으로 계약해지 및 환급을 요청하였으나 대표자가 변경되었다는 이유로 회원권에 대한 환급을 거부합니다. 구제 방법이 있나요?,"대표자가 변경되었더라도 사안에 따라 사업자(양수인)에게 회원권 환급을 요구할 수 있습니다.    「상법」 제42조(상호를 속용하는 양수인의 책임)에 따르면 영업양수인이 양도인의 상호를 계속 사용하는 경우에는 양도인의 영업으로 인한 제3자의 채권에 대하여 양수인도 변제할 책임이 있음을 규정하고 있습니다. 이에 근거하여 양수인이 양도인의 영업채무를 인수하지 않았다는 것을 등기하거나 채권자인 소비자에게 양도인과 함께 통지하지 않는 한, 채권자인 소비자는 양수인에게 채무를 변제할 것을 요구할 수 있으며, 상호를 속용하였으나 영업의 양도·양수를 사유로 환급을 거부하는 경우 실제 공급된 재화 등의 대가를 초과하여 수령한 대금의 환급을 부당하게 거부하는 행위로 볼 수 있으므로 「방문판매 등에 관한 법률」 제32조(계약 해지 또는 해제의 효과와 위약금 등) 제1항 및 제52조(소비자 등에게 불리한 계약의 금지) 위반으로 볼 수 있습니다.   따라서, 공정거래위원회가 고시한 체육시설업 관련 ‘소비자분쟁해결기준’에 따라 소비자 귀책 사유로 이용개시일 이후에 계약해지를 요구한 경우에는 이용료(계약금, 입회금, 가입비, 부대시설 이용료 등 모두 포함)에서 이미 경과한 일수(또는 이용한 횟수)와 위약금(이용료의 1/10에 해당하는 금액)을 공제 후 환급을 요구할 수 있다고 판단됩니다.   다만, 양수한 사업자가 다른 업종으로 변경하거나 새로운 상호를 사용하면서 기존 회원에 대해 양도양수 관계 및 채무 미승계에 대해 고지했다면 이전 사업자가 책임을 져야 합니다."
1275, 헬스장, 계약해제·해지_양도 회원권,친구에게 회원권을 양도받은 후 개인 사정으로 계약해지 및 환급을 요청하였으나 사업자가 양도받은 회원권에 대해 환급을 거부합니다. 구제 방법이 있나요? ,"개인 사정으로 계약해지 시 양도받은 회원권일지라도 사업자에게 환급을 요구할 수 있습니다.    헬스장 등 체육시설 이용권은 이용권에 기명된 자가 해당 시설을 이용할 수 있도록 하는 권리증서로 기명식 채권의 일종으로 볼 수 있습니다. 「민법」 제449조(채권의 양도성)에 따르면 성질상 양도·양수가 불가능하거나 법률에서 금지하는 경우와 당사자 간 개별 약정으로 양도·양수를 제한하는 경우를 제외하고는 원칙적으로 양도·양수가 허용된다고 규정하고 있습니다.   따라서, 체육시설 이용권에 대한 양도 또한 원칙적으로 가능합니다. 회원권 양도는 동일성을 변경시키지 아니하고 이전함을 목적으로 하는 구채권자와 신채권자 간의 계약이기에 회원권을 양수받은 사정만으로는 다른 법률에서 규정하고 있는 계약해지 제한 사유나 「방문판매 등에 관한 법률」 시행령 제40조(계속거래 또는 사업권유거래의 계약 해지 제한 사유)에서 규정하고 있는 예외 사유에 해당할 만한 계약변경이 이루어졌다고 보기 어려운바, 사업자가 양도를 이유로 계약해지 및 환급을 거부할 경우 「방문판매 등에 관한 법률」 제31조(계약의 해지) 및 제32조(계약 해지 또는 해제의 효과와 위약금 등) 제1항 위반으로 볼 수 있습니다.   따라서, 공정거래위원회가 고시한 체육시설업 관련 ‘소비자분쟁해결기준’에 따라 소비자 귀책 사유로 이용개시일 이후에 계약해지를 요구한 경우에는 이용료(계약금, 입회금, 가입비, 부대시설 이용료 등 모두 포함)에서 이미 경과한 일수(또는 이용한 횟수)와 위약금(이용료의 1/10에 해당하는 금액)을 공제 후 환급을 요구할 수 있다고 판단됩니다."
1276, 헬스장, 계약해제·해지_운동프로그램 변경_계약해지,"헬스장 이용권+GX 1년 이용권을 등록하였는데, 사업자가 일방적으로 GX 수업을 폐지하였습니다. 이에 사업자에게 계약해지를 요구하였으나 이를 거부합니다. 구제 방법이 있나요?","사업자가 시설 이용 외에 스피닝, 요가 등 운동프로그램을 이용하기로 약정했던 계약상 주요 사항을 소비자 동의 없이 임의로 변경 또는 폐지한 경우, 위약금 없이 해지시까지의 이용대금만 공제한 잔여대금 환급이 가능합니다.   1개월 이상의 헬스장 이용계약은 「방문판매 등에 관한 법률」(이하, ‘방문판매법’) 상 계속거래로 보아 계약기간 중 언제든지 계약을 해지할 수 있습니다. ‘방문판매법’ 제32조(계약 해지 또는 해제의 효과와 위약금 등) 제1항에 따르면 이때 사업자는 소비자에게 해지 또는 해제로 발생하는 손실을 현저하게 초과하는 위약금을 청구하여서는 아니되고, 가입비나 그 밖에 명칭에 상관없이 실제 공급된 재화 등의 대가를 초과하여 수령한 대금의 환급을 부당하게 거부하여서는 아니 된다고 규정하고 있습니다.   따라서, 사업자가 환급을 거부하는 행위는 계약해지 또는 해제로 인한 사업자의 원상회복의무를 부당하게 경감하는 것으로 「약관의 규제에 관한 법률」 제9조(계약의 해제·해지) 제5호, ‘방문판매법’ 제32조(계약 해지 또는 해제의 효과와 위약금 등) 및 제52조(소비자 등에게 불리한 계약의 금지)에 따라서 무효로 볼 수 있어 기 사용분에 대한 이용요금만 공제 후 남은 대금은 위약금 없이 환급 가능하다고 판단됩니다. 여기서 ‘이용료’란 일반이용자가 체육시설업자에게 계약 시 납부한 총금액을 말하며, 계약금·입회금·가입비·부대시설 이용료 등의 금액을 모두 포함합니다. 다만, 보증금은 이용료에 포함되지 않습니다."
1277, 헬스장, 계약해제·해지_운동프로그램 변경_계약유지,"헬스장 이용권+GX 1년 이용권을 등록하였는데, 사업자가 일방적으로 GX 수업을 폐지하였습니다. 헬스장은 계속 다니고 싶은데, GX 수업을 폐지한 것에 대해 사업자에게 대안을 요구할 수 있나요?","사업자가 시설 이용 외에 스피닝, 요가 등 운동프로그램을 이용하기로 약정했던 계약상 주요 사항을 소비자의 동의 없이 임의로 변경 또는 폐지한 경우, 소비자가 계약을 유지하고자 한다면 사업자는 손해배상 또는 그에 상응하는 대책을 제공해야 합니다.   「민법」 제390조(채무불이행과 손해배상)에 따르면 채무자가 채무의 내용에 좇은 이행을 하지 아니한 때에는 채권자는 손해배상을 청구할 수 있다고 규정하고 있습니다.    따라서, 이 경우 GX를 이용하기 위해 함께 등록했기에 사업자가 소비자에게 손해배상 하거나, GX 취소에 대한 다른 대책 제공을 요구할 수 있습니다. "
1278, 헬스장, 계약해제·해지_시설 사용 불가,헬스장 시설 고장에 의한 공사 등으로 시설물을 이용할 수 없다고 합니다. 해결방안이 있나요?,"체육시설업 관련 ‘소비자분쟁해결기준’에 따르면 시설고장, 정원 초과 등으로 당해 시설물을 이용할 수 없는 경우 사업자가 환급 또는 동급의 타 시설물로 이용을 대체하도록 규정하고 있습니다.   따라서, 헬스장 시설 공사로 시설물을 이용할 수 없는 경우에는 사업자에게 환급 또는 동급의 타 시설물을 이용할 수 있도록 요구할 수 있습니다.   다만, 시설물을 이용할 수 없는 수준에 대한 판단은 각 사안별로 달라질 수 있습니다. "
1279, 헬스장, 청약철회_신용카드 할부계약_7일 이내 취소,헬스장 6개월 회원권을 신용카드 할부(6개월)로 100만원 결제하였습니다. 개인적인 사유로 인해 헬스장을 다니지 못할 것 같아서 결제일로부터 7일 이내 사업장을 방문하여 할부계약 청약철회를 요구하였습니다. 그러나 사업자는 이를 거부하는데 환급이 가능할까요?,"7일 이내 사업장을 방문하여 할부계약 청약철회를 요구하였다면 환급이 가능합니다.    거래금액이 20만원 이상이고 신용카드 할부 기간이 3개월 이상인 거래는 「할부거래 등에 관한 법률」 상 할부거래로 보며, 동법 제8조에 따르면 재화를 공급받은 날부터 7일 이내에는 단순 변심이라도 위약금 없이 전액 환급이 가능하도록 규정하고 있습니다. 청약철회 의사는 서면으로 의사표시를 하여야 하므로 사업자에게 서면으로 발송하되, 신용제공자가 있는 경우에 「할부거래에 관한 법률」 제9조(간접할부계약에서의 청약의 철회 통보) 제1항에 따라 소비자는 동일한 기간 내에 신용제공자(신용카드회사)에도 철회의 의사표시가 적힌 서면을 발송해야 합니다. 서면은 사후 입증이 가능한 내용증명우편 등을 이용하는 것이 좋으며, 서면으로 발송한 경우에는 발송한 날에 그 효력이 발생합니다.   다만, 헬스장 이용계약의 개시가 시작되었거나 시간이 지남으로써 다시 판매하기 어려울 정도로 회원권 가치가 현저히 낮아진 경우에는 청약철회가 제한될 수 있으며, 청약철회 기간 내임에도 불구하고 이용 내역이 있을 경우에는 환급 시 이용대금이 공제될 수 있습니다. "
1280, 헬스장, 계약불이행_사업자 폐업,다니던 헬스장이 폐업한 경우 해결방안이 있나요?,"다니던 헬스장이 폐업한 경우 피해구제 진행이 어려울 수 있습니다.    한국소비자원 ‘소비자불만처리 및 피해구제 업무처리규정’에 따르면 피해구제 처리 도중 당사자의 연락불능 등으로 그 처리가 불가능한 것으로 판명된 경우에는 처리 절차를 종료하도록 규정하고 있습니다. 따라서, 사업자의 부도·폐업 등으로 연락이 불가능하거나 소재파악이 안되는 경우 한국소비자원에서 처리가 불가합니다.   다만, 신용카드사에 잔여할부금이 남아 있는 경우에는 잔여할부금 지급 거절 내용증명을 우편으로 신용카드사에 발송하는 등 「할부거래에 관한 법률」 상 할부항변권을 행사할 수 있으며, 할부항변권 행사가 불가능한 경우에는 사업자 대표 등을 대상으로 민사소송을 제기하여 구제받을 수 있습니다. 할부항변권은 신용카드 할부(20만원, 3회 이상)로 결제한 경우에 한합니다."
1281, 헬스장, 가격·요금_부가상품 비용 추가 공제,"헬스장 중도해지를 요구했는데 사업자가 잔여환급금 산정 과정에서 무료 제공을 약속한 운동복, 락커룸 대금을 추가로 공제합니다. 구제 방법이 있나요?","계약서 작성 시 당사자 간의 약정에 따라 공제 여부 및 금액이 달라질 수 있습니다.    1개월 이상의 헬스장 이용계약은 「방문판매 등에 관한 법률」 제2조(정의) 제10호에 따른 ‘계속거래’로 동법 제32조(계약 해지 또는 해제의 효과와 위약금 등) 제4항에 따른 고시 기준인 ‘계속거래 등의 해지·해제에 따른 위약금 및 대금의 환급에 관한 산정기준’에 따르면 공급된 부가상품이 있는 경우 부가상품의 대금에 대해 감액할 수 있다고 규정하고 있습니다.    따라서, 당사자 간 작성한 계약서상 중도해지 시 운동복 락커룸이 서비스로 제공되었고, 해당 서비스를 공제한다는 약관이 기재된 경우 당사자 간 약정에 따라 공제될 수 있습니다. 또한, 당사자 간 작성한 계약서에 서비스에 대한 공제 금액 기준이 기재되어 있지 않다면 사업자가 이를 입증해야 합니다."
1282, 헬스장, 가격·요금_휴회기간 산입,사업자가 잔여환급금 산정 과정에서 휴회기간을 이용일수에 산입합니다. 구제 방법이 있나요?,"휴회기간은 이용일수에 미포함할 것을 사업자에게 요구할 수 있습니다.    「방문판매등에 관한 법률」 제32조(계약 해지 또는 해제의 효과와 위약금 등) 제1항에 따르면 계속거래업자등이 소비자에게 과도한 위약금을 부과하는 것을 금지하도록 규정하고 있습니다. 또한, 공정거래위원회에서는 질병 등 전혀 예기치 못한 사정으로 고객이 일정기간 동안 일시적으로 체육활동을 할 수 없는 경우에는 고객 일방에게만 손해가 되지 않도록 계약 양 당사자의 합의 하에 이용 연기를 인정하여 계약 쌍방 이익을 조정할 것을 권고하고 있습니다.   따라서, 휴회기간은 당사자 쌍방 간 채권, 채무이행을 청구하지 않기로 약정한 것으로 이용일수에 미포함할 것을 사업자에게 요구할 수 있다고 판단됩니다."
1283, 헬스장, 안전_제품/시설 안전1,운동시설 위에 있던 녹슨 못에 다리가 찔려 병원에 가서 치료를 받은 경우 해결방안이 있나요?,"체육시설업 관련 ‘소비자분쟁해결기준’에 따르면 신체상 피해 발생 시 배상액을 배상하도록 규정하고 있습니다.   따라서, 헬스장 이용 중 사업자의 운동시설 관리 소홀 등으로 신체상 피해가 발생한 경우 사업자에게 치료비, 일실손해 등 손해배상을 요구할 수 있다고 판단됩니다.   단, 사업자의 주의의무 위반, 소비자의 부주의 여부 등에 따라 달라질 수 있습니다."
1284, 헬스장, 안전_제품/시설 안전2,사업자로부터 잘못된 운동기구 사용법을 설명받고 사용하다가 어깨를 다쳐 병원에 가서 치료를 받은 경우 해결방안이 있나요?,"체육시설업 관련 ‘소비자분쟁해결기준’에 따르면 신체상 피해 발생 시 배상액을 배상하도록 규정하고 있습니다.   따라서, 헬스장 이용 중 운동기구 사용법 설명 부족 등으로 신체상 피해가 발생한 경우 사업자에게 치료비, 일실손해 등 손해배상을 요구할 수 있다고 판단됩니다.   단, 사업자의 주의의무 위반, 소비자의 부주의 여부 등에 따라 달라질 수 있습니다."
1285, 헬스장, 표시·광고＿허위설명/중요사항 미설명,헬스장을 등록했는데 PT강사가 ㅇㅇ대학교 외래교수라는 프로필 광고를 보고 수강하기로 했습니다. 그런데 2번째 수강중에 강사가 ㅇㅇ대학교 외래교수가 아님을 알게 되었습니다. 허위 광고임을 알고 취소를 하고 싶은데 환급 가능할까요?,"허위광고로 인한 계약해지의 경우 사업자에게 환급을 요구할 수 있습니다.    「표시·광고의 공정화에 관한 법률」 제3조(부당한 표시·광고 행위의 금지)에 따르면 사업자가 소비자를 속이거나 소비자로 하여금 잘못 알게 할 우려가 있는 표시·광고 행위로서 공정한 거래질서를 해칠 우려가 있는 거짓·과장의 표시·광고는 하여서는 아니된다고 규정하고 있습니다.   따라서, 계약 당시 거래조건을 상세하게 설명하지 않았거나 허위로 설명한 경우 위약금 없이 총 계약대금 전액 환급이 가능합니다. 또한 헬스장 등록 당시 교수의 프로필에 허위사실이 있었으므로 사업자에게 전액 환급을 요구할 수 있다고 판단됩니다.   다만, 허위 설명 및 허위 광고를 입증할 수 있는 입증자료를 함께 제시하여야 합니다. "
1286, 호텔, 계약해제·해지_성수기 주중_소비자 귀책사유,성수기 주중으로 호텔을 예약하고 개인 사정으로 사용예정일 8일 전에 예약취소를 하였으나 사업자는 50%를 공제한 후 환급이 가능하다고 주장합니다. 구제 방법이 있나요?,"사업자에게 총 요금의 10%를 공제한 후 환급을 요구할 수 있습니다. 단, 불공정하지 않은 특약 사유가 있는 경우 공제 후 환급이 될 수도 있습니다.   숙박업 관련 「소비자분쟁해결기준」에 따르면 성수기 주중 소비자의 책임 있는 사유로 인한 계약해제의 경우 사용예정일을 기준으로 계약해제 시기에 따라 위약금에 차이가 있으며, 이를 공제한 후 환급하도록 규정하고 있습니다.    - 사용예정일 10일 전까지 취소 또는 계약체결 당일 취소: 계약금 환급    - 사용예정일 7일 전까지 취소: 총 요금의 10% 공제 후 환급    - 사용예정일 5일 전까지 취소: 총 요금의 30% 공제 후 환급    - 사용예정일 3일 전까지 취소: 총 요금의 50% 공제 후 환급    - 사용예정일 1일 전까지 또는 사용예정일 당일 취소: 총 요금의 80% 공제 후 환급   따라서 소비자의 개인사정에 의하여 사용예정일 7일 전까지 취소를 요구하였으므로 총 요금의 10%를 공제한 후 환급을 요구할 수 있습니다. 여기서 말하는 성수기는 사업자가 약관에 표시한 기간을 적용하되 약관에 관련 내용이 없는 경우에는 여름(7.15~8.24), 겨울(12.20~2.20) 시즌을 뜻하며, 금요일·토요일 숙박, 공휴일 전일 숙박을 제외한 나머지를 주중으로 봅니다.   다만, 숙박업체의 환급규정이 숙박업 관련 「소비자분쟁해결기준」과 표준약관보다 소비자에게 불리하게 정해진 경우 관련법규에 위반되지 않는 범위 내에서 소비자에게 설명하고 별도의 확인을 받았다면 특약으로 인정될 수 있으며, 해당 특약이 「약관의 규제에 관한 법률」 제9조에 의한 ‘계약의 해지시 고객의 원상회복의무를 상당한 이유 없이 과중하게 부담시키거나 원상회복 청구권을 부당하게 포기하도록 하는 조항’으로써 무효로 볼 수 없을 경우에는 사업자의 주장대로 공제 후 환급이 될 수도 있습니다."
1287, 호텔, 계약해제·해지_성수기 주중_사업자 귀책사유,성수기 주중으로 호텔을 예약하였으나 사업자의 숙박 시스템 오류로 이중예약이 되어 사용예정일 6일 전에 일방적으로 예약을 취소하였습니다. 구제 방법이 있나요?,"사업자에게 계약금 환급과 총 요금의 30% 배상을 요구할 수 있습니다.   「민법」 제390조에 따르면 채무자가 채무의 내용에 좇은 이행을 하지 아니한 때에는 채권자는 손해배상을 청구할 수 있도록 규정하고 있습니다. 또한, 숙박업 관련 「소비자분쟁해결기준」에 따르면 성수기 주중 사업자의 귀책사유로 인한 계약해제의 경우 사용예정일을 기준으로 계약해제 시기에 따라 배상액에 차이가 있으며, 계약금 환급 이외에 해당 배상액을 지급하도록 규정하고 있습니다.    - 사용예정일 10일 전까지 취소: 계약금 환급    - 사용예정일 7일 전까지 취소: 계약금 환급 및 총 요금의 10% 배상    - 사용예정일 5일 전까지 취소: 계약금 환급 및 총 요금의 30% 배상    - 사용예정일 3일 전까지 취소: 계약금 환급 및 총 요금의 50% 배상    - 사용예정일 1일 전까지 또는 사용예정일 당일 취소: 손해배상   따라서 사업자의 귀책사유로 사용예정일 5일 전까지 취소를 요구하였으므로 계약금 환급과 총 요금의 30% 배상을 요구할 수 있습니다. 여기서 말하는 성수기는 사업자가 약관에 표시한 기간을 적용하되 약관에 관련 내용이 없는 경우에는 여름(7.15~8.24), 겨울(12.20~2.20) 시즌을 뜻하며, 금요일·토요일 숙박, 공휴일 전일 숙박을 제외한 나머지를 주중으로 봅니다."
1288, 호텔, 계약해제·해지_성수기 주말_소비자 귀책사유,성수기 주말로 호텔을 예약하고 개인 사정으로 사용예정일 4일 전에 예약취소를 하였으나 사업자는 취소가 불가능하다고 주장합니다. 구제 방법이 있나요?,"사업자에게 총 요금의 60% 공제한 후 환급을 요구할 수 있습니다. 단, 불공정하지 않은 특약 사유가 있는 경우 공제 후 환급이 될 수도 있습니다.   숙박업 관련 「소비자분쟁해결기준」에 따르면 성수기 주말 소비자의 책임있는 사유로 인한 계약해제의 경우 사용예정일을 기준으로 계약해제 시기에 따라 위약금에 차이가 있으며, 이를 공제한 후 환급하도록 규정하고 있습니다.    - 사용예정일 10일 전까지 취소 또는 계약체결 당일 취소: 계약금 환급    - 사용예정일 7일 전까지 취소: 총 요금의 20% 공제 후 환급    - 사용예정일 5일 전까지 취소: 총 요금의 40% 공제 후 환급    - 사용예정일 3일 전까지 취소: 총 요금의 60% 공제 후 환급    - 사용예정일 1일 전까지 또는 사용예정일 당일 취소: 총 요금의 90% 공제 후 환급   따라서 소비자의 개인사정에 의하여 사용예정일 3일 전까지 취소를 요구하였으므로 총 요금의 60%를 공제한 후 환급을 요구할 수 있습니다. 여기서 말하는 성수기는 사업자가 약관에 표시한 기간을 적용하되 약관에 관련 내용이 없는 경우에는 여름(7.15~8.24), 겨울(12.20~2.20) 시즌을 뜻하며, 금요일·토요일 숙박, 공휴일 전일 숙박을 주말로 봅니다.   다만, 숙박업체의 환급규정이 숙박업 관련 「소비자분쟁해결기준」과 표준약관보다 소비자에게 불리하게 정해진 경우 관련법규에 위반되지 않는 범위 내에서 소비자에게 설명하고 별도의 확인을 받았다면 특약으로 인정될 수 있으며, 해당 특약이 「약관의 규제에 관한 법률」 제9조에 의한 ‘계약의 해지시 고객의 원상회복의무를 상당한 이유 없이 과중하게 부담시키거나 원상회복 청구권을 부당하게 포기하도록 하는 조항’으로써 무효로 볼 수 없을 경우에는 사업자의 주장대로 공제 후 환급이 될 수도 있습니다."
1289, 호텔, 계약해제·해지_성수기 주말_사업자 귀책사유,성수기 주말로 호텔을 예약하였으나 사업자의 숙박 시스템 오류로 이중예약이 되어 사용예정일 3일 전에 일방적으로 예약을 취소하였습니다. 구제 방법이 있나요?,"사업자에게 계약금 환급과 총 요금의 60% 배상을 요구할 수 있습니다.   「민법」 제390조에 따르면 채무자가 채무의 내용에 좇은 이행을 하지 아니한 때에는 채권자는 손해배상을 청구할 수 있도록 규정하고 있습니다. 또한, 숙박업 관련 「소비자분쟁해결기준」에 따르면 성수기 주말 사업자의 귀책사유로 인한 계약해제의 경우 사용예정일을 기준으로 계약해제 시기에 따라 배상액에 차이가 있으며, 계약금 환급 이외에 해당 배상액을 지급하도록 규정하고 있습니다.    - 사용예정일 10일 전까지 취소: 계약금 환급    - 사용예정일 7일 전까지 취소: 계약금 환급 및 총 요금의 20% 배상    - 사용예정일 5일 전까지 취소: 계약금 환급 및 총 요금의 40% 배상    - 사용예정일 3일 전까지 취소: 계약금 환급 및 총 요금의 60% 배상    - 사용예정일 1일 전까지 또는 사용예정일 당일 취소: 손해배상   따라서 사업자의 귀책사유로 사용예정일 3일 전까지 취소를 요구하였으므로 계약금 환급과 총 요금의 60% 배상을 요구할 수 있습니다. 여기서 말하는 성수기는 사업자가 약관에 표시한 기간을 적용하되 약관에 관련 내용이 없는 경우에는 여름(7.15~8.24), 겨울(12.20~2.20) 시즌을 뜻하며, 금요일·토요일 숙박, 공휴일 전일 숙박을 주말로 봅니다."
1290, 호텔, 계약해제·해지_비수기 주중_소비자 귀책사유,비수기 주중으로 호텔을 예약하고 개인 사정으로 사용예정일 8일 전에 예약취소를 하였으나 사업자는 50%를 공제한 후 환급이 가능하다고 주장합니다. 구제 방법이 있나요?,"사업자에게 계약금 환급을 요구할 수 있습니다. 단, 불공정하지 않은 특약 사유가 있는 경우 공제 후 환급이 될 수도 있습니다.  숙박업 관련 「소비자분쟁해결기준」에 따르면 비수기 주중 소비자의 책임있는 사유로 인한 계약해제의 경우 사용예정일을 기준으로 계약해제 시기에 따라 위약금에 차이가 있으며, 이를 공제한 후 환급하도록 규정하고 있습니다.    - 사용예정일 2일 전까지 취소: 계약금 환급    - 사용예정일 1일 전까지 취소: 총 요금의 10% 공제 후 환급    - 사용예정일 당일 취소 또는 연락없이 불참: 총 요금의 20% 공제 후 환급   따라서 소비자의 개인사정에 의하여 사용예정일 2일 전까지 취소를 요구하였으므로 계약금 환급을 요구할 수 있습니다. 여기서 말하는 비수기는 사업자가 약관에 표시한 기간을 적용하되 약관에 관련 내용이 없는 경우에는 여름(7.15~8.24), 겨울(12.20~2.20) 시즌을 제외한 나머지를 뜻하며, 금요일·토요일 숙박, 공휴일 전일 숙박을 제외한 나머지를 주중으로 봅니다.   다만, 숙박업체의 환급규정이 숙박업 관련 「소비자분쟁해결기준」과 표준약관보다 소비자에게 불리하게 정해진 경우 관련법규에 위반되지 않는 범위 내에서 소비자에게 설명하고 별도의 확인을 받았다면 특약으로 인정될 수 있으며, 해당 특약이 「약관의 규제에 관한 법률」 제9조에 의한 ‘계약의 해지시 고객의 원상회복의무를 상당한 이유 없이 과중하게 부담시키거나 원상회복 청구권을 부당하게 포기하도록 하는 조항’으로써 무효로 볼 수 없을 경우에는 사업자의 주장대로 공제 후 환급이 될 수도 있습니다."
1291, 호텔, 계약해제·해지_비수기 주중_사업자 귀책사유,비수기 주중으로 호텔을 예약하였으나 사업자의 숙박 시스템 오류로 이중예약이 되어 사용예정일 1일 전에 일방적으로 예약을 취소하였습니다. 구제 방법이 있나요?,"사업자에게 계약금 환급과 총 요금의 10% 배상을 요구할 수 있습니다.   「민법」 제390조에 따르면 채무자가 채무의 내용에 좇은 이행을 하지 아니한 때에는 채권자는 손해배상을 청구할 수 있도록 규정하고 있습니다. 또한, 숙박업 관련 「소비자분쟁해결기준」에 따르면 비수기 주중 사업자의 귀책사유로 인한 계약해제의 경우 사용예정일을 기준으로 계약해제 시기에 따라 배상액에 차이가 있으며, 계약금 환급 이외에 해당 배상액을 지급하도록 규정하고 있습니다.    - 사용예정일 2일 전까지 취소: 계약금 환급    - 사용예정일 1일 전까지 취소: 계약금 환급 및 총 요금의 10% 배상    - 사용예정일 당일 취소: 계약금 환급 및 총 요금의 20% 배상   따라서 사업자의 귀책사유로 사용예정일 1일 전까지 취소를 요구하였으므로 계약금 환급과 총 요금의 10% 배상을 요구할 수 있습니다. 여기서 말하는 비수기는 사업자가 약관에 표시한 기간을 적용하되 약관에 관련 내용이 없는 경우에는 여름(7.15~8.24), 겨울(12.20~2.20) 시즌을 제외한 나머지를 뜻하며, 금요일·토요일 숙박, 공휴일 전일 숙박을 제외한 나머지를 주중으로 봅니다."
1292, 호텔, 계약해제·해지_비수기 주말_소비자 귀책사유,비수기 주말로 호텔을 예약하고 개인 사정으로 사용예정일 8일 전에 예약취소를 하였으나 사업자는 50%를 공제한 후 환급이 가능하다고 주장합니다. 구제 방법이 있나요?,"사업자에게 계약금 환급을 요구할 수 있습니다. 단, 불공정하지 않은 특약 사유가 있는 경우 공제 후 환급이 될 수도 있습니다.   숙박업 관련 「소비자분쟁해결기준」에 따르면 비수기 주말 소비자의 책임있는 사유로 인한 계약해제의 경우 사용예정일을 기준으로 계약해제 시기에 따라 위약금에 차이가 있으며, 이를 공제한 후 환급하도록 규정하고 있습니다.    - 사용예정일 2일 전까지 취소: 계약금 환급    - 사용예정일 1일 전까지 취소: 총 요금의 20% 공제 후 환급    - 사용예정일 당일 취소 또는 연락없이 불참: 총 요금의 30% 공제 후 환급   따라서 소비자의 개인사정에 의하여 사용예정일 2일 전까지 취소를 요구하였으므로 계약금 환급을 요구할 수 있습니다. 여기서 말하는 비수기는 사업자가 약관에 표시한 기간을 적용하되 약관에 관련 내용이 없는 경우에는 여름(7.15~8.24), 겨울(12.20~2.20) 시즌을 제외한 나머지를 뜻하며, 금요일·토요일 숙박, 공휴일 전일 숙박을 주말로 봅니다.   다만, 숙박업체의 환급규정이 숙박업 관련 「소비자분쟁해결기준」과 표준약관보다 소비자에게 불리하게 정해진 경우 관련법규에 위반되지 않는 범위 내에서 소비자에게 설명하고 별도의 확인을 받았다면 특약으로 인정될 수 있으며, 해당 특약이 「약관의 규제에 관한 법률」 제9조에 의한 ‘계약의 해지시 고객의 원상회복의무를 상당한 이유 없이 과중하게 부담시키거나 원상회복 청구권을 부당하게 포기하도록 하는 조항’으로써 무효로 볼 수 없을 경우에는 사업자의 주장대로 공제 후 환급이 될 수도 있습니다."
1293, 호텔, 계약해제·해지_비수기 주말_사업자 귀책사유,비수기 주말로 호텔을 예약하였으나 사업자의 숙박 시스템 오류로 이중예약이 되어 사용예정일 1일 전에 일방적으로 예약을 취소하였습니다. 구제 방법이 있나요?,"사업자에게 계약금 환급과 총 요금의 20% 배상을 요구할 수 있습니다.   「민법」 제390조에 따르면 채무자가 채무의 내용에 좇은 이행을 하지 아니한 때에는 채권자는 손해배상을 청구할 수 있도록 규정하고 있습니다. 또한, 숙박업 관련 「소비자분쟁해결기준」에 따르면 비수기 주말 사업자의 귀책사유로 인한 계약해제의 경우 사용예정일을 기준으로 계약해제 시기에 따라 배상액에 차이가 있으며, 계약금 환급 이외에 해당 배상액을 지급하도록 규정하고 있습니다.    - 사용예정일 2일 전까지 취소: 계약금 환급    - 사용예정일 1일 전까지 취소: 계약금 환급 및 총 요금의 20% 배상    - 사용예정일 당일 취소: 계약금 환급 및 총 요금의 30% 배상   따라서 사업자의 귀책사유로 사용예정일 1일 전까지 취소를 요구하였으므로 계약금 환급과 총 요금의 20% 배상을 요구할 수 있습니다. 여기서 말하는 비수기는 사업자가 약관에 표시한 기간을 적용하되 약관에 관련 내용이 없는 경우에는 여름(7.15~8.24), 겨울(12.20~2.20) 시즌을 제외한 나머지를 뜻하며, 금요일·토요일 숙박, 공휴일 전일 숙박을 주말로 봅니다."
1294, 호텔, 계약해제·해지_과다한 위약금 요구1,전자상거래로 당일(비수기 주중) 호텔 이용을 위해 요금을 입금하고 개인사정으로 결제 후 5분 만에 예약 취소를 요구하였으나 사업자는 당일 취소 시 예약금 전액 환급이 불가함을 사전에 고지하였음을 근거로 이를 거부하고 있습니다. 구제 방법이 있나요?,"사업자에게 총 요금의 20%를 공제한 후 환급을 요구할 수 있습니다.   「전자상거래 등에서의 소비자보호에 관한 법률」 제19조에 따르면 소비자에게 책임이 있는 사유로 재화 등의 판매에 관한 계약이 해제된 경우, 통신판매업자는 그로 인하여 발생한 손해에 대하여 소비자에게 배상을 요구할 수 있는데, 이 때 손해배상액은 구체적인 사정 및 통신판매업자와 소비자 간의 손해배상청구에 따른 분쟁의 원활한 해결을 위하여 숙박업 관련 「소비자분쟁해결기준」에서 정한 기준에 따라 산정할 수 있습니다.   사업자가 사전에 고지한 약관을 통해 숙박 당일계약을 해제하는 경우에 이용요금 전액을 손해배상액으로 정한 숙박업소 자체 규정에 대해, 이는 구체적으로 발생한 손해나 발생할 수 있는 손해의 가능성을 고려하지 아니하고 일률적으로 이용요금 전액을 손해배상액으로 하고 있어 소비자에게 부당하게 과중한 손해배상 의무를 부담시키거나 계약의 해제 또는 해지로 인한 사업자의 원상회복의무나 손해배상의무를 부당하게 경감하는 조항에 해당하므로, 「약관의 규제에 관한 법률」 제9조에 따라 그 효력을 인정하기 어려울 수 있습니다.   따라서, 숙박업 관련 「소비자분쟁해결기준」에 의거하여 비수기 주중에 소비자 귀책사유로 사용예정일 당일 취소를 요구하였으므로 총 요금의 20%를 공제한 후 환급을 요구할 수 있습니다."
1295, 호텔, 계약해제·해지_과다한 위약금 요구2,제주도 호텔 예약 후 이용예정일 당일 해당 지역에 호우경보 및 호우주의보가 내려 폭우로 인해 항공기가 결항되어 호텔을 이용할 수 없어 당일 취소를 하고 환급을 요청하였으나 사업자는 당일 취소 시 예약금 전액 환급이 불가함을 사전에 고지하였음을 근거로 이를 거부하고 있습니다. 구제 방법이 있나요?,"사업자에게 선납한 이용대금 환급을 요구할 수 있습니다.   숙박업 관련 「소비자분쟁해결기준」에 따르면 기후변화 및 천재지변으로 소비자의 숙박지역 이동 또는 숙박업소 이용이 불가하여 숙박 당일 취소 시에는 계약금을 환급하도록 규정하고 있으며, 기후변화 또는 천재지변으로 숙박업소 이용이 불가한 경우로는 기상청이 강풍·풍량·호우 등의 주의보나 경보를 발령한 경우로 한정한다고 규정하고 있습니다.   당일 취소 시 어떠한 경우에도 이용대금을 환급하지 않는다고 규정한 사업자의 약관 조항은 소비자에게 과도한 손해배상 의무를 부담시키는 것으로 「약관의 규제에 관한 법률」 제8조에 따라 그 효력을 인정하기 어렵다고 판단될 수 있으며, 숙박업 관련 「소비자분쟁해결기준」에 따라 환급 여부를 정할 수 있습니다.   따라서 기상청에서 해당지역에 호우주의보를 발령한 사실이 있고, 이동수단의 이용이 불가한 상황이므로 당일 숙박 시설 취소라 하더라도 선납한 이용대금 환급을 요구할 수 있습니다."
1296, 호텔, 계약해제·해지_코로나 관련1,호텔을 예약한 후 사용예정일 이전에 정부의 사회적 거리두기 수도권지역 4단계 시행이 발표되자 계약해제를 요청하였으나 사업자는 70%를 공제한 후 환급이 가능하다고 주장합니다. 구제 방법이 있나요?,"사업자에게 위약금 없이 계약금 환급을 요구할 수 있습니다.   숙박업 관련 「소비자분쟁해결기준」에 따르면 1급 감염병 발생으로 계약체결 이후 필수 사회·경제활동 이외의 활동이 사실상 제한(사회적 거리두기 3단계 및 이에 준하는 조치)되어 계약을 이행할 수 없을 때 양 당사자간에 합의가 이루어져 숙박예정일 연기 등의 계약내용이 변경될 경우 사업자는 위약금 없이 계약내용을 변경해야하며, 소비자가 계약해제를 요구할 경우에는 위약금 없이 계약금을 환급해야합니다.   따라서 사회적 거리두기 4단계 시행이 발표되어 계약을 이행할 수 없는 상황이므로 위약금 없이 계약금 환급을 요구할 수 있습니다."
1297, 호텔, 계약해제·해지_코로나 관련2,성수기 주말로 호텔을 예약한 후 코로나19 확진자 수 급증으로 걱정되어 사용예정일 7일 전에 계약해제를 요청하였으나 사업자는 숙박일이 임박했다는 이유로 50%를 공제한 후 환급이 가능하다고 주장합니다. 구제 방법이 있나요?,"사업자에게 총 요금의 20%를 공제한 후 환급을 요구할 수 있습니다. 단, 불공정하지 않은 특약 사유가 있는 경우 공제 후 환급이 될 수도 있습니다.  숙박업 관련 「소비자분쟁해결기준」에 따르면 1급 감염병 발생으로 계약체결 이후 필수 사회·경제활동 이외의 활동이 사실상 제한(사회적 거리두기 3단계 및 이에 준하는 조치)되어 계약을 이행할 수 없을 때 양 당사자간에 합의가 이루어져 숙박예정일 연기 등의 계약내용이 변경될 경우 사업자는 위약금 없이 계약내용을 변경해야하며, 소비자가 계약해제를 요구할 경우에는 위약금 없이 계약금을 환급해야합니다.   다만, 본 사례는 정부의 강화된 사회적 거리두기 등에 의해 숙박시설을 이용할 수 없는 상황이 아니라 코로나19 확진자 수 급증에 대한 단순한 우려로 위의 위약금 감경에 해당되지 않으며, 따라서 「소비자분쟁해결기준」에 에 의거하여 성수기 주말에 사용예정일 7일 전까지 취소를 요구하였으므로 총 요금의 20%를 공제한 후 환급을 요구할 수 있습니다.   다만, 숙박업체의 환급규정이 숙박업 관련 「소비자분쟁해결기준」과 표준약관보다 소비자에게 불리하게 정해진 경우 관련법규에 위반되지 않는 범위 내에서 소비자에게 설명하고 별도의 확인을 받았다면 특약으로 인정될 수 있으며, 해당 특약이 「약관의 규제에 관한 법률」 제9조에 의한 ‘계약의 해지시 고객의 원상회복의무를 상당한 이유 없이 과중하게 부담시키거나 원상회복 청구권을 부당하게 포기하도록 하는 조항’으로써 무효로 볼 수 없을 경우에는 사업자의 주장대로 공제 후 환급이 될 수도 있습니다."
1298, 호텔, 계약해제·해지_글로벌 숙박 예약대행 사이트,글로벌 숙박 예약대행 사이트를 통해 해외 호텔을 예약했다가 개인사정으로 예약 취소를 요청하였으나 ‘환급불가’ 상품이므로 이를 거부하였습니다. 구제 방법이 있나요?,"한국소비자원 국제거래 소비자포털(http://www.crossborder.kca.go.kr)에 상담 신청하여 주시기 바랍니다.   해외에 소재한 글로벌 숙박 예약대행 사이트는 「소비자분쟁해결기준」 등 국내법 적용이 어려워 자사 약관이나 거래조건에 따라 위약금을 부과하는 등 현실적으로 분쟁 해결이 쉽지 않은 상황입니다. 따라서, 해외사업자를 통해 숙박을 예약하는 등 과정 중에서 발생한 소비자불만 및 피해는 한국소비자원에서 운영하는 국제거래 소비자포털(http://www.crossborder.kca.go.kr)에 상담 신청하여 주시기 바랍니다.   한편, 사업자 연락 두절 및 사이트 폐쇄 등의 문제가 발생할 경우 증거 자료를 모아 신용카드사에 차지백 서비스(국제거래에서 소비자가 피해를 입은 경우 신용카드사에 이미 승인된 거래를 취소 요청할 수 있는 서비스)를 신청하는 것을 권고합니다."
1299, 호텔, 표시·광고_광고와 차이가 있는 호텔,"소셜커머스로 호텔 예약을 하고 방문하였으나 광고와 달리 평수도 작고 객실 내 욕실도 없으며, 청소가 제대로 되어 있지 않았습니다. 이에 도저히 호텔 이용이 어려워 대금 환급을 요구하였으나 펜션 자체에 문제가 있는 것은 아니지만 고객관리차원에서 소셜커머스 업체에 지급한 수수료 20%를 공제한 잔액을 환급하겠다고 주장합니다. 구제 방법이 있나요?","사업자에게 구입가 환급을 요구할 수 있습니다.   사업자의 사이트에 게시한 광고사진과 실제 객실의 평실, 객실 내 욕실 여부, 위생상태가 다름이 인정되는 경우,  「전자상거래 등에서의 소비자보호에 관한 법률」 제17조 제3항에 따라 청약철회를 할 수 있어 적법하게 해제된 것으로 볼 수 있습니다.    따라서 숙박업 관련 「소비자분쟁해결기준」에 따라 거짓, 과장 또는 기만적인 표시·광고를 한 경우 신청인은 사업자에게 구입가 환급을 요구할 수 있습니다."
1300, 호텔, 안전_안전사고,"호텔 이용 중 샤워를 하기 위해 물을 틀었는데, 갑자기 뜨거운 물이 나와 피부에 약한 화상을 입었습니다. 구제 방법이 있나요?",사업자에게 배상을 요구하기는 어렵습니다.   「민법」 제758조에 따르면 공작물의 설치 또는 보존의 하자로 인하여 타인에게 손해를 가한 때에는 공작물점유자가 손해를 배상할 책임이 있으나 점유자가 손해의 방지에 필요한 주의를 해태하지 아니한 때에는 그 소유자가 손해를 배상할 책임이 있는 것으로 규정하고 있습니다.   본 사례에 있어서 욕실에서 갑자기 뜨거운 물이 나와 화상을 입은 것은 시설물의 하자가 아닌 사용자의 주의 의무 해태로 인한 것으로 볼 수 있으므로 사업자에게 배상을 요구할 수 없을 것으로 판단됩니다.
1301, 호텔, 안전_주차사고,"호텔 지하 주차장에 차량을 주차하고 체크아웃 시 차량의 우측 휀더 부위가 일부 파손된 것을 확인하고 CCTV 확인 및 배상을 요구하였으나, 사업자는 CCTV 사각지대로 영상을 확인할 수 없으며 주차장에서 파손되었다는 증거가 없다는 근거로 이를 거부하였습니다. 구제 방법이 있나요?","사업자의 선량한 관리자의 주의의무 위반으로 확인될 경우, 손해배상을 요구할 수 있습니다.   호텔 주차장은 「주차장법」에 명시된 부설주차장으로서 동법 제10조의2에 따라 주차장 관리자는 주차장을 성실히 관리·운영하여야 하고, 주차장에 주차하는 자동차의 보관에 관하여 선량한 관리자의 주의의무를 게을리하지 아니하였음을 증명한 경우를 제외하고는 그 자동차의 멸실 또는 훼손으로 인한 손해배상의 책임을 면하지 못한다고 할 수 있습니다.   본 사례에 있어서 사업자가 주차장 내벽 곳곳에 차량 추돌 주의 안내문을 부착했거나 주차관리요원을 상시로 두는 등 관리자의 주의의무를 다했는지, 자동차점검정비내역서 등을 통해 입차 전 차량이 파손되었을 가능성이 있는지 등을 종합적으로 고려하여 책임 여부를 판단하는 것이 필요합니다.   따라서, 사업자의 선량한 관리자의 주의의무 위반으로 확인될 경우, 손해배상을 요구할 수 있습니다."
1302, 호텔, 가격_가격기재 오류,"인터넷으로 호텔 예약을 하고 10만원을 입금하였는데, 다음날 사업자가 전화하여 예약 사이트 서버 문제로 금액에 오류가 있었다며 추가로 10만원을 입금하던지 아니면 예약을 취소할 것을 주장하였습니다. 구제 방법이 있나요?","사업자가 잘못된 가격을 안내한 것에 대한 고의성이 없다는 것을 증명할시, 계약이행을 주장하기는 어렵습니다.   「민법」 제109조에서는 계약내용 중 중요한 부분에 고의성이 없는 의사표시 착오로 인한 계약은 취소할 수 있도록 규정하고 있습니다. 또한 인터넷 상 가격 표시 오류로 인한 분쟁발생 시, 표시된 가격이 착오임을 알 수 있었다면 계약이행을 강요하기 어렵습니다.   또한, 「전자상거래 등에서의 소비자보호에 관한 법률」에서는 이를 보다 구체적으로 명시하고 있는데, 동법 제15조에 따르면 사업자가 청약을 받은 재화를 공급하기 곤란하다는 것을 알았을 때 ’그 사유를 소비자에게 알리고 대금을 3영업일 이내에 환급하거나 해당 조치를 해야 한다‘고 규정하고 있습니다.   따라서 사업자는 계약체결 및 결제 다음 날 소비자에게 ’고지 및 환급‘ 조치를 진행하였으며, 잘못된 가격을 안내한 것에 고의성이 없다는 것을 증명한 경우에는 소비자는 계약이행을 주장하기 어렵습니다."
1303, 화장품세트, 계약해제·해지_법정대리인 동의없이 구입,학교근처에서 영업사원이 화장품세트를 싸게 판매한다고 권유해서 60만원 상당을 12개월 할부로 계약했습니다. 이후 부모님께서 해당 사실을 알게되어 계약취소를 요청하셨는데 사업자는 이미 제품을 사용하였다는 이유로 거부하고 있습니다. 계약취소가 가능한가요?,"사용한 화장품을 현존상태 그대로 사업자에게 반환하고 계약을 취소할 수 있습니다.   「민법」 제5조 제1항 및 제2항에 의하면 미성년자(만19세미만)가 법정대리인의 동의 없이 행한 법률행위는 취소할 수 있고, 「민법」 제141조에서는 미성년자가 계약을 취소한 경우 그 계약으로 인하여 받은 이익이 현존하는 한도에서 반환할 책임이 있다고 규정하고 있습니다.    따라서 사용한 화장품을 현존상태 그대로 사업자에게 반환하고 계약을 취소할 수 있습니다."
1304, 화장품세트, 청약철회_방문판매_청약철회 기간,방문판매를 통해 구입한 화장품세트를 환불받고 싶은데 가능한가요?,"제품을 구입한 날(수령일)부터 14일 이내 청약철회가 가능하나, 개봉 후 일부 소비하거나 제품이 훼손되어 다시 판매하기 어려울 정도로 가치가 현저히 낮아진 경우에는 청약철회가 불가능할 수 있습니다.   「방문판매등에 관한 법률」 제8조 제1항에 따라 제품을 구입한 날(제품 수령일)로부터 14일 이내에 청약 철회가 가능하나 청약철회 등의 기간이 지났다면 단순 변심을 이유로 반품 및 환불을 요구하기 어렵습니다. 예외적으로 ‘한 달 내 무료반품’과 같이 14일보다 긴 특별 약정이 있다면 해당기간 내 계약해제 및 환급을 요구할 수 있습니다.다만, 「방문판매등에 관한 법률」 제8조 제2항에 따라 내용물을 확인하기 위하여 포장 등을 단순훼손한 경우에는 청약철회가 가능하나 물건을 개봉하여 일부 소비하거나 제품이 훼손되어 다시 판매하기 어려울 정도로 재화의 가치가 현저히 낮아진 경우에는 청약철회가 불가능 할 수 있습니다. "
1305, 화장품세트, 청약철회_택배비 부담,충동적으로 구매한 화장품세트를 사용하지 않은 채 청약철회를 요청했습니다. 판매자가 반품 택배비를 요구하는데 택배비를 누가 물어야 하는지 궁금합니다.,"전자상거래로 구입한 경우 7일이내 청약철회가 가능하며, 이때 반환에 필요한 비용은 소비자가 부담해야 합니다. 단, 영업사원(방문판매자)의 권유로 구입한 경우 14일 이내 청약철회가 가능하며, 반환에 필요한 비용은 판매자가 부담해야 합니다.   「전자상거래 등에서의 소비자보호에 관한 법률」 제17조 제1항에 따르면 소비자가 전자상거래로 물건을 구입하였을 경우 7일 이내 청약철회를 할 수 있고 재화의 반환에 필요한 비용은 소비자가 부담하도록 하고 있습니다.   이에 따라 인터넷 등 전자상거래를 통해 구입한 경우 반품 택배비는 소비자가 부담해야 합니다.    다만, 「방문판매등에 관한 법률」 제8조 제1항 및 제9조 제9항에서는 14일 이내 청약철회를 할 수 있고 공급받은 재화등의 반환에 필요한 비용은 방문판매자등이 부담하도록 규정하고 있으므로 방문판매나 전화권유로 구매한 경우는 판매자가 부담해야 합니다.   이는 소비자의 선택에 의해 구입하는 전자상거래와는 달리 방문판매의 경우는 소비자가 영업사원의 갑작스런 권유로 충동구매 했을 가능성이 커 소비자를 보호하기 위함입니다."
1306, 화장품세트, 청약철회_연락처 미상,방문판매를 통해 화장품세트를 먼저 받고 대금은 판매자가 추후 청구하기로 하였습니다. 당일 청약철회를 하려 했으나 판매자의 연락처를 알지 못하는 상태입니다. 구제 방법이 있나요?,"제품을 사용하지 않은 채 보관하고 있다가 판매자로부터 연락이 오거나, 지로용지가 도착하면 주소를 확인해 내용증명 우편으로 청약철회를 요청할 수 있습니다.   「방문판매등에 관한 법률」 제8조 제1항 및 제2항에 따라 소비자가 방문판매로 물건을 구입하여 제품이 훼손되지 않았을 경우 계약일로부터 14일 이내 청약철회를 요청할 수 있고, 판매자가 연락처를 알려주지 않았을 경우 또는 판매자의 주소 변경 등의 사유로 14일 이내에 청약철회 등을 할 수 없는 경우에는 그 주소를 안 날 또는 알 수 있었던 날부터 14일이내에 서면으로 취소의사를 통보하시면 됩니다.   따라서 해당 경우 제품을 사용하지 않은 채 보관하고 있다가 판매자로부터 연락이 오거나 지로용지가 도착하면 주소를 확인하여 내용증명 우편으로 청약철회를 요청하시면 됩니다. 이때 추후 분쟁을 대비하여 가급적 서면으로 청약철회 의사표시 하는 게 좋습니다.한편, 「방문판매등에 관한 법률」 제7조 제1항 및 제2항에 따르면 방문판매업자는 재화 등의 판매에 관한 계약을 체결하기 전에 소비자가 계약의 내용을 이해할 수 있도록 방문판매업자의 상호·주소·전화번호, 재화의 명칭·종류 및 내용, 재화 등의 가격과 그 지급 방법 및 시기 등을 설명해야 하며 이러한 내용을 기재한 계약서를 소비자에게 교부하도록 규정하고 있습니다."
1307, 화장품세트, 청약철회_배송 지연,전자상거래로 화장품세트를 구입한 후 몇 주가 지나도 배송이 되지 않아 청약철회를 요구하였으나 사업자는 현재 배송중이라며 이를 거부합니다. 송장번호도 확인이 안되는데 환급을 받을 수 있나요?,"사업자에게 환급을 요구할 수 있습니다.   「전자상거래 등에서의 소비자보호에 관한 법률」 제15조에 따르면 사업자는 소비자가 청약을 한 날부터 7일 이내에 재화 등의 공급에 필요한 조치를 하여야 하고, 소비자가 재화 등의 대금을 전부 또는 일부를 지급한 날부터 3영업일 이내에 재화등의 공급에 필요한 조치를 하여야 한다고 규정하고 있습니다. 또한, 청약을 받은 재화 등을 공급하기 곤란하다는 것을 알았을 때에는 지체 없이 그 사유를 소비자에게 알려야 하고, 소비자가 그 대금의 전부 또는 일부를 지급한 날부터 3 영업일 이내에 환급하거나 환급에 필요한 조치를 하도록 규정하고 있습니다.   이 사안에서는 사업자가 물품의 배송이 힘들 것으로 판단되었을 때 그에 따른 안내를 소비자에게 하여야 할 의무가 있음에도 불구하고 이를 고지하지 않고 배송중이라는 사유로 청약철회를 거부하고 있으며, 청약철회의 효과와 동일하게 대금의 환급이 이루어져야 함에도 불구하고 이를 이행하고 있지 않은 것으로 판단됩니다. 따라서 소비자는 사업자에게 환급을 요구할 수 있습니다.   통신판매업자에 대한 청약철회 의사표시 방법은 법률상 특별한 제한이 없으므로 전화, 서면, 전자문서 모두 가능합니다. 다만, 전화로 의사표시를 한 경우 간혹 판매자가 청약철회 요구를 받은 사실이 없다고 주장하는 경우가 있으므로, 쇼핑몰 게시판에 청약철회 의사를 표시하고 그 화면을 캡처하여 보관하거나 서면으로 발송하는 것이 좋습니다. 서면으로 발송한 경우에는 발송한 날에 그 효력이 발생합니다. 또한, 사업자에게 청약철회를 요청하였는데도 특별한 사유없이 이를 거부할 경우, 신용카드로 대금을 결제하였다면 신용카드사에 처리를 요구할 수 있으니 참고하시기 바랍니다."
1308, 화장품세트, 청약철회_SNS 판매,SNS에서 화장품세트를 구입하고 단순변심으로 반품을 요청하였으나 이를 거부하며 SNS를 차단한 후 연락이 되지 않습니다. 청약철회가 가능한가요?,"사업자에게 청약철회를 요구할 수 있으나, 사업자정보 확인이 불가한 경우에는 청약철회를 요구하기 어렵습니다.   「전자상거래 등에서의 소비자보호에 관한 법률」 제9조의2에 따르면 전자게시판서비스 제공자의 경우 해당 게시판을 이용하여 통신판매 또는 통신판매중개가 이루어지는 경우 이로 인한 소비자피해가 발생하지 아니하도록 소비자보호조치를 이행하도록 규정하고 있으며, 이에 따른 의무를 준수하도록 안내 및 권고하고, 소비자의 피해구제신청을 대행하는 장치를 마련하고 운영하며, 기타 소비자피해를 방지하기 위한 사항을 이행함과 동시에 사업자정보 역시 제공할 의무가 있습니다.    따라서, 통신판매업자로 등록한 사업자의 경우에는 해당 지자체(사업자 소재지)를 통해 연락두절, 폐업, 폐쇄 등의 사실을 확인한 후 청약철회를 요구할 수 있겠으나, 통신판매업자로 등록하지 않은 개인이거나 또는 사업자정보(상호, 대표자명, 주소, 전화번호, 전자우편주소, 통신판매신고 번호 등) 확인이 불가한 경우에는 청약철회를 요구하기 어렵습니다."
1309, 화장품세트, 청약철회_7일 이내 반품 미완료,전자상거래로 화장품세트를 구입하고 단순 변심으로 반품을 요청하였으나 사업자가 7일 이내 제품이 도착하지 않았다는 이유로 거부합니다. 청약철회가 가능한가요?,"소비자가 제품을 수령한 날로부터 7일 이내 청약철회 의사표시를 하고 반품절차를 진행했다면, 7일 이내 쇼핑몰에 도착하지 못했다고 하더라도 청약철회가 가능합니다.   「전자상거래 등에서의 소비자보호에 관한 법률」 제17조에 따르면 소비자는 단순 변심에 의한 청약철회의 경우 상품 수령일로부터 7일 이내에 청약철회를 할 수 있고, 이를 위반한 약정으로서 소비자에게 불리한 것은 효력이 없는 것으로 규정하고 있습니다.   따라서 만약 사업자가 “반품은 상품이 7일 이내 쇼핑몰에 도착해야만 환급 가능하다”고 표시하였다고 하더라도 이는 「전자상거래 등에서의 소비자보호에 관한 법률」 제17조를 위반한 약정으로 소비자에게 불리한 것이므로 효력이 없다고 보며, 소비자가 제품을 수령한 날로부터 7일 이내 청약철회 의사표시를 하고 반품절차를 진행했다면 설령 반품한 상품이 7일 이내 쇼핑몰에 도착하지 못했다고 하더라도 청약철회 권리를 제한할 수는 없습니다.   통신판매업자에 대한 청약철회 의사표시 방법은 법률상 특별한 제한이 없으므로 전화, 서면, 전자문서 모두 가능합니다. 다만, 전화로 의사표시를 한 경우 간혹 판매자가 청약철회 요구를 받은 사실이 없다고 주장하는 경우가 있으므로, 쇼핑몰 게시판에 청약철회 의사를 표시하고 그 화면을 캡처하여 보관하거나 서면으로 발송하는 것이 좋습니다. 서면으로 발송한 경우에는 발송한 날에 그 효력이 발생합니다. 또한, 사업자에게 청약철회를 요청하였는데도 특별한 사유없이 이를 거부할 경우, 신용카드로 대금을 결제하였다면 신용카드사에 처리를 요구할 수 있으니 참고하시기 바랍니다."
1310, 화장품세트, 청약철회_반품·교환불가 사전 고지,"전자상거래로 화장품세트를 구입하고 수령 후 단순 변심으로 반품을 요구하였으나, 사업자는 반품, 교환, 환불이 불가하다는 문구를 쇼핑몰에 고지하였음을 근거로 거절하고 있습니다. 청약철회가 가능한가요?","재판매가 곤란할 정도의 제품 훼손이 없다면, 반품비를 소비자가 부담하고 청약철회를 요구할 수 있습니다.   「전자상거래 등에서의 소비자보호에 관한 법률」 제17조에 따르면 소비자는 계약내용에 관한 서면을 교부받은 날(서면을 교부받은 때보다 재화 등의 공급이 늦게 이루어진 경우에는 재화 등의 공급을 받거나 공급이 개시된 날)부터 7일 이내에 당해 계약에 관한 청약을 철회할 수 있으며, 「전자상거래 등에서의 소비자보호에 관한 법률」 제18조에는 색상, 디자인 혹은 사이즈 불만 등의 사유로 청약철회를 요청한 경우 반환에 소요되는 비용(반품비)은 소비자가 부담해야 한다고 규정하고 있습니다.   따라서, 홈페이지에 반품, 교환, 환급 등이 불가하다고 쓰여 있거나, 굳이 반품을 원할 경우에는 적립금으로 환급 처리된다고 고지되어 있더라도 청약철회와 관련하여 소비자에게 불리한 약정은 효력이 없기 때문에 재판매가 곤란할 정도의 제품 훼손이 없다면 반품비를 소비자가 부담하고 청약철회를 요구할 수 있습니다.   통신판매업자에 대한 청약철회 의사표시 방법은 법률상 특별한 제한이 없으므로 전화, 서면, 전자문서 모두 가능합니다. 다만, 전화로 의사표시를 한 경우 간혹 판매자가 청약철회 요구를 받은 사실이 없다고 주장하는 경우가 있으므로, 쇼핑몰 게시판에 청약철회 의사를 표시하고 그 화면을 캡처하여 보관하거나 서면으로 발송하는 것이 좋습니다. 서면으로 발송한 경우에는 발송한 날에 그 효력이 발생합니다. 또한, 사업자에게 청약철회를 요청하였는데도 특별한 사유없이 이를 거부할 경우, 신용카드로 대금을 결제하였다면 신용카드사에 처리를 요구할 수 있으니 참고하시기 바랍니다."
1311, 화장품세트, 청약철회_제품 박스 훼손,"전자상거래로 화장품세트를 구입하고 수령 후 단순 변심으로 반품을 요구하였으나, 사업자는 제품 박스 훼손(제품 개봉 흔적)을 근거로 거절하고 있습니다. 청약철회가 가능한가요?","배송된 상태(제품 및 바코드 스티커 등 구성품 일체) 그대로 보존했다면, 청약철회가 가능합니다.   「전자상거래 등에서의 소비자보호에 관한 법률」 제17조에 따르면 소비자에게 책임이 있는 사유로 재화 등이 멸실되거나 훼손된 경우 청약철회를 할 수 없다고 규정하고 있습니다.   고가의 의류나 해외구매대행 제품 등은 포장지에 제품의 정보를 담고 있는 바코드 스티커와 로고가 각인되어 있는 경우가 많아 개봉 시 주의할 필요가 있으며, 이 경우 사업자가 사전에 “포장 훼손 시 청약철회 불가”를 고지했다면 청약철회가 어려울 수 있습니다.   따라서 제품 확인을 위해 포장을 개봉했다 하더라도 청약철회를 요청하기 위해서는 배송된 상태(제품 및 바코드 스티커 등 구성품 일체) 그대로 보존하여 반품해야 합니다.   통신판매업자에 대한 청약철회 의사표시 방법은 법률상 특별한 제한이 없으므로 전화, 서면, 전자문서 모두 가능합니다. 다만, 전화로 의사표시를 한 경우 간혹 판매자가 청약철회 요구를 받은 사실이 없다고 주장하는 경우가 있으므로, 쇼핑몰 게시판에 청약철회 의사를 표시하고 그 화면을 캡처하여 보관하거나 서면으로 발송하는 것이 좋습니다. 서면으로 발송한 경우에는 발송한 날에 그 효력이 발생합니다. 또한, 사업자에게 청약철회를 요청하였는데도 특별한 사유없이 이를 거부할 경우, 신용카드로 대금을 결제하였다면 신용카드사에 처리를 요구할 수 있으니 참고하시기 바랍니다."
1312, 화장품세트, 청약철회_사은품 반환,면세점을 통해 화장품세트를 구입하였으나 개인적인 사유로 인해 해외에 나가지 못해 구입취소를 요구하였습니다. 사업자는 구입 당시 사은품으로 지급한 상품권을 반환해야만 취소가 가능하다고 하는데 반환하여야 할까요?,소비자의 사정으로 계약을 해지하고자 한다면 상품권을 반환해야 합니다.    「민법」 제548조 제1항에 따르면 당사자 일방이 계약을 해제한 때에는 각 당사자는 그 상대방에 대하여 원상회복의 의무가 있다고 규정하고 있습니다.    따라서 해당 경우 화장품 구입계약으로 인한 상품권을 받게 되었으므로 소비자의 사정으로 계약을 해지하고자 한다면 상품권을 반환해야 합니다. 
1313, 화장품세트, 계약불이행_미환급,전자상거래로 화장품세트를 주문하고 대금을 신용카드로 결제하였습니다. 구입 후 7일 이내 청약철회를 요구하여 화장품을 반품하였는데 물품 대금을 환급해 주지 않고 있습니다. 환급받을 방법이 있나요?,소비자는 신용카드사에 사업자와의 다른 채무와의 상계를 요구할 수 있습니다.   「전자상거래 등에서의 소비자보호에 관한 법률」 제18조에 따르면 청약철회 시 사업자가 신용카드로 결제한 대금의 환급을 지연할 경우 신용카드사에 환급에 필요한 조치를 요구할 수 있도록 규정하고 있습니다. 이 경우에 신용카드사는 환급에 필요한 조치를 취해야 하며 사업자에게 지급할 대금이 있을 경우 이를 주지 않고 소비자가 결제한 대금을 상계처리한 후 소비자의 결제대금의 매출을 취소해 주어야 합니다.   따라서 소비자는 신용카드사에 사업자와의 다른 채무와의 상계를 요구할 수 있습니다.
1314, 화장품세트, 가격·요금_추가대금 요구,전자상거래로 병행수입 화장품세트를 구입하고 반품을 요구하였으나 사전에 고지된 반품 배송비 이외에 ‘반품비’라는 명목으로 추가 대금 지급을 요구합니다. 제가 비용을 지급해야 하나요?,"사업자가 수입 과정에서 발생한 ‘현지 및 국제운송료와 수입세금 및 제비용’등을 입증할 수 있는 경우에는 금액을 지급해야하나, 미리고지한 반품 배송비 이외에 다른 명목의 위약금은 거부할 수 있습니다.    병행수입을 비롯한 수입제품 판매 시 발생하는 배송비는 사업자마다 수입절차 및 재고관리 방식에 따라 다를 수 있으나 소비자에게 부과되는 반품비용은 「전자상거래 등에서의 소비자보호에 관한 법률」 제17조 제2항에 규정된 소비자의 구매 여부 판단에 영향을 주는 중요한 거래조건에 해당되므로 적절한 방법으로 고지하여야 할 사항으로 볼 수 있습니다.    따라서, 사업자가 수입 과정에서 발생한 ‘현지 및 국제운송료와 수입세금 및 제비용’에 관해 입증할 수 있는 경우 소비자는 그에 대한 금액을 지급해야하며, 입증할 수 없는 경우 제품을 반품한 뒤 반품과정에서 발생한 비용을 공제한 후 환급을 요구할 수 있습니다.   반면, 「전자상거래 등에서의 소비자보호에 관한 법률」 제18조에 따라 사업자는 소비자에게 청약철회를 이유로 위약금이나 손해배상을 청구할 수 없으므로 미리 고지한 반품 배송비 이외에 다른 명목의 위약금을 추가 청구하는 것은 인정되기 어렵습니다."
1315, 화장품세트, 가격·요금_차액 보상,타 매장에서 같은 상품을 더 싸게 파는 것을 알게 됐습니다. 같은 상품에 대해 판매가격이 다른 경우 차액만큼 보상이 가능한가요?,"판매가격 차이를 이유로 계약해제나 차액만큼 보상을 요구하기는 어렵습니다.   우리나라는 자유시장 경제질서를 기본으로 1999년 9월부터 [판매가격표시제]를 실시하여 제조업자의 표시가격에 구애받지 않고 최종 판매업자가 판매가격을 자율적으로 결정하여 표시한 후 판매하고 있으며 흔히 오픈 프라이스 제도라고 합니다.정부가 관리하는 전기, 난방비 또는 대중교통 요금 등이 아닌 경우, 가격은 계약 당시 양 당사자(소비자와 판매자)의 거래 합의에 의한 계약조건이므로 가격 차이를 이유로 계약해제나 피해보상을 요구하기 어렵습니다. 따라서 타 매장과 비교하여 차이가 있다고 하더라도 부당행위로 보기 어려워 차액만큼 보상을 요구하기 어렵습니다."
1316, 화장품세트, 가격·요금_과도한 반품배송비 요구,전자상거래로 수입 화장품을 구입한 후 청약철회를 요구하니 사업자가 해외구매대행 상품이었다며 과도한 해외배송비 지급을 요구합니다. 제가 비용을 지급해야 하나요?,"사업자가 사전에 고지하고, 지급한 사실 등이 확인되는 경우라면 지급해야 하지만, 계약 체결과정에서 고지 없이 구입하였거나, 계약 체결과정에서 부담하지 아니한 해외배송비 요구는 거부할 수 있습니다.   소비자는 「전자상거래 등에서의 소비자보호에 관한 법률」에 제17조에 따라 청약철회 예외에 해당하지 않는 한 전자상거래를 통한 해외물품 구매계약의 경우에도 청약철회를 할 수 있으며, 광고된 내용과 다르거나 제품의 하자로 인한 청약철회의 경우 통신판매업자가 반품에 따른 배송비를 부담해야 하며, 단순변심으로 인한 청약철회의 경우 소비자가 배송비를 부담해야 합니다.    해외배송 제품을 구매하는 경우 배송비가 상당하여 소비자의 구매여부에 영향을 줄 수 있는 중요한 거래조건에 해당한다고 볼 수 있기 때문에 사업자는 사전에 해외배송비와 관련한 내용을 적절한 방법으로 소비자에게 고지해야 합니다.    따라서, 사업자가 수입과정에서 발생하는 비용(현지 및 국제운송료, 수입세금 및 제비용)을 사전에 소비자에게 고지하고, 지급한 사실 등이 확인되는 경우라면 소비자는 사업자에게 수입 과정에서 소요되는 비용을 지급해야 합니다.   다만, 계약 체결 과정에서 해외배송료에 대한 고지 없이 제품을 구입하였거나, 계약 체결과정에서 부담하지 아니한 해외배송비를 청약철회 과정에서 특별히 요구하는 경우라면 소비자는 사업자에게 제품의 수입과정에서 발생하는 비용에 대한 입증을 요구하거나, 물품의 반송 관련 정보의 제공 등을 요구할 수 있으며, 사업자가 이를 입증하지 못할 경우 해외 배송비 요구를 거부할 수 있습니다."
1317, 화장품세트, 가격·요금_적립금 환급,전자상거래로 화장품을 구입하고 제품 수령 다음날 단순 변심으로 반품을 신청하였으나 사업자는 결제금액을 적립금으로만 돌려주겠다고 주장합니다. 카드 취소는 안되나요?,"7일이내 취소가 가능하며, 사용한 결제수단에 따른 환급 이행을 요구할 수 있습니다.   「전자상거래 등에서의 소비자보호에 관한 법률」 제17조에 따르면 소비자는 상품을 공급 받은 날로부터 7일 이내에는 소비자의 귀책사유로 인한 상품의 멸실 또는 훼손된 경우 등을 제외하고는 단순변심으로 인한 청약철회를 할 수 있다고 규정하고 있습니다. 이에 소비자가 제품을 수령한 날로부터 7일 이내 청약철회 의사표시를 명확히 하였다면 해당 쇼핑몰은 동법 제18조 제3항에 의거하여 신용카드사에게 대금 청구를 정지하거나 취소하도록 요청하여야 합니다.   다만, ‘결제대금 환급은 적립금으로만 가능하다’ 등의 안내는 청약철회 방해행위에 해당하기에 소비자가 사용한 결제수단에 따른 환급 이행을 해당 쇼핑몰에 요구할 수 있습니다.  단, 반품을 위한 배송비는 소비자가 부담해야 합니다."
1318, 화장품세트, 표시·광고_소비자 오인,"인터넷상에서 스킨케어 제품을 단품 가격에 세트로 준다고 하는 광고를 보고 구매하였으나, 실제 배송된 제품은 단품이였습니다. 사업자에게 항의하니 해당 광고는 종료된 이벤트라고 하며, 환급으로 발생하는 배송비를 요구합니다. 구제 방법이 있나요?","표시·광고의 내용과 다르거나 계약 내용과 다르게 이행된 경우, 재화를 공급받은 날부터 3개월 이내 혹은 그 사실을 안 날부터 30일 이내에 청약철회를 할 수 있습니다.   이벤트 기간을 광고 상에 명시하지 않았더라면 허위광고에 해당된다고 볼 수 있습니다.     따라서 「전자상거래 등에서의 소비자보호에 관한 법률」 제17조 제3항에 의하여 재화 등의 내용이 표시·광고의 내용과 다르거나 계약내용과 다르게 이행된 경우에 해당되어 재화를 공급받은 날부터 3개월 이내, 그 사실을 안 날부터 30일 이내에 청약철회를 할 수 있습니다.   이때 「전자상거래 등에서의 소비자보호에 관한 법률」 제18조 제10항에 의거하여 반환에 필요한 비용은 판매자가 부담함은 물론 소비자에게 물품을 배달할 때의 배송비도 판매자가 부담하여야 하며 이미 소비자가 지불한 경우에는 환급하도록 규정하고 있습니다.    다만 그에 따른 입증자료를 구비하셔야 합니다."
1319, 화장품세트, 표시·광고_반품비,"전자상거래 사업자가 운영하고 있는 FAQ에서 ‘모든 상품은 무료 반품 가능’이라는 문구를 확인하고 화장품세트를 구입하였고, 이후 7일 이내 반품을 요구하였으나 사업자가 반품비를 요구합니다. 구제 방법이 있나요?","사업자에게 반품비 부담을 요구할 수 있습니다.   우리나라 대법원에서 “FAQ 게시물은 일반 소비자가 누구나 접근할 수 있는 사업자의 인터넷 홈페이지에 게시되어 있으며, 게시 경위도 소비자들이 사업자에게 한 질문에 대해 개별적으로 답변한 것이 아니라 사업자가 일반 소비자들에게 알리고 싶은 내용을 선정하여 질문과 답변의 형식으로 게시해 놓은 것이라는 점에 비추어 보면, 사업자가 ‘널리 소비자들에게 제시하거나 알리기 위하여’ 게시해 놓은 것이라고 볼 수 있으므로 해당 FAQ 게시물은 「표시·광고의 공정화에 관한 법률」 상의 광고에 해당한다”고 판시한 바 있습니다(대법원 2009.5.28., 선고, 2009두843, 판결).   또한, 「표시·광고의 공정화에 관한 법률」 제3조 및 「부당한 표시·광고행위의 유형 및 기준 지정 고시」에 의하면 반품, 교환, 대금지급방법 등 기타 거래내용 및 거래조건 등에 관하여 표시·광고함에 있어서는 사실대로 하여야 하며, 이를 사실과 다르게 표시·광고한 행위를 부당한 표시·광고로 규정하고 있습니다.    따라서 이 사례에서는 사실과 다르게 반품비를 요구하는 것이 명확히 확인되므로 물품의 내용이 표시·광고 내용과 다른 경우에 해당하며, 「전자상거래 등에서의 소비자보호에 관한 법률」 제18조에 따라 사업자에게 반품비 부담을 요구할 수 있습니다."
1320, 화장품세트, 품질_부작용 발생1,화장품세트를 구매하여 사용하는 도중 얼굴에 붉은 발진이 생겨 피부과에서 치료받고 반품을 요구하자 화장품을 바꿔 사용하여 발생된 일시적인 명현반응이라며 거부당하였습니다. 부작용을 유발한 화장품세트를 반품하고 치료비를 보상받을 수 있나요?,"나타난 증상이 화장품 사용으로 인한 부작용이라면 품질 불량으로 판단 가능하므로 구입가 환급이 가능합니다.   화장품 관련 「소비자분쟁해결기준」에 의하면 화장품 부작용은 '치료비, 경비 및 일실소득을 배상'하도록 규정하고 있으며, 치료비 배상은 '피부과 전문의의 진단 및 처방에 의한 질환 치료 목적의 경우로 한다'로 규정하고 있습니다.    따라서, 화장품 사용 후 부작용이 발생된 경우, 피부과 전문의로부터 화장품 사용후 발생된 부작용이라는 사실이 입증되면 보상 가능합니다.   또한, 화장품의 품질, 성능, 기능 불량 시 제품교환 또는 구입가 환급을 요구할 수 있으므로, 나타난 증상이 화장품 사용으로 인한 부작용이라면 품질 불량으로 판단 가능하므로 구입가 환급이 가능합니다.   다만, 진단서와 치료비 영수증을 제출하여야 하며, 이 경우 해당 화장품의 반품은 물론 치료비를 보상받을 수 있습니다."
1321, 화장품세트, 품질_부작용 발생2,"길거리에서 설문 조사에 응하다 화장품세트를 구입하고 500,000원을 지급했습니다. 구입한 제품을 사용하고자 하였으나 테스트한 피부부위에 발진현상이 발생하여 환급을 요구하니, 행사상품이라는 이유로 거부하고 있습니다. 구제 방법이 있나요?","나타난 증상이 화장품 사용으로 인한 부작용이라면 품질 불량으로 판단 가능하므로 구입가 환급이 가능합니다.   화장품 관련 「소비자분쟁해결기준」에 의하면 화장품 부작용은 '치료비, 경비 및 일실소득을 배상'하도록 규정하고 있으며, 치료비 배상은 '피부과 전문의의 진단 및 처방에 의한 질환 치료 목적의 경우로 한다'로 규정하고 있습니다.    따라서 화장품 사용 후 부작용이 발생된 경우, 행사상품일지라도 피부과 전문의로부터 화장품 사용 후 발생된 부작용이라는 사실이 입증되면 보상 가능합니다.    또한, 화장품의 품질, 성능, 기능 불량 시 제품교환 또는 구입가 환급을 요구할 수 있으므로, 나타난 증상이 화장품 사용으로 인한 부작용이라면 품질 불량으로 판단 가능하므로 구입가 환급이 가능합니다.   다만, 진단서와 치료비 영수증을 제출하여야 하며, 이 경우 해당 화장품의 반품은 물론 치료비를 보상받을 수 있습니다."
1322, 화장품세트, 품질_개인차1,"3개월 전 여드름에 효과가 있다는 방문판매원의 설명을 듣고 화장품세트를 구입하였으나, 효과가 없을 뿐만 아니라 모공이 넓어지는 등의 부작용이 발생하여 반품을 요구하였지만, 사업자는 청약철회기간 경과를 이유로 거부하고 있습니다. 구제 방법이 있나요?","나타난 증상이 화장품 사용으로 인한 부작용이라는 점이 입증되면 구입가 환급 및 '치료비, 경비 및 일실소득 배상'을 요구할 수 있습니다.    화장품 사용 시 발생하는 부작용이 아닌, 화장품의 효과 유무는 개인차가 존재하고 객관적으로 입증하기 어려워 화장품의 효과가 없다는 것을 이유로 청약철회를 요구하기가 어렵습니다.    다만, 부작용이 발생하였다면 화장품 관련 「소비자분쟁해결기준」에 따라 화장품의 품질, 성능, 기능 불량 시 제품교환 또는 구입가 환급을 요구할 수 있으므로, 나타난 증상이 화장품 사용으로 인한 부작용이라면 품질 불량으로 판단 가능하므로 구입가 환급이 가능합니다. 또한 부작용 발생 시 '치료비, 경비 및 일실소득 배상'을 요구할 수 있습니다.    치료비는 '피부과 전문의의 진단 및 처방에 의한 질환 치료 목적'의 경우 받을 수 있으며, 화장품과 인과관계가 있어야 하므로 화장품 사용으로 인한 부작용이라는 점이 입증되면 질환 치료목적의 치료비를 받을 수 있습니다. "
1323, 화장품세트, 품질_개인차2,홈쇼핑에서 화장품세트를 구입하여 사용해보았으나 광고와는 달리 화장이 밀리고 들뜹니다. 이에 판매자에게 이의제기를 했지만 제품의 하자가 아니므로 환급이 불가능하다고 합니다. 환급이 가능한가요? ,"화장품의 효과가 없다는 것을 이유로 청약철회를 요구하기가 어렵습니다.    화장품 사용 시 발생하는 부작용이 아닌, 화장품의 효과 유무는 개인차가 존재하고 객관적으로 입증하기 어려워 화장품의 효과가 없다는 것을 이유로 청약철회를 요구하기가 어렵습니다.    다만, 부작용이 발생하였다면 화장품 관련 「소비자분쟁해결기준」에 따라 화장품의 품질, 성능, 기능 불량 시 제품교환 또는 구입가 환급을 요구할 수 있으므로, 나타난 증상이 화장품 사용으로 인한 부작용이라면 품질 불량으로 판단 가능하므로 구입가 환급과 함께 부작용 발생 시 '치료비, 경비 및 일실소득을 배상'을 요구할 수 있습니다. "
1324, 화장품세트, 품질_이물혼입,화장품세트를 구입하여 사용하던 중 플라스틱 조각이 섞여있는 것을 발견하였습니다. 정신적인 피해에 대한 위자료를 청구할 수 있나요?,"사업자에게 제품교환 또는 구입가 환급을 요구할 수 있습니다.   화장품 관련 「소비자분쟁해결기준」에 의하면 이물질 혼입의 경우 제품교환 또는 구입가 환급이 가능합니다.    따라서 크림에 이물질이 혼입되어 있는 경우 해당 제품을 구입처에 가져가 제품교환 또는 환급을 요구할 수 있습니다.   다만, 정신적 위자료는 동 제품으로 인한 신체상의 피해를 입증하여야 하므로 의사의 진단서를 받아보아야 할 것으로 판단됩니다."
1325, 화장품세트, 품질_용기 불량으로 인한 피해사고,화장품세트의 용기불량으로 손을 다친 경우 치료비를 보상 받을 수 있나요?,"화장품 용기에 의해 손을 다친 사실이 입증된다면 치료비의 배상을 요구할 수 있습니다.   화장품 관련 「소비자분쟁해결기준」에 의하면 용기불량으로 인한 피해사고의 경우 치료비, 경비 및 일실소득 배상요구가 가능합니다. 치료비 배상은 '피부과 전문의의 진단 및 처방에 의한 질환 치료 목적의 경우로 한다'라고 규정되어 있으며, 화장품과의 인과관계가 있어야 하고 자의로 행한 성형, 미용관리 목적으로 인한 경우는 지급하지 아니합니다.    따라서 해당 경우 화장품 용기에 의해 손을 다친 사실이 입증된다면 치료비의 배상을 요구할 수 있습니다.   다만, 일실소득은 피해로 인하여 소득상실이 발생한 것이 입증된 때에 한하며 금액을 입증할 수 없는 경우 시중노임단가를 기준으로 합니다. "
1326, 화장품세트," 품질_변질,부패","인터넷으로 화장품세트를 구입하고 사용을 위해 개봉하였으나, 화장품이 변질되어 있는 것을 발견하였습니다. 환급이 가능한가요?  ","화장품 변질을 발견한 경우 해당 제품에 대해 제품교환 또는 환급을 요구할 수 있습니다.   화장품 관련 「소비자분쟁해결기준」에 의하면 화장품의 변질, 부패시 제품교환 또는 구입가 환급이 가능합니다.   따라서 화장품 변질을 발견한 경우 해당 제품에 대해 제품교환 또는 환급을 요구할 수 있습니다.   다만, 소비자의 주관적인 판단만으로는 교환 또는 환급이 어려울 수 있는 점을 인지하여 주시기 바랍니다. "
1327, 화장품세트, 품질_용량부족,인터넷으로 화장품세트를 구입하고 사용을 위해 개봉하였으나 용량이 기존 제품보다 현저히 적은 것을 확인하였습니다. 환급이 가능한가요?,"화장품 용량이 기존 제품보다 현저히 적은 사실을 확인하였다면 해당 제품에 대해 제품교환 또는 환급을 요구할 수 있습니다.    화장품 관련 「소비자분쟁해결기준」에 의하면 화장품의 용량부족 시 제품교환 또는 구입가 환급이 가능합니다.   따라서 화장품 용량이 기존 제품보다 현저히 적은 사실을 확인하였다면 해당 제품에 대해 제품교환 또는 환급을 요구할 수 있습니다.    다만, 소비자의 주관적인 판단만으로는 교환 또는 환급이 어려울 수 있는 점을 인지하여 주시기 바랍니다."
1328, 화장품세트, 품질_유효기한 경과,인터넷으로 화장품세트를 구입하여 배송을 받았으나 이미 사용기한이 지난 제품이였습니다. 환급이 가능한가요?,화장품 유효기간이 지난 사실을 확인하였다면 해당 제품에 대해 제품교환 또는 환급을 요구할 수 있습니다.   화장품 관련 「소비자분쟁해결기준」에 의하면 화장품의 유효기한 경과 시 제품교환 또는 구입가 환급이 가능합니다.   따라서 화장품 유효기간이 지난 사실을 확인하였다면 해당 제품에 대해 제품교환 또는 환급을 요구할 수 있습니다.
1329, 화장품세트, 부당행위_부당한 대금 청구,"우연히 이벤트에 당첨되었다는 전화를 받고, 무료로 화장품세트를 제공해준다고 하여 받았으나 이후 화장품세트 대금을 청구하는 지로용지를 받았습니다. 구제 방법이 있나요?","판매자에게 계약체결에 대한 입증을 요구하고, 계약이 체결돼 있을 시 청약철회를 요구한다는 내용증명을 발송해야 합니다. 제품에 대해서는 더이상 사용하지 말고 보관하고 있다가 반품 등의 조치를 취해야 합니다.   판매자에게 내용증명을 통해 대금을 청구하게 된 이유와 계약서 사본을 제공해 달라고 요청하시기 바랍니다.「방문판매등에 관한 법률」 제7조 제1항 및 제2항에 따르면 방문판매자는 재화 등의 판매에 관한 계약을 체결하기 전에 소비자가 계약의 내용을 이해할 수 있도록 방문판매업자의 상호·주소·전화번호, 재화의 명칭·종류 및 내용, 재화 등의 가격과 그 지급 방법 및 시기 등을 설명해야 하며 이러한 내용을 기재한 계약서를 소비자에게 교부하도록 규정하고 있습니다.만약 계약이 체결된 사실 및 계약서의 교부사실 등에 대하여 다툼이 있는 경우에는 방문 판매자가 이를 입증하여야 한다고 규정하고 있습니다. 따라서 판매자에게 이 건 계약체결에 대한 입증과 만약 계약이 체결되어 있다면 청약철회를 요구한다는 내용증명을 발송하여 판매자가 제공하는 서면상의 계약내용을 확인한 후 대응하는 것이 필요하며, 제품에 대해서는 더 이상 사용하지 말고 보관하고 있다가 반품 등의 조치를 취하시기 바랍니다."
1330, 화장품세트, 기타_가격 관련,"방문판매원에게 화장품 세트 10개를 구매 하고 대금을 결제하였으나, 다음 날 해당 제품이 인터넷에서 훨씬 저렴한 가격으로 판매되는 사실을 알게되었습니다. 환급이 가능한가요?","계약서를 교부받은 날로부터 14일 이내에는 청약철회가 가능하나, 기간이 지난 경우라면 해당 이유만으로는 환급이 어렵습니다.    「방문판매등에 관한 법률」 제8조 제1항 및 제2항에 의하면 계약서를 교부받은 날로부터 14일 이내 청약철회 가능하므로 화장품을 개봉하는 등 제품 훼손이 없는 상태라면 청약철회가 가능합니다. "
1331, 화장품세트, 기타_유효기간 관련,"인터넷으로 화장품세트를 구매했는데 제조일자를 확인해보니 2년전에 제조한 제품이였습니다. 사용기간은 1년 정도 남아 있으나, 화장품 특성상 오래된 제품이라고 생각하여 환급을 받고 싶은데 가능할까요?","제품의 하자라 판단하기 어려워 사업자에게 환급을 요구하기 어려울 수 있습니다.   해당 경우 동 제품의 하자라 판단하기 어려워 사업자에게 환급을 요구하기 어려울 수 있습니다.    다만, 전자상거래로 구입한 물품이기 때문에 「전자상거래등에서의 소비자보호에 관한 법률」 제17조 제1항 및 제2항에 의해 상품을 공급받은 날로부터 7일 이내에는 소비자의 귀책사유로 인한 상품의 멸실 또는 훼손된 경우 등을 제외하고는 단순변심으로 인한 청약철회가 가능하며, 이때 재화의 반송에 드는 비용은 소비자가 부담하여야 합니다. "
1332, 화장품세트, 품질_안전성 관련,수입 화장품세트를 구입하여 사용하려고보니 유해성분이 함유된 것 확인하였습니다. 언론에서 해당 성분의 유해성에 대해 보도한 바 해당 제품을 믿고 사용할 수 있는 지 의심되어 환급을 받고 싶습니다. ,식약처에서 사용금지 제품으로 발표하지 않았다면 안전성에 의심이 된다는 이유만으로 사업자에게 제품에 대해 구입가 환급을 요구하기는 어렵습니다.    식품의약품안전처에서는 화장품의 성분검사 및 안전성에 대한 관리 감독을 하고 있습니다.     따라서 식약처에서 사용금지 제품으로 발표하지 않았다면 안전성에 의심이 된다는 이유만으로 사업자에게 제품에 대해 구입가 환급을 요구하기는 어려울 것으로 판단됩니다.      제품의 안전성에 대하여 식약처에 문의하시고 사용여부를 결정하시는 것이 필요할 것으로 보입니다. 
